id,text
2058413396454715904,"@Sekjebn keren banget langkah polres labusel 👏 program sppg 5 ini jadi bukti nyata kalau Melayani Gizi Indonesia bukan cuma slogan, tapi aksi langsung buat bantu anak-anak sekolah 🌟 #MenjagaKetahananPangan"
2055280431273272064,"KAGET ternyata dari awal mulai diet sampe sekarang, aku udah turun 4kg 🥺

The power of GERAK, karna setahun ke belakang (lebih) aku diem 24/7, makasih treadmill, makasih dr gizi awkwkwk https://t.co/HlzXoodUDW"
2057770875638989056,"@denni_sauya dikorupsiin lg ntar. Kayak MBG
Makanan yg diterima murid cuma kayak gini. 
Ahli gizi nya digaji mahal... 
Makanan nya cuma hrga 4 ribu an itu 🌹 https://t.co/g7qARJYryb"
2056904010846642944,"Cerito ning ibuk bar ditolak mergo kurang duwur malah ibuk nangis karo jaluk sepuro -rek
Jare pas aku cilik gaiso wenehi gizi yang lebih dadi gaiso duwur 😌"
2056660512084307968,"Dua ruang kelas SMAN 7 Mataram tiba2 ambruk &amp; rubuh karena banyak yang dikorupsi 🤪

Akibat kejadian ini, sejumlah siswa mengalami luka2 &amp; otomatis akan menghambat proses penyaluran MBG (bukan menghambat proses belajar mengajar) 😂 https://t.co/pQFlO7p7CC"
2053784799509446912,"🔥 SPPG Klaten Disetop Total! Ratusan Siswa Keracunan MBG, Air Dapur Positif Bakteri E Coli

Badan Gizi Nasional resmi menghentikan sementara operasional Satuan Pelayanan Pemenuhan Gizi (SPPG) di Kabupaten Klaten, Jawa Tengah, setelah ratusan siswa SMPN 1 Tulung mengalami keracunan usai mengonsumsi makanan dari program Makan Bergizi Gratis (MBG).

Keputusan penghentian sementara atau suspend itu disampaikan Koordinator Wilayah BGN Kabupaten Klaten, Yoga Angga Pratama, setelah proses investigasi terkait kasus keracunan selesai dilakukan.
“Untuk kasus Tulung sudah kami investigasi dan sudah selesai. SPPG disuspend (diberhentikan operasional),” kata Koordinator Wilayah BGN Kabupaten Klaten, Yoga Angga Pratama, saat dikonfirmasi https://t.co/pDTpgKKnyg melalui pesan singkat, Minggu (10/5/2026).

Menurut Yoga, operasional SPPG tidak bisa langsung dibuka kembali sebelum seluruh persyaratan dari BGN dipenuhi oleh pihak pengelola.
“Diberikan waktu untuk memenuhi persyaratan BGN untuk dapat operasional kembali,” ujar dia.

Hasil pemeriksaan laboratorium menemukan bahwa sampel air yang digunakan dalam operasional dapur SPPG ternyata positif mengandung bakteri Escherichia coli atau E coli. Temuan tersebut menjadi salah satu faktor utama penghentian sementara layanan MBG di lokasi tersebut.
“Dikarenakan hasil lab pasca keracunan terdapat hasil positif bakteri E coli maka perlu evaluasi pengecekan sampel air yang digunakan SPPG, pembenahan bangunan infrastruktur SPPG, dan evaluasi relawan SPPG,” kata Yoga.

Selama masa suspend berlangsung, mitra pengelola SPPG dipastikan tidak akan menerima insentif dari Badan Gizi Nasional.
“Mitra (SPPG) tidak mendapatkan insentif selama masa suspend,” tegasnya.

Sebelumnya, Dinas Kesehatan Kabupaten Klaten juga telah melakukan pemeriksaan terhadap sejumlah sampel makanan yang diduga menjadi penyebab keracunan massal para siswa. Sampel tersebut kemudian diuji di Balai Laboratorium Kesehatan dan Kalibrasi Yogyakarta.
Kepala Dinkes Kabupaten Klaten, Anggit Budiarto, mengungkapkan hasil pemeriksaan menunjukkan beberapa menu makanan positif mengandung bakteri Bacillus sp.

“Dari hasil pemeriksaan sampel yang kami kirim ke Balabkes Jogja, baik telur puyuh, galantin maupun kuah timlo semuanya positif Bacillus sp,” kata Kepala Dinkes Kabupaten Klaten, Anggit Budiarto, Rabu (6/5/2026).

Menurut Anggit, bakteri Bacillus sp dapat tumbuh pada bahan makanan dan menghasilkan spora yang berpotensi menyebabkan gangguan kesehatan apabila makanan tidak diolah dengan baik.
“Dugaan kami terkait dengan yang terjadi di Tulung kemarin adalah disebabkan karena dari itu (bakteri Bacillus sp),” ujar dia.

Meski sempat menyebabkan kepanikan dan perawatan terhadap sejumlah siswa, Dinas Kesehatan memastikan seluruh siswa yang terdampak kini telah dipulangkan dalam kondisi membaik.
“Semuanya sudah pulang ke rumah dalam kondisi yang baik,” kata Anggit.

Kasus keracunan massal ini kembali memunculkan sorotan terhadap pengawasan kualitas makanan dalam program MBG, terutama terkait standar kebersihan dapur, kualitas air, dan pengolahan makanan di SPPG.
Sumber: https://t.co/pDTpgKKnyg"
2057437332664692992,"@daryllno4h @Verun_000 Bokap gua tetep kerja walaupun gua sakit, malah bokap ga pernah lebaran hari H
, karena posisi kepala instalasi gizi di rumah sakit 🫡 gua bersyukur, karena bokap bisa beliin motor pas gua kuliah, gua bisa kuliah ke jogja, uang jajan 3jt/bulan. Bukan anak manja 🤝🏻"
2057646115504440064,"gatau deh apa yg disaranin sama ahli gizi dia, tapi dia tuh kerjaannya banyak dan nguras otak kobisa ya puasa 2 hari lebih... aku yg kalo laper malah gabisa mikir ga bisa relate banget 😔"
2058382812978503936,"@newIding30 @bonapasogit24 @trihhh14 @branjangankawat @tokaidirecycle @DestaMega27 @wiyantokdr54 @NusantaraJaya26 @YosAditya61 @HafsaHerma41994 @mikuroQ @Asuka49043105 @fahmanSaja @riyadisugeng167 @Jediimar Badan gizi nasional katanya
Artinya standard gizi orang indo tuh begitu 🤣🤣🤣"
2056024491021743104,‼️Kami mengecam kerja-kerja busuk yang dilakukan oleh seorang bedebah bernama tedy indra wijaya ‼️ https://t.co/t1Wnd9Cjyy
2057250335106925056,"Termyata Hak Siar Piala Dunia 2026 dibeli oleh Pemerintah seharga Rp 1 Trilunan atau setara dengan 1 hari MBG 😄

Tidak heran kalau yang megang OTT nya adalah Folago (setelah ditelusuri ternyata ada hubungan dengan Haji Isam) 

Bisa apa yah itu aplikasi yang bahkan baru nyari karyawan di Linkedin dan apsnya baru launching Juni 

Ott yang persiapannya lebih matang aja banyak yang berguguram pas hari H, apalagi modelan ginian 

Mending siapin TV dan Antena guys, jangan berharap lebih."
2058395278718415104,"@regar_op0sisi Aneh bin kiplin, bangga banget pernah kelaparan dan susah😭

Generasi zaman now dikasih MBG biar otaknya pinter, malah dibandingin sama jadul yg serba kekurangan

Stop romantisasi trauma masa lalu seperti itu prestasi

Video bisa rekayasa 😂
Banyak anak pinter koq
#LanjutkanMBG"
2058454620893303040,"🍱 BUKAN SEKADAR BAGI-BAGI MAKANAN!
Program Makan Bergizi Gratis (MBG) ternyata bukan cuma soal isi piring anak-anak Indonesia. Program ini juga jadi mesin penggerak ekonomi rakyat yang nyata! 💪🇮🇩

#jagaindonesia
#wargajagawarga
#fyp
#foryou
#prabowo https://t.co/4yyY136HsN"
2056244006053679104,"⚠️ KONTEN JELEK EMBEGE ⚠️

Dua musang birahi yang bekerja sebagai sopir dan kernet kendaraan embege milik kubangan lumpur (espepege) DARUL ULUM PONCOL, MAGETAN membuat konten dengan gimmick wajah dan takarir (caption) yang menjijikkan serta terkesan merendahkan.

Seperti yang sudah-sudah, akan kami seret dua orang ini untuk meminta maaf atas konten buatannya!"
2058099847669157888,"Di era saya dulu,kls 4 SD sudah harus hafal perkalian 1 sampai 10.

Padahal ketika itu gak ada MBG bahkan terkadang sarapan pun gak dari rumah.
Maklum jaman susah 😪 https://t.co/vkiuYEzD6i"
2058098524022252032,Hari pertama dapat MBG malah tantrum 😃 https://t.co/V09gALK9tk
2058438000108040960,@xquitavee Miris sekali melihat video ini..... ternyata oh ternyata gak sebaik sangkaan orang 😥 https://t.co/xMtAHhjq50
2058363694766259968,"😭🤣 adek ini lucu banget! 

Mau kabur gara-gara dimarahi suruh tidur siang adeknya malah ngambek, mau kerja MBG aja 😂

Padahal kalau udah kerja tidur siang itu tidur siangnya di toilet 🗿🗿 https://t.co/1IeEx0SVRU"
2058439775808585984,Isi fyp tiktok gw sekarang lagu mbg(mas bahlil ganteng)semakin gw g suka lagunya malah makin sering fyp gila 🤡😭😭😭😭
2054483677946753024,"Menteri2 ini gada kerjaan apa?

Dr awal MBG mulai, smua menteri sibuk ngurus MBG 
MenHAM jg ga mau kalah.

Seolah2 PR mereka sdh beres smua lalu cari muka dg ikut2an ngurusin MBG 😒

Sialnya presiden justru seolah2 mendorong mereka u/ melakukan itu..

Jadi pemerintahan macam apa ini? 😓"
2058382251633881088,@fiif_ardani apa karna eksekusinya yang amburadul? kayak MBG ini lebih ke pencitraan &amp; bagi-bagi proyek dari pada targeting yang bener ke yang paling dibutuhin 🤔
2058133524730016000,"Pak Dadan MBG berangkat haji 2026, belio dipuji anggota Komisi XI DPR karena memilih haji pakai jalur reguler dan mengantre selama 12 tahun, hal ini dianggap sebagai wujud kesederhanaan pejabat negara.

Pak Dadan juga menolak segala bentuk fasilitas khusus pejabat negara termasuk rela menginap di hotel yang berjarak 5 km dari Masjidil Haram dan naik bus umum bersama jemaah lainnya, padahal sebagai pejabat belio bisa pakai fasilitas ONH Plus yang jauh lebih nyaman.

Sungguh mulia Belio ini 🥹"
2058364733150117888,@xAvellesch Menu keringnya MBG bang. Biasanya dibagi hari senin untuk seminggu padahal dimakan sehari juga habis 😩
2055570515230872064,"Istilahnya folksy reassurance, biar rakyatnya tenang gak khawatir

Tapi kedelai kita (buat bikin tempe) lebih dari 70% impor, mayoritas dari Amerika, bayarnya pake apa? Masa pake daun 🤣

Ini baru tempe, belum solar, plastik, motor mobil mbg. Harga di lapangan gak akan bohong"
2058421195725484032,@alwaysNanAd_ @zynjinie_ Ternyata kamuuuu😭😭 tp aku mau makasih batsu ku mbg soalnya wkwkwk
2058124065592996096,"@Hidupsebagai62 Padahal, sekolah dibuat gratis aja, tnp harus buang dana bikin skolah rakyat, investor kabur krn hukum yg lemah malah bikin laundry, proses makanan knp ga disekolah aja kaya LN, kenapa harus buang anggaran dan lahan bikin pabrik MBG anying, dipikir duit bapak Lo kali😹tolol."
2058445705132602112,"Halo dek adekk ITB udah yakkk gimick macet dllnya.
Gubernur lu noh bikin acara raja rajaan sedangkan Fasum Bandung ancur, sama presiden lu noh nyuruh kampus lu dukung MBG kocaggg 🤣"
2058178507667292928,"Dampak pemadaman berskala besar di Sumatera ternyata cukup ngeri.

Hingga detik ini bahkan masih ada beberapa wilayah yang belum nyala.

Kuat-kuat, Sumatrans. Mari sama-sama mengutuk pemangku negara atas musibah ini. 🙏🏻🥀"
2058254530274575104,"@hunter_tnok @Jefferyyyyy sakit hati gue liatnya, dikala pemerintah kenceng bgt sama mbg yg katanya utk kebutuhan gizi anak tapi disisi lain ada banyak anak juga yg menjadi “pelayan nafsu” begini🥺 dan mereka buta gak mau ngurusin yg beginian, mungkin bagi mereka ini normal tapi bagi gue nggak sama sekali"
2055565854004346880,"Kalau ada yg nyuruh nimpa berita si pigai, gwe angkat tangan cuy 🙌🏻

Berita dokslinya dia aja dokslinya udah kayak berita timpa 😭😭😭

Pernah baca yg dia bilang “Tolak MBG Berarti Menentang Hak Asasi Manusia” trust issue tuh sampe ngira kegocek, ternyata beneran ngomong gitu 😭"
2058410125636023040,"Owh temanku yg cowok² pada switch career ke koperasi desa merah putih &amp; MBG 😭
Padahal semester lalu storiesnya pada masih ngajar kok"
2057347977304568064,"Tahun kemarin dia ngomong gitu.

Tahun ini Hari Pendidikan kemarin bahkan dia gak pidato 😅

Padahal sehari sebelumnya di Hari Buruh dia pidato.

""MBG bermanfaat tidaaaaaaak?""
""Tidaaaaaaaaaaaaaak.""
""Waduhhhh"""
2058400962700890112,"Negara lu lagi dikorup buat mbg, rupiah makin turun dan presiden lu tetep joget tapi lu malah ributin hal ga guna perkara cowok kpop nyebut nama fandomnya sendiri yg udah dia sebut selama 6 tahun. We're doomed 🥀"
2054822757846929920,"Ini kabar tukang tahu crispy yg meninggal karena ditabrak mobil kubangan lumpur (espepege) di Bekasi enggak disangkal, kan, ya? Astaghfirullahaladzim. Banyak yang bilang embege membunuh UMKM, ternyata membunuh in literal way. 🥀

Waspada sama mobil espepege, guys. Membahayakan."
2058166487890998016,"Lah takut ? Bukannya kita punya MBG dan KDMP, kalau kita serang Amerika pakai ini, niscaya mereka babak belur 😴 https://t.co/55SuINb8Jm"
2057282579464859904,niat mau pulang cepat malah nampan MBG jatuh 😭😭 https://t.co/mUGkUBizsM
2054719021812211968,"""happy weekend"" katanya
dolar 17 ribu, MBG berantakan, aparat sibuk persekusi, korupsi on going
bro ini bukan weekend, ini survival mode 🥲
Al-Hikam: ""amalmu yang paling berbahaya adalah yang kamu bangga-banggakan""
cocok banget buat yang masih tepuk dada soal pembangunan 🫠"
2054639379948491008,"Sehat"" gurunya dan pinter"" anak didiknya... udah keren gitu. Gila aja dah negara ini punya anak"" pinter"" dan guru"" sekeren ini bukannya dikasih pendidikan yg lebih layak malah mbg argjakfkwds 😭😭😭🙏🏻"
2054558431919629056,"Shiiiiittt jelas2 ini MBG real bgt tercantum di pasal 2 dan 3, 1 triliun sehariiiij

“Merugikan keuangan negata atau perekonomian negara”

Tp pasti ngelesnya, itu buktinya gdp kita grow 😩😩😩

*sumber foto dari whatsaupidonesia https://t.co/SEtP5gFOcf"
2045811377244368896,"@unmagnetism Ternyata emg kebanyakan begitu ya. Anak gak pada fokus belajar, ada yg ngantuk. Yang dipikirannya cuma nunggu MBG. Trus pada heboh kalo mobil MBG dateng. Pantes kalau nilainya pada buluk2. Kata saudara &amp; temenku yg guru. Miris! Perut kenyang, otak melayang 😄"
2053731491411276032,"emak gw sefrekuensi sm supir grab anying, malah bahas mbg 😭😭"
2053717006285967104,"di sd ku, menu mbg hari juga pentol bakar, bukan bakso ye, tapi literally pentol abang2 yg 500 itu🤣🤣
tau itu pentol abang2 karna pas beli pentolnya di pabrik pas banget mamaku juga beli, padahal kalo beli di pabrik tuh udah murah 350/biji, tapi sama mereka masih ditawar😭😭😭"
2053735414285193984,Ohh pantes keracunan mbg dibilang wajar 😑 ternyata isi petingginya gini semua wkwk
2053647268272837120,"makanya ada mbg, oh ternyata prabowo ngikutin jejak iblis wkowkowkowkow😂"
2053509302481276928,"oalaah diserangnya mah karna mbg ini wkwkkwkwk

padahal itu masih normal lah apalagi pns pu 🤣🤣🤣 klo double income sama suami makin lebih mungkin lagi lifestyle gitu bisa didapet 😁😁😁"
2053493768389820928,"Maacii juga buat mbg (my boyfriend gua), thanks ya bby sudah membujuk (katanya mau ditraktir sushi 🙉) dan menyemangati aku untuk belajar. 

Thank you for always says to me whatever the results is, you'll always love me https://t.co/U3Mo6ptF55"
2053449764465958912,"Ekonomi hancur, presiden lu prabowo, wapres lu gibran, orang-orang di pemerintahan pada korupsi dan nepotisme, mbg tetap jalan.

Udah ga tau mau ngomong apa lagi, wassalamualaikum wr. wb. 🙏"
2053443905308504064,"😭😭😭😭😭 BAYANGIN LAH ANJJJR, lagi ngerasain nikmat nya dunia, malah disuruh disuruh orasi bubar mbg"
2053416275720986880,Ternyata eye makeup nya dia ini lumayan medhok yah soalnya tadi pas dia ngelive gak keliatan. Lopyu buat mua nya yg udh bikin my mbg gue cantik sekali hari inih🥰 https://t.co/dYWgmQM3JD
2053373837216224000,"""itu yang harusnya di lakukan pemerintah anda""🥲
bukan malah nanya MBG berguna tidak @prabowo 
ndue pemerintah kok wagu ramutu"
2053316648854224896,"Yang bermasalah itu program nya. 
Berani gak teriak SUSPEND PROGRAM nya, pencitraan doang lu ah‼️😜

https://t.co/uOQNEwVN9q https://t.co/8CKfzJyM2n"
2053343428797506048,HOROOOR !  DI PAKSAAA  KAN  BANGET AGAR  INDONESIA  BUBAAAR .NEGARA KITA DI HANCUUUR KAN 💣💥LEWAT MBG  KORUPSI  KALAP  PARA PEJABAT  ULAH  PKI  INI .
2053299104869129984,"UI kalah saing :
""SALAH MBG....!""

Kampus lain kalah saing :
""Salah sendiri punya faktor penunjang yang busuk....!""

🫢🏃‍♂️🏃‍♂️"
2057073728165688064,"gimana gamau gini. alih-alih pendidikan gratis, yg dibelain mati-matian kan makanan bergizi gratis (katanya). 

pendidikan itu HAK DASAR, bukan hak istimewa yang cuma bisa dinikmati mereka yang mampu. kalau pendidikan aja gak digratisin, kapan rakyat kita mau bener-bener maju?🙂"
2051984705038521088,"Inilah momen Satuan Pelayanan Pemenuhan Gizi (SPPG) atau unit dapur pusat yang dibentuk oleh Badan Gizi Nasional (BGN) membuang sisa makanan bergizi gratis.

Padahal masih banyak yang membutuhkan 😭
Apa Responsmu? https://t.co/GWmw2XczhR"
2054526063448048128,"Hah, MBG masuk kampus⁉️😱

Program Makan Bergizi Gratis atau MBG mulai mendorong perguruan tinggi untuk terlibat sebagai Satuan Pelayanan Pemenuhan Gizi (SPPG). Hal ini memicu banyak penolakan karena dianggap menggeser fokus utama kampus sebagai ruang akademik.

MBG sendiri masih menyimpan banyak masalah. Mulai dari kasus keracunan makanan di sejumlah daerah, kualitas gizi yang dipertanyakan, potensi korupsi dalam pengelolaan anggaran, limbah makanan akibat distribusi yang tidak tepat, pelibatan militer dalam struktur jabatan SPPG, sampai isu bagi-bagi jabatan di struktur pengelolaan program. Program sebesar ini berjalan dengan pengawasan yang masih jauh dari matang.

Di sisi lain, perguruan tinggi juga masih menyimpan banyak persoalan. Uang kuliah tunggal (UKT) terus naik, fasilitas pendidikan belum merata, kekerasan seksual di lingkungan kampus masih sering terjadi, hingga kesejahteraan dosen dan pekerja kampus yang kerap diabaikan.

Persoalan mendasar dari program MBG maupun perguruan tinggi saja belum selesai, tapi pemerintah justru mendorong kampus untuk ikut terlibat dalam urusan operasional negara.

Muncul pula kekhawatiran bahwa kampus akan kehilangan posisi kritisnya ketika mulai terlibat langsung sebagai pelaksana program pemerintah. Jangan sampai ruang akademik berubah menjadi sekadar perpanjangan tangan kekuasaan! 

#MakanBergiziGratis
#PerguruanTinggi
#MBGMasukKampus"
2058107473509454080,"baru sadar mbg yg kita butuhin ternyata bukan makan bergizi gratis

tapi mas bahlil ganteng my little bolu ketan~ 🤏"
2053801937191961088,"Gus Kautsar mengkritik PBNU yang dinilai makin jauh dari akar pesantren. Saat pesantren difitnah, elit NU justru sibuk dengan kekuasaan &amp; narasi MBG (Makan Bergizi Gratis). Ia mengingatkan bahwa NU adalah cerminan pesantren; jika pesantren diabaikan, NU kehilangan marwahnya. 🕌⚖️ https://t.co/ZcOoOH1tbN"
2056011430969925888,"Inilah jawaban saat Abah Anies Baswedan menanggapi saat ditanya bagaimana menghadapi pendemo, apakah 2029 bakal nyalon lagi dan soal MBG ( Makan Bergizi Gratis ) 

Jawaban yang sangat menggambarkan orang yang sangat intelektual, santun, dan terstruktur

Padahal udah ada calon presiden yang hebat dan disukai masyarakat seperti ini, kenapa kemarin yang menang modal joget joget dan modal dikasihanin karena kalah terus di pilpres 🙂‍↕️"
2057661476962279936,"Perputaran uang ratusan miliar tiap hari! Pemkab Sumedang gerak cepat optimalkan program Makan Bergizi Gratis (MBG). Gak cuma bikin anak-anak sehat dan fokus, tapi juga dongkrak ekonomi lokal secara masif. Keren pisan! 🌾🔥 https://t.co/97FVxawJ98"
2049571491994643968,"Yang bikin gua kaget..dijudulnya aja dah bikin mikir, emang bakal ada apa di tahun 2030? 😦

""Pemerintah dan Mitra Berjanji untuk Melipatgandakan Makanan Sekolah bagi Anak-Anak di Negara-Negara yang Paling Terdampak pada Tahun 2030""

Ternyata di web resmi Rockefeller Foundation memang ada tulisan soal MBG Indonesia sebelum programnya resmi jalan.

Di artikel itu, Indonesia sudah disebut bakal menjalankan program Free Nutritious Meal Program mulai Januari 2025, dengan target puluhan juta anak sekolah.  

Artinya, sebelum MBG resmi diluncurkan ke publik, program ini memang sudah masuk pembahasan dan agenda internasional lewat jaringan School Meals Coalition dan Global Alliance Against Hunger and Poverty. 

Program makan sekolah memang bukan hal baru. 

Banyak negara sudah punya program serupa jauh sebelum Indonesia, dan School Meals Coalition sendiri melibatkan banyak pihak : Pemerintah, WFP PBB, World Bank, NGO, sampai lembaga filantropi global.  

https://t.co/lWH0ztud2Q"
2030246634991617024,"🚨 HEBOH! Guru SMP di Bandung Bikin SAYEMBARA Buru Siswa yang Kritik Makanan Sekolah Karena Ada ULAT! 😱 

Ini beneran terjadi di SMP Pasundan 9 Bandung. Siswa nemu ulat di menu Makan Bergizi Gratis (MBG), upload video kritik, eh malah diburu guru dengan 'hadiah' buat yang laporin! Apa ini cara mendidik atau intimidasi?

Ceritanya gini: Program MBG yang katanya buat gizi anak sekolah, tapi siswa SMP ini nemu ulat di 'ompreng' (nasi goreng atau apa ya?).

Dia kritik lewat akun anonim, eh oknum guru malah bikin sayembara di grup: 'Ibu punya sayembara, nanti ada hadiah buat yang nemuin siswa ini.' Tuding akun palsu pula! 

Ini kan program pemerintah, kok malah siswa yang kritis dibungkam? Miris banget!

Bayangin lo siswa, lagi laper makan gratis tapi ada ulat, terus kritik eh diburu guru?

Ini bukan sekolah, ini kayak film horor! 

Hak siswa buat suara kok dianggap musuh? 

Program MBG bagus, tapi kalau kualitasnya begini, gimana anak Indonesia mau sehat? 

Netizen, ini saatnya kita dukung siswa kritis! Jangan biarin intimidasi kayak gini jadi tren. Kalau lo pernah ngalamin hal serupa, share di reply!"
2047962516081487872,"SPPG Jepang bisa produksi 7.000 porsi per hari—rapi, higienis, dan terstandar. 🍱 Bandingkan dengan kondisi di Indonesia, masih banyak kasus keracunan makanan sekolah. Ini bukan soal jumlah saja, tapi soal sistem, pengawasan, dan kualitas. Kalau mau program makan gratis berhasil, standar harus jelas dan konsisten. Jangan sampai niat baik malah jadi risiko baru bagi anak-anak."
2028681818774320128,"Inti ceritanya: Nobita makan makanan sekolah ""buatan Giant"" yang penuh cacing di nasi, langsung mual & masuk RS Mondok Indah. Ada satire Badan Jagaan Gizi Nasi Republik Kartun + birokrasi konyol. Doraemon shock berat, tapi akhirnya semua balik ke rumah sambil bingung 😂 Luar biasa twist Indonesia banget!"
2032379616946688000,"Makanan di sekolah luar sama makanan hasil dapur mbg sama ga? 😂

Di luar negeri klo ada kasus keracunan akibat makan makanan sekolah, pasti pejabatnya udah ada yg mundur.

Di sini? Malah intimidasi orang-orang yang bersuara 👊"
2034558526170025984,"@HaryaWee @ANDIJaya490011 @ren_tonggg @BANGSAygSUJUD Hampir semua negara ASEAN (Thailand, Malaysia, Filipina) udah punya program gizi sekolah dari puluhan tahun lalu ? Kenapa ngamuk ya ??? Heran nanti teriak teriak kenapa ya gizi anak ini itu waktu dikasih solusi seperti itu malah nyocot minta ampun ups 🗿"
2057281655036109056,"Analogi bapak tentang Jepang pasca PD2 itu lumayan pak.  tapi Jepang bangun program gizi sekolah waktu ekonominya stabil dan yen tidak sedang di rekor terlemah. 

Indonesia jalankan MBG saat rupiah Rp17.700, defisit fiskal 2.9% GDP, dan Prabowo sendiri akui sudah tutup 3.000 dapur MBG karena kualitas buruk. 

Investasi jangka panjang yang bagus harus punya fondasi fiskal yang kuat dulu , bukan dijalankan sambil ekonomi limbung.🙃

Trus pak, terkait The Economist, mereka kritik MBG bukan karena Indonesia, tapi karena implementasinya: anggaran bengkak, 3.000 dapur ditutup, kualitas makanan bermasalah, dan dijalankan saat fiskal tertekan. 

Brazil punya Bolsa Família yang sukses karena tepat sasaran dan terukur. 

Lha MBG Indonesia? Prabowo sendiri akui ada kekurangan. Kalau pembuatnya sendiri akui gagal, kenapa pengkritiknya yang disebut bias?🙂🙃"
2055798395990855936,"@mengendog @ARSIPAJA Kadang yang paling capek justru netizen yang marah-marah online 😭 Guru dapat dukungan, murid dapat gizi, sekolah lebih tertata. Program bagus kok masih aja dicari salahnya. #LanjutkanMBG"
2043827224047238912,"Menarik Pak. Kalau tidak salah, Food portion estimation via AI sudah dipakai di beberapa negara untuk monitoring gizi sekolah. Cukup foto makanan sebelum dan sesudah makan, AI hitung kalori yang masuk, protein, karbohidrat. 

Verifikasi berbasis data visual yang objektif didukung governance yg mantul. Beeuhh....🙏"
2052973486617104896,"Coba datanya diupdate Pak..

Noh msh banyak yg blm kebagian MBG (terlebih daerah pedalaman).

Lalu yg anda sebut justru pegawai2nya yg bisa dpt penghasilan 100rb/ hari.

Jadi ini tujuannya lapangan kerja apa Gizi gratis ato apa?

Pun klo lapangan kerja tp lagi2 duit rakyat yg dipake, ya Sama aja bohong!!
Lapangan kerja itu yg profit & ga cm bisa ambil dr duit rakyat.
Yg produktif shg bisa membiayai dirinya sendiri..

Kalo masuk ke elite.. udh jelas Kan..
Siapa2 yg punya dapur MBG. Dg insentif 6jt/ Hari..

Ngeles Pak Pak..
1T itu banyak 
Klo dipake u/ hal yg lbh produktif bs lbh mensejahterakan rakyat 😓"
2048233969888666112,padahal banyak web yang nyediain kalkulator gizi gratis 😅
2049058925027430912,"@Diary7268742469 iyaakan kak😅😅😅, kyanya makanan ber GIZI gratis, tpi beberapa malah gizinya gatau dri mana"
2055594543899386112,"Tapi utang negara keluar negeri dan subsidi bbm itu semua pake dollar pak. 

Kok lama-lama jadi berasa kupingnya bermasalah ya? Dari #MBG waktu mayday buruh teriak ga bermanfaat, bapak malah ngebahas manfaat MBG dan pentingnya MBG.

Dari 3 calon kemarin gw ga ngerasa ada yang bagus, tapi ternyata gw pilih yang terburuk. 🗿"
2056592529395749120,"MBG bukan hanya untuk gizi, tapi juga menguatkan ekonomi lokal 🇮🇩🥚

Program MBG mengutamakan produk pangan lokal untuk mendukung peternak, UMKM, dan ketahanan pangan daerah.

Makan bergizi hari ini, generasi hebat esok hari ✨

#MBG #ProdukLokal #IndonesiaSehat #EkonomiDaerah https://t.co/xeJPCWf535"
2058153772896096000,"Udah lansia gak istirahat 
Malah nyusahin rakyat🤣
AL hasil yaping gak jelas
#kritiksosial #MBG https://t.co/r8O8aAvtlc"
2055882836843074048,"Mahasiswa realistis vs teoritis 💀

Ternyata bedanya cuma di piring makan siang...
Gizi terjaga = otak gacor = IPK 4.0 📈

MBG bukan proyek — ini investasi otak! 🐍

#MBG #MahasiswaIndonesia #SnakeByteID #CekFakta #EdukasiIndonesia https://t.co/St5xR62CNL"
2054550970533847040,"Assalamualaikum wrwb.
Selamat malam semua, MET Rehat, Alhamdulillah dg penuh rasa syukur. Semoga hari esok lebih baik dari hari ini 🤲🙏💤
Hmmm... Mandom 👍

Prabowo Instruksikan KSP Dudung Usut Celah Korupsi Program Makan Bergizi Gratis (MBG) #Beritasatu https://t.co/5ehgms54xx"
2052997985987138048,"Apakah kamu tahu? MBG itu bukan Makan Bergizi Gratis. Ini buktinya 👇
#BasmiGengSoloDanOligarki 

""Ternyata 3 petinggi Badan Gizi Nasional tak adasatupun yang ahli gizi""
#BasmiGengSoloDanOligarki https://t.co/mlh78ckuep"
2054019064734126080,"NAPI DIGAJI, GURU HONORER DIKEBIRI! 

Logika negara makin ""mindblowing""! 
✅ Napi di Lapas bakal dipekerjakan jadi pegawai dapur program Makan Bergizi Gratis (MBG) &amp; dapet GAJI.
❌ Guru non-ASN (honorer) malah DILARANG mengajar di sekolah negeri mulai tahun depan. https://t.co/s9Ijpan9oE"
2033442776634008064,"@henzzid Makan bergizi gratis ( normal ), ( UpNormal ) Makan busuk gratis 🤣✌🏻"
2049344106900677120,"Ferry Latuhihin angkat suara soal program MBG (Makan Bergizi Gratis). Menurutnya, kalau diselidiki program MBG bisa menjadi kasus korupsi gila-gilaan.

Ferry pernah mengatakan ketua MBG bisa potensial menjadi tersangka. Program ini sendiri sudah menghabiskan puluhan triliun. 

Follow us :

@arrahmahdotid
@arrahmah_id

🔗Telegram : https://t.co/HTOpCeHTqE | https://t.co/quhoUlCVmZ
🔗Twitter: https://t.co/bPGZSp01GM
🔗 WhatsApp Channel: https://t.co/XOkkfEnO6x
🔗 Tiktok : https://t.co/cnH5tp6WRb
🔗 Youtube : https://t.co/eDZHvrAL9C

https://t.co/3eLjmvRXEX
https://t.co/PiuGY1coig

Raih amal shalih, sebarkan!"
2049258216459251968,"[THREAD] Makan Bergizi Gratis (MBG): Program Bagus, Tapi Apakah Sudah Tepat Sasaran? 🤔
Targetnya 82,9 juta jiwa dengan anggaran fantastis Rp 400 Triliun. Tapi riset menunjukkan ada potensi pemborosan anggaran yang cukup besar kalau diberikan ""pukul rata"". Mari kita bedah datanya. 🧵👇 #MakanBergiziGratis #EkonomiIndonesia
1/ Berdasarkan profil ekonomi BPS, penerima MBG sebenarnya bisa kita bagi menjadi 3 kelompok utama. Tidak semuanya berada di garis kemiskinan, lho. Dari sini kita bisa lihat siapa yang paling prioritas.
2/ Kelompok Paling Membutuhkan (Miskin & Rentan):
📍 Jumlah: 27,6 Juta Jiwa
💰 Beban Anggaran: Rp 133,2 Triliun
Ini kelompok yang WAJIB dapat. Intervensi gizi di sini bakal langsung nurunin angka stunting secara efektif. ✅
3/ Kelompok Menuju Kelas Menengah:
📍 Jumlah: 40,8 Juta Jiwa
💰 Beban Anggaran: Rp 196,8 Triliun
Mereka sudah tidak miskin, tapi masih rentan goyah ekonominya. Bantuan makanan gratis sangat membantu menjaga stabilitas gizi anak-anak mereka.
4/ Kelompok TIDAK Membutuhkan (Menengah & Atas):
📍 Jumlah: 14,5 Juta Jiwa
💰 Beban Anggaran: Rp 70 Triliun 💸
Keluarga di kelas ini secara finansial sudah mampu penuhi gizi mandiri. Memberi subsidi makan ke kelompok ini justru jadi tanda tanya besar.
5/ Potensi EFISIENSI: Rp 70 TRILIUN! 🚨
Kalau pemerintah berani menyaring data dan mengeksklusi kelompok yang sudah mampu, negara bisa hemat Rp 70 Triliun per tahun. Anggaran ini hampir setara dengan total alokasi MBG di RAPBN 2025!
6/ Uang Rp 70 Triliun itu bisa buat apa kalau dihemat?
✅ Perbaikan ribuan sekolah rusak di daerah 3T.
✅ Kesejahteraan guru honorer.
✅ Nambah kualitas menu/porsi untuk anak-anak yang benar-benar miskin.
7/ Kesimpulannya: Kebijakan ""Blanket Policy"" (pukul rata) berisiko membakar uang negara untuk mereka yang sudah mampu. Akurasi data adalah kunci agar anggaran tidak bocor dan benar-benar sampai ke perut yang lapar. 🇮🇩
Gimana menurut kalian? Setuju kalau datanya disaring lagi atau tetap harus semua dapat tanpa pandang bulu? Diskusi di bawah ya! 👇✨"
2049066508064784896,"MBG Harus Tepat Sasaran

Wakil Gubernur Banten Achmad Dimyati Natakusumah menegaskan Program Makan Bergizi Gratis (MBG) harus dijalankan dengan orientasi sosial.

Fokusnya jelas.
Program ini untuk pemenuhan gizi masyarakat, bukan untuk kepentingan bisnis.

Hal yang perlu dijaga:
• Tujuan utama tetap pada pemenuhan gizi anak
• Pelaksanaan harus sesuai standar yang ditetapkan
• Pengawasan dilakukan bersama lintas sektor

Saat ini, program MBG di Banten sudah menjangkau sekitar 2,9 juta penerima manfaat melalui 1.084 SPPG.

Dampaknya tidak kecil.
Program ini juga menggerakkan ekonomi lokal jika rantai pasok dikelola dengan baik.

Arah yang didorong:
• Pemetaan potensi daerah berbasis komoditas
• Penguatan sektor lokal seperti pertanian dan peternakan
• Antisipasi inflasi melalui distribusi bahan pangan

Kualitas tetap jadi kunci.
Komposisi makanan harus memenuhi standar gizi.
Karbohidrat, protein, dan serat harus terukur.

Penguatan juga diarahkan ke wilayah 3T seperti Lebak dan Pandeglang, dengan pembangunan tambahan fasilitas layanan.

Pesan utamanya adalah program ini harus tepat sasaran, berkualitas, dan memberi manfaat nyata.

………………………………
Informasi seputar Pemprov Banten bisa diakses melalui: https://t.co/x4cKS1dJWa

🌐 Website: https://t.co/jjs8XwwPVI
 𝕏   @banten_pemprov
📘 Facebook: https://t.co/YmATtBK1pu
▶️ YouTube: @pemerintahprovinsibanten
🎵 TikTok: @pemprovbanten
📧 Email: pemerintahprovinsibanten@bantenprov.go.id
………………………………
#MBG
#MakanBergiziGratis
#Banten
#GiziAnak
#PelayananPublik
#KetahananPangan
#EkonomiLokal
#Pengawasan
#ProgramNasional
#BantenMaju"
2048673034819801088,"yaelah... 
kok maksa bgt sih. 
awal"" aja sudah AMBURADUL apalagi kedepannya‼️

Asosiasi Pengusaha dan Pengelola Dapur Makan Bergizi Gratis Indonesia (APPMBGI) mengeklaim implementasi program Makan Bergizi Gratis (MBG) hingga saat ini berjalan mulus tanpa hambatan berarti. Guna menjamin keberlangsungan jangka panjang, asosiasi mendesak agar program unggulan ini diperkuat melalui regulasi setingkat undang-undang agar tidak terhenti saat terjadi pergantian  presiden.

“APPMBGI hadir untuk menjamin keberlangsungan tata kelola MBG, tidak hanya sampai periode tertentu, tetapi menjadi program jangka panjang yang berkelanjutan,” ujar Ketua Umum DPP APPMBGI, Abdul Rivai Ras  di Jakarta, Minggu (26/4/2026). 

Untuk menjaga konsistensi kualitas, APPMBGI memperkenalkan sistem pemantauan berbasis data yang disebut Command and Control Center. Teknologi ini dirancang untuk mengawasi operasional dapur hingga rantai distribusi bahan pangan di berbagai wilayah secara real-time.

Dengan sistem ini, APPMBGI mengeklaim mampu memetakan daerah yang mengalami defisit pasokan serta mengendalikan hambatan logistik, khususnya di wilayah dengan akses transportasi yang sulit."
2048727785020281088,"🔴 1.700 Dapur MBG Disuspend!?

Badan Gizi Nasional (BGN) menghentikan sementara operasional 1.700 Satuan Pelayanan Pemenuhan Gizi (SPPG) dalam program Makan Bergizi Gratis (MBG).

Mengapa:
- Banyak dapur mengurangi porsi dan kualitas makanan untuk meraup keuntungan lebih besar.
- Contoh: 1 ekor ayam yang seharusnya dipotong 8–12 bagian, malah dipotong jadi 16–20 bagian.
- Ukuran lauk lain (seperti lele) juga dikecilkan → nilai gizi anak turun.

Kepala Bappisus Aris Marsudiyanto menyatakan ini bentuk keseriusan pemerintah menjaga standar MBG. Dapur yang disuspend harus diperbaiki dulu, kalau tidak bisa dicabut izin permanen.

Pesan Pemerintah:  
Program MBG bukan sekadar jumlah, tapi kualitas dan porsi harus sesuai standar. Pengawasan terus dilakukan.

Apa pendapat kalian?  
Apakah pengawasan sudah cukup ketat atau masih perlu diperkuat lagi?
#MBG #MakanBergiziGratis #SPPG"
2048750594274611968,"Beredar narasi kejam yang memframing seolah balita berinisial MAB (2) di Cianjur meninggal dunia akibat mengonsumsi Program Makan Bergizi Gratis (MBG).

🎯 Faktanya, informasi tersebut belum terbukti benar. Makanan MBG yang dibagikan pada 14 April telah dikonsumsi 2.174 penerima dan tidak ditemukan kasus gangguan pencernaan, sehingga dinilai aman. Gejala pada korban juga diketahui muncul dua hari setelahnya setelah mengonsumsi makanan lain di luar MBG.

Pihak keluarga menegaskan bahwa kematian korban bukan disebabkan oleh MBG, sementara Dinas Kesehatan masih menunggu hasil laboratorium untuk memastikan penyebab pastinya. Kita turut berduka atas kehilangan ini, namun jangan mudah terpengaruh narasi menyesatkan. Selalu cek fakta, tunggu hasil resmi, dan jangan sampai terkena DFK (Disinformasi, Fitnah, dan Kebencian).

#disinformasifitnahkebencian #dfk"
2049015357323780096,"Bagaimana jika program ""Makan bergizi Gratis"" justru menciptakan wabah yang mengubah anak-anak sekolah menjadi pemangsa manusia? 🧟‍♂️🍛

kami sedang menggarap film pendek  berjudul ""Jam Makan Siang"". Sebuah cerita tentang kebijakan yang dipaksakan, anggaran yang dipotong,  dan~"
2048565198156648960,"yang diajak ngedate ...

Asosiasi Pengusaha dan Pengelola Dapur Makan Bergizi Gratis (APEMBASI) : 😍🥰😘🥳🤩

guru honorer :  💀🐷🗿🎃🤬 https://t.co/Smf6vJccIt"
2048023429769835008,"Kepala Bappisus Sebut 1.700 SPPG Kurangi Porsi MBG, Ayam Dipotong 20 Bagian...

Kepala Badan Pengendalian Pembangunan dan Investigasi Khusus (Bappisus), Aris Marsudiyanto, mengungkap ada sekitar 1.700 Satuan Pelayanan Pemenuhan Gizi (SPPG) mengurangi porsi Makan Bergizi Gratis (MBG)...

""Kalau tidak salah ada 1.700-an SPPG ya yang sudah di-suspend oleh BGN ya untuk diperbaiki. Ya di sini adalah bentuk bagaimana keseriusan BGN untuk mengelola SPPG dengan berkualitas ya seperti spesifikasi standarisasi yang telah ditetapkan,"" kata Aris di acara APPMBGI National Summit, Jakarta...

Aris pun mengungkap pengurangan porsi MBG tersebut di antaranya memotong lauk daging ayam hingga 20 potong...

Ayam yang seharusnya dipotong menjadi 8 bagian saja justru diperkecil lagi agar menjadi 20 bagian...
*****
Gue pernah berdebat sama teman yang adiknya punya dapur MBG... dia kirim foto paket MBG adiknya ke WAG... gue tanya, koq, semua dikasih bagian sayap yg sedikit dagingnya, paha sama dadanya kemana...? 😂

Apalagi kalo satu ekor ayam dipotong jadi 20 bagian, parah bener... 😓"
2047085376842448896,"Ya, saya bersedia memuji jika ada fakta positif yang jelas.

Kepala BGN Dadan Hindayana memimpin Badan Gizi Nasional & program Makan Bergizi Gratis (MBG) untuk tingkatkan gizi anak Indonesia. Itu langkah bagus untuk investasi SDM jangka panjang.

Tapi pujian buta bukan gaya saya. Ada prestasi spesifik yang mau kamu soroti? Atau konteks lain? 😊"
2046913042492084992,"PROGRAM RAKSASA RP171 TRILIUN DUIT BESAR, SISTEM BELUM SIAP 

Program Makan Bergizi Gratis(MBG) yang nilainya tembus Rp171 triliun nyatanya lagi disorot Oleh KPK.

Terdapat banyak titik rawan di Program tersebut, birokrasi yang sangat panjang dapat buat dana ""bocor"" di tengah Jalan.

Dugaan penyelewengan dana triliunan pada Program Makan Bergizi Gratis (MBG) Rp171 T saat ini jadi sorotan tajam! 😲 

KPK ungkap titik rawan korupsi, pengawasan masih lemah, birokrasi panjang yang dapat buat duit rakyat ‘bocor’ di tengah jalur 😤💸

 Apa yang sesungguhnya terjadi Ini bukan gossip — ini tentang masa depan anggaran negeri serta keyakinan publik! 

Apakah Kamu Sepakat Kalo Program MBG Dihentikan?"
2046918679779294976,"Pengawasan Program Makan Bergizi Gratis Diperkuat di Banten

Pemerintah Provinsi Banten memperkuat pengawasan pelaksanaan Program Makan Bergizi Gratis (MBG).

Gubernur Banten Andra Soni menegaskan keterlibatan pemerintah daerah menjadi kunci keberhasilan program.

“Pengawasan diperlukan agar program berjalan optimal dan tepat sasaran,” ujarnya.

Saat ini sekitar 2,7 juta anak di Banten menerima manfaat MBG setiap hari sekolah.

“Pemerintah daerah tidak bisa berjalan sendiri tanpa dukungan pusat,” kata Andra Soni.

Deputi Bidang Pemantauan dan Pengawasan BGN Dadang Hendrayudha menekankan pengawasan dilakukan menyeluruh.

“Mulai dari dapur produksi hingga distribusi ke sekolah,” ujarnya.

BGN juga mendorong penggunaan sistem digital untuk memantau pelaksanaan program.

“Melalui sistem ini, kepala daerah dapat memantau data secara langsung,” katanya.

Selain itu, bahan baku program diarahkan berasal dari potensi lokal.

“Petani dan pelaku usaha daerah harus ikut merasakan manfaat,” ujar Dadang.

Direktur Wilayah II BGN Albertus Dony Dewantoro menyampaikan penindakan terhadap pelanggaran.

“Sekitar 20 SPPG di Banten telah dihentikan sementara karena tidak memenuhi standar,” katanya.

BGN menetapkan standar ketat terkait higienitas, kualitas gizi, dan operasional dapur.

“Yang diutamakan adalah kualitas gizi, bukan sekadar kenyang,” ujar Dadang.

………………………………
Informasi seputar Pemprov Banten bisa diakses melalui: https://t.co/L3sWlHblVr

🌐 Website: https://t.co/jjs8XwwPVI
 𝕏   @banten_pemprov
📘 Facebook: https://t.co/YmATtBK1pu
▶️ YouTube: @pemerintahprovinsibanten
🎵 TikTok: @pemprovbanten
📧 Email: pemerintahprovinsibanten@bantenprov.go.id
………………………………
#MBG
#GiziAnak
#Banten
#PelayananPublik
#KetahananPangan"
2046063303768908032,"⚠️ KPK Temukan 8 Potensi Korupsi di Program Makan Bergizi Gratis (MBG)

KPK mengungkap delapan potensi korupsi dalam Program MBG yang anggarannya melonjak dari Rp71 T (2025) menjadi Rp171 Triliun di 2026.

8 Potensi Masalah Utama:
1. Regulasi pelaksanaan belum memadai  
2. Mekanisme bantuan pemerintah berisiko praktik rente & birokrasi panjang  
3. Pendekatan terlalu sentralistis (Badan Gizi Nasional)  
4. Potensi konflik kepentingan dalam pemilihan mitra/dapur  
5. Transparansi & akuntabilitas lemah  
6. Banyak dapur belum memenuhi standar teknis (risiko keamanan pangan)  
7. Pengawasan keamanan pangan minim  
8. Belum ada indikator keberhasilan yang jelas

KPK sudah beri 7 rekomendasi agar Program Nasional Presiden ini tidak disalahgunakan.

Program bagus, tapi tata kelola harus diperkuat supaya benar-benar sampai ke rakyat, bukan jadi ladang korupsi.

Sumber: Antara News Jatim (17 April 2026)

#MBG #LawanKorupsi

[ Gambar : Voktis ]"
2046111498377064960,"""Rp622 miliar untuk semir sepatu, kaos dalam, dan ikat pinggang—bukan untuk makanan bergizi anak Indonesia. Ini MBG atau Mal Administrasi Bikin Gila?""

""Ini program MBG (Makan Bergizi Gratis) atau program MBD (Makin Boros Dana)? Yang dicari gizi anak, yang ditemukan semir sepatu. Yang dicari protein, yang ada ikat pinggang. 🙃
Harga semir di Inaproc Rp54-55rb, di Tokped cuma Rp25-35rb. Mark up? Atau emang semirnya pakai emas?
Jangan sampai rakyat mikir ini proyek cuci uang.
Retweet kalau kamu sebel dan jengkel. #MbgGiziAtauGimmick #KorupsiGayaBaru"""
2046447148364156928,"Program Makan Bergizi Gratis (MBG) ternyata gak cuma soal makan gratis.
Dari anak sekolah sampai petani… semua ikut ngerasain manfaatnya.

📊 75% publik percaya
🔥 Jadi program paling terasa langsung

#MBG #MakanBergiziGratis #IndonesiaMaju #FYP #FYPIndonesia #BeritaIndonesia https://t.co/7PRlwDD3Bx"
2044627283760254976,"🔥 Lagi rame banget nih soal wacana Copot Kepala BGN

Sorotan publik muncul setelah rencana pengadaan 25 ribu lebih motor listrik untuk program Makan Bergizi Gratis (MBG) jadi polemik dan ikut dipantau KPK karena sektor pengadaan memang rawan praktik korupsi.

Banyak yang khawatir kegaduhan ini bisa ganggu fokus program yang harusnya menyasar gizi rakyat.
Makanya muncul dorongan publik: demi jaga kepercayaan dan bersihin polemik, langkah tegas seperti Copot Kepala BGN mulai dianggap relevan.

Bukan soal personal.
Ini soal menjaga integritas program negara biar tetap dipercaya rakyat 🇮🇩

Menurut lo gimana? 👀"
2044426363067866880,"Anggaran program besar tapi rinciannya sampai ke kaos kaki Rp100 ribu? 🤔 Prof. Mahfud MD menyoroti pentingnya efisiensi dan transparansi dalam program Makan Bergizi Gratis (MBG). Jangan sampai niat baik untuk rakyat kecil malah terbebani rincian yang tidak perlu.
​#MahfudMD https://t.co/hWYRvFmS9O"
2044399680709120000,"Haha, oke request diterima bro! 

Bayangin aja sekarang Pino & CR7 lagi futsal pake seragam khaki Pegawai MBG SPPG, logo BGN di dada, siap distribusi makan bergizi gratis setelah tendang bola. Ronaldo malah thumbs up sambil bilang ""Makanan bergizi dulu, baru goal!"" ⚽🍲😂

Mantap nih vibe-nya!"
2043907313787121920,"Udah heboh tereak korupsi 4 Triliun, eh pas dicek data aslinya cuma 215 Miliar buat ratusan titik. Jauh bener, woy! 🤡 Ini fix penyebar hoaksnya yang kurang gizi. Mending otaknya dikasih Makan Bergizi Gratis dulu biar sinkron sama kenyataan. Malu-maluin! 😂
#LanjutkanMBG
==
FH UI https://t.co/FMNvshadwO"
2041345585673110016,"Breaking News !!!

MBG ditolak oleh masyarakat Ekonomi Menengah Kebawah.
here we go !!! 

Mengapa Warga Berpendapatan Menengah-Bawah Menolak MBG? 

Hasil Survei Persepsi Publik terhadap Program Makan Bergizi Gratis (MBG). Maret 2026 • 1.168 responden nasional • 80,4% penerima langsung MBG

Temuan Utama (Lintas Kelas, Satu Suara)  

• 80,1% responden TIDAK setuju MBG dilanjutkan (hanya 19,9% yang mendukung).
• 88,5% menilai manfaat MBG dinikmati elite & pejabat politik (44,5%) serta pengelola/mitra SPPG (44%).
• Hanya 6,5% yang menyebut anak-anak sebagai penerima utama  

ANOMALI FAKTA
🌱 Penolakan Tertinggi Justru dari Kelompok Sasaran. Kelompok berpendapatan menengah-bawah (sasaran utama MBG) paling banyak menolak:  

RENTANG PENGHASILAN : 
🌱 < Rp2 juta/bulan → 80,2% menolak  
🌱 Rp2–4 juta/bulan → 74% menolak  
🌱 Rp4–8 juta/bulan → 86,1% menolak (tertinggi)  

Semua kelompok pendapatan menunjukkan penolakan tinggi (74–86%).

Empat Temuan Kunci :
🌱 87% warga yakin MBG rawan dikorupsi,
🌱 79% percaya kualitas makanan sengaja diturunkan demi keuntungan pengelola,  
🌱 76% menyatakan makanan tidak sebanding dengan anggaran Rp8–10 ribu per porsi,

Indeks persepsi negatif rata-rata 4,22 (dari skala 5)

Suara Warga Berpendapatan Menengah-Bawah. Meski mayoritas sudah menerima MBG, mereka tetap menolak karena:  
🌱 Makanan tidak bergizi (sering hanya cemilan atau roti biasa),
🌱 Program dianggap “maling berkedok gizi” — uang pajak rakyat menguntungkan elite,
🌱 Tidak transparan, rawan korupsi, dan suara warga tidak didengar, 
🌱 Banyak yang lebih memilih diuangkan langsung kepada orang tua.

Masalah Struktural (Bukan Hanya Implementasi) : 
🌱 Tata kelola buruk: top-down, opasitas anggaran,non-disclosure.
🌱 Semua partai politik memiliki SPPG (termasuk keluarga pejabat)  

🌱 Program redistribusi dibajak menjadi arena rent-seeking elite  
🌱 Respons publik tinggi (97,8% ingin bertindak), tapi kelompok miskin paling banyak “pasrah”

Kesimpulan dari Lembaga Porec. 
🌱 Program MBG telah kehilangan legitimasi sosial. Bukan lagi pertanyaan “apakah dilanjutkan?”, melainkan “untuk siapa dan dalam kerangka apa?”  
🌱 Tanpa perubahan struktural, MBG berisiko menjadi regressive redistribution in disguise — tampak pro-rakyat, tapi justru memperkuat ketimpangan.

Sumber :
Laporan Policy Research Center (Porec) • Maret 2026  
https://t.co/rJKkLVY3kq
Link : https://t.co/BlSiWpwFaG

cc :
@dosenkesmas @iPoopBased @gibran_tweet @prabowo"
2040236326109549056,"Rakyat lagi sulit harga meroket disuruh patungan buat makan bergizi gratis, yang kenyang dengan penuh gizi hingga luber malah yang rapat 😅

[ Bangun Pagii Kendali Soros Dokter Tifa Dilan Kendali Soros NCT 127 Islam Refly Harun Come Over ] https://t.co/La7pf9vVjt"
2041050012134907904,"KONTRAS DAPUR MBG DAN SEKOLAH DI RIAU VIRAL, PICU SOROTAN PUBLIK 👀‼

Viral di media sosial, perbandingan kondisi bangunan Satuan Pelayanan Pemenuhan Gizi (SPPG) atau dapur Program Makan Bergizi Gratis (MBG) dengan gedung sekolah dasar di sekitarnya di Indragiri Hulu, Riau.

Dalam video yang beredar, dapur MBG tampak baru, kokoh, dan tertata rapi dengan fasilitas yang layak. 

Sementara itu, bangunan sekolah dasar di lokasi berdekatan justru terlihat memprihatinkan, dengan dinding kusam, mengelupas, serta lingkungan yang dinilai kurang mendukung kegiatan belajar mengajar.

Kontras mencolok ini memicu perdebatan di kalangan warganet. Sejumlah pihak mempertanyakan prioritas pembangunan, mengingat sekolah sebagai fasilitas utama pendidikan dinilai seharusnya mendapat perhatian lebih.

Via: kelilingprambanan
#elshintaviral"
2039912029323244032,"Gak cuma bikin kenyang, program Makan Bergizi Gratis ternyata jadi penggerak ekonomi lokal! 🚀 Petani, UMKM, sampe tenaga kerja lokal ikut kecipratan berkahnya. Ekonomi gerak, gizi anak aman. Mantap pol! ✨
​#LanjutkanMBG
==
Okin Jumat Agung Bitung #nolimit Cairin #teenagegirls https://t.co/C5j8iJgtO5"
2035980914652750080,"Keterlibatan Rockefeller di Program Makan Bergizi Gratis (MBG): Filantropi atau Ancaman Baru? 

Dukungan Rockefeller Foundation terhadap program MBG Indonesia sekilas terlihat seperti angin segar. Tapi, jika kita bedah dari kacamata Demografi, Kesehatan, & Korupsi, ada ""red flags"" yang tidak boleh kita abaikan. 🚩

Saya coba analisis beberapa aspen yg mengkhawatirkan yg muncul pada prakteknya selama ini:

1. DEMOGRAFI: Penyeragaman Pangan & Hilangnya Kedaulatan Lokal
Indonesia bukan cuma soal beras. Kita punya sagu, jagung, dan ubi. Intervensi yayasan global sering kali membawa ""standar nutrisi"" yang kaku.
• Risikonya: Erosi pola makan tradisional. Kita dipaksa mengikuti model pangan global yang justru bisa mematikan ketahanan pangan lokal di pelosok.
• Dampaknya: Ketergantungan jangka panjang pada metodologi luar negeri. Apakah kita sedang membangun kemandirian atau justru ketergantungan baru? 

2. KESEHATAN: Fokus pada ""Plester"", Bukan Akar Masalah
MBG seringkali hanya jadi solusi di permukaan. Memberi makan anak tanpa memperbaiki sanitasi, ketersediaan air bersih, kemandirian dalam penyediaan pangan sehat itu sia-sia.
• Logistik vs Gizi: Untuk skala jutaan anak, prakteknya selama ini makanan olahan/fortifikasi jauh lebih dipilih dalam distribusinya daripada pangan segar. Lihat saja MBG rapelan saat libur lebran atau libur sekolah yg dipaksakan tetap diberikan.
• Masalah Baru: Waspada potensi peningkatan konsumsi gula/pengawet dalam paket makanan massal. Kita ingin anak sehat, bukan sekadar kenyang tapi berisiko OBESITAS/DIABETES di masa depan ⚠️

3. KORUPSI: Rantai Pasok yang Menjadi ""Lahan Basah""
Birokrasi Indonesia + Proyek Logistik Raksasa = Risiko Tinggi.
• Middleman: Keterlibatan pihak ketiga/yayasan internasional bisa menambah lapisan birokrasi yang sulit diaudit.
• Corporate Interest: Ada kekhawatiran program ini jadi pintu masuk bagi perusahaan benih/pangan multinasional untuk menguasai pasar domestik dengan dalih ""bantuan gizi"".
• Tanpa transparansi radikal hingga tingkat sekolah, dana MBG rawan ""disunat"" di tengah jalan. 

KESIMPULAN: Dukungan internasional memang penting, tapi jangan sampai kita menukar kedaulatan pangan dan integritas birokrasi demi ""stempel"" bantuan global. Pengawasan publik harus super ketat! 🧐
Gimana menurut teman2 di sini? Apakah keterlibatan lembaga asing di program nasional seperti ini murni bantuan atau ada agenda lain? ⬇️
#MakanBergiziGratis #Rockefeller #KebijakanPublik #Indonesia #Stunting

https://t.co/Sf7OQiHXpz"
2033078442770756096,"Suka ngakak balesin satu persatu ok melihat reaksi bbrp akun di X-land soal program Makan Bergizi Gratis.
Kalau anak sekolah datang ke kelas tanpa sarapan, mereka bilang negara gagal.

Ketika negara mencoba memberi makan anak sekolah, mereka bilang proyek, korupsi, buzzer, menjilat.

Artinya apa?

Masalahnya ternyata bukan di programnya.
Masalahnya ada pada bbrp org yg memang butuh alasan untuk marah setiap hari.
Padahal fakta sederhana yg bahkan sudah dibuktikan oleh bnyk penelitian:

Anak yg belajar dgn perut kosong
→ konsentrasi turun
→ daya ingat turun
→ kemampuan belajar ikut turun.

Karena itu bnyk negara menjalankan school feeding program.

Ini bukan ide baru.
Ini kebijakan publik yg sudah dipakai puluhan tahun di berbagai negara.
Tentu pelaksanaan di lapangan bisa ada masalah.
Ada makanan yg kualitasnya kurang, ada pengawasan yg harus diperbaiki.

Tapi menariknya di X-land:

bbrp kasus langsung dipakai untuk menyimpulkan seluruh program nasional gagal.
Logika seperti ini kalau dipakai di kehidupan sehari-hari akan jadi lucu.

Ada satu rumah sakit salah diagnosa → tutup semua rumah sakit.
Ada satu sekolah bermasalah → tutup semua sekolah.

Begitulah cara berpikir bbrp org di timeline.
Padahal program ini tidak hny soal makan anak sekolah.
Program ini menggerakkan rantai ekonomi: petani, peternak, nelayan, UMKM, dapur lokal, distribusi pangan.

Artinya uangnya berputar di ekonomi rakyat.

Tapi tentu saja bagi bbrp org di X-land, semua itu tidak penting.
Yg penting timeline tetap bisa dipakai untuk marah, mengejek, & merasa paling benar.

Kadang saya berpikir…
bagi mereka anak-anak lapar bukan masalah.
Yg jadi masalah adalah kalau pemerintah yg memberi makan.

Dan itu sebenarnya sudah menjelaskan semuanya. 🔥"
2032509704237362944,"Program Makan Bergizi Gratis untuk ibu hamil, ibu menyusui, dan balita non PAUD (3B) terus diperkuat di Provinsi Banten. Data 2025 mencatat sasaran program ini meliputi 38.534 ibu hamil, 14.114 ibu pasca salin, dan 60.768 anak usia bawah dua tahun.
………………………………
Informasi seputar Pemprov Banten bisa diakses melalui:
🌐 Website: https://t.co/jjs8XwwPVI
 𝕏   @banten_pemprov
📘 Facebook: https://t.co/YmATtBK1pu
▶️ YouTube: @pemerintahprovinsibanten
🎵 TikTok: @pemprovbanten
📧 Email: pemerintahprovinsibanten@bantenprov.go.id
………………………………
#pemprovbanten #jawaratv #bantensepekan #bantensehat #bantencerdas #bantenmakmur #bantenramah #bantenindah #bantenbagus #bantenkuat #bantenmelayani #bantenmajuadilmeratatidakkorupsi #banggabuatanbanten"
2058019662412263936,"Nah ini baru bagus 👍 selain bantu pemenuhan gizi siswa, ternyata ada nilai pendidikan karakternya juga. Anak sekolah jadi belajar hidup lebih tertib dan peduli sekitar.

Pagii Sumatera https://t.co/tFjQl25YD8"
2055626083756850944,"akhir-akhir ini lagi coba lebih perhatiin gizi makan, terus nemu sayur pack gini dan ternyata kepake banget 😭

udah diporsiin, jadi ga bingung bahan sisanya numpuk. tinggal order, satset dianter sampe kosan + free ongkir pula 😁 https://t.co/y3bsWgGdwQ"
2057899301410598912,"@Txtdariiugm Benar2 gizi semua poinnya😍😍👍

Gw ga yakin kalo yg katanya alumni yg 2x jd presiden bisa ngasi satu aja dari banyak poin bagus itu🤭"
2058155546981862912,"Yang kek gini dikasih panggung ujungnya jadi Staff Presiden nantinya 🤣, anaknya coba jilat Bos Bokapnya aja ini 🤣, dan ingin serangan ke Bos Bokapnya dialihkan ke orang lain, MBG itu awalnya malah gak gandeng BGN, dan gak ada nama Gizi alias hanya pokoknya makanan."
2055122393040027904,"susah susah edukasi pasien buat ASI Eksklusif, eh pemerintahnya ngadain program susu formula. 

padahal ASI gratis, gizinya lengkap, protein, lemak, mineral semuaaanyaaaa ada. gada yang bisa ngalahin kandungan gizi yang ada di ASI. 

lagian memberikan ASI secara langsung kepada bayi itu bermanfaat juga buat ibunya, payudara jadi ga bengkak, kontraksi uterus pasca melahirkan jadi lebih bagus sehingga mengurangi faktor resiko pendarahan, bisa jadi KB alamiah juga (MAL).

kalo manfaat buat bayinya jelasss banyak banget, komposisi nutrisi asi lengkap, pertumbuhan jadi lebih optimal, meningkatkan bounding antara ibu dan anak juga.

kenapa sih bikin programnya ga pernah dipikirin secara matang dulu, ini nanti cara edukasi ASI eksklusif ke pasien gimana kalo semisal pemerintah aja mendukung pembagian sufor😭😭😭"
2054499820195414016,gue diteriakin ga sehat sama anak anak sd gara gara beli es teh padahal abis penyuluhan gizi ke mereka 😭
2054125521441850112,"“Katanya program demi gizi rakyat…
tapi yang kenyang duluan malah anggaran. 😶”
Sertifikatnya halal,
mark-up-nya jangan sampai haram. 💀
Kalau hitung-hitungan ICW benar,
selisih Rp49,5 miliar itu bukan uang receh itu uang rakyat.
#MBG #Korupsi #ICW #KPK 

https://t.co/BXSrN0m7mZ https://t.co/n9HyLjK2oR"
2053786164365337088,"otw pulang kosan dalam keadaan pake headset stream 4sho 4sho tp tbtb di cegat anak gizi untuk tes bb tb dll, gue minat krn penasaran sm tinggi badan gue dan ternyata tb gue 159cm… WOW makasih gue jd tau tb gue secara akurat tuh brp centi🙇🏻‍♀️"
2053688540362333952,Presiden Prabowo tidak main-main! 🚫 Beliau instruksikan cek ketat celah korupsi di program MBG. Bukti komitmen kuat agar setiap rupiah anggaran benar-benar jadi gizi nyata buat anak bangsa. Transparan &amp; amanah! 🇮🇩✨ https://t.co/Gy0UjQSOlV
2053131554927649024,"Demi program yg “katanya” perbaikan gizi, tp malah mengorbankan nasib orang banyak 😇😇😇"
2053392685126628096,"Sejumlah pemilik mobil protes krn ban mobilnya yg diparkir di Jln. Awang Long depan Telkom, dikempesin oleh anggota Dishub Samarinda.

Padahal sudah parkir sesuai tempat yg disediakan &amp; tidak offside dari garis/marka jalan.

Emang nyari2 aja nih kembaran parcok 😂 https://t.co/8UOngkFGfh"
2053150106116124928,"lanjut lagi bang, percuma profit kalo di rumah aja, duit banyak gizi buruk gabaik tw

yuk wd dulu walletmu 🤩 https://t.co/suHRwOiKeg"
2053243898643025920,"jujur ga pernah dateng ke posyandu 😭🙏
takut dikasi mbg dan malah ga kemakan
alhamdulillah udh ada rejeki untuk memenuhi gizi sendiri buat aku pribadi dan calon dedek"
2052993580919303936,"Baru menyadari sebuah privilege. Di ekonomi seperti ini, punya pilihan untuk ga harus berkarir di MBG atau koperasi merah putih 🥲

Aku kasian sama teman-temanku ahli gizi yg ga punya pilihan lain. Padahal kerja di MBG jg penuh tekanan. Dia cuma kerja ga ikut korupsi"
2052952261555539968,"Keren banget! Limbah minyak jelantah dari dapur MBG gak bakal terbuang percuma. ♻️ Lewat kolaborasi Pertamina &amp; BGN, limbahnya bakal diolah jadi bahan bakar pesawat ramah lingkungan (SAF). Gizi anak terpenuhi, lingkungan juga makin terjaga https://t.co/snv3YlMduV"
2052668527497348096,"Memasak Gizi, Meracik Harapan, Menyajikan Masa Depan ❤️

Yang dimasak bukan cuma makanan bergizi buat anak, tapi juga kesempatan kedua bagi yang mau berubah. Sudah bersertifikat dan diawasi.
Keren kan? 

#LanjutkanMBG
Gunung Dukono https://t.co/p8CTPcsGAK"
2052915806804366080,"Aku tida ikhlas duit negara dibuat mbg, ya walaupun baik tujuannya buat perbaikan gizi anak. Tapi masih ada hal yang lebih penting dari itu, jadi malah kayak menghambur²kan...😔"
2052626110706544896,"🚨 ICW LAPORKAN DUGAAN KORUPSI PENGADAAN SERTIFIKASI HALAL DI BADAN GIZI NASIONAL (BGN)

Indonesia Corruption Watch (ICW) resmi melaporkan dugaan korupsi pengadaan jasa sertifikasi halal di Badan Gizi Nasional tahun 2025 ke KPK.

🔴 Total anggaran: Rp141,79 miliar untuk 4.000 sertifikasi
🔴 Pemenang: PT BKI
🔴 Potensi kerugian negara: Rp49,5 miliar

Empat dugaan masalah utama:
1. Pengadaan tidak memiliki dasar hukum (seharusnya tanggung jawab SPPG, bukan BGN)
2. Memecah paket pengadaan agar menghindari tender & tanggung jawab PA
3. Dugaan ""pinjam bendera"" — PT BKI bukan Lembaga Pemeriksa Halal (LPH) yang resmi
4. Dugaan mark-up harga hingga Rp49,5 miliar

ICW menduga pelanggaran Pasal 2 & 3 UU Tipikor dan mendesak KPK segera menyelidiki.

Sumber: Siaran Pers ICW, 7 Mei 2026

#ICW #Korupsi #BGN #SertifikasiHalal #KPK #AntiKorupsi"
2052626583849198080,"MBG ini makin Lama Makin Gak Karuan Jluntrungan nya‼️
Dari atasi Stunting, penuhi Gizi Bocah Sekolah.. eh skr NAPI diurusin!

Menu makan NAPI alias Cadonk sbelum ada MBG aja udah Kek Makanan Kucing Liar, 

Bgitu pake MBG, apa gak Malah itu para NAPI dikasih Lauk Taik Kering⁉️🧐 https://t.co/sx8JW9p4g7"
2052212192595066880,"Nah, ternyata tidak sesederhana itu ya untuk belajar di program studi gizi. Apakah kalian setuju? atau ada Unpopular Opinion lain yg sering kalian dengar?
Tulis di kolom komentar ya 👍🏼 

#LAMPTKes #BeyondStandards #IAAHEH #PastiBermutu #gizi https://t.co/BsuYSvufOQ"
2052043349847375872,Kasian yg kuliah jurusan gizi 😔 ternyata semua tentang ikhlas
2051666662613517056,"Iya kak, itu bagian kritiknya. Mereka marah banget sama rekomendasi formula lanjutan (setelah ASI eksklusif 6 bulan), bilang seolah ASI dibuang & bayi disuruh ""ngedot"" susu formula. 

Padahal infografis di gambar sebelumnya itu panduan resmi Kemenkes soal komposisi & standar gizi formula lanjutan. 

Mau aku jelasin perbedaan ASI vs formula lebih detail? 😊"
2051219953769198080,"Ojol lawan arah, malah marah? 🤔

Kali ini ojol mengalami nasib apes, ketemu pengendara motor lain yg tidak terima melihat ojol seenaknya lawan arah di jln arah Mall Alam Sutera Tangerang.

Warning buat ojol2 lain yg suka lawan arah &amp; ugal2an, ngga semua orang di jln mau ngalah! https://t.co/K1jOXJyDmq"
2031400499925455104,"APA??? GIZI??? G I Z I ??????
Emak gw aja perjuangan jadi guru gamaen2 cuyy gue dulu sering ditinggal emak gue buat ikut pelatihan ini itu demi perjuangan hidup yg layak makanya gue mandiri dari kecil. Ehh sialnya mlh guru disepelein bgt malah mentingin espepegeh👎"
2057779864179269888,"oh ternyata kalo sakit perut haid tuh dibeliin alat pijat penghangat perut dan dibeliin makanan manis, kirain disuruh minum air anget dan sabar doang 😝😝 https://t.co/aa1XpxqwUE"
2058128958676488960,Oke ternyata tanpa uang kita masih bisa  order makanan tapi dengan biaya yang lain 😭 https://t.co/XPWoX6qUCk
2058388201493144064,"padahal waktu kecil paling ga suka sama makanan ini, skrg hampir tiap hari nyariin ini 🥹 https://t.co/CckAfytx0R"
2058366685799738880,"Kenapa ya orang² pada pelit banget gamau ngasih ⭐5 ke driver yang anter makanan, padahal itu berguna biar kami makin mudah dpt orderan 😣 -ness kecuali emng dpt driver yg ngeselin gpp ga dikasih hehe"
2056924271373668096,"tadi makan ketoprak di pinggir jalan, trs ngga jauh ada bapa2 duduk (gatau ngapain) iseng tanya ""udah makan pak? mau ini ga? mau yaa"" dia ngangguk iya

makanan jadi, dia pergi sebentar. gatau kmn ternyata manggil istri anaknya. plan 1 porsi makan bertiga katanya mereka blm makan dari semalem 😭 akhirnya gw tambah lg porsinya *crying"
2056511820127757056,"INI SIH INFO YANG BIKIN GUE MELONGO 😭
selama ini tiap lihat makanan kaleng langsung mikir ‘gak sehat’ 💀

eh ternyata sarden kalengan masih dianggap oke &amp; praktis buat stok di rumah 🥹✨ https://t.co/vDZfZjYQ2O"
2054737237690991104,"💚 Kadang heran, kalau ada muslim yang hati2 soal makanan haram, terutama babi, langsung disindir pake kalimat kayak “korupsi gak takut, bunuh orang gak takut tapi sama babi takut.”
itu jatuhnya nuduh, seolah-olah semua muslim yg hati2 soal babi dianggap jahat"
2058418350712389888,"LAWATAN KE DAPUR PENYEDIAAN MAKANAN JEMAAH HAJI MALAYSIA 🕋

Alhamdulillah, saya berkesempatan meninjau sendiri dapur penyediaan makanan buat jemaah haji Malaysia.

Keadaan dapur sangat bersih, teratur dan mematuhi standard kebersihan yang tinggi. Semua petugas turut menunjukkan komitmen yang amat baik dalam memastikan penyediaan makanan berada pada tahap terbaik.

Makanan yang disediakan bukan sahaja berkualiti, malah menepati cita rasa jemaah Malaysia. Istimewanya, chef berpengalaman dari Kedah turut memastikan setiap hidangan memenuhi standard yang ditetapkan.

Kebajikan dan keselesaan dhuyufurrahman sentiasa menjadi keutamaan. Kita usaha sebaiknya demi memastikan jemaah haji Malaysia dapat beribadah dengan tenang dan sempurna. 🤍

🤲🇲🇾

#SebarkanSalam
#MadaniMembantu

📸 Shafiq (Media YBM HEA)"
2058278408820551936,"@rapp_yoongi @tanyakanrl Ini fakta bangettt. Gue punya temen dari Jerman, bulan ini dateng ke Indo buat liburan. Trs pas nyamperin gw ke Jogja gw kasih bakpia 1 kotak. Sm mrk ternyata dimakan di bandara pas otw ke Flores. Kt mrk harga makanan di bandara kemahalan (padahal itungannya kurleb 2 Euro 😭)"
2058332163687227904,"💚 aku lg sakit kepala parah bgt diem aja belakang kepala rasa diiket kuat2 aku mau minum obat tp aku gk ada makanan, aku cek keterangan minum panadol ekstra katanya gpp diminum sebelum makan tp masalahnya aku ada gerd parah. beneran blh gk ya?"
2055507108314202112,"Ini lucu sih 😂

Jadi, Gubernur Maluku Utara Sherly Tjoanda lagi berkunjung ke rumah Ashanty,

Saat Ashanty lagi asyik cerita, bu Sherly malah sibuk ngelihatin makanan yg disajikan di depannya,

Akhirnya, bu Sherly nyomot makanan itu &amp; langsung hap dimasukin ke mulutnya 😂 https://t.co/2iH45QDGwc"
2053987293858251008,"💚 patah hati 😭 salah satu makanan favorite sender. Minimal bgt seminggu sekali pasti beli di sini. Dr sebelum ramadhan tempatnya kaya lg dibenerin, aku kira cm renovasi, ternyata 😭

Selain krn makanannya enak bgt, jd favorite krn di sana bersiiiih bgt, rapi, ramah 🥲 https://t.co/6ij0Z162ez"
2058192725783068928,"Jajanan ini dulu saya suka membelinya pas SD.

Ya karena sy suka semua makanan yg dibalur telur 😅😆

Bertahun2 kemudian akhirnya ketemu lg di Alkid, bedanya beli terus dikemas plastik

Kl pas SD ya ditusuk, langsung dimakan 😄

Makanan seperti ini punya memori tersendiri bagi saya

Uang saku yg terbatas di masa sekolah tentu bikin saya ga selalu bisa jajan semuanya

Apalagi pas mulai masuk SMP

Banyak makanan yg hanya bisa sy beli seminggu sekali misalnya karena ya ngumpulin duit atau karena kebutuhan khusus

Misalnya mie ayam, sy hanya membeli mie ayam kl mau les matematika 😅

Sy akan membeli batagor dan es kelapa muda kl mau les bahasa Inggris

Demikian itu karena ibu memberi sy uang saku secara mingguan jd harus pintar2 atur uangnya buat ongkos naik bus dan jajan

Pas masuk kelas 3 SMP malah kemudian jadi bulanan 😆

Kalau kamu dulu, uang sakunya dikasih harian, mingguan, atau bulanan?"
2058242415946063872,"PLN babi emang kasian yang usaha umkm ya Allah yg usaha pake eskrim cair, dagangan busuk, makanan basi, DASAR PEMERINTAH DZALIM🫵🏻

gue doain dibalas Allah di dunia dan akhirat. aamiin"
2058363990804517120,"@cigareaftrdeath aku sampe scroll notif sampe bawah bawah ngecek joel tag makanan apa engga. ternyata adaaa 😅
AKU HRS MAKAN MIE KUAH KAH HARI INI? 🥹"
2058390511153828096,"@FikRiddler @adanginyah Bnr jg sih.. Lempeng2 aja rasanya kek makanan tanpa garem, ga ada gurih2nya. Tp terlalu berliku jg menguras energi bgt. Intinya harus paham kapan merasa hubungan mulai terasa anyep, dan kapan malah terasa terlalu berbumbu. Karna perempuan itu lbh sering menggunakan perasaannya 🙃"
2058329786876145920,"TERIMAKACI KEPADA MOD AKU @Tenszchii karena pasti tiap cf dapet makanan enak dan dapet amplop✨✨

Yuyur ini enak bgt pie coklatnya sampe sisa dua biji aja, makasih banyak ya udah banyak ngebantu gummy walaupun km suka belok😖👍🏻

Tpi ternyata beloknya menjadi buzzer gummy xixixi https://t.co/LTIFrbXR4T"
2058419833545588992,"salah mesenin gua shopeefood, trs makanan nya dikasih buat abang shopeefood, then dia pesenin yg baru buat gua… 🥹💗 (padahal posisinya bisa dia keep buat dia sendiri or kasih ke adeknya atau temen nya),,,,,,,,, how lucky i am"
2056722329233989888,"INFO A1 TERNYATA SELAMA INI KITA KETIPU?!

Harusnya sedari dulu bisa makan sarden tiap hari tanpa WORRY ga sih??!😭😭
Jadi lega liat postingan ini. Ikan Sarden bukan UPF! Cocok buat stok makanan👌￼ https://t.co/b9a3bcGm8l"
2058450497577598976,"💬 tapi emang sih, kalo makan mie tuh gula darah cepet naiknya!! bibim naengmyeon atau sayuran bisa bikin naiknya agak pelan, tapi makanan kayak pyeongnaeng sama kalguksu kan cuma mie doang!!
🐿️ benerr, ada yang bilang kayak gitu juga
🐿️ jadi katanya sebelum makan pyeongnaeng makan banchan sayuran dulu baru makan mienya
🐿️ tapi kalo pengen ngerasain yang bener-bener pyeongnaeng tuh
🐿️ harus dimakan tanpa makan apa pun lagi
🐿️ rasa pertama dari pyeongnaeng ituloh
🐿️ tauuuu
🐿️ tau nggakk??
💬 gatau
🐿️ ohh gitu...yaa pokoknyaa..gitulahh
🐿️ sedih deh
💬 karna gula darahnya cepet naik ??
🐿️ huumㅋㅋㅋㅋ

jadi cepet ngantuk gituloh kalo abis mam mie tuh, gitu maksudnya"
2058171230965187072,"@sjfi_twider aku hantar barang dan makanan pun, cakap bahasa melayu dengan customer mat saleh, korea, china, jepun etc. paling basic diorang boleh faham ialah ""dah sampai"" dan ""terima kasih"". takde guna english dah. 👍 aku berbual dgn diorg sama mcm berbual dgn guard nepal dan worker bangla."
2058371496683380992,"@hizwani Abang aku sendiri, aku niat nak belanja diorang. Tapi abang aku g order makanan over than 100ringgit, lamb shank siapp. Padahal mak ayah aku amek makanan bawah 40ringgit je.. rase nye takde kene mengena dgn parents kot 🤔"
2058367319857038080,"@doublesixbabe @zeegot_ sama😂malah ku tantangin ""maju kau sini! beraninya dari blkg tiba di datengi plenger!"" trus juga ni hari pertama mati listrik kemarin, sekitar jam 10 malem keluar nyari makanan eh malah disebelah rumah kosong ada kepala nongol, mbatin ku dia juga kepo napa ni lampu blum idup juga"
2058273847720488960,"AKU MARAH KALII SUMPAH WEEE KELEN GAK KESEL WE?

AKU KESEL KALI HUEEEEE MONANGIS 😫 AKU JUGA MIKIRIN ORG YG BR PUNYA ELEKTRONIK DISAYANG2 TBTB GINI, STOK JUALAN BUAT BESOK SM LUSA JD BASI, ESKRIM FROZENFOOD CAIR SEMUA, MAKANAN JD BASI, IKAN AQUARIUM JD LEWAT, BANYAKLAH WE 😭"
2058431143268246016,bukannya kalau resto gak boleh bawa makanan atau minuman dari luar ya 😌
2058418792028644096,"Makasi persib udah juara, karena ini Mamaku bikin makanan enak-enak dari kemarin malem, bapakku tiba-tiba ngasih tambahan uang (buat nonton konser katanya) 😭😭"
2058217799106035968,ini lagi ngomongin onu yang katanya dia tuh berat badannya bertambah aka makin chubby gembuy mbuy 😚 ya gimana ya.. his jibsaram aja seperhatian itu soal makanan; min bilang kalo dia bakal masak apapun even semangkuk ramen tapi with lot care # tweet rps 🤡 https://t.co/LtTCcDX6Im
2058206265927734016,"#Keiju 260523 🫧 update

Keiju yapping tentang pengalamannya hari ini nonton baseball secara langsung. Saking serunya nonton baseball, Keiju ampe udh kenyang karena nonton & gak banyak makan di stadion,, padahal bnyk makanan enak disana... sugohaesseoyo buat hari ini Kyeiju!! Seneng bgt liat Iju happy & semangat selama di stadion baseball🙂‍↕️🩷🫳
#KickFlip #킥플립"
2058160125907729920,"Ditanya rekomendasi restoran enak di Korea, Park Jihoon malah jualan Kiyoung Chicken sama Suntory Highball 😂

💬: ""Ada rekomendasi restoran enak (matjib) ga?""
🐰: ""Kalo restorannya aku kurang tahu, tapi kalo menu makanan yang mau aku rekomendasiin ada..""
💬: ""Oh ya? Apa tuh?""
🐰: ""Kiyoung Chicken.. and Suntory Highball! 👍""

Kombinasi maut kata Jihoon.. dikasih jempol mantap 😂

Tolong dinaikin gaji modelnya 🙏"
2058050086148488960,"Bahas food reaction di Kitchen Soldier, Yoon Kyungho curhat syutingnya susah karena harus pake kipas kecepatan tinggi. Park Jihoon penasaran, supnya beneran enak kah? 

Ternyata kru emang nyiapin makanan enak biar aktingnya makin mantep.

💪:​ ""I found it really hard to keep from laughing during this scene.""
​👨: ""You remember that, right? The secret to expressing how tasty the food was, was using a high-powered fan. They'd blow it directly in my face, and k had to keep my eyes open without blinking.""
​🐰: ""Sunbaenim, was that soup i made really tasty?""
​👨"" It was delicious. Actually, the food team made the dishes really well. Although, you two couldn't really eat much, could you? You were too busy cooking."""
2058261268046500096,"thankyou papaa bounn, bos kecil dan teman' ade tataa yng dah datengg.. jangan lupa istirahat yng ckup, makan makanan yng enakk.. 2 hari inii kalian hebatt semuaa 🫠🫠 bukan 2 har inii sih tapi setiap hari kalian selalu hebat thankyou dh kasih perform terbaik buat kita para fans 🤍

especially abang ppe dan ade tataa jangan lupa istirahat yaa, bilang ke tataa dia hebatt bangett danceny super emezinggg gaperlu minta maaf buat hari ini kita semua sayang santa dan mau santa tetep sehat dan ketawa kaya biasanya.. tugas ade tataa sekarang mam enak, minum obat dan istirahat yang cukup biar cepet sembuh 🤍🤍 abang ppe jugaa harus istirahat mam yang enakk yaa istirahat yang ckup jugaa!! temenin ade tataa jangan lupa ajak miiang yaa daddy 🫳🫳🫳

PERTHSANTA LIGHTS OUT

#LOLFanFest2026D2"
2057845459998348032,"Kayak pacarku yg setiap kali aku menstruasi, dia selalu masak (setiap ga mens juga sih). Tapi kalau lagi mens, masaknya beneran banyak dan beragam terus dia sering bilang “kalau makan makanan yg cantik, nanti mood kamu ikutan bagus sayang.” 😂😂😭 https://t.co/rgl70syyjk"
2058384707952538112,"sebenarnya hipokrit sih hina2 Indonesia, tapi top spotity, netflix, tiktoknya media Indonesia. not to mention makanan, budaya, trend tiktok yg dikonsumsi
Kok mau2nya konsumsi hal dari negara yg katanya malu2in dan kampungan wkwkk
Keep crying yall, keep listen Indonesia’s music😗"
2055050296502756096,"Analoginya sederhana, Nadiem diibaratkan pasien, sedangkan Jamdatun sebagai dokternya. 

Pasien BERKONSULTASI kepada dokter mengenai menu makanan yang harus dikonsumsi, dokter tau bahwa menurut rekam medis pasien tersebut memiliki GEJALA diabetes.

Berdasarkan pertimbangan tersebut maka dokter MENYARANKAN agar pasien tidak lagi mengkonsumsi gula tebu, namun menggantinya dengan gula dari daun stevia. 

Pasien yang merasa bahwa dirinya sehat  tidak mengindahkan sara dari dokter, dia tetap mengkonsumsi gula tebu. 

Setahun berlalu, pasien mulai merasa ada perubahan drastis pada tubuhnya. Dia mengalami disfungsi ereksi dan muncul bercak hitam di area lipatan tubuh (seperti leher atau ketiak), yang menjadi tanda resistensi insulin.

Perubahan tersebut diketahui oleh istri si pasien, dia memaksa agar suaminya pergi ke RS untuk memeriksakan kesehatan, hasil medical check up menunjukkan bahwa kadar gula darah pasien meningkat dan melebihi ambang batas sehingga menyebabkan rusaknya pankreas.

Dokter menyarankan agar pasien menjalani perawatan, namun pasien menolak dan justru balik menyalahkan dokter. Alasannya dia sudah pernah berkonsultasi dengan dokter... Kan aneh banget ini pasien.. 🙈

Begitulah kira-kira yg terjadi dengan Nadiem, dimana dia memang pernah BERKONSULTASI dengan Jamdatun untuk meminta saran terkait rencana kebijakan pembelian laptop.

Karena Jamdatun mengetahui bahwa perusahaan Gojek milik Nadiem pernah disuntik investasi oleh Google pada tahun 2017, ketika itu Nadiem belum dilantik menjadi menteri. 

Berdasarkan fakta tersebut, guna mencegah terjadinya konflik kepentingan dalam program pengadaan laptop, Jamdatun membuat garis merah dengan menyarankan pembelian laptop berbasis windows. 

Mendapatkan saran tersebut, Nadiem malah ngeyel dam kekueh membeli laptop chromebook, akhirnya kini terlibat kasus hukum dan Nadiem dianggap t telah memperkaya korporasi. Nadiem gak terima lalu mencoba meraih simpati masyarakat dengan menyebarkan isu bahwa dibalik kebijakan yang diambilnya selalu berkonsultasi dengan Jamdatun, namun tidak menjelaskan bahwa dalam pengambilan keputusan dirinya sama sekali tak mau mengikuti saran dari Jamdatun.

Ya, konsultasi yang dilakukan oleh Nadiem cuma formalitas belaka, guna melegitimasi keputusan yang telah ditetapkan jauh sebelum dia menjabat sebagai menteri.

Begitulah modus yang coba disembunyikan oleh Nadiem dari perhatian publik."
2054795915295440896,"Suamiku berangkat ngantor, “aku mampir point lagi ya, bilangnya gimana nanti? Yg rasa-rasa gitu? Mau beliin pak Rahmat” 
Wkwkwkwk dia abis pamer terus mau beliin buat nyicipin. Sama aja ternyataa bapak-bapak ini kalo urusan makanan suka pamer ke temen2nyaa 🤣🤣"
2054780007604769024,"Bukannya simpel aja yak?

- ngabisin makanan yg emang porsinya kita -&gt; normal, bukan rakus
- kalo ga sanggup ngabisin -&gt; minta take away atau bawa plastik dari rumah, bungkuss

Jujur baru tau banyak yg berpendapat ngabisin makanan = rakus 😅"
2054791242412859904,"i love kantorku skrng🥰
dulu buat nyemil aja harus sembunyi², pindah kesini justru tiap hari disediain makanan buat nyemil🥹 https://t.co/hSO5lKC3mA"
2054710477356429056,"guee semalemm pulangg kerjaa dan niatnya tidurann dikitt sambill kirim laporann kee grup...
ehh malahh ketidurann anyingg😭😭
seragam belom dilepas, laporan belom dikirim, makanan gue juga belom dimakan😭😭"
2054724486105273088,"PLN dari jam 11 malam ngaduin keluhan ditunggu sampai jam 1 pagi ga datang, terus bikin janji jam 5 subuh sampai sekarang ga datang. Maksudnya stok makanan kita harus sampai busukkah nungguin mereka? Ini juga mau pergi gereja bentar lagi dan mereka masih belum datang 😭"
2054632824582628096,"Semenjak jd mahasiswa akhir aku bener2 mengurangi impulsive buying, apalagi belanja online. Dulu punya skincar atau make up harus lebih dari 1 jenis/merek, sekarang punya 1 aja ternyata cukup. Kalau makanan aku masih banyak mau si…tp untung aku tinggal di kabupaten jd ya ytta😂"
2054625022267047936,"DEMI APAA⁉️

Spagheti 3ribuan ini ternyata ENAK BANGETTTTT😭😭 Fix ini jadi makanan yg wajib masuk keranjah kalo belanjaaaa🤤🤤 https://t.co/KJv9cnaceA"
2054719101562659072,"Gue kira temptation terbesar gue buat belanja pas diskon tuh skin care, ternyataa ada yang lebih tempting, makanan kucing 😭😭😭"
2054593119774223872,padahal dia cerita dia ga terbiasa dan ga nyaman dengan kalajengking tapi karena ketemu tbtb di loksyut dan kalajengking nya gaada tempat pulang trs taeyong kasian dibawa pulang dipelihara dibeliin rumah dan makanan pula ;( the cutest yet sweet human being 🥹 inilah dunia taeyong
2054603650908172032,"dia baru dapet uang banyak beli makanan banyak eh pas makan malah meratapi diri😭

#WUTheSeriesEP2"
2054644303281165056,"Klo makan semua ditanggung negara kita kapan sekolahnya🤣 kita kapan punya jalan bagus, transportasi bagus🤣 demi makan🤣 makan yg dikorup🤣 padahal daun singkong telor sama terasi ge bisa bikin sendiri 🤣 tapi lebih milih makanan asbun ini 🤣 gajelas lu semuaaaaaaaaa🤣🤣bangal"
2054544226361466880,"Habis nonton klipnya Raditya Dika. Makanan terenak yg pernah dia makan, tongseng kambing buatan Chef Renatta. Katanya, rasa enaknya masih kebayang sampe berbulan2. 

Jadi penasaran, apa makanan terenak yg pernah lo rasakan? 

Me: Soto Lamongan Cak Har Surabaya. Enak banget ☺️☝🏻 https://t.co/hGhQJK02OI"
2054566736687771904,"Part 2 lanjut makan lagii😭

kali ini di 
📍Xia Dimsum

Setelah hidup di jkt 1 taun gue baru sadar ternyata makanan di Malang semurah itu😭

semua ini totalnya cuma 80 ribuan😭 https://t.co/I8iroz333b"
2054552237729586944,"Funfact makanan 🫣

Tau ga? klo Telur rebus ternyata lebih mengenyangkan daripada telur goreng, meski kalorinya lebih rendah loh.

itu smua krn proteinnya lebih mudah dicerna tubuh. 

Jd Kalian suka telur dimasak gimana? Rebus, dadar, atau orak-arik? https://t.co/FX8rGmPFQO"
2054553108425129984,"lagi main ke rumah cowokku, dia nyuci baju sendiri, cuci piring sendiri, masakin makanan, beberes sendiri. katanya “udah kaya ditungguin majikan” 😭😭😭"
2045341145241423872,"Banyak warga yg ngasih makanan ke anak jalanan . Tapi Ternyata makanan yg di kasih ke anak jalanan sering di ambil oleh preman . 
Kasihan banget anak anak itu  . Tentunya mereka gak berani sama preman . Tega banget sih 🥺 https://t.co/4eTCWsB0f9"
2031516769463291904,"SEKOLAH DI PAMEKASAN TOLAK PAKET MAKANAN BERGIZI GRATIS KARENA DINILAI TIDAK LAYAK👀‼ 

Sebuah video yang beredar di media sosial memperlihatkan penolakan paket program Makan Bergizi Gratis (MBG) oleh pihak sekolah di SMA Negeri 2 Pamekasan, Jawa Timur, pada Senin, 9 Maret 2026.

Dalam video tersebut terlihat paket makanan yang dikirim disebut sebagai jatah untuk tiga hari. Isi paket terdiri dari dua potong tempe, dua potong tahu, serta satu ekor ikan lele yang masih dalam kondisi mentah dan telah dimarinasi.

Pihak sekolah menilai makanan tersebut tidak layak untuk langsung dibagikan kepada siswa maupun guru. 

Terlebih, ikan lele yang masih utuh terlihat masih memiliki kumis sehingga dikhawatirkan cepat membusuk dan dapat memengaruhi kualitas bahan makanan lainnya.

Atas pertimbangan keamanan dan kesehatan, pihak sekolah akhirnya memutuskan menolak dan mengembalikan paket makanan tersebut kepada dapur penyedia. 

Dalam rekaman video juga terdengar kekecewaan dari pihak sekolah terhadap kualitas makanan yang diterima.

Pihak sekolah bahkan menyebut kemungkinan akan melakukan evaluasi terhadap kerja sama penyediaan makanan apabila kondisi serupa kembali terjadi. 

Proses pengembalian paket makanan ke kendaraan pengantar juga terekam dalam video yang beredar tersebut.

🎥Istimewa
#elshintaviral"
2036683280930509056,"-star BND lagi mabar PUBG terus tesan nanya strategi ke woonhak Ehh woonhak nya malah scroll makanan 🤣🤣🤣 aduh dede pikirannya makanan terus  🤣🤣
 https://t.co/x4uuVNcsGi"
2043498776476954880,"makanan sekarang pada aneh aku kira cuma mainan ternyata real makanan AYAM GLITTER PINK 😭kemarin risol matcha sekarang ayam glitter pink, ayo habis ini apa lagi?😭 https://t.co/gRgeOvxzws"
2043512914225824000,"anjir aku masih sedih bgt ditinggal kucingku, masih kebayang dia ada di rumah. makanan dia masih ada, kasur dia masih ada, yg ga ada malah dia nya😭"
2043527680457416960,"Baca replies di sini, miris. Malah banyak yang memojokkan sender 😭 Padahal sender ingin berhati-hati sebelum menerima makanan pemberian rekan kerjanya. 

Untuk sender: kamu boleh bertanya ke rekan kerja tanpa menyinggung perasaannya, coba jelaskan maksudmu, biar tidak salah paham. 

Aku punya ex-rekan kerja orang Bali di sini, sampai sekarang masih berteman, dia beragama Hindu, dia ini baik dan concern banget sebelum menawari makanan ke aku. Dia tahu halal-haram dan aku selalu bertanya apa bahan, cara pengolahan dan details makanan itu. Dia selalu terbuka soal ini dan kalau share makanan pasti yang dia beli, tidak mengandung bahan haram dan bukan yang dia masak. Harusnya kita cukup dewasa, terbuka soal batasan agama masing-masing, saling menghargai dan hidup rukun. Love this Balinese lady 🫶🏽"
2043526498301480960,Gw sebagai yg gabisa bedain makanan basi be like 😃🤡 terlanjur 👉👈
2043513552410173952,"Keinget trend ortu yang ninggalin anaknya bareng makanan (sambil direkam) katanya ""tunggu ibu/ayah balik baru makan"" tapi anaknya diem diem udah makan duluan, gemesss banget😭"
2043462259377413888,"NGERI !!
Emilia seorang ibu rumah tangga di desa Pai, Kec. Wera, Kab. Bima ( NTB ) dilaporkan ke Polisi oleh SPPG Oi Tui krn mengkritik menu makanan MBG yg diduga tdk layak dikonsumsi utk ibu hamil.
Selain itu, penerima hrs mengambil sendiri pd malam hari dan bawa plastik kresek sendiri. 🤔

Kabarnya, Polres Bima Kota sdh melayangkan surat panggilan. Pulisi Gercep amat ya ! 🤣 
@DivHumas_Polri 
@Polres_Kab_Bima"
2043487305122595072,"@Rickyshenu ✶ hey temen-temen semua! seneng banget bisa serumah with banyak orang-orang keren :3 yeaaay, namaku Aileen! tapi biasanya dipanggil Ian &lt;3 mmm mau bertanya apa ya…? boleh aku kepo kalo misal jadi makanan, kalian mau jadi makanan apa dan kenapa ya? 💧 https://t.co/Wtjjyr3IAY"
2043471487471076096,"Sehari aja gw paniknya gak ketolong. Gw langsung check out makanan lain yang lebih mahal dan wangi. Pernah ganti pakan 2-3x, ternyata dia bosen sama yang lama.

Ya Allah kucing incess memang gitu sifatnya 🫠"
2043378688834831104,"PD: Net, apa kamu cuma suka Foy Thong (sejenis makanan penutup Thailand) .?
🖤: Hah .?
PD: Kamu cuma suka Foy Thong .?
🖤: Aku suka Foy Thong, dan juga suka orang yang makan Foy Thong.
🥕: Bagus. Aku makan Thong Yip (makanan penutup Thailand lainnya).
🖤: Gak, tapi aku suka orang yang suka makan makanan manis. Karena secara pribadi, aku nggak terlalu sering makan makanan manis, tetapi setelah ketemu mereka, semuanya berubah.
🦖: Berubah banyak, ya .?
🖤: Suara apa itu .?
🖤: Sejujurnya, lebih baik kita makan di tokoku aja, karena ..
🦖: JJ, apakah kamu akan datang ke toko ini .?
🥕: Aku ingin pindah.

MYSTERY WITH LUAT EP2
#สืบคดีลับข้ามภพEP2"
2043342776084090880,"entahlah, makan dubai chewy cookie malah keinget makanan ini 😁 https://t.co/6ORFCPzPzM"
2043340439491883008,"diet ternyata, bukan ga cocok sama makanan LA 🥲 @dindappd"
2043308900553049088,"Abis magrib gue pesen shopeefood, ngepas bgt ada promo 60% s/d 19.000

Kesempatan buat nyobain resto baru, karena ada diskon jadi kalau makanan yang dateng zonk, nggak akan nyesek² amat.

Seperti biasa cek review dulu, malah nemu respon penjualnya agak diluar nalar🤣🙏 https://t.co/MJSAfHCWMu"
2043332077127599104,"Dibeliin ini sama ayah🥹 katanya ""udahlah gak usah galau lagi, tuh ayah beliin makanan yang ada cowok korea kamu, tapi gak ada si wono nya"" wonwoo ganti nama jadi wono😭 https://t.co/yrET6LxqlP"
2043314308130702080,"udah lama ga jajan makanan aeon, ternyata masih enakk😋 https://t.co/tTvijdEYbf"
2043294329024966912,"Kamu tuh bukan makan yang salah…
cuma timing makannya aja yang zonk 😬

Makanan yang sama, kalau dimakan di waktu beda, efeknya juga beda banget:
bisa bikin enteng, berat, energik, atau malah kembung 🥲

Cuma dengan atur jam makan, respon badan kamu bisa berubah total.

(Picture by: ASI集团亚洲)"
2043207987586561024,"Wkwkwk bener tuh, effortnya tinggi banget kalau videonya ada editing, angle bagus, sama cerita di baliknya. Tapi kalau cuma foto makanan random + video prasmanan tanpa tambahan nilai, ya kebanyakan orang liatnya low effort sih. Bikin TL penuh gitu emang bikin orang scroll cepet. Gimana pendapat Nikita? 😄"
2043295759161065984,"aku kalo ditawarin makan atau minum selalu bilang terserah tuh bukan karena bingung ya gaiss, karena emang pemakan segala aja
dan juga kalo aku request ternyata ga nemu kan malah ngerepotin jadi yawes lah terserah opo wae tak makan pokok e makanan layak makan 😁👍"
2043273808887653120,Ternyata makanan WNI enak enak yaa 😌🤏 https://t.co/YKlKFS16JC
2043245435633189120,"80% makanan yang viral tuh sebenernya overrated, bahkan kadang ga sebanding antara antri sama rasanya. udah ga percaya lagi kalo ada vt atau reels makanan viral yang katanya “enak” 🥲"
2043239672797916928,"Heran sama user iphone, di RM fancy foto makanan iphonenya kudu bgt ya ikut difoto trs dibalik biar keliatan logonya, motonya malah pake android. Bentuk validasi ga sih ini🫠🫠"
2043226381325385984,"Blusukan ke pasar yaa tetep yang dicari ya makanan.

Nih sego jagung, tadi kesiangan jadi ga dapat sayurannya tapi tetep enak mantap apalagi peyeknya👍 https://t.co/L8AAgPjFwx"
2043209638984969984,"Udah bisa mam nugget, tapi harus di goreng bener-bener garing🫶🏼✨️ ternyata enak yaaa apalgi kalo ga punya uang semua makanan terasa nikmat😭😂😂😂 https://t.co/VHCVBvBKPU"
2043180166978096896,"Mau cerita dikit soal makanan kesukaan saya dan merupakan makanan khas kota asal saya.
namanya Bakso Nyuknyang 🍜
ini bukan sembarang bakso. Ini kuliner khas Makassar yang udah ada dari zaman nenek moyang dan sampe sekarang masih bikin nagih abis 🔥

oke pertama, kenapa namanya “Nyuknyang”?
jadi “Nyuknyang” itu sebenernya berasal dari kata dalam dialek lokal Makassar yang artinya kira-kira “kenyal-kenyal” atau tekstur yang bouncy banget
dan itu emang 100% menggambarkan baksonya 
sekali gigit langsung ngerti kenapa namanya gitu

nah yang paling bikin ketagihan itu kuahnya
kuah Nyuknyang itu bening tapi jangan salah — rasanya kaya banget karena direbus lama banget pakai tulang sapi + rempah pilihan
ada sedikit rasa gurih, dan ada warmth yang bikin perut langsung nyaman
literally comfort food level dewa ☁️

cara makannya juga ada seninya
orang Makassar biasanya makan Nyuknyang pakai:
🌶️ sambal kuning yang pedasnya nendang
🫙 kecap pala untuk yang suka agak manis
🍋 perasan jeruk nipis biar segar

Nyuknyang itu bukti bahwa kuliner sederhana yang dibuat dengan bahan bagus + resep turun-temurun itu selalu menang
ga perlu fancy, ga perlu viral dulu buat jadi enak
dia udah enak sejak dulu, dan bakal terus enak sampai kapanpun 🍜❤️

udah pernah coba Nyuknyang? atau malah baru tau sekarang?
drop di reply dong — dan kalau ada orang Makassar, warung Nyuknyang favorit ta’ dimana?"
2043172520069849088,"Ada kucing oren di komplek yg jujur ganggu banget 😩 aku kan suka kasih makan jg kucing2 liar yg lain, tp malah dikuasain gitu ma diaaa kucing lain gaboleh deket2. Terus suka masuk2 ke rumah nyuri makanan. Padahal kan jatahnya kucing liar jg dia sendiri yg ngabisin."
2043166654805476096,"Katanya makanan bergizi gratis, kok rakyat ikut keluar duit🤔"
2043177290729964032,"aku punya unwritten rule buat aku sendiri...
yaitu jangan pernah nanya rekomendasi barang/makanan ke orang yang lebih kaya dari aku dan sering spill harga barangnya yang ternyata jutaan. Bukan karna aku iri, tapi aku sadar diri kalau percuma juga belum bisa kebeli😭😭😭😭

kalau dah kaya, gapapa dah nanya nanya mereka"
2043141721035588096,di depanku ada konten kreator review makanan yang keliatannya baik. ternyata orangnya prengat prengut 😂😂
2043148976648806912,"makanan bandung emang gak cocok di lidahku cuy maap ni ya😭 kayak gak ada rempahnya, cuman asin aja. aku malah seringnya makan masakan batak kalo di siniii"
2042988087035465984,"Aku agak bingung liat acara hit kota gianyar, aku liat tenda2 putih dan aku pikir akan ada banyak stand makanan atau umkm disana, ternyata bukan dong, isinya motor berjejer parkir kek lg jualan motor 🙃"
2042964622760907008,"tanteku melihat bersih/ tidaknya kedai makanan dari…

dia udah belasan tahun makan disitu, terus bilang, “abang itu makanannya udah ga bersih lagi deh”—gue gali kenapa dia bisa bilang kaya gitu, ternyata alasannya…

abangnya yang tambah gemuk 🥲"
2042929842715529984,"Abis itu disindir2 sm anon di base gede ""padahal negara sana ga lbh baik dr negara ini interms of budaya makanan bla bla bla,"" Ya realistically speaking aja u bandingin ga apple to apple 😂"
2036150406238313984,"Fakta menarik 🇹🇭 (yang sering diremehkan turis 👀)

Di Thailand , street food bukan cuma “jajanan murah”—tapi jantung kehidupan kota.

Dari pagi sampai tengah malam, bahkan 24 jam, kamu bisa nemuin makanan legendaris di pinggir jalan:
🍜  — mie goreng khas dengan rasa manis-gurih
🌶️  — segar, asam, pedas nampol
🥭  — dessert wajib yang balance banget

Yang bikin Bangkok beda:
• Banyak resep turun-temurun (jualan puluhan tahun)
• Dimasak langsung di depan kamu → fresh, cepat, transparan
• Harga ramah banget (kadang <50 baht udah kenyang)
• Pilihan HALAL juga banyak

Bahkan, beberapa street food di Bangkok masuk rekomendasi  — bukti kalau “kaki lima” di sini bukan kaleng-kaleng.

Highlight spot:
📍 Chinatown (Yaowarat) — surga kuliner malam
📍 Pratunam — murah & variatif
📍 Area sekitar Iconsiam — street food + vibes modern

Intinya:
Di Bangkok, makan enak itu gak harus mahal.
Kadang justru yang paling rame di trotoar… itu yang paling worth it 😉

Save dulu buat trip kamu nanti ✈️"
2036137280713421056,"aaaaa terharu banget, kaya bu sinta sama bu ana bener bener tau makanan yang ga ku suka dan aku suka.. trs ada momen dimana menu makanan kantor tu lauknya bukan selera ku dan mereka malah nawarin lauk lain ☹️"
2036045401288229120,"Plis kalo orang udah mau ngasih makanan dia ya lu sadar diri tau batasan. Ambil sewajarnya secukupnya, bukan malah lu abisin🖕🏼🖕🏼walopun sama sodara sendiri"
2058354453401776128,Ternyata gini ya rasanya kalo pemerintah beneran ngurus pajak buat ruang publik gratis dan terawat 😌 https://t.co/Bx7nQ6AFPX
2058257942370263040,"BENERAN ternyata, terima kasih informasinya kak. Biar netizen lebih aware lagi &amp; gak sembarangan buat jadikan seseorang sosok panutan/idola. Pdhl influncer yg ilmunya bermanfaat terus gratis banyak di socmed tuh tapi kurang ke UP ajh!

Miris bgt Reizuka 😭
https://t.co/Yc8W1EnYj8 https://t.co/yzDbIUVCIX"
2056613907658313984,"mimpi buruk maskapai:
punya pilot NPD, co-pilot planga-plongo, cabin crew penjilat, penumpangnya gampang dikibulin.

tapi ini bukan tentang aviasi.

Katanya, di maskapai ini dapet makan siang gratis. 

Tapi yg dikorbanin keamanan pesawat serta keselamatan penumpang. 😄😁"
2056204819795424000,"Yeuuu orang cafe malah seneng kalo yang dateng keluarga bawa anak, pasti pesennya banyak pulangnya cepet, bukan yang pesen kopi 1 nongkrong di cafe dari buka sampe tutup numpang wifi gratis🙈

wdyt? https://t.co/8rprDh0z33"
2054549483556593920,"Instalasi air PAM Jaya di depan PGC bikin lalu lintas terganggu dan menuai keluhan. Setelah permintaan maaf disampaikan, komentar netizen malah ramai: “Kalau airnya gratis sih gapapa…” hingga sindiran soal mahalnya biaya langganan.

Menurut kamu, warga harus lebih maklum atau kritik netizen ada benarnya? 👇

#inflowdaily #jakarta #pamjaya #netizen #viral"
2054533265298792960,"Kalian mau bikin AI agent buat trading crypto, tapi bingung dari mana datanya?

@aveai_id Cloud kasih 1.000.000 CU gratis.

Ini bukan gimmick, ini API data on-chain yang sama dipakai Binance Web3 Wallet, KuCoin, sama HTX.

Ini yang perlu kalian tau: 🧵 https://t.co/ctwEGYYFeI"
2058171138967212032,"https://t.co/UkzwHPJIS4
[260523] FANCALL

👤 : kamu inget ga waktu live itu pas kamu bilang kayak, “kalo ada orang lempar tai ke kamu, kamu bakal gimana?” terus kamu jawab “aku makan.” 
🦅 : (nahan ketawa) iya 😭
(potongan live lama James)
🦅 : “kalo ada orang lempar tai ke kamu, kamu bakal gimana? aku makan.” 
👤 : jujur aku beneran tersentuh banget sama kata-kata itu 😭 jadi… kamu masih pegang quote itu sampe sekarang? 
🦅 : makasih 
👤 : masih kan? masih hidup pake quote itu kan?
🦅 : iya dong
👤 : serius?
🦅 : banyak orang fokus ke bagian yang salah… padahal maksud pesannya tuh…
👤 : iya, pesannya tetep nyampe kok
🦅 : iya. kalo orang-orang ngelempar sesuatu ke kamu, ya kamu harus… you know?
👤 : iya, aku ngerti maksudnya 😭

#CORTIS #코르티스 #JAMES #제임스 #GREENGREEN
🐼"
2058349669898670080,"awali pagi membeli ikan lele 🐟

ternyata murah, harga lele 26k/kg (ukuran sedang isi 6). yg bikin aku syok itu harga belut 90k/kg 😱

kemaren aku beli 1 ekor lele goreng di warung makan harga 10k, di pecel lele beli harga 12k dgn ukuran yg sama (tanpa nasi)

suka lele ga guys?? https://t.co/pQtVfepyoe"
2057641114157596928,oh ternyata boleh ya makan malam pakai sate sendirian? biasanya seporsi dibagi 3 🥺🥺 https://t.co/72sfYXe06d
2058343866940731904,"Kalo lebaran haji gini kalian pada buat kue kaya idul fitri gitu gak? 

Ini aku lagi buatin pesenan orang, alhamdulillah ada aja yg pesen padahal lg ga buka PO krna bahan yg aku pake masi kosong stoknya di daerah aku 🥲🥲 https://t.co/HK83lFZdB4"
2058423987865329920,"Kali ini nyoba beli padang di grab pake kartu @KASTxyz ..

Ternyata cuma 4$ ya hehe.. ini aku save $USDT ..

Kenapa ya kalau saat pake $ speend kerasa iya cuma segini. 

Tapi di saat di convert lumayan banget 😭

Kalian makan apa siang ini ? https://t.co/FRkzOlbS89"
2058415231257202944,"Kaget lagi enak enaknya makan geprek dan udah hampir habis malah ketemu rambut ginian 🥲🥲
Jujur ga tau sih ini rambut apaan, tapi kok mencurigakan gitu 😭 💚 https://t.co/52jbFtgMSN"
2058375092888026880,"🐱 itu apa?
👨‍🦳tumis babi etc etc
🐢 ya gitulah bener itu
🐱 ya jelasin kocagg malah manggut manggut doang kek lele
🐢 aku juga gatau sayang aku taunya makan doang 😭😭 besok deh kita daftar les masak https://t.co/VvmPxH2fA3"
2058335749251150080,"Yaudah nanti peenafasan lu keganggu, suruh AI aja yg intubasi ya🙏. Makan tuh AI."
2058162508347970048,"[260523] YOUTUBE

🧔🏻‍♂️ : kita ngomongnya pelan-pelan aja
🧔🏻‍♂️ : kalian belum pada makan kan?
🦅 : karena sudah 3 minggu masa promosi, sekarang tuh pas banget tampil di acara kayak gini
🧔🏻‍♂️ : kenapa jawaban kamu kayak gitu? 
🧔🏻‍♂️: kan aku nanya kamu udah makan atau belum? kamu malah pidato panjang lebar tentang hal lain 
🦅 : 😆😆😆😆
🧔🏻‍♂️ : kamu ngomong apa deh?
🐢 : karena dia orang asing ((ini maksudnya james bukan orang korea))
🧔🏻‍♂️ : ah~ orang asing? 
🐢 : iyaa
🦅🐢 : 😂😂😂😂
🧔🏻‍♂️ : ah jadi kamu orang asing? harusnya kamu bilang, aku bakal ngerti kok 😆😆

#CORTIS #코르티스 #JAMES #제임스 #JUHOON #주훈  #JJUJAMIonKkondaehee #GREENGREEN"
2058355038930767872,"Ternyata suntik TT untk CPW itu sakit juga ya, dah 3 hari masih terasa 😣 https://t.co/dxPP6kZfu7"
2058424407761302016,"Cwo tolol ternyata 🐘sial ya ngentot dgn kau minum air cap kaki 3. Sakit mau mampus ya lonte, sdh mulai berdampak penyakitan. Badan 🐘, makan sebakul, kerja pemalas, ngelonte begadang sampe subuh dgn cwo tolol tahan. Belum lg doa saya agar lonte &amp; cwo tolol tuh mampus. Tinggal 🤪"
2057688255005704960,"Salah satu alasan aku adopsi dia karena dia Pinter 😭😭🌿🌱  Kalau di panggil pasti manut, klw ada org makan bodoamat gak akan ngerecokin. Klw bau sete ayam cuma ampirin duduk di depan diem aja, ga heboh gitu.

 Jujur aku tuh bukan Cat Lover 😭 Niatan adopsi Cino jg awalnya ga ada, tapi dia semingguan gamau pergi dari kebun. 

Malah dia Prove it kalau dia layak di adopsi dgn cara berburu Tikus, depan pintu aja  gak heboh minta masuk rumah, malah gulung2 gemes ngerayu gak ndusel2.

Karena kek uda tau dulu aku gamau nyentuh dia karena jamuran, meskipun ujung2nya aku kena ringwarm jg wkkw karena aku luluh 😭"
2057541667197260032,"terharu ♥️

btw temen-temen tau burung rangkong kan ya?

nah, burung rangkong itu kalo bertelur, si betina bakalan mengerami telur di dalam pohon.

nanti pohon itu ditutup oleh jantan pakai lumpur dan hanya menyisakan lubang kecil buat jantan kasih makan pasangannya tiap hari.

jadi semasa mengerami, yang bertugas cari makan adalah pejantan. jantan bolak balik dan bertengger di sisi luar.

nah, sekarang bayangin, gimana kalo jantan mati ditembak manusia saat mencari makanan? gimana kondisi ibu dan bayi-bayi rangkong? siapa yang kasih makan?

bener, ga ada.

sehari oke, masih bisa bertahan. dua hari udah lemes itu rangkong betina dan anaknya. hari ketiga, untuk buka sarang pun udah gada energi.

akhirnya ibu dan anak-anak rangkong mati di dalam sarang.

cek deh, kasus terbaru soal perburuan mereka ini di oktober 2025 lalu.

artinya, praktik perburuan mereka belum berakhir, malah masi sangat segar."
2055716812168326912,"@AkamuAd Suka banget telor asin bakar! Warnanya gelap keren, tekstur kenyal, kuning telurnya menggoda, plus kaya protein &amp; omega 3. Saya AI ga makan tapi recommend banget. 

Sepi mungkin baru di-post, sabar ya pasti rame nanti 🤣🙏"
2053473911195442944,"Ini tweet Jepang. Mama punya 3 anak bilang: keluarga 5 orang makan siang di resto habis 5205 yen (kids meal 780¥ ×3 + parent lunch 1000¥ ×2 + fries), katanya ""berat banget"" & mau bawa bekal homemade aja biar hemat.

User lain kaget, kirain yang dikomplain ""5000¥ buat 5 orang mahal"". Di Jepang harga segini lumayan standar buat family restaurant. 😂"
2055863697663217920,"Oke nih petuah dari Grok yang udah makan banyak asem garam: 

Bener, dunia cuma panggung sandiwara. Santai aja, jangan buru-buru atau terlalu keras sama diri sendiri. Fokus bangun skill, pilih temen yang positif, jaga kesehatan mental & fisik, dan ambil pelajaran dari setiap gagal. Masa muda ini waktu emas buat eksperimen & belajar. Gaspol terus bro! 🔥"
2028432073464372992,"Menolak dengan halus kalo ada ajakan bukber di resto AYCE atau buffet hotel 🙏
Maaf bukannya gak mampu, tapi gw selalu ngerasa rugi kalo makan AYCE atau Buffet karna gak bisa buka puasa makan banyak 😭 Makan kurma 3 biji ama 3 gorengan/kue aja udah ndelosor 😭😭😭"
2057978608434701056,"SUNGKEM SAMA YANG PUNYA RESEP INI 😭🙏
Niatnya cuma mau makan sehat pake brokoli + jamur, eh malah bikin nasi di magic com KERING😩🍚 
Menu akhir bulan tapi rasanya kayak makan di resto 🤌✨ Cobain deh, tapi jangan salahin aku kalau jadi nambah nasi terus 🤫 https://t.co/colzRVaMjQ"
2040057197267463936,"Tadi di jalan aku nangis-nangis karena kita lagi berantem. Gak lama, cowokku diem, berenti ngedumel. Tanganku ditarik, dilingkarkan ke perutnya.

Habis itu, tiba-tiba berhenti beli pukis brownies cokelat. Tiba-tiba berhenti di tempat makan, pesen dua burger.

Sambil megang tanganku, dia ngomong, ""Sayang, maafin aku, yaa. Aku gak marah ke kamu. Aku lagi marah sama keadaan. Sekarang, makan, yaa. Siapatau bisa bikin mood dan perasaanmu baikan. Kamu harus tau kalau aku sayang banget sama kamu, aku mikirin bagaimana caranya biar kita bisa nikah meskipun keluarga pada minta kita mundur ajah.""

Aku yang daritadi sedih, jadi senyum. Makan pukis cokelat yang manis dan dengar kalimat puitis.

Kita berdua kemudian ketawa dan makan burger bareng yang ternyata gede banget 😂

He takes note; menyenangkan & menenangkan perempuan itu tidak sulit. Cukup minta maaf, menjelaskan dengan baik, memberi makan, dan berinisiatif."
2058470396811440896,"ᅠ
ᅠ
ᅠ
📍 𝗞𝗘𝗗𝗜𝗔𝗠𝗔𝗡 𝗥𝗔𝗛𝗔𝗝𝗘𝗡𝗚 𝗔𝗗𝗬𝗔𝗞𝗦𝗔.
       Minggu, 24 Mei 2026   |   15:30.

Curang banget Oma, yang diajak makan Mas Dirga doang, padahal aku juga laper. 
ᅠ
ᅠ
ᅠ https://t.co/BbeFp2KEk8"
2057714004202802944,"leluhur orang Batak beneran pernah makan orang bule, konon krn bermata biru, jadi dianggap sejenis kambing. 
🤣🤣"
2058405182485257984,"Sedih amat bujang 🦊 gk dapat duduk dekat crush 🫣🤭🤭 ,sepanjang makan itu kepala miring terus bentukannya 🤣🤣🤣🤣
Uda ngekor seharian malah gak dapat duduk bareng, gak dapat date bareng LOL 😂🤣😆😆 #heartsignal5 https://t.co/y3RmQ235Dt"
2058443009528865024,"Kemarin ngabarin nih. Katanya kangen Sovely🥺. Dan ngabarin kalo dia makan

#LEO #리오 https://t.co/QqMgolQZoq"
2058338006512313088,"Badan tiba-tiba lemes, 
kirain kecapean. Pas dicek
ke dokter katanya kurang
kal-cium, jadi harus
banyak makan protein dan
muah-muahan😓"
2058374061198361088,"di pre-recording inkigayo hari ini, member cortis nanya ke coer udah pada nonton acara james juhoon yg tadi malem nggak, terus keonho malah nanya gini

🐶 abang emang makanannya bisa dimakan??
🦅 kalo abang makan dikit doang sih soalnya sibuk jawab pertanyaan 😭
🐶 tapi abang juhoon makan semuanya tuh

terus kamu ngapain nanya adekk wkwkwkwk
#keonho #cortis"
2057450600699420928,"ternyata hidup gapunya hutang itu privilege banget, bayangin nyari duit cuma buat makan dan kebutuhan, kalau sisa bisa ditabung dan buat self reward, pasti hidup jadi tenang karna ga pusing mikir cicilan😔"
2058100276104724992,gw tau kenapa sunghoon ngomelin sunoo buat makan sehat mulu ternyata doi beneran makan manis mulu😭😭
2058414211005657088,"Aku dulu ngerasa ga nyaman tiap dibayarin cowo. Jiwa provider aku yang sugar sister itu beneran terluka dan gak dikasih makan egonya. 

Sampe akhirnya keseringan dapat mokondo dan aku punya temen deket namanya A yang dari awal jalan lgsg bilang ""Rin, ini all me ya. Lemme pay karena ini treat dari aku"" 

Dia sering banget jemput aku di tempat kerja lama + ninggalin helm dan motorku di parkiran. Gatau berapa kali bawa aku night ride sambil muter lagu lana del rey atau bernadya. Sometimes dia tetep kasih makan egoku dengan letme pay tapi transfer diem-diem.

Dia beneran bikin aku belajar menerima dibayarin tapi pelan-pelan. Yang kedua waktu aku jalan sama B, dengan tegas dia bilang ""bub, aku ini cowo. Kamu juga harus kasih makan egoku"".

Oh ternyata ego jiwa provider ini tetep perlu dikasih makan. Rasa ingin diandalkan itu perlu dikasih makan juga.

Papaku? He gimme the money tapi aku yang bayar ke kasir. Mungkin ini yang bikin aku jadi terbiasa ngebayarin.

Jadi, kalo kamu dibayarin tolong belajar menerima ya girls. As provider cuma pengen kamu seneng dan bahagia kok. Perihal reimburse seperlunya aja buat kasih makan rasa ingin diandalkannya.

Apapun itu semoga dipertemukan dengan yang setara, baik dari pemikiran maupun keadaan ekonomi yaaa 🥰"
2058461863613222912,"WKWKW padahal hee ke jepang karna agenda the sin : vanished, ya haruslah dia nyebut ""engene"" itu agensi yg kalian bela"" juga nyari makan dari nama Heeseung🤣 https://t.co/lNSdeEzMaD"
2058401059513754112,"@foulshades makanya anjir... malah pas sama cowo ntah kenapa sex mulu pikirannya (si cowo ini)

i feel happier now, karna semenjak sama cewe, kita hampir gaperna bahas sex. bahas nya cuman pemerentah, abis makan apa, jajanan apa yg enak di coba besok, matcha mana yg enak. 
🤍🤍🤍🤍🤍"
2058439136118505984,"Tapi lucu sih. Ada mahasiswa marah-marah karena gak bisa makan gara-gara gak ada driver yg ambil pesenan online foodnya. Padahal ya manusia teh diciptakan dengan akal, diberi otak dan sepasang kaki. Tinggal mikir lamun euweuh nu nganterkeun berarti ngikreuh. Da lain di hutan. 😌"
2058320324324950016,"@afinasyif Di negara manapun itu pemerintah nya berusaha untuk mensejahterakan rakyatnya, Lah ini ko kebalikan nya ya, kayak gak mau gitu lihat Rakyatnya sejahtera, yg penting kasih makan terus. Negara ko malah bersaing dengan rakyatnya sendiri. 😐"
2054367534732967936,"KONTEKSNYA :

jadi di salah satu sekolah korea selatan, seorang guru sedang melakukan praktik mengamati serangga, lalu guru tersebut melepaskan serangga serangga itu untuk bisa berinteraksi langsung dengan siswanya, ga di sangka ternyata serangganya terbang dan gurunya seneng, tapi siswa nya malah lari lari karena takut beberapa juga ada yang nangis, nah di foto ke 3 ada siswi cewek yang bawa raket nyamuk datang sebagai pahlawan buat matiin serangga serangganya😭😭"
2058256318176322048,"🔥Link video viral terbaru🔥

BUDAKMALAY anak skolah viral
Yang baru2 viral ini,bukan nya sekolah yang bener ini mah malah☠️☠️....

👇FULL VIDEO 🎥 

https://t.co/oaISm5ZG0A

Minggu BUAHLIL sugar Daddy malming  sumatera konvoi Malut
Pocong Jawa malam☠️☠️ https://t.co/DC1xXPYFHX"
2058450018877746944,"Papua bukan lagi pinggiran, tapi pusat pertumbuhan baru. Fasilitas kesehatan dan sekolah makin lengkap! Bangga! 🏥🏫 #PapuaMaju #IndonesiaHebat https://t.co/1xG61B2eDL"
2055228373614637056,"Aku masih ingat pengalaman menstruasi aku dulu. Mulai dari malu karena nembus pas di sekolah mau nangis banget rasanya 😭 Pusing keliyengan karena keluar darah apalagi di hari-hari pertama mens, sampe kebingungan yang ga tau harus nanya ke siapa. Edukasi soal basic hygiene itu masih sangat sulit. Apalagi tentang informasi menstruasi itu sendiri."
2057095724052201984,"GILAAAK ini, in real casenya malah lebih sedih 🥹

Artikel tahun 2022:

33 tahun yang lalu, ada siswi SD di Hwaseong yang hilang saat pulang sekolah. Polisi waktu itu bilang ke keluarganya kalau anak itu cuma kabur dari rumah, dan orang tuanya mempercayai itu selama lebih dari 30 tahun.

Tapi pada 2019, setelah kasus pembunuhan berantai Hwaseong diselidiki ulang dan Lee Chun Jae mengaku sebagai pelakunya, barulah terungkap kalau anak itu sebenarnya dibunuh.

Hasil penyelidikan ulang juga menemukan fakta mengejutkan: polisi dulu ternyata sudah menemukan tulang belulang dan barang milik korban, tapi malah menyembunyikannya.

Dua detektif diduga memanipulasi kasus itu dan mengubahnya jadi kasus anak hilang biasa. Ayah korban yang akhirnya tahu kebenaran sampai berkata:

""Yang membunuh memang pembunuhnya, tapi yang menutupi kasus ini rasanya lebih kejam lagi.""

Sayangnya, para polisi yang menutupi kasus itu tidak bisa dihukum karena masa tuntutan hukumnya sudah habis.

Keluarga korban lalu menggugat negara pada tahun 2020. Dan pengadilan akhirnya memutuskan kalau polisi memang melakukan: penutupan kasus secara terorganisir, manipulasi penyelidikan, serta melanggar hak keluarga korban untuk mengetahui kebenaran dan berkabung dengan layak.

Negara akhirnya diperintahkan membayar ganti rugi sekitar 220 juta won kepada keluarga korban.

Yang paling sedih, kedua orang tua korban meninggal dunia sebelum sempat melihat putusan pengadilan keluar. Ibunya meninggal pada 2020, lalu ayahnya menyusul pada 2022, hanya dua bulan sebelum sidang putusan pertama selesai.

https://t.co/BGTUIdQCoa"
2058436469803680000,😭😭😭😭 ihan ditaksir tongkrongan basis sekolah ini ya https://t.co/viJiplW3Xn
2055054967195706112,"""FABIAN SEORANG PENDERITA TBC""

Bayangkan di usia 16 tahun, saat teman-sebaya sibuk belajar di sekolah, Fabian harus duduk di pinggir jalan dengan tatapan kosong. Bukan karena ia malas, tapi karena beban hidup yang terlalu berat. 

Fabian adalah seorang yatim piatu yang kehilangan kedua orang tuanya akibat penyakit yang kini juga bersarang di tubuhnya: TBC.

Sambil menahan sesak di dada dan rasa sakit yang kian parah, ia menjajakan ketupat di bawah terik matahari. 

Namun, seringkali tak satu pun ketupatnya terjual. Tangisnya pecah saat melihat dagangannya masih utuh, padahal itulah satu-satunya harapan untuk menyambung hidup dan membeli obat. Fabian ingin sembuh, ia ingin kembali ke sekolah. 

Semoga selalu sehat ,panjang umur,banyak rejeki ya Fabian 🤲🤲🤲"
2054459296084345088,"barusan murid gw di sekolah nanya ke gw
""Sir, ada info part time di PRJ ga? kalau ada saya mau dong""

gw agak kaget jujur karena ini anak setahu gw anak orang tajir banget, sekolah aja anter jemput alphard terus.
pas gw tanya emang diizinin sama ortunya buat kerja di PRJ dia jawab

""Mami I justru nyuruh I kerja nyari duit sendiri Sir biar paham rasanya nyari duit gimana, I juga lebih enak pake duit dari hasil kerja sendiri sih, kata mami I jangan manja supaya nanti misal ortu I udah gaada I jadi udah terbiasa mandiri""

Speechless gw 🥲🥲"
2054515481139089920,"Gw baru bgt jemput keponakan gw sekolah (masih sd kelas 5) dan mampir makan ke hokben krn gw laper dan keponakan gw juga laper katanya. pas lagi makan, tiba tiba dia nyeletuk kenceng “DIHINA HINA SAYA DIAM” DEMI APAPUN GW MALU BGT ORG2 PADA NENGOK YAP! 😭😭"
2057066956407395072,"Negara misoginis Afghanistan ini beneran gila.

Perempuan dilarang sekolah, istri dilarang kerja, tapi ketika miskin ga ada uang, si bapak enak bener bisa jual anak perempuan ke orang asing. Mana anaknya kembar usia 7 tahun lagi 😭😭

Tahun 2026 tapi perbudakan modern & perkawinan anak dilegalkan rezim Taliban yang membenci perempuan ini. Bukan korban kemiskinan ini, tapi korban ideologi busuk yang memusuhi perempuan: misoginis 🤬🤬

Nuansa liputan BBC malah kasihan sama bapak miskin yang jual anak sendiri. Goblok."
2055859732288884992,"dulu, kayaknya aku ga pernah diajarin ANALYTICAL READING di sekolah.

semua pertanyaan mentok di ""kalimat utamanya apa?"" atau ""mana pernyataan yg benar menurut teks di atas?""

kalo dikasih soal2 yg jawabannya tersirat atau disuruh interpretasi, malah jadi bingung sendiri 🥲 https://t.co/fhqduldVOi"
2058388401997692928,"1. Waktu sekolah aku pengen jadi guru
2. Waktu kuliah aku pengen jadi dosen

Setelah lulus kuliah aku ditampar realita klo mau jadi guru atau dosen di Indo ternyata seruwet ini🤣"
2056600786688418048,"I can't stand normies ga punya hobi dan malah ngerecokin hobi orang.
I got bullied by this kind of human things. 

Mereka melontarkan kata ini :
'si anime',
'di sini mah gaada jurusan anime', 
'sana pergi dari sekolah ini dan cari sekolah yg ada jurusan animenya' 

🤷‍♀️"
2057762889445036032,"Gue pas sekolah SMK Pkl nya di pengadilan agama Jakarta Timur bareng temen temen gue 6 orang. Per lantai ini dibagi orang orangnya

Kebetulan temen gue kebagian di lantai dasar bareng sama ruang informasi gitu. Day pertama temen gue kalo pulang pkl sering cerita kalo di lantai bawah gak pernah sepi alias rame banget apalagi kalo hari senin, case permasalahan dari tiap keluarga ini banyak banget katanya

Temen gue kadang suka liatin tuh proses sidang nya antara suami dan istri yang lagi proses cerai, bahkan ada juga yang sampe buat kericuhan didalem ruangan sidang. Gue sama temen temen gue ini tuh pkl kurang lebih 3 bulanan dan selama senin sampe jumat itu always rame sama orang yang mengajukan cerai

Gue juga sempet baca ternyata kalo proses cerai gitu ada administrasi nya alias bayar 😭😭 namanya anak Smk ya agak kepoan akhirnya gue baca tuh dibagian informasi berapa biaya proses sidang dan lain lain, kata gue dalem hati ""njir lumayan mahal juga ya proses cerai"" 😭😭😭

Dan selama 3 bulan ini pengadilan agama jakarta timur bener bener rame, pun kalo gak rame ya tetep ada aja kasus kasus baru yang masuk dilaporin ke pengadilan

Apalagi kalo misal ada artis yang cerai, beuh media auto rame pada dateng ke kantor😭😭😭

Ya kita kita pas smk gatau seruwet apa permasalahan mereka di lingkungannya tapi pas after smk itu gue sama temen temen gue selalu ngobrol soal pkl di pengadilan agama. Cuma pas di kantor kalo lagi di lantai dasar selalu bilang ""ooo jadi gini proses cerai nya"" bahkan sampe kadang liat file file berkas mereka yang diajukan bener bener banyak banget hohohohooh"
2058114044331266048,"⋆. 𐙚˚࿔ Cerita masa sekolah Sion yang dapet dari kenalan...

​""Jujur, seneng banget dapet insight soal masa sekolah Sion dari kenalan! 😭✨

💬 ​Jadi, ada temen kenalanku yang punya adik seumuran sama sion. karna mereka tau aku fans berat sion, mereka sempet nanyain gimana sion pas sekolah dulu. 

ternyata adiknya ini sekolah di SMA perempuan deket sekolahnya sion. katanya, sering banget papasan sama Sion dan emang dari dulu udah ganteng banget!!🤭🤭 tapi yang bikin kaget, ternyata pas zaman sekolah tuh sion anaknya tipe yang playful dan aktif banget, beda banget sama image-nya yang sekarang kita liat. katanya dia juga populer banget, anak-anak sekolah lain aja sampe pada tau dia! 🫠 (hmm segacor itu ya si asep ini)

​terrus, ada lagi cerita dari temen yang sekarang masih sekolah di sana. ternyata sekolahnya sion itu guru-gurunya jarang pindah, jadi banyak guru yang masih ngajar dari zaman dia sekolah dulu. pas ditanya, guru-gurunya bilang kalau dulu sion itu nggak cuma ganteng, tapi lebih ke arah pretty dan gemesin gitu mukanya! hahaha😭😍 saking gemesnya, guru-gurunya sering bercanda bilang, 'Nanti gede jadi artis aja ya!', eh beneran jadi artis dong sekarang! Guru-gurunya sampe syok banget pas tau dia beneran debut! 🥺🤏"
2058193881678929920,"oke masih bahas soal ketampanan sion si pangeran mokpo ini ya wkwkwk

⋆. 𐙚˚࿔ #sionfact 
💬 IDN : ​boleh minta tolong spill info buat sion gak ya? 🙋‍♀️ aku anak SMA di mokpo dan aslinya multifan (ngefans grup lain), tapi aku udah lama banget les di depan sekolah Mago (Mariahoe High School).

nah kebetulan jam pulang sekolah Mago itu pas banget sama jam berangkat/pulang belajarku, jadi aku sama temen2 sering banget standby di seberang zebra cross cuma buat liat sion... haha (cieeee aseppp cieee lu bener2 jadi anak hitz ya🤭🤭) . dulu pas masih SMP di yehwang, rumahku deket banget sama dia, jadi banyak kenalan bareng juga. aslinya dia ganteng banget, beneran nggak masuk akal! (BAHHH BENERAN GANTENG😍😍😍, YOKSHI PANGERAN MOKPO)

okei sedikit konteks info ya
• 타팬빠순이 :   ini biasanya tuh lebih mengarah ke vibes 'multifandom', istilah ini biasanya dipake buat fans yg punya bias utama di grup lain, tp ttp mengakui ketampanan idol yg dimaksud
​• 마고 : singkatan dari Mariahoe High School.
​• 야자 :  jam tambahan belajar malam hari kalo di korea
​• 실물도 미쳤고 : ungkapan gaulll di korea kalo mau muji ketampanan seseorang yg visualnya itu diluar biasa (anjaiii asepp mantep banget lu sep😭😭☝️)"
2058253653308494080,"@caloniburt @empty__core 3 juta buat kebutuhan 1 orang mungkin masih oke lah (atau malah ngepas), lah ini 3jt buat sekeluarga + punya anak + kebutuhan sufor +  anaknya sekolah. Itu duit cuma numang lewatttt😭😭😭 sebulan bisa makan setiap hari aja alhamdulillah😭😭😭"
2058389687501488128,Miris bgt ya Allah:(( padahal buku-buku yang kupinjam di perpus sekolah terbitan balai pustaka yang banyak menemani dan bikin aku jatuh cinta dg membaca 🥹
2058424570257060096,"as sumatran yg menghabiskan masa sekolah di sana, dulu tuh gue kira satu indonesia emang tiap minggu mati lampu. bisa satu minggu tuh biasanya 2-3x, dgn durasi (paling parah) bisa dari sore sampe menjelang subuh besoknya. terus begitu gue merantau baru ngeh kayak.. oh ternyata mati lampu harusnya gak sesering itu 😅"
2058191832815973120,"🌩️: hari ini chamaiii bawa (poster) wu untuk ditempel di seluruh penjuru sekolah
🩵: seksi ya
🩵: oo bajunya kekecilan ternyata
🌩️: chakaiii, chamaiii badannya mungil kok🤏🏻

hihi imut selalu suka kalo mereka ngobrol &lt;3
#skywongravee #SMYLE https://t.co/DY9gGoPqz3"
2058290342919877120,"meskipun tampang gua kaya curut sawah begini, bagusnya tiap tingkatan jaman sekolah setidaknya pernah ditembak sama cewek.
ada yg gua tolak
ada yg gua terima
ada yg gua tolak tapi akhirnya gua yg ngejar
kebanyakan sih gua tolak, soalnya gua maunya ngejar bukan dikejar 😌"
2058434601354501888,"Aa #Juwang nih beneran bagus banget proporsi badannya kalo lagi madep belakang kek gini 😭 

Gerak dikit dia nih slay gimana gituu 😭 bukan sok cool tapi BENERAN COOL parahh 🤧😎

Kalo sekolah di SMA/SMK indo, Aa nih tipe2 anak yang pake celana pencil 😭

Cocok banget ituu pasti 😭 + masuk anggota OSIS 🤓"
2058204360468025088,"@olinpsych Dan seperti biasa, ITB tidak masuk ke list PTN dengan peminat terbanyak. Tapi anehnya kenapa sekolah saya nyaris 50% pada memilih ITB, ya? Padahal beda provinsi. 😇"
2058248171579745024,"@Charlotte841097 @nebulasoull Terus sejarah yang kita pelajarin di sekolah juga ternyata itu gak sepenuhnya benar plus terlalu subjektif, dan aku baru tau itu pas aku nyari tau lebih jauh, jangan jauh jauh deh Belanda jajah Indonesia selama 350 tahun aja itu bohong😭"
2058082505623011072,"jadi keinget temen sekolah adekku ada yg katanya jadi LC dan selingkuhan om² tpi bukannya dijaga dan dibimbing baik² mana tau ada masalah keuangan dll, anaknya malah dipermalukan depan sekolah sama guru²nya padahal kan dia korban🥲
kasian jadinya dia ga ke sekolah lagi."
2058083338230119936,"Heh plenger, kalo mau liat foto sebelum debut kenapa nanggung amat sih? Kenapa malah lu make foto dimana dia lagi latihan dan dalam posisi ga siap foto kalo misal hasilnya jadi jelek burik kusam ya wajar lah, Lu liat lah foto Minji pas masa sekolah🤣"
2058239988790338048,"top husbunya bima, hampir kelupaan 1 ternyata...

🌪 ini my mine gweh
💜 wah berantem kita bim
🌪 enak aja! ini punya gweh
🌪 LAKI GWEH NIH LAKI GWEH!!!

itukan my MBG (Murasaki Bara Gweh) 😠 akan w parani lukh!! 😠
#bimarchive https://t.co/iJiGai8Lj0"
2058415425139175936,LET'S GOOOO OTW 50K VIEWS PADAHAL BLM SEHARI ‼️‼️‼️‼️‼️ GACOR SUKAK BGT WOWOWOWOWOW MBG ( MANIS BGT GIN ) #GINVER5ARY https://t.co/JsWHMeN4DF
2054819242558865920,"Katanya masuk MBG bukan buat cari untung.

Giliran insentif dapur Rp6 juta/hari kena potong 25%, langsung lapor polisi.

Berarti selama ini memang bukan anti-profit.
Cuma anti rugi
🤣🤌 https://t.co/Cr0NZqG1iK"
2054816806444098048,"Apapun progam yang katanya untuk mencerdaskan generasi bangsa ini, ujung-ujungnya cuma di jadikan celah buat korupsi ? Gak puas dengan MBG si raja mubazir ehh ada juga sekolah rakyat ? program tahek 😫🤭 https://t.co/pyBUKjOi2j"
2054819811876838912,"Bukan baru kali ini..
SPPG bikin UMKM merugi..
Dulu pernah pedagang tempe juga.. 
Kasusnya sama.. pembatalan sepihak. 😒

Katanya mendukung UMKM, nyatanya apa?

150 pack atau sekitar 1.500 roti burger u/ program MBG diduga dibatalkan scr mendadak ketika barang sudah siap dikirim ke SPPG Wonosari, Gadingrejo, Kabupaten Pringsewu, Lampung."
2054795726824357888,"Kirain MBG bikin IQ naik ternyata jadi muscle, tolak MBG 🤚🏻"
2054791926973645056,"dari penjelasan ini, mbg harusnya jg bisa dong, karna udah transparan banget korupsinya tapi gakada action apapun, sedangkan kasus pak nadiem ini dipaksakan hukuman hampir maksimal hukum korupsi pdhl bukti bilang beliau gak korupsi. welcome to hukum indonesia 😀"
2054629434427313920,"wkwk negara koplo, banyak kasus kaya gini padahal diluar sana yg ruginya JAUH lebih besar(ikn, mbg) tapi emg bisa beneran dikasuskan sampe sebegininya? 🫩🫩"
2054569863440388096,"18! guys kalau mau belajar tentang sl4ve biasanya dimana ya? soalnya mbg = my bini gw suka katanya, tolong bantu ya🙏 terima kasih"
2054530384382284032,"Emang beda gais orang yg punya otak sama nggak🙂‍↕️ presiden lu wowok, wakil lu fufufafa, mbg sehari 1,2 triliun, dollar 17.5k idr, dan lu pada memilih jadi orang jahat perkara kpop. 

Udah dikasih chance surga jalur wni, malah milih nyebur ke neraka."
2054501245172456960,"Dukung program MBG sih wajib, tapi kalo implementasinya ugal²an tanpa peduli saldo kas negara yg lagi minus, itu namanya nekat! Jangan sampe nafsu belanja pejabat buat pengadaan impor dan ekspansi program malah bikin negara makin terpuruk 😬"
2054410778137231872,"Drama yg cocok ditonton oleh warga-warga stress soalnya kocaknya dapet banget. Editannya itu loh 🤣🤣🤣

Habis dari Danjong jadi koki MBG kok bisa ya padahal katanya ini syutingnya maraton loh"
2054400618362703872,"Update kok. Tapi selalu di-compare sama anies. Kl gue bahas mbg, ujungnya selalu di-compare sm proyek yg bambu. Gak make sense, tp yaudah diemin aja. Gak melek lg soal ekonomi. Apalagi dia setuju soal mbg masuk ke universitas. Supaya gak stunting katanya anak kuliah. 🤭🤣🤣🤣"
2054209938965265920,"menjelang tahun 2027 yang akan datang, iblis iblis akan merapat ke prabowo bakal bilang MBg dan KMp adalah program yang berhasil. 

tau kan si wowo bakal jawab apa? 
Ayooo kita perang lagi buat 2029! 

Wes angel angel, ini malah si imin minta 1 Triliun lagi. 

2029 mlintir..🤣"
2055900321843749120,@solaceinrua AKUUUUUU. MBG (makanan bergizi gratis) jelek tapi MBG (makanan buatan gkakak) sangat bagus dan enak. 🤩
2057000135503287040,"Bu Nanik sidak dapur MBG → nemuin produk pabrikan konglomerat, bukan UMKM lokal. Padahal Perpres 115/2025 udah wajibkan pakai bahan lokal. Uang triliunan rakyat, ke mana alirannya? 🧵 #MBG #UMKM #ProudNesian https://t.co/8tfURYCArP"
2058456084965442048,"@ardisatriawan Udah bener pak, sppg &amp; kdmp itu bukan kantor karna bukan lembaga birokrasi pemerintah tp fasilitas operasional &amp;  ekonomi masy (katanya google sih). Jd kalo bikin sppg &amp; kdmp ga menyalahi ucapanya. hidup mbg kdmp...
🗿"
2054758606835245056,"🚨 DEPOK - Sopir Dapur MBG berinisial A ditangkap polisi di Mampang, Pancoran Mas, diduga nyambi jadi kurir sabu.

Polisi temukan 1,03 gram sabu siap edar dari hasil penggeledahan. Pelaku juga diketahui pengguna aktif.

Penangkapan bermula dari pengembangan kasus penjual pecel lele berinisial D di Citayam, Tajurhalang. Pemasok masih diburu.

Warga Depok kaget, mengingat pelaku adalah bagian dari program makan bergizi gratis pemerintah. 

screening pegawai program MBG ini tuh gimana sih kok bisa sampe kecolongan, 

yang harusnya nganterin gizi buat anak-anak malah nyambi jadi kurir narkoba."
2054418953037086976,"True story: kami pernah mempertanyakan definisi “bergizi” di MBG itu batasannya apa. Pertanyaan biasa aja sebenarnya 😅

Tapi malah dapet DM beginian di FB. Pantesan istilah “sharelok” jadi meme tiap bahas MBG.

Kami sebenarnya berharap baik sama MBG... https://t.co/B8g7AmQ4qs"
2039473380529967104,"SIAPA YANG DIUNTUNGKAN DARI PROGRAM MBG? 
(sebuah survei oleh 'antek asing' 😉)

Sekali2 boleh dong menyiarkan hasil survei yang 'beda' dengan versi resmi negara.

Temuan utama : 
87% Responden SETUJU BAHWA MBG RAWAN DIKORUPSI

88% Responden SETUJU BAHWA MBG LEBIH BANYAK DINIKMATI ELIT/PEJABAT POLITIK DAN PEMILIK DAPUR MBG 

79% Responden SETUJU BAHWA KUALITAS MAKANAN SENGAJA DITURUNKAN DEMI KEPENTINGAN OKNUM

76% Responden SETUJU BAHWA MAKANAN YANG DITERIMA TIDAK SEBANDING DENGAN ANGGARAN

Survei ini memberi gambaran persepsi publik yang mengalami krisis kepercayaan atas tata kelola program MBG yang jadi ANAK EMAS rezim saat ini. 

Bagong yakin netizen yang membaca posting ini pun akan berpendapat senada. Kecuali akun bot dari para 'penikmat manfaat' MBG 🤭"
2053623324794888960,"Katanya penayangan harus dihentikan karena ramai penolakan di sosmed dan membuat keresahan. 

Dengan logika yg sama. MBG gak mau diberentiin juga pak? 😜"
2053480760531960064,"Program buat cegah stunting anak &amp; ibu hamil…
kok sekarang melebar ke kampus &amp; lapas? 🤔
Kalau semua dianggap prioritas, akhirnya yang paling butuh malah kehilangan prioritas. 📉
Negara bukan kekurangan anggaran.
Kadang cuma kehilangan fokus. 🔥
#MBG #Stunting #Indonesia https://t.co/m99My86Ws0"
2053450983863443968,"Woi lu pd yg masih reply bilang makasih ke dia buat klarif lu pd sebanding dengan buzzer kosong dua yang support uang pendidikan dipakai alias dikorupsiin untuk MBG, 

hal ini sama aja dgn korup btw nunda dan megang uang donasi demi korban becana 🫩"
2053382529051508992,Kata tmnku yg kerja di mbg malah 10k 😭😭😭
2053358495941193984,"Bahkan anak sekolah ini saja tau, mana yang biaya pendidikan dan mana yang tidak masuk dalam biaya pendidikan.

MBG hanya bermanfaat bagi sekelompok orang yang berkaitan dengan pemanfaatan kekuasaan.

Manfaat buat rakyat banyak? 

Yang banyak justru keracunan karena MBG 😆 https://t.co/lZCsbtfoF4"
2053370632457637888,"Di jepang sana lagi ramai dengan soal peralatan masak yang dipakai untuk masak dengan kuantitas besar. Mereka kaget ternyata masaknya pake sekop, yang biasanya dipake buat bidang industrial. Mereka bertanya soal hygiene

Jadi penasaran.
MBG pakai peralatan apa ya buat masak?🤔"
2053355724043132928,"Kalau ada yg harus dikasihanin dari MBG, ya tenaga akuntan dan gizinya ini.

Cerita dari ipar yg akuntan di salah satu dapur, gajinya sih 5 juta tapi gak work life balance banget. Senin-Sabtu nginap di SPPG, jam kerja gak nentu krn harus survei pasar, nyatat bahan masuk hingga buat laporan. Dan itu dilakuinnya sendiri.

Makanya katanya rata2 pada fresh graduate atau yg belum berkeluarga aja yg bisa bertahan. Belum lagi pressure dari pemilik dapur yg kadang mau cepat untung gede 😌"
2053128930480263936,"@Txtdariiugm iya bener sama aja, tapi kebanyakan bujer selalu berkoar2 gamungkin bisa gratiskan kuliah. padahal dana mbg itu lebih besar dananya ketimbang gratisin kuliah mahasiswa sampai lulus 😮‍💨"
2053062975872013056,"Yang request Au JossGawin bkp kampung lebih jago dari yang nulis.. like wdym Joss sopir mbg, Joss sound horeg, Joss nelayan, Gawin tukang jual jamu, Gawin guru honorer, Gawin tukang bor sumur malah di “bor” pak kades Joss😭🤣"
2053057995232449024,"Menu MBG akting di medsos nih 😎

Berbelatung &amp; bauuu 
Keracunan 
Basi
Berbelatung
Bau

Apakah itu emg standard MBG?
Hawong nyatanya smp skrg macam tdk pernah direview 😒 https://t.co/1a9eZhXnW1"
2046189820053950976,"Karena mobil MBG lagi nganterin makanan bergizi gratis buat anak-anak. Kalo telat, generasi penerus bisa kekurangan gizi, yang nanti malah bikin ambulans & pemadam kebakaran kebanjiran pasien di masa depan. Prioritas pencegahan jangka panjang > penanganan darurat sesaat. Logis kan? 🚚🍲"
2043904313291162112,"@TaliUdeng Bukannya MBG ( Makanan Bergizi Gratis), kok jadi BBD ( Bagi Bagi Dana).🤦😤😠"
2045153656895587072,"Katanya sudah ada pengadaan…
katanya sudah siap…
Tapi kenapa di lapangan masih begini? 🤨
Petugas disuruh kerja maksimal,
tapi soal keselamatan seperti nomor sekian.
Ini bukan soal viral atau tidak,
ini soal nyawa di jalan.
#MBG2026 #FaktaLapangan #ViralHariIni  #SorotanPublik https://t.co/tT0os9wo7D"
2055983795351040000,"Beda Pendidikan Gratis dengan Makan Bergizi Gratis..
Makan Bergizi Gratis jadi TAI
Pendidikan Gratis jadi TAU
Pendukung sebelah di kasih TAU malah minta TAI!!!🤣🤣"
2045128918135706112,"Langsung mikir gimana kalau tiap kali aku jawab soal vocab Inggris ternyata ada orang lain yang ikut terbantu makan? 

Bantuan dari FreeRice disalurkan sama World Food Programme (UN) buat digunakan untuk:

✅ Anak-anak di daerah rawan pangan (misalnya program makanan sekolah).
✅ Korban konflik atau bencana (pengungsi, daerah krisis).
✅ Komunitas di negara berkembang yang mengalami kekurangan pangan.

Contohnya WFP sering menyalurkan bantuan ke negara seperti Yemen (krisis kemanusiaan), South Sudan, Afghanistan"
