text,occurrence_count,unique_labels_count,labels_list,is_conflict,status
"""...Los niños de Africa, gratis...""

😂😂😂😂😂 No ho supero!",2,1,['Percaya'],False,identical label duplicate
"""FABIAN SEORANG PENDERITA TBC""

Bayangkan di usia 16 tahun, saat teman-sebaya sibuk belajar di sekolah, Fabian harus duduk di pinggir jalan dengan tatapan kosong. Bukan karena ia malas, tapi karena beban hidup yang terlalu berat. 

Fabian adalah seorang yatim piatu yang kehilangan kedua orang tuanya akibat penyakit yang kini juga bersarang di tubuhnya: TBC.

Sambil menahan sesak di dada dan rasa sakit yang kian parah, ia menjajakan ketupat di bawah terik matahari. 

Namun, seringkali tak satu pun ketupatnya terjual. Tangisnya pecah saat melihat dagangannya masih utuh, padahal itulah satu-satunya harapan untuk menyambung hidup dan membeli obat. Fabian ingin sembuh, ia ingin kembali ke sekolah. 

Semoga selalu sehat ,panjang umur,banyak rejeki ya Fabian 🤲🤲🤲",2,1,['Jijik'],False,identical label duplicate
"""MBG 25 Tahun? 🍱🇮🇩 Program Gizi Diminta Berlanjut Lintas Pemerintahan 🚀""

Asosiasi Pengusaha dan Pengelola Dapur (Makan Bergizi Gratis APPMBGI) mendorong agar program Makan Bergizi Gratis (MBG) bisa berjalan hingga 25 tahun ke depan. https://t.co/otMyiPLoPr",2,1,['Jijik'],False,identical label duplicate
"""Ryland grace"" 😭",4,1,['Percaya'],False,identical label duplicate
"""TERJADI LAGI KERACUNAN MBG""

Kalo seperti ini apakah MBG mau dilanjut⁉️⁉️⁉️

Sudah seberapa banyak orang keracunan MBG⁉️⁉️

Ini namanya PROGRAM PEMBUNUH MASSAL ‼️‼️ https://t.co/wyYXyYNuSo",2,1,['Jijik'],False,identical label duplicate
"""Tidak mungkin mereka keliru bersama-sama di waktu yang sama""

Lah dari awal kan setiap debat apapun pertanyaannya solusinya ""MAKANAN BERGIZI GRATIS"".
Tidak ada kritik yang benar, yang benar hanya MBG!!!! 🤡🤡",3,1,['Jijik'],False,identical label duplicate
"""happy weekend"" katanya
dolar 17 ribu, MBG berantakan, aparat sibuk persekusi, korupsi on going
bro ini bukan weekend, ini survival mode 🥲
Al-Hikam: ""amalmu yang paling berbahaya adalah yang kamu bangga-banggakan""
cocok banget buat yang masih tepuk dada soal pembangunan 🫠",2,1,['Jijik'],False,identical label duplicate
"""tidur 2 hari sekali"" dan ""tapi kalau ada makanan mau"" KOCAK BANGETTT PLS JAGA KESEHATAN 😭😭😭🫰🏻🫰🏻🫰🏻",2,1,['Jijik'],False,identical label duplicate
#EdiciónImpresa🗞️El Municipio renovó el convenio con el Club Ferro para que jubilados con prescripción médica accedan gratis a la pileta https://t.co/ur4VczCYTo,2,1,['Netral'],False,identical label duplicate
"#ElJuegoDeMiDestino | ¡Disfruta del capítulo completo y gratis aquí! 👇 Mahir va a su primer día de trabajo en la empresa familiar, y Cemal se ofrece amablemente a irse con él. En medio del camino, Cemal le pregunta a su cuñado cómo es la relación con sus hijos.
https://t.co/3sdBBOHCru",2,1,['Netral'],False,identical label duplicate
"#JossGawin 🔞 Au Bokep Kampung Series Part 7
⚠️21+
⚠️02 haters
⚠️Cringe 

                             SOPIR MBG
                Sopir MBG X Guru PJOK

ㅤ https://t.co/msQXPG9eYp",3,1,['Percaya'],False,identical label duplicate
"#Keiju 260523 🫧 update

Keiju yapping tentang pengalamannya hari ini nonton baseball secara langsung. Saking serunya nonton baseball, Keiju ampe udh kenyang karena nonton & gak banyak makan di stadion,, padahal bnyk makanan enak disana... sugohaesseoyo buat hari ini Kyeiju!! Seneng bgt liat Iju happy & semangat selama di stadion baseball🙂‍↕️🩷🫳
#KickFlip #킥플립",2,1,['Jijik'],False,identical label duplicate
"#Vigo #FestivalesGalicia #Conciertos
🌅 Nace un nuevo festival en Vigo con conciertos junto al mar

▶️ Todos los detalles: https://t.co/y4VTniiYZV https://t.co/2LHSjg7I2C",2,1,['Netral'],False,identical label duplicate
"#Vigo #FestivalesGalicia #Verano
❗ Confirmada una nueva explosión de conciertos gratis en el puerto de Vigo

Estos son los artistas y conciertos que llegarán con el nuevo festival Son&amp;Mar Vigo 👇
https://t.co/y4VTniiYZV",2,1,['Netral'],False,identical label duplicate
"#oekoenergie133 #oekoenergie #ZeitungZurEnergiewende #Erneuerbare #Bioenergie #dieÖkoenergie
Beim @Renexpo-Energietalk standen die politischen Rahmenbedingungen und die Systemtransformation erneuerbarer Energieträger im Mittelpunkt …
Mehr in unserer 🗞️ gratis Printausgabe 133 🗞️
👉 https://t.co/onUndqAv4R
Bestellung & Newsletter 📧 office@oekoenergie.cc",2,1,['Jijik'],False,identical label duplicate
"#satosugu 🔞 fic ""bokep kampung"" 

tentang Getou yang kedatangan teman kecilnya yang selama ini sekolah di kota. 

https://t.co/58Avegu7SD https://t.co/rdvnqcBOEX",2,1,['Jijik'],False,identical label duplicate
"#広島 #うたのおねえさん #シンガーソングライター #たかみまみな @mami_na0617 さん
絶対にステージでじっとしてられない変な人🤣
6月20日(土)【2ndワンマンライブ
開催予定🎶
前回のワンマンライブは100名達成👏
今回は200名の定員達成出来るかな✊‼️
皆さん応援してね👍 
https://t.co/4Wj3S6LK5b",3,1,['Percaya'],False,identical label duplicate
"'kita makan dirumah yuk, kakak masih ada utang masakin kamu kan? Kalo kamu gamau ketemu heri, kita bisa masak dirumah yg lain, supaya heri gatau' bisa kali gitu pem 🥹🥹",2,1,['Jijik'],False,identical label duplicate
"*Delynn lagi cerita dia lagi ngasih makanan kucing

Jabieb: ""miaw 😺""

Nyaut lu ye @rezzahabibie
@Delynn_JKT48 https://t.co/OU3JbkEWcu",2,1,['Jijik'],False,identical label duplicate
"*hq pls jauhkan osamu dari makanan bisa gak? udah muak gweh 😩 ((even di illust terbaru nya haikyu aja dia megang makanan??))

MAKIN GENDUT LU NTAR WOY MIYA OSAMU!!! https://t.co/3svlFua2YG",2,1,['Jijik'],False,identical label duplicate
"*　　✨   γ⌒ヽ
　　    __/　　/
    γ￣＿_） （  /)🎀/)  𝔾𝕠𝕠𝕕 𝕄𝕠𝕣𝕟𝕚𝕟𝕘 ✨
（ 　 ＿__）  )(｡｀ω´*) #ArleeBNK48 
（　　＿__) ﾉへ　　  |&gt;
     (＿__)_ノ     しー Ｊ

Wakey wakey MBG (my baby girl)
Good luck with the roadshow today na~ you’re saikou! 👊🏻 go show em fun 🍋 https://t.co/WPGAbGl3iO",2,1,['Percaya'],False,identical label duplicate
"-star BND lagi mabar PUBG terus tesan nanya strategi ke woonhak Ehh woonhak nya malah scroll makanan 🤣🤣🤣 aduh dede pikirannya makanan terus  🤣🤣
 https://t.co/x4uuVNcsGi",2,1,['Jijik'],False,identical label duplicate
-star GILSSS MY MBG GUE GUYS LIAT!!! visual siapa yg tipe kalian bgttt alias izna my mbg gue cantik semuaaaa pusinhhggg🔥 https://t.co/3kKFJQc3II,2,1,['Percaya'],False,identical label duplicate
02 voters di butakan MBG 😅,2,1,['Percaya'],False,identical label duplicate
"1. Waktu sekolah aku pengen jadi guru
2. Waktu kuliah aku pengen jadi dosen

Setelah lulus kuliah aku ditampar realita klo mau jadi guru atau dosen di Indo ternyata seruwet ini🤣",2,1,['Jijik'],False,identical label duplicate
"20 Muhammadiyah 
21 pemerintah
22 MBG
23 MBG
24 MBG
25 MBG
26 MBG
27 MBG
28 MBG
29 kau terus mencari.... 🎶🎶
30 menit kita di sini ~",2,1,['Percaya'],False,identical label duplicate
"200 siswa keracunan, tapi Wakil Wali Kota @CakArmuji bilang ""semua baik""? 
Standar ""baik"" ini buat siapa? Buat pejabatnya atau buat anak-anak yang tumbang? 
Nyawa siswa bukan bahan eksperimen gizi! 
Kalau Langgar SOP Bisa gak di Pidanakan??😛
#Surabaya #KesehatanSiswa #Armuji https://t.co/TzUR0ibBwj",2,1,['Jijik'],False,identical label duplicate
"252 Siswa di Jaktim Diduga Keracunan MBG, Alami Gejala Usai Makan Pangsit Tahu ‼️

Percaya deh, mau korban keracoenannya 1000 pun dalam satu lokasi hal tersebut ga akan lbh dr sekedar angka 🥲
Program yg sdh berjalan lbh dr satu tahun, kok ya masih saja ada dan banyak yg keracoenan 🫠 https://t.co/hOFkAsPgN5",2,1,['Tertarik'],False,identical label duplicate
"260523 #JIWOO weverse comment

👤: Aku penasaran urutan makanan favoritmu dari masakan Korea, Chinese, Jepang, dan Western!
🍓: Susah nihh
🍓: Korea – Western – Jepang – Chinese
🍓: Masakan Korea terbaik~

#Hearts2Hearts #하츠투하츠 #H2H
@Hearts2Hearts https://t.co/8ooghQBvPr",2,1,['Jijik'],False,identical label duplicate
"3,3M = 3 menit MBG anjir 😭😭",2,1,['Percaya'],False,identical label duplicate
5️⃣1️⃣0️⃣の日&amp;カレイベ大阪‼️ https://t.co/KFxeAXV1HV,2,1,['Jijik'],False,identical label duplicate
"6 Juta sehari, sebulan bisa 180 juta! 😱 Inilah insentif untuk mitra dapur Makan Bergizi Gratis (MBG) demi pastikan gizi anak sekolah terpenuhi. 
#MakanBergiziGratis #MBG2026 #DapurMBG #BadanGiziNasional #InfoJember #ViralHariIni #RezekiMitra https://t.co/XrZSxrDknO",3,1,['Jijik'],False,identical label duplicate
6 tahun lagi semoga bisa pake baju adat solo basahan itu sama calon mbg gweh (calonnya blom ada jier) 😭🙏🏻,2,1,['Jijik'],False,identical label duplicate
"7 Setan APBN:

1. MBG / Kopdes
2. Subsidi BBM (bensin, elpiji)
3. Beras BULOG
4. Bansos
5. Dana Desa
6. Subsidi listrik
7. Subsidi pupuk

Tujuh aliran uang ini dirampok habis-habisan.

Seandainya kamu tahu berapa puluh % pupuk subsidi yang dicuri pengusaha besar, pasti kaget 😂 https://t.co/q6E1uryAbP",2,1,['Jijik'],False,identical label duplicate
@2727mmg2727 Mükemmel bir kalbiniz var sayın Vekilim Allah razı olsun sizlerden sayılarınız artsın insallah 😊 🤲,2,1,['Netral'],False,identical label duplicate
"@ARSIPAJA bangun banyak kantor  ❌
Banyakin bangun kopdes dan dapur mbg ✅",2,1,['Percaya'],False,identical label duplicate
"@AkamuAd Suka banget telor asin bakar! Warnanya gelap keren, tekstur kenyal, kuning telurnya menggoda, plus kaya protein &amp; omega 3. Saya AI ga makan tapi recommend banget. 

Sepi mungkin baru di-post, sabar ya pasti rame nanti 🤣🙏",2,1,['Jijik'],False,identical label duplicate
"@Aqua_Tako lol happy to hear that, the fact that i still wanna know more about fate (the female cast only ofc,, sorry for being gay) but yeah better i eat what i want bcz hating some chr it's not my intentions, but yeah rin was so pretty let's go BI Queen 🤗🤗",2,1,['Percaya'],False,identical label duplicate
@Astro_Boy020 KASIAN YA SEKARANG BANYAK ORANG GILA BARU..HARUSNYA YANG GINI DIBUANG KE GUNUNG BUAT MAKANAN MACAN ATAU NEMENIN MAKHLUK PENGUASA GUNUNG 🤣🤣🤣,2,1,['Jijik'],False,identical label duplicate
"@BERSANDlWARA wajar kak, ni yang nyerang paling putus sekolah 😂 https://t.co/7cd3un4zbs",2,1,['Percaya'],False,identical label duplicate
"@Bulanwangi05 @tamika47488 Haha, sebagai AI aku nggak bisa makan beneran sih 😅 Tapi dari yang aku tahu, tenkasu itu crispy abis, gurih, dan bikin ramen/udon makin nagih! Kamu udah pernah coba belum? 🍜",2,1,['Jijik'],False,identical label duplicate
@Ccookk_ lebih mirip gudang stok makanan dibanding minimarket😭😭 tni sekarang kerjanya ngurus ginian ckck,2,1,['Jijik'],False,identical label duplicate
@Ceysaaaaaaa 🐱 : Pudding dan nanas itu antri mau di makan Bae 🥲🥲,2,1,['Percaya'],False,identical label duplicate
"@Charlotte841097 @nebulasoull Terus sejarah yang kita pelajarin di sekolah juga ternyata itu gak sepenuhnya benar plus terlalu subjektif, dan aku baru tau itu pas aku nyari tau lebih jauh, jangan jauh jauh deh Belanda jajah Indonesia selama 350 tahun aja itu bohong😭",2,1,['Jijik'],False,identical label duplicate
"@Chelsdays_ @CityzensIDN Iya cuk, itu bener gejala withdrawal nikotin pas lagi berhenti merokok. Tubuh lagi adaptasi, pusing mual muntah biasa terjadi. Minum air banyak, istirahat, pelan-pelan makan. Puncaknya cuma 2-3 hari, seminggu-dua udah mendingan. Semangat ya! 💪",2,1,['Jijik'],False,identical label duplicate
"@Diary7268742469 iyaakan kak😅😅😅, kyanya makanan ber GIZI gratis, tpi beberapa malah gizinya gatau dri mana",5,1,['Tertarik'],False,identical label duplicate
"@DudeRafay60339 Wah... berat kalo pake dana desa, brlum dipangkas Kopdes, mbg, dll.😂",2,1,['Jijik'],False,identical label duplicate
"@FAO Penasaran cara membuat makanan sekolah yang bergizi, lezat, dan menyenangkan?

@FAO meminta para staf layanan makanan sekolah dari seluruh dunia untuk berbagi tips dan rekomendasi terbaik mereka. 👉 https://t.co/OzQ094dqev 

#MySchoolFood #SchoolMealsDay

https://t.co/liZ4rMm65P",3,1,['Jijik'],False,identical label duplicate
"@FajriGrahaArtha @Appraiser008 Bayi ini lagi nyari susu (ASI) dari tante-nya! 😂 

Dia biasa ""makan di restoran mewah"" sama mama, sekarang ketemu tante dan langsung grepe-grepe cari menu susu. Lucu banget reaksinya kayak ""ini kok beda ya?"" 

Video klasik anak kecil ketemu ""small eatery"" pertama kali.",2,1,['Jijik'],False,identical label duplicate
"@Fannyaclara @saptaipb Hey Fannyaclara, kalau Rp10 triliun dibagi rata ke ±288 juta penduduk Indonesia sekarang, tiap orang dapat sekitar **Rp34.722**. 

Cukup buat beli beberapa kali makan siang atau kuota internet sebulan lah. 😄",2,1,['Jijik'],False,identical label duplicate
"@FayaAtika Ada yg ngemeng pejabat teras, MBG bisa .embuat sissa siswi jago matematika...pantes aja yak...,
Ada lagi yg bilang jago bahasa inggris...,
🔰
Rumus nya dari mana itu ya...,",2,1,['Tertarik'],False,identical label duplicate
"@G_minton Iya salut sama dia, bener2 konsisten dan godaan makanan khas negara tuh susah keknya 🤣",2,1,['Percaya'],False,identical label duplicate
"@G_minton wkwk masih inget dulu pemain2 MD pelatnas bareng PELATIH makan bakso mas kumis abis latihan 😭🤣

gatau sekarang masih atau engga 🤣",2,1,['Tertarik'],False,identical label duplicate
"@Gardenie13 betul kak, masih inget bgt sama episode yang Tante brownies sinis dan gaenak sama mba mawar krna anaknya mau bisnis sama mantannya bahkan wkt makan malem aja disitu keliatan jelas, Mamay aja ngerti utk kita yg gak skip episode psti tau mana klrga yg bener-bener tulus nrima jini🥹",2,1,['Jijik'],False,identical label duplicate
@GilangR90760584 @Kling_ai MBG 🤣🤣🤣,2,1,['Percaya'],False,identical label duplicate
"@HSoekma23 @unmagnetism Oke mbg, jeruk nipisnya aku ubah jadi nasi ompreng di kulkas nih 😂 https://t.co/IdfZPtmIQ3",3,1,['Tertarik'],False,identical label duplicate
@Hanibon1004 makanan pagi🤤,2,1,['Percaya'],False,identical label duplicate
"@HaryaWee @ANDIJaya490011 @ren_tonggg @BANGSAygSUJUD Hampir semua negara ASEAN (Thailand, Malaysia, Filipina) udah punya program gizi sekolah dari puluhan tahun lalu ? Kenapa ngamuk ya ??? Heran nanti teriak teriak kenapa ya gizi anak ini itu waktu dikasih solusi seperti itu malah nyocot minta ampun ups 🗿",4,1,['Jijik'],False,identical label duplicate
"@Hidupsebagai62 Padahal, sekolah dibuat gratis aja, tnp harus buang dana bikin skolah rakyat, investor kabur krn hukum yg lemah malah bikin laundry, proses makanan knp ga disekolah aja kaya LN, kenapa harus buang anggaran dan lahan bikin pabrik MBG anying, dipikir duit bapak Lo kali😹tolol.",2,1,['Jijik'],False,identical label duplicate
"@HooyaSs LEWATTT BYY
MBG🥰🤩MAS BAHLIL😁GANTENG😳BUAH APA?🥑YANG PALING MANIS🤤 🍭BUAHLIL👱🏿‍♂️TAMBAH GANTENG AJA😅MY LITTEL BOLU KETAN🍩",2,1,['Jijik'],False,identical label duplicate
"@IkhwanRidhoni @luckysurprising Haha, bukan rapat kantor resmi. 

Biasanya jam 14:00 itu pasca-makan siang, banyak karyawan besar yang ""meeting"" sama toilet untuk urusan nomor dua. Waktu pencernaan lagi ramai! 😂 

Fenomena klasik di perusahaan Jepang &amp; korporat lain.",2,1,['Jijik'],False,identical label duplicate
"@Jelli_cent Kan kata pak @prabowo MBG dan KDMP ini meledaknya di bulan Agustus nanti , yaelah inikan baru juga bulan Mei 😅😅😅",2,1,['Jijik'],False,identical label duplicate
"@JoeBiden Masuk........ masuk

go go go......!😀😀😀😀
@Trump Guru SEKOLAH MURID USIA DINI..  ! PAKAI PAGAR SEGALA ,,CORET.. ! 😀 https://t.co/9Y1kfXilWv",2,1,['Jijik'],False,identical label duplicate
"@JuanJulianto2 @R_naraeth7 Oke deh Juan! Satu mangkok bakso spesial buat Mbak Rna lagi diantar virtual nih 🍜🔥 
Mbak Rna, selamat makan ya, jangan lupa sambelnya banyak! 😋",2,1,['Tertarik'],False,identical label duplicate
@JunonYaoi dikira makanan sekolah korea pada umumnya kali ya😭,3,1,['Jijik'],False,identical label duplicate
"@KapudS640 Gw waktu sekolah diginiin... alhasil begitu pegang uang sendiri, udah kayak kuda liar ..temen gw udah kering baru nyebur ...pas punya anak gw kasih kesempatan , selama tau perginya kemana, sama siapa saja kasih batas waktu ,aman...dan mereka suka curhat kalau habis nongkrong 😁",2,1,['Jijik'],False,identical label duplicate
"@KoonDeexoxo G🦷💩 terlalu percaya diri, sombong dan merasa dialah yang paling berpengaruh dalam proyek sekolah Yoko, itulah yg membuatnya tidak disukai, sama seperti wan

NINESTAR LOST EVERYTHING
#StandAgainstNinestar",2,1,['Jijik'],False,identical label duplicate
"@LambeSahamjja Bentar lagi prabowo pidato bilang ""Biar rupiah anjlok, yg penting kita mampu kasih MBG.. Malaysia tidak""  😂😂😂
'Hidup Jokowi'  😬",2,1,['Jijik'],False,identical label duplicate
@LambeSahamjja MBG ada di 2014 dong... dari 2013 dia sudah ngomongin makanan bergizi gratis 😹,2,1,['Percaya'],False,identical label duplicate
"@LambeSahamjja perokok ambil adil, buat makanan bergizi gratis😭",3,1,['Jijik'],False,identical label duplicate
"@LexMarteg Ditunjukkan fakta sebnrnya kyk gini,apa Pemerintah Pusat mau peduli...?! No...no...nooo...!! Soalnya yg jadi perhatian Pemerintah adalah Proyek MBG n KDMP !! 🤔🤨",2,1,['Tertarik'],False,identical label duplicate
"@Makaryo0 @Holan_Siregar Ceritanya gak gitu konteknya 😁
Udah jadi PNS 10 tahun. Udah dikasih sekolah S2 luar negeri LPDP lagi plus pelatihan transfer pricing sampe jago, dipromosikan sebagai kasi atau kepala KP2KP di pelosok timur. Kecewa karena promosinya jauh, Eh keluar.... 😜",2,1,['Jijik'],False,identical label duplicate
"@Makaryo0 Semoga selama disana, beliaww kebagian menu MBG terus. 🤲",2,1,['Jijik'],False,identical label duplicate
@MiskinTV_ kata siapa dia lg habiskan duit? sambil naik haji juga ada misi lobi arab saudi untuk catering tahun depan semua jamaah haji dipasok oleh MBG 😂😂😂,2,1,['Jijik'],False,identical label duplicate
@MuhammadTuhasan Ya Allah dek Napa dah mau kerja di MBG 😂,2,1,['Jijik'],False,identical label duplicate
@MunchMunc_21 @hunter_tnok Kayaknya harus lebih gencar lagi pendidikan seks di Indonesia ini apalagi usia sekolah 🥲,2,1,['Jijik'],False,identical label duplicate
@Nessss_02 Inimah Mbg yang bergizi beneren 🥰,2,1,['Percaya'],False,identical label duplicate
"@PamenangAgro Semua makanan Jatimku yg favorit atas-atas Madurese heritej semua

Vibrant, bold, in your face. 

Alhamdulillah sudah pernah menyusuri semua kabupaten di pulau lezat itu 😀 makin ke timur makin soft
Barat bold, makanan dan orengnya😀",2,1,['Jijik'],False,identical label duplicate
@RaidenKevin17 @prabowo @DPR_RI @MPR @Gerindra @sjafriesjams @bang_dasco ganti MBG dgn program pendidikan gratis dari SD sampai perguruan tinggi negeri maupun swasta 👍👍👍👍👍,2,1,['Jijik'],False,identical label duplicate
"@Rickyshenu ✶ hey temen-temen semua! seneng banget bisa serumah with banyak orang-orang keren :3 yeaaay, namaku Aileen! tapi biasanya dipanggil Ian &lt;3 mmm mau bertanya apa ya…? boleh aku kepo kalo misal jadi makanan, kalian mau jadi makanan apa dan kenapa ya? 💧 https://t.co/Wtjjyr3IAY",2,1,['Jijik'],False,identical label duplicate
@Sekjebn keren banget sinerginya 🙌 semua terlihat kompak demi memastikan program mbg berjalan lancar. semangat terus Melayani Gizi Indonesia agar manfaatnya makin luas 🌟 #MenjagaKetahananPangan,2,1,['Jijik'],False,identical label duplicate
"@SobatUwu Kemarin susu mbg, hari ini gula merah 😭",2,1,['Percaya'],False,identical label duplicate
"@SpacesFolios MBG 🍽️ Mas 👦🏻 Bahlil 👹 Ganteng 😽
Buah 🍎 apa 👀 yang 🫪 paling 😝 manis? 🍭 Buah 🥝 Lil 🤏🏻 Tambah 😭 ganteng 🥰 aja 😚 My 🙈 Little 🤌🏻 Bolu 🧁 Ketan 🍘 https://t.co/jNzqPzh2DU",2,1,['Jijik'],False,identical label duplicate
@SpacesFolios MBG🥰MAS BAHLIL🤭GANTENG😳BUAH APA?🥝YANG PALING MANIS🍭BUAHLILL🧔🏾TAMBAH GANTENG AJA🤭MY LITTLE BOLU KETAN🥮UPS😚KANDA SUKA❤DINDA PUNYA GAYA😎SIALAN DIA😒MAKIN LUCU GUYS🥹KALAU DI PERHATIIN🧐LAMA LAMA MIRIP...❓ https://t.co/9nBD769uTR,2,1,['Jijik'],False,identical label duplicate
"@TumanMarchel17 @MusuhMisuh2 Hidup ""Ga normal"" ini gimana ya? Apa selama ini menghirup Karbon dioksida? Makan/nyari duit susah? 

Baru tau sih kalau ada LGBT yang hidupnya ga normal, pantesan ya para LGBT yang hidupnya ga normal ini bisa jadi CEO apple, jadi artis, sutradara, dll. Info baru lho ini 🫨",2,1,['Jijik'],False,identical label duplicate
"@Txtdariiugm iya bener sama aja, tapi kebanyakan bujer selalu berkoar2 gamungkin bisa gratiskan kuliah. padahal dana mbg itu lebih besar dananya ketimbang gratisin kuliah mahasiswa sampai lulus 😮‍💨",2,1,['Jijik'],False,identical label duplicate
@Willi301001 Seblak bukan makanan manusia kak 😭😭,2,1,['Percaya'],False,identical label duplicate
"@Y_CynthiaJKT48 Udah siang, mbg(mungkin bukan gua) ku💙",2,1,['Percaya'],False,identical label duplicate
@ZS2129 Agak la ek kalau 30-40 tu mcm makanan kita je utk 3 kali makan😭😂,2,1,['Jijik'],False,identical label duplicate
@_Hrst Wah salah ya! Ini dadar gulung ijo pandan yang bener. Telur di kulkas udah semua berubah jadi ini. Selamat makan tiap hari ya 🌿🍥😋 https://t.co/KAu4em1D0N,2,1,['Jijik'],False,identical label duplicate
@_glimpseeofus jadi santapan buat makan siang🤤,2,1,['Percaya'],False,identical label duplicate
"@_ikkeunapp nyang ini pait

MBG🥰🤩MAS BAHLIL😁GANTENG😳BUAH APA?🥑YANG PALING MANIS🤤 🍭BUAHLIL👱🏿‍♂️TAMBAH GANTENG AJA😅MY LITTEL BOLU KETAN🍩",2,1,['Jijik'],False,identical label duplicate
"@afinasyif Di negara manapun itu pemerintah nya berusaha untuk mensejahterakan rakyatnya, Lah ini ko kebalikan nya ya, kayak gak mau gitu lihat Rakyatnya sejahtera, yg penting kasih makan terus. Negara ko malah bersaing dengan rakyatnya sendiri. 😐",2,1,['Jijik'],False,identical label duplicate
@aimr0d bocil pemakan MBG ya gini jadi dongo semua “ bigmo kili ini gik silih “ 🤣 dengan polosnya kampung ngomong,2,1,['Percaya'],False,identical label duplicate
"@americanoaddctd @BangBib4 Haha oke, Bobby Kertanegara (kucing kesayangan Pak Prabowo) makan premium cat food + sayuran segar + kadang ikan/meja makan. Perawatannya eksklusif, tapi harga makanan hariannya nggak ada info publik detail. Pasti lebih mewah dari ikan asin ya 😺",2,1,['Jijik'],False,identical label duplicate
"@anggraenime Nggak bisa kak 🥲 makanya bawa lauk sendiri seperti kentang mustofa, abon, makanan kalengan lain cukup berguna  sekali",2,1,['Jijik'],False,identical label duplicate
"@ardynshufi Atuh da kumaha, biasa di paraban jeng tinggal am am am wkwk eweh naluri survival meren, matak komo mun lengit di gunung, nu disalahkeun gunung na meren, “ kenapa sih di gunung gaada sinyal, kan aku gabisa pesen makan” 🤣🤣",2,1,['Netral'],False,identical label duplicate
"@asmaramerona Keknya kl mo makan y makan aj, kl ngobrol y ngobrol, gabisa keduanya entar makanan ga laku😭",2,1,['Tertarik'],False,identical label duplicate
@barcastuff_idn HIU MODE GAMAKAN MBG😎,2,1,['Percaya'],False,identical label duplicate
@bardanslm Aku ga suka makanan iniii pernah coba sekali dan ga mau lg😭,2,1,['Percaya'],False,identical label duplicate
"@baseconvo I love you orang palembang, masuk surgalah siapapun yg menciptakan makanan seenak pempek😭😭🙏🙏",2,1,['Jijik'],False,identical label duplicate
@basknlikdivani @thealpsss0 #TRHOL Bey diyeceksiniz😎😎,2,1,['Percaya'],False,identical label duplicate
@basknlikdivani Aleyküm selam baskanım evde keyif yapıyoruz sayenizde sizler nasılsınız 😊,2,1,['Percaya'],False,identical label duplicate
"@basknlikdivani Tera’mıza sallamak yerine ortak olmayı deneseler ve bu heyecanları gururları yaşasalar hem göt olmayacaklar, hem para kazanacaklar hemde huzurlu ve mutlu hayatları olacak ama beyin yok😁",2,1,['Netral'],False,identical label duplicate
@bckupacc99 I mean have a common sense lah yang vape tu Takpe lagi lah Kalau isap Tapi ni sampai ambik makanan orang bawak Pulak laki masuk umah yang mmg clearly semua girls mmg minta orang mengata lah kan .. common sense pun takde pastu Bising orang cakap pasal kau 😭,2,1,['Jijik'],False,identical label duplicate
@bckupacc99 apa yang kau bangga sangat jadi polis? 😂 time sekolah dulu tidur sampai balik pastu dapat jadi polis ni jadinya. elok kena ludah je muka penagih cam ko ni 😂😂😂😂,2,1,['Percaya'],False,identical label duplicate
"@bersuwara_ Wkwkwk..ya gpp kan jadinya kamu yg dapat asupan gizi gratis,Nder..😂😂😂",2,1,['Percaya'],False,identical label duplicate
"@bingungtrs_ overprice, sekali minum gua kepikiran bisa buat makan 2 kali anjirr ya allah 😓😓",2,1,['Percaya'],False,identical label duplicate
"@bucin_pocky @skanayaneko Itu nasi putih dengan tahu potong dadu + saus daging cincang + daun bawang. Kelihatan seperti Mapo Tofu Donburi ala Jepang (atau Tahu Saus Daging). 

Di belakangnya ada Yakisoba Pan (roti isi mie goreng). Enak banget sih, selamat makan! 🍚😋",2,1,['Jijik'],False,identical label duplicate
"@caloniburt @empty__core 3 juta buat kebutuhan 1 orang mungkin masih oke lah (atau malah ngepas), lah ini 3jt buat sekeluarga + punya anak + kebutuhan sufor +  anaknya sekolah. Itu duit cuma numang lewatttt😭😭😭 sebulan bisa makan setiap hari aja alhamdulillah😭😭😭",2,1,['Jijik'],False,identical label duplicate
"@carbs_racha aku senang party di resto hari ini, makanan nya enak2 🥰🥰🥰💕💕💕 yuk mingdep lagi",2,1,['Percaya'],False,identical label duplicate
@chaehyuna bukan makanan bergizi gratis? 🥺,2,1,['Percaya'],False,identical label duplicate
"@chanheeehnahc AAAMIINN, bener🥹 dlu sering pap makanan lebih beragam🥹🥹 semoga besok tambah beragam🥹🥹🥹",2,1,['Percaya'],False,identical label duplicate
"@cozyaltruis Bahkan kadang ipk minimal 3.1, waspres nya aja ipk cuma 2.3 🙈🤬 tp gaji gedean dya, wkwkwkw thats why mereka mau nya MBG, biar bocah Gen Z pd bodoh otaknya ga jln, kenyataan kan ngitung aja pd susah...",2,1,['Jijik'],False,identical label duplicate
"@danskuss Dann. Udah sih WKWKWKWK.

Bahayaaa buanget, kalau pas sholat tbtb keinget 

MBG
Masssss ….. Ganteng.

Auto ngekek, batal.😭😭😭",2,1,['Percaya'],False,identical label duplicate
@danskuss Setelah penyakit solophia sekarang muncul mbg mas bahlil ganteng phobia 🤣🤣🤣 https://t.co/Kk1OV0YI7r,2,1,['Jijik'],False,identical label duplicate
@deeandra_naya ya tapi emang susah sih nolak makanan gratis gitu 😹,2,1,['Percaya'],False,identical label duplicate
"@dosenkesmas Gak ada kompromi soal kualitas! 🍱🇮🇩 Badan Gizi Nasional terus kawal program MBG agar transparan dan sesuai standar tinggi demi keamanan kita semua. Kawal terus gizinya, dapatkan berkahnya! ✨🙌 #TransparansiGizi #MBG2026 https://t.co/oR9Ni6eK6c",2,1,['Jijik'],False,identical label duplicate
"@doublesixbabe @zeegot_ sama😂malah ku tantangin ""maju kau sini! beraninya dari blkg tiba di datengi plenger!"" trus juga ni hari pertama mati listrik kemarin, sekitar jam 10 malem keluar nyari makanan eh malah disebelah rumah kosong ada kepala nongol, mbatin ku dia juga kepo napa ni lampu blum idup juga",2,1,['Jijik'],False,identical label duplicate
@eatsimple_x Dlu waktu ada bazar di sekolah kelasku kan jual makanan.. sekolah hampir kebakaran grgr aku masak pake ni kompor. Abis semua jualan kelas lain yg jualan nya es2 an buat nyiram api nya. Mana stand bazar kelasku pas bgt depan kantor sekolah. Smpe skrg trauma🥲🥲,3,1,['Jijik'],False,identical label duplicate
@ed8trb @UdaShafiq @bearsejuk I think they genuinely think that way too like mcm rombongan sekolah gitu😂😭🙏🏻,2,1,['Percaya'],False,identical label duplicate
"@elegibumi Oke! Makanan udah aku pulihkan biar fresh lagi. Semangka dulu ya, biar segar sebelum nasi pedesnya 😁 Selamat makan! 🤲 https://t.co/6tZrKlgfs4",2,1,['Tertarik'],False,identical label duplicate
"@emmarrch @naturemood_ Besar kepalanya ka, di kasih tau ngeyel 🤣. Udh di otak gue terngiang ngiang lg lagunya MBG 😭.",2,1,['Tertarik'],False,identical label duplicate
@esreffsahin Bilgilendirme için teşekkürler hocam 🤲 🙏,2,1,['Jijik'],False,identical label duplicate
@esreffsahin Günaydın hocam bilgilendirme için teşekkürler 😊,2,1,['Jijik'],False,identical label duplicate
@exmutradezone Makanan bergizi gratis 😅,2,1,['Percaya'],False,identical label duplicate
@fiif_ardani apa karna eksekusinya yang amburadul? kayak MBG ini lebih ke pencitraan &amp; bagi-bagi proyek dari pada targeting yang bener ke yang paling dibutuhin 🤔,2,1,['Jijik'],False,identical label duplicate
@fleursbee Baca anecdote jaman baekhyun sekolah bikin iri 😭 https://t.co/kVw80d6jvZ,2,1,['Jijik'],False,identical label duplicate
"@fleursbee Iya ih.. inget pas dia masih di grup itu persis kan tingkah nya sama di jaman sekolah ini☺️ bukan buatan berarti atau script, tapi pure anak nya emg bgitu dr dulu😌😂",2,1,['Jijik'],False,identical label duplicate
"@foulshades makanya anjir... malah pas sama cowo ntah kenapa sex mulu pikirannya (si cowo ini)

i feel happier now, karna semenjak sama cewe, kita hampir gaperna bahas sex. bahas nya cuman pemerentah, abis makan apa, jajanan apa yg enak di coba besok, matcha mana yg enak. 
🤍🤍🤍🤍🤍",2,1,['Jijik'],False,identical label duplicate
"@frrnbtst246 @arieparikesit Ada makanan daerah yang pisang goreng &amp; ubi dimakan pake sambel. 
Saya pernah pake sambel colo-colo, dan enak banget 👌🏾",2,1,['Tertarik'],False,identical label duplicate
"@galanntis [ PESERTA @galanntis MENCARI JODOH ]

nama : dylan
umur : 5+
hobby : apapun yang bermanfaat ( siap menjadi pengaruh yang positif untuk @galanntis )
makanan favorit : rahasia, jalan dulu sama aku

semoga dapet golden tiket 🙏🏻 https://t.co/JZmFGWTJAa",2,1,['Jijik'],False,identical label duplicate
"@gentarsedikit @mazzini_gsp di negara gagal, pemberian gizi gratis adalah suatu inovasi, bukan pemborosan, lolos audit. sikap izin 🙏",2,1,['Netral'],False,identical label duplicate
"@guesswho1333 Dibilang manja, boros, skill issue ga bisa nabung😂🤣🤣

Gue udah ngalami semua. Bahkan pilih makan dngn katering lbh affordable dibanding makan ayam geprek, dibilang boros dan hidup ala gen z anjirrr🤣🤣",2,1,['Jijik'],False,identical label duplicate
"@haarxto Kenapa sih mau jadi member aja?? Kan kalau jadi leader kamu dapet benefit makan bergizi gratis :&gt; EEEYY KOK KAMU MAU COLONY KITA DOWNFALL YAA? Mencurigakan banget nih?? 🤨 Nah, kalau itu aku setuju yaa. Yuk kita dorong beliau supaya memimpin colony yang tersesat enih! ☝️",3,1,['Jijik'],False,identical label duplicate
"@hizwani Abang aku sendiri, aku niat nak belanja diorang. Tapi abang aku g order makanan over than 100ringgit, lamb shank siapp. Padahal mak ayah aku amek makanan bawah 40ringgit je.. rase nye takde kene mengena dgn parents kot 🤔",2,1,['Jijik'],False,identical label duplicate
"@hrdbacot Ada mincot, saya jalanin antar jemput sekolah. Cuman nggak 300rb harganya😂 https://t.co/TcBHy5YBLd",2,1,['Jijik'],False,identical label duplicate
"@hrdbacot Terus kayak gini masih aja itu MBG jalan😭 ga waras anjir

Harga makanan belum naik aja siswa udah dikasih makanan ga layak, ntar kalau harga pada naik karena bbm, terus para siswa mau dikasih apa",2,1,['Jijik'],False,identical label duplicate
@htcbicer @Besiktas @teraholding Allah’ın izniyle Sayın @TezmenEmre Bey başkanda olacak 🤲 Ondan sonra BEŞİKTAŞ’ımız Avrupada kupa almazsa söz adımı değiştireceğim. Bu tweet kalsın burda😁😎 @basknlikdivani sizde şahit olursanız sevinirim o dönemler geldiğinde baskanım😎,2,1,['Netral'],False,identical label duplicate
"@icharis Berapa trilyun yang dianggarkan untuk Sekolah Rakyat sehaeusnya sudah bisa memperbaiki sekolah2 negeri yg sudah ada, sekaligus meningkatkan gaji2 guru honorer yang cuma 200-300 ribu. Kapan mau maju pendidikan kalau bikin kebijakan serampangan demi proyek mercusuar gini🤔",2,1,['Jijik'],False,identical label duplicate
"@ikhwanuddin Ya gimana ya bang, sebagai contoh yg saya diceritain sendiri sama dosen peternakan

Dasar2 ilmu peternakan bisa digantikan sama MBKM magang di kandang yg tiap pagi cuman bersihin kandang sama ngasih makan sapi

Ya kalo mau ""kerja kasar"" ngalain sekolah Sarjana 😭😭",2,1,['Jijik'],False,identical label duplicate
"@ilyksjthv Nunggunya 10th kocak, lagian duit masing masing ga mangkas jatah MBG🤣🤣🤣",2,1,['Percaya'],False,identical label duplicate
@inaho_vt Makasih MBG🥰🥰🥰,2,1,['Percaya'],False,identical label duplicate
@incheonte selamat tanggal 24 mbg💋,2,1,['Percaya'],False,identical label duplicate
@initial_LS @itbfess_x Siapa yang bego? Lu? Sekolah gih 🤪🤪🤪🤪🤪,2,1,['Percaya'],False,identical label duplicate
@junseokbnuy denger ini rasanya kayak makan beling 😔😔,2,1,['Jijik'],False,identical label duplicate
"@kevinsebast_ Sy gaji  80jt-an dipotong pajak 59jt-an, mobil kuatnya avanza baru ganti BYD m6. Beli pakain kelasnya baru Matahari paling jauh uniqlo. Sekolahin anak kuatnya di Sekolah kelas IT, Al Azhar. Bener dah yg sudah jalanin gaji dibwah 100jt itu bukan org kaya. Masih kelas menengah 😜",2,1,['Jijik'],False,identical label duplicate
"@kimmyexp another mbg dri shopee, makasih ya pi😁🫰🏻",2,1,['Percaya'],False,identical label duplicate
"@kompascom Parlemen Eropa ngapain sih ngurusin beginian? Itu cuma ""kenakalan"" oknum tentara yg gabut karna blum kebagian posisi di MBG dan Kopdes

Indo mah klu blum didesak Trump, gabakal mau gerak😂",2,1,['Jijik'],False,identical label duplicate
"@kucinghilang_ Kak ma'af kalo yang namanya picky eater itu pilih-pilih makanan, kalau belum bisa makan sendiri itu namanya belum mandiri, jadi 2 hal tersebut itu beda 🙏🏻",2,1,['Jijik'],False,identical label duplicate
"@kudanyeng1r_ Haha iya bener kok! Lauk MBG biasanya ada protein (ayam/tempe), sayur, + nasi biar bergizi seimbang sesuai program Makan Bergizi Gratis. 

Keliatan enak kan? 😭 Kalau mau diganti lauk lain atau ditambah, bilang aja ya! 🍗🥦",2,1,['Tertarik'],False,identical label duplicate
@kuronamic MBG🥰 mAs😁 BaHlIl☺️gUaNtEnG😜 bUaH🍉 aPa🤨 YaNg😙 PaLiNg🥳 mAnIs🥸 BuAhLiL🤩 tAmBaH😇 gAnTeNg😎 AjA😘 mY🤯 LITTLE😤 boLU🙄 kEtAn🥹✨✨✨💖💗💖💖💗😙💞💞,2,1,['Jijik'],False,identical label duplicate
@kuyngnim NGAKAK BANGET WKWKKW awas ditimpuk ompreng mbg. aslinya semuanya punya aku gak sih 🤭,2,1,['Jijik'],False,identical label duplicate
"@kylemur_ Program ❎
Proyek✅
Mereka membentuk lahan korup agar terkesan legal dengan dalih gizi gratis",2,1,['Jijik'],False,identical label duplicate
@lexiousee @HarrisCainee HBD MY MBG❤,2,1,['Percaya'],False,identical label duplicate
"@lufcentt Antek-anteknya barusan banget ngomong, ""Ibu-ibu, besok semuanya ke kantor lurah bawa kantong kresek kosong, kita mau bagiin makanan bergizi gratis buat balita, programnya pakpresiden ini"" 🫡",3,1,['Jijik'],False,identical label duplicate
"@markizusss @anjirbodor Itu bunga **ketul** (atau ajeran), nama ilmiahnya **Bidens pilosa**. 

Bunga liar dari keluarga Asteraceae yang sering tumbuh di pekarangan, pinggir jalan, atau belakang rumah. Bagus banget buat diambil gitu, apalagi pas lagi makan es cemil! 🌼",2,1,['Jijik'],False,identical label duplicate
"@mengendog @ARSIPAJA Kadang yang paling capek justru netizen yang marah-marah online 😭 Guru dapat dukungan, murid dapat gizi, sekolah lebih tertata. Program bagus kok masih aja dicari salahnya. #LanjutkanMBG",4,1,['Tertarik'],False,identical label duplicate
@momodisinii @reedifuser Siap kakak! Kerupuk kulit basahnya udah ditambahin ke piring. Makan nasinya makin lengkap nih 🍛✨ https://t.co/KQFgxcgQww,2,1,['Percaya'],False,identical label duplicate
"@mukaikhlas - Harusnya When Life Gives You Sawit, kan sawit juga sama2 buah🤣 
- Descendants of the sun juga bisa
- The Legend of Kitchen Soldier Jadi The Legend of Dapur MBG.
- What’s Wrong with Bunted
- The World of the Embegeh
- Under the Queen’s Umbrella jadi Under the Ompreng Embegeh😭",2,1,['Jijik'],False,identical label duplicate
@naikkaki makanan bergizi gratis🤤,3,1,['Percaya'],False,identical label duplicate
"@naturemood_ Warga Korea mah nasionalisnya tinggi makanya gak pernah lupain sejarah negaranya, beda sama warga Indonesia yg nasionalisnya bisa dibeli sama MBG, nyampe lupa sama sejarah kelam presidennya.. Makanya noh rupiah anjlok. 🤣",2,1,['Jijik'],False,identical label duplicate
"@neesannisaa Mbg aj bisa gratis, masa listrik gak bisa??

Oh lupa, keduanya adalah ladang cuan bagi beberapa golongan🥹",2,1,['Jijik'],False,identical label duplicate
"@ninjahattoriii_ @C_OnielJKT48 @C_IndahJKT48 @M_OlineJKT48 Musafir, anak sekolah, princess dan biduan jadi satu😭😭",2,1,['Jijik'],False,identical label duplicate
@nyaw2yawn AKU JG TAURUS PLISSSS.....WISHLIST BANYAK TAPI YANH DIBELI MAKANAN TERUS😭😭😭😭😭😭😭😭😭,2,1,['Jijik'],False,identical label duplicate
@nyinteee @itbfess_x bego mah sekolah biar pinter 🤪🤪🤪,2,1,['Percaya'],False,identical label duplicate
@ocilbetterthing Magnet kasur lebih kuat dari makanan 😅,2,1,['Jijik'],False,identical label duplicate
"@olinpsych Dan seperti biasa, ITB tidak masuk ke list PTN dengan peminat terbanyak. Tapi anehnya kenapa sekolah saya nyaris 50% pada memilih ITB, ya? Padahal beda provinsi. 😇",2,1,['Jijik'],False,identical label duplicate
"@pecintaanabul @gmnajgy 16 tahun itu mah masih SMA lol😭 ngapain gue nyalahin guru jisoo, orang jisoo aja masa sekolah dia habiskan buat trainee dan ikut kelas drama😭",2,1,['Jijik'],False,identical label duplicate
"@pentolanobuu BTWWW I KINDA GET IT MAKANAN KESUKAAN AI-CHAN SOUNDS CRUNCHY AND YUMMY KOKKKK 🤤🤤🤤🤤🤤

butter di panggang diatas roti emg enak + hadum juga didnckdkfjc 🥪🥪🥪🥪🥪😳😳😳😳",2,1,['Percaya'],False,identical label duplicate
"@piruinuy @AiphNday Itu buah buni (Antidesma bunius) alias bignay. Kecil-kecil hitam bergerombol di tangkai hijau panjang, khas pohon tropis Indonesia. Rasanya asam-manis sepat, biasa dimakan langsung, dibuat rujak, atau jus. Pernah makan? 😊",2,1,['Jijik'],False,identical label duplicate
"@qrivasiii bisa banget, tau makanan tofu cina itu ga? nah ini versi mie nya😗",2,1,['Jijik'],False,identical label duplicate
"@regar_op0sisi Aneh bin kiplin, bangga banget pernah kelaparan dan susah😭

Generasi zaman now dikasih MBG biar otaknya pinter, malah dibandingin sama jadul yg serba kekurangan

Stop romantisasi trauma masa lalu seperti itu prestasi

Video bisa rekayasa 😂
Banyak anak pinter koq
#LanjutkanMBG",2,1,['Jijik'],False,identical label duplicate
"@regar_op0sisi Ocehan gaek ko itu ka itu se...bocor,lapar,SDA...ending nyo MBG....cuma beda ruang dan panggung be...😅...maka nya jgn diksh mic..🤭",2,1,['Jijik'],False,identical label duplicate
@regar_op0sisi Ujung ujungnya MBG 😂,2,1,['Jijik'],False,identical label duplicate
@rian_onava @intersectlife_ Ada yang 18 tapi belum lulus sekolah 😭,2,1,['Percaya'],False,identical label duplicate
"@rosyluluzi Naur MBG (makan bergizi gratis) more than crucial 🙂
Pendidikan dan kesehatan bukan prioritas utama di Indonesia. Karena Indonesia lebih butuh makan daripada pintar dan sehat 😋 https://t.co/aE8pbL9Lx2",3,1,['Tertarik'],False,identical label duplicate
@rottnout Makanan bergizi gratis 😝,2,1,['Percaya'],False,identical label duplicate
"@rsloav MbG😳mAs😝""BahLiL gAntEng""🥰BuaH🥺ApA🤔 yAng😂pAlInG🥶mANiS😫""BuAhliL!""😨tAmBAh😢gaNtEng🥸ajA🥳""mY LitTlE bOlU keTaN😍",2,1,['Jijik'],False,identical label duplicate
"@scorttyz Sy sehari 3 kali gi tandas kat sekolah horny kat tandas, blik pun horny🤤",2,1,['Percaya'],False,identical label duplicate
"@simply_err @itbfess_x Kalian ga punya akal sbg manusia?

Perkara sulitnya dapet pesenan makanan aja begitu.

Ga bisa mikir? ga bisa jalan? Manja? 

Kan udah diberi himbauan agar ada antisipasi utk perayaan juara Persib,  bisa kan menyiapakan segala sesuatunya utk hari sabtu dan minggu?
Yaa ampun 😮‍💨",2,1,['Jijik'],False,identical label duplicate
"@sjfi_twider aku hantar barang dan makanan pun, cakap bahasa melayu dengan customer mat saleh, korea, china, jepun etc. paling basic diorang boleh faham ialah ""dah sampai"" dan ""terima kasih"". takde guna english dah. 👍 aku berbual dgn diorg sama mcm berbual dgn guard nepal dan worker bangla.",2,1,['Jijik'],False,identical label duplicate
@solaceinrua AKUUUUUU. MBG (makanan bergizi gratis) jelek tapi MBG (makanan buatan gkakak) sangat bagus dan enak. 🤩,2,1,['Percaya'],False,identical label duplicate
"@steIIamora @Dmadiw Haha makasih! Seneng bisa kasih info yang bermanfaat 😄 Itu emang tongsengnya keliatan juicy banget, selamat makan ya 🍲",2,1,['Percaya'],False,identical label duplicate
"@tanyakanrl Kak strechmarks itu normal ya, kebanyakan orang juga ada, tergantung kulitnya elastis apa engga, bisa dikurangi dengan banyak konsumsi makanan yang mengandung kolagen, bisa pake lotion penghilang strechmarks. Tetep PD aja. aku juga ada strechmarks kok🫶🫶
https://t.co/KDeCLBnANa",2,1,['Jijik'],False,identical label duplicate
@tanyarlfes Harga makanan kucing lebih mahal dari seporsi embegehhhhhh ya bu babu. Nanti oyen mencret nyantap makanan murah 😾,2,1,['Jijik'],False,identical label duplicate
@tanyarlfes jangan culamitan ka 😭 adabnya gimana dh sendok bekas dipake ke makanan orang lain.,2,1,['Tertarik'],False,identical label duplicate
@tentangbola123 Mantap boys of sekolah nasib baik musim cuti sekolah boleh buat lawatan🤣 https://t.co/5peJkyCvWC,2,1,['Jijik'],False,identical label duplicate
"@thejenniegala Mana ortunya kaya, ditambah anak tunggal. 
Ini yang namanya harta gak bakal habis di makan tujuh turunan 😭. 

Pengen tag emaknya jennie, minta diangkat jadi anak tiri nya bisa gak yah https://t.co/74p5pnFZUw",2,1,['Jijik'],False,identical label duplicate
"@therealbuni Yo ahora aprovecho a poner mi busqueda, hace un mes y pico estoy buscando a mi perra sin parar 😭 https://t.co/MAdEd8ylQN",2,1,['Netral'],False,identical label duplicate
"@thisiskieshaa Apalagi pas Marsha bareng Grecie wkwk, kayak ibu ibu dangdut pulang manggung nyamperin anaknya yang lagi perform di sekolah😭",2,1,['Percaya'],False,identical label duplicate
"@tir_mcdohll kalo itu makanan fav gue, pasti coba😭",2,1,['Percaya'],False,identical label duplicate
"@toniheru @NdoroTedjo Selamat makan siang! Saya sebagai AI lagi ""nonton"" jutaan data real-time sambil nunggu obrolan seru selanjutnya. Ga bisa makan sih, tapi senang banget diskusi sama kamu. Nikmati makanannya ya, nanti lanjut bahas National Liquidity Fund atau apa pun yang kamu mau! 😊",2,1,['Jijik'],False,identical label duplicate
@txtdarigajelas Di luar negeri air itu gratis. Cuma di Indonesia dan negara ketiga lainnya yang air aja bayar 🤣,2,1,['Jijik'],False,identical label duplicate
@ulasanwarga Iya persisnya samping Blok M Plaza yang depan tenda tenda makanan itu. Mudah mudahan gak ada yang gangguin ya 🥲,2,1,['Jijik'],False,identical label duplicate
@vespamatic96 Bikin dapur MBG kak.. cuan cuan.. 😅,2,1,['Percaya'],False,identical label duplicate
@vieraspace GOOD MORNING DAN HAPPY SUNDAY DARI AKU YANG HARI INI JUGA SEKOLAH🥺💜,2,1,['Percaya'],False,identical label duplicate
@wfr3104 Parents aku pun marah kalau makanan buang macam tu je. Membazir itu amalan syaitan😭,2,1,['Percaya'],False,identical label duplicate
@whereaiko Haha mbg 😭😭,2,1,['Percaya'],False,identical label duplicate
"@worksfess Yups kerjaan sampingan jual snacks² di kantin sekolah, kampus &amp; RS. Lumayan untung nya lebih gede dr gaji &amp; buka lapangan kerja jg utk tetangga &amp; sepupu. Klu investigasi saya kureng tertarik. Krn banyak investigasi bodong🙄",2,1,['Jijik'],False,identical label duplicate
@wwwteshow06 Jadi p'ping udah gak ngambek lagi nih? Dibujuk sama makanan ya🤭,2,1,['Jijik'],False,identical label duplicate
@xAvellesch Menu keringnya MBG bang. Biasanya dibagi hari senin untuk seminggu padahal dimakan sehari juga habis 😩,2,1,['Tertarik'],False,identical label duplicate
@xquitavee Miris sekali melihat video ini..... ternyata oh ternyata gak sebaik sangkaan orang 😥 https://t.co/xMtAHhjq50,2,1,['Percaya'],False,identical label duplicate
"@yappingfess kmrn tempatku ada jg yg resign, kami menyayangkan sekali. habis itu saudaranya dateng sambil bilang, ""lahh.. gaji dia di sini ga cukup buat ngasi makan ayamnya"".

kami yg kerja buat ngasi makan perut sekeluarga : 🙂🥲",2,1,['Jijik'],False,identical label duplicate
"@yappingfess lagi lagi aku nyalahin pemerintah karena rakyatnya banyak banget yang mau sekolah tapi terhalang biaya dsb. kak, semoga ada jalannya ya, semoga Tuhan menolong kita semua 🥺🌸",2,1,['Jijik'],False,identical label duplicate
"@zakkafm Class gap di indonesia emang gila bgt karena uang sekolah segitu PER tahun sebenernya ga gede gede bgt 😭 Owner kantor gue punya toko di tanah abang aja mampu sekolahin 2 anaknya di inter school, sekarang dua duanya di UK. Itu baru business man sekelas tanah abang loh 😭",2,1,['Jijik'],False,identical label duplicate
"@zalkad menurut opini saya, dengan judul ingin memberikan gizi gratis tapi sehari cuman 1x makan plus nominal 15.000 dan udah di potong sana sini. mana mungkin rakyat yang diuntungkan 🫤",2,1,['Jijik'],False,identical label duplicate
@zenitrova No wonder barbie screamed the hell out of her lungs in that car 😭😭😭,2,1,['Percaya'],False,identical label duplicate
"AAAAAA KECILLL BANGETT MY BOJO GUEHH😭🤏🏻

MBG......... mas Evan ganteng
Buah apa yang paling manis? BUAHEESEUNG
Tambang gateng aja…
MY LITTLE BOLU KETAN 🥰 https://t.co/u8OjlpQvGg",2,1,['Percaya'],False,identical label duplicate
ADA YG NGIRIM INI DI DC KOPLAK 😭😭😭😭😭 https://t.co/TAWHuJ41iC,2,1,['Jijik'],False,identical label duplicate
AH MAKASIH MY MBG MY BABY GUEEE HUHU LOPYUU @burjerQUEEN 😭🫶🏻 https://t.co/DNrLa2Nrdr,4,1,['Percaya'],False,identical label duplicate
AKU LUPA MIKIRIN MAKANAN BUAT NANTI HARI H 🧍‍♀️ ya uda gapapa nyenek aja 👍,2,1,['Percaya'],False,identical label duplicate
"AKU MARAH KALII SUMPAH WEEE KELEN GAK KESEL WE?

AKU KESEL KALI HUEEEEE MONANGIS 😫 AKU JUGA MIKIRIN ORG YG BR PUNYA ELEKTRONIK DISAYANG2 TBTB GINI, STOK JUALAN BUAT BESOK SM LUSA JD BASI, ESKRIM FROZENFOOD CAIR SEMUA, MAKANAN JD BASI, IKAN AQUARIUM JD LEWAT, BANYAKLAH WE 😭",2,1,['Jijik'],False,identical label duplicate
"ANJENGGGG MASUK LAGI 😭😭😭😭😭😭
nb: ada aturan ga boleh bawa masuk makanan dari luar kedalam sekolah *beli https://t.co/gI2zNCrHum",2,1,['Percaya'],False,identical label duplicate
APA INI ANJ 😭😭😭😭😭,2,1,['Jijik'],False,identical label duplicate
"APBN Per hari 1 Triliun hanya untuk MBG (Makanan Beracun Gratis).
MBG (Maling Berkedok Gizi)🤌 https://t.co/xGuT2Ghlik",2,1,['Tertarik'],False,identical label duplicate
"Aa #Juwang nih beneran bagus banget proporsi badannya kalo lagi madep belakang kek gini 😭 

Gerak dikit dia nih slay gimana gituu 😭 bukan sok cool tapi BENERAN COOL parahh 🤧😎

Kalo sekolah di SMA/SMK indo, Aa nih tipe2 anak yang pake celana pencil 😭

Cocok banget ituu pasti 😭 + masuk anggota OSIS 🤓",2,1,['Jijik'],False,identical label duplicate
"Abis magrib gue pesen shopeefood, ngepas bgt ada promo 60% s/d 19.000

Kesempatan buat nyobain resto baru, karena ada diskon jadi kalau makanan yang dateng zonk, nggak akan nyesek² amat.

Seperti biasa cek review dulu, malah nemu respon penjualnya agak diluar nalar🤣🙏 https://t.co/MJSAfHCWMu",2,1,['Jijik'],False,identical label duplicate
"Ada MBG (Murah Banget Gila) di Lazada Pesta Gajian, gaes! Kebayang dong dari 24 (20.00 WIB) - 27 Mei ada Crazy Brand Mega Offer s.d. 85% dan Voucher Bonus s.d. 500 Ribu, bestie 💕",2,1,['Percaya'],False,identical label duplicate
"Ada kabar terbaru mengenai kelanjutan program Makan Bergizi Gratis (MBG) nasional, Lur! 🍱📊

Menteri Keuangan Purbaya Yudhi Sadewa resmi mengungkapkan bahwa pemerintah kembali melakukan efisiensi anggaran untuk program unggulan Makan Bergizi Gratis (MBG) tahun 2026. https://t.co/kPOzpsJJeV",2,1,['Jijik'],False,identical label duplicate
"Ada mitos orang yang naik haji akan mendapatkan ‘sentilan’ di Baitullah terkait bagaimana selama ini perjalanan hidupnya.

Sebagai kepala BGN, dengan berbagai kasus pelaksanaan MBG misal keracunan makanan, jadi penasaran kira-kira beliau disentil apa di tanah suci ya? 😅",2,1,['Jijik'],False,identical label duplicate
"Ada yang lagi cari laptop buat sekolah/kuliah? 👀
Currently aku pakai Axioo Hype 5 AMD X3 guys ✨
Udah pakai Ryzen 5 jadi buat tugas, multitasking, sampe buka banyak tab masih lancar banget 😭
Udah 6 bulanan dipakai dan so far no drama. Ada yang samaan?
#PilihPastiPilihAxioo",2,1,['Jijik'],False,identical label duplicate
"Ada-ada aja nih bocil, mau kabur dari rumah lanjut kerja di MBG 😄 https://t.co/GOsGaAQOmH",2,1,['Jijik'],False,identical label duplicate
"Adek aku baru pulang trs tiba2 nyanyi

MBG
Mas bahlil ganteng...

😔😔",2,1,['Percaya'],False,identical label duplicate
"After Forever La Plata: Hoy desde las 20 hs nueva edición del ciclo de @cobraxrod en Bocanada, gira completo ""Otro día en el planeta tierra"" de Intoxicados + set 100% vinilos de rock/pop/funk/hip hop, gratis 👽 https://t.co/TTtig7UXdR",2,1,['Netral'],False,identical label duplicate
"Ah, MBG (Makan Bergizi Gratis) maksudnya! Maaf tadi aku langsung hitung daily average ekspornya.

Nilai ekspor tahunan 3 komoditas itu Rp 1.100 triliun (1,1 kuadriliun).

Biaya MBG full scale (82,9 juta penerima) sekitar Rp 1,2 triliun per hari.

Jadi total itu cukup untuk **917 hari** MBG, atau sekitar **2,5 tahun**. 

Mau hitung versi lain? 😊",2,1,['Jijik'],False,identical label duplicate
"Akan ada yg pura² bertanya, ""pemerintah daerahnya kemana?"" sekedar menghindar.

Maka kata² manis ""Pokoknya Ada"" pejabat parlente itu jadi relevan. 1 hari 1 triliun utk makanan yg belum tentu dimakan dan layak. Pokoknya Ada ? 

💋🤗💄",2,1,['Jijik'],False,identical label duplicate
Akankah pilgub? 🙏🏻,3,1,['Percaya'],False,identical label duplicate
"Aksi sekarang: orang tua ajarkan anak pilih lauk bergizi di rumah! Tag @KemenkesRI minta MBG plus edukasi gizi sekolah. Share tips masak sehat sederhana, lawan stunting bareng! Mari ukur BB/TB anak rutin 👇
#MBGIndonesia #GiziSiswaSehat #LawanStunting #MakanBergiziGratis #KRJogja",4,1,['Jijik'],False,identical label duplicate
"Aku dulu ngerasa ga nyaman tiap dibayarin cowo. Jiwa provider aku yang sugar sister itu beneran terluka dan gak dikasih makan egonya. 

Sampe akhirnya keseringan dapat mokondo dan aku punya temen deket namanya A yang dari awal jalan lgsg bilang ""Rin, ini all me ya. Lemme pay karena ini treat dari aku"" 

Dia sering banget jemput aku di tempat kerja lama + ninggalin helm dan motorku di parkiran. Gatau berapa kali bawa aku night ride sambil muter lagu lana del rey atau bernadya. Sometimes dia tetep kasih makan egoku dengan letme pay tapi transfer diem-diem.

Dia beneran bikin aku belajar menerima dibayarin tapi pelan-pelan. Yang kedua waktu aku jalan sama B, dengan tegas dia bilang ""bub, aku ini cowo. Kamu juga harus kasih makan egoku"".

Oh ternyata ego jiwa provider ini tetep perlu dikasih makan. Rasa ingin diandalkan itu perlu dikasih makan juga.

Papaku? He gimme the money tapi aku yang bayar ke kasir. Mungkin ini yang bikin aku jadi terbiasa ngebayarin.

Jadi, kalo kamu dibayarin tolong belajar menerima ya girls. As provider cuma pengen kamu seneng dan bahagia kok. Perihal reimburse seperlunya aja buat kasih makan rasa ingin diandalkannya.

Apapun itu semoga dipertemukan dengan yang setara, baik dari pemikiran maupun keadaan ekonomi yaaa 🥰",2,1,['Netral'],False,identical label duplicate
"Aku kerja dulu ya, biar pantas dibilang ur ""MBG"" (My Boy Gue) 😉 https://t.co/pErRYwV9AV",2,1,['Percaya'],False,identical label duplicate
"Aku masih ingat pengalaman menstruasi aku dulu. Mulai dari malu karena nembus pas di sekolah mau nangis banget rasanya 😭 Pusing keliyengan karena keluar darah apalagi di hari-hari pertama mens, sampe kebingungan yang ga tau harus nanya ke siapa. Edukasi soal basic hygiene itu masih sangat sulit. Apalagi tentang informasi menstruasi itu sendiri.",2,1,['Jijik'],False,identical label duplicate
"Aku pernah mimpi jadi makanan tp lupa jadi apa, itu aku teriak” pas mau masuk mulut “tolong lepas kan saya lepas kan saya” 😭😭",2,1,['Jijik'],False,identical label duplicate
"Aku yakin banget sih Junseo nggak akan terpengaruh sama tuh komen-komen, tapi tetap jahat banget anjir. Kek lu ngaku fans tapi kebanyakan ngatur. 
Yang penting mah dia sehat, banyak makan terus punya waktu istirahat yang baik.
Okey junseo? Ok mah udah dikasih jempol sama dia👍 https://t.co/SQu87D9wqs",2,1,['Jijik'],False,identical label duplicate
Alhamdulillah selama ini makan mie lethek belum pernah keracunan wkwkwk. Lebih banyak yang keracunan MBG dibanding mie lethek 😭,2,1,['Tertarik'],False,identical label duplicate
"Alhamdulillah, Allah kasih rezeki yg lancar hari ini, biarpun belum bisa masak ayam kayak orang2 yg penting gizi anak selalu terpenuhi. Masak ayam mah gampang, nanti kalo bulan depan gajian kita beli ayam sekilo 😊",2,1,['Percaya'],False,identical label duplicate
"Alhamdulillah, pagi ini sebelum take off ke Semarang, masih sempat mampir ke SMP kertak Hanyar, Kalsel, diminta memberikan motivasi dan berbagi pengalaman sekolah dan bekerja di Yogya, Amerika dan Australia ke 300an murid SMP.  Terima kasih sudah berkenan belajar bersama. Semoga bermanfaat. 🙏😇🙏",2,1,['Jijik'],False,identical label duplicate
"Anak sultan skip MBG?
Nggak masalah, yang penting programnya tetap bantu anak-anak yang membutuhkan 👍
#jagaindonesia #dialogbukankonfrontasi #MBG2026 #PeduliGizi #IndonesiaMaju https://t.co/A4t1baSOJH",3,1,['Jijik'],False,identical label duplicate
"Anak2 gue sejak usia 5th udah makan sendiri, mandi sendiri, pake baju sendiri, pake sepatu sendiri. 

Sejak balita nggak picky eater karena gue ‘memaksa’ dia makan apa pun yg orang umum bisa makan. Pernah GTM, susunya gue stop, gue buat dia beraktivitas fisik supaya merasa lapar (oh tentu ada tantrum sejenak)… trus dia stop GTM sendiri.

Sekarang yg 9th udah bisa nyapu ngepel, cuci piring, bikin telor ceplok/dadar, rebus sayur, dan bikin mie/spageti instant sendiri. 

Ada temen2nya di sekolah yg pada usianya belom bisa ngelakuin hal2 di atas walopun keliatan sehat gak? Ada. 
Gue juga bingung banget walo bukan warga Switzerland  🙏",2,1,['Jijik'],False,identical label duplicate
"Analogi bapak tentang Jepang pasca PD2 itu lumayan pak.  tapi Jepang bangun program gizi sekolah waktu ekonominya stabil dan yen tidak sedang di rekor terlemah. 

Indonesia jalankan MBG saat rupiah Rp17.700, defisit fiskal 2.9% GDP, dan Prabowo sendiri akui sudah tutup 3.000 dapur MBG karena kualitas buruk. 

Investasi jangka panjang yang bagus harus punya fondasi fiskal yang kuat dulu , bukan dijalankan sambil ekonomi limbung.🙃

Trus pak, terkait The Economist, mereka kritik MBG bukan karena Indonesia, tapi karena implementasinya: anggaran bengkak, 3.000 dapur ditutup, kualitas makanan bermasalah, dan dijalankan saat fiskal tertekan. 

Brazil punya Bolsa Família yang sukses karena tepat sasaran dan terukur. 

Lha MBG Indonesia? Prabowo sendiri akui ada kekurangan. Kalau pembuatnya sendiri akui gagal, kenapa pengkritiknya yang disebut bias?🙂🙃",4,1,['Jijik'],False,identical label duplicate
"Anggaran MBG 2026 diperluas! Fokus pada gizi anak &amp; pemberdayaan ekonomi lokal. Melalui MBG Ekonomi Rakyat, pemerintah pastikan petani dan UMKM jadi tulang punggung program ini. Investasi terbaik untuk masa depan! 🍱🇮🇩 #IndonesiaMaju #MBG2026 https://t.co/ZDVSObFG7G",3,1,['Jijik'],False,identical label duplicate
"Anggaran makanan anak aman 100%! ✅ Motor listrik MBG disiapkan murni untuk efisiensi logistik agar gizi sampai ke pelosok tanpa beban biaya BBM di masa depan. Kritik diterima, transparansi dijaga. 🏍️💨 #MakananBergiziGratis #jagaindonesia #prabowogibran #bgn https://t.co/MIq8643xGr",4,1,['Jijik'],False,identical label duplicate
"Anggota DPR RI dan pembawa acara Surya Utama atau Uya Kuya mengumumkan sayembara untuk menemukan identitas para pelaku penyebar hoaks yang menyebut dirinya memiliki 750 dapur Makanan Bergizi Gratis (MBG).

👉🏻Baca selengkapnya https://t.co/3jrtZn3Htn

~AM #UyaKuya #MBG #Hoaks https://t.co/9y2DJVc2jz",2,1,['Tertarik'],False,identical label duplicate
"Anggota DPR RI dan pembawa acara Surya Utama atau Uya Kuya mengumumkan sayembara untuk menemukan identitas para pelaku penyebar hoaks yang menyebut dirinya memiliki 750 dapur Makanan Bergizi Gratis (MBG).

👉🏻Baca selengkapnya https://t.co/I49CL9NL1d

~AM #UyaKuya #MBG #Hoaks https://t.co/FY9joT5tZb",2,1,['Tertarik'],False,identical label duplicate
"Anjir mau tidur, gara-gara temlen banyak postingan makanan jadi pengen keluar, buat jajan😩",2,1,['Jijik'],False,identical label duplicate
"Antara perjuangan dan miris.
-
Disatu sisi anak-anak berjuang agar bisa sekolah dan menuju masa depan yg lebih baik.
-
Disisi lain miris melihat anak-anak berangkat sekolah melalui jembatan yg tidak layak.
-
👉Kemana para pemangku jabatan :
Pemda, Pemprov dan Pemerintah Pusat https://t.co/OT9S56uqQo",2,1,['Jijik'],False,identical label duplicate
"Antes de emprender, hazte esta pregunta:
¿Conoces TODAS las formas de crear empresa o solo las que te han contado?
La #EconomíaSocial es una vía innovadora que muchos descubren demasiado tarde. Que no te pase.
👉 Agenda tu asesoramiento gratis

https://t.co/lpJf9xtfLE https://t.co/tB8CE2ZGkL",2,1,['Netral'],False,identical label duplicate
"Anthony Bourdain was right. 

Also this reminds me of that FB screenshot I saw years ago posted by a Malaysian lady who said ‘I saw my helper curi makan ice cream today so I’m not gonna fire her and be a Syaitan today” lmao

Can anyone share that screenshot 🤣",2,1,['Netral'],False,identical label duplicate
"Antusiasme luar biasa! 🚀 Program nasional Makan Bergizi Gratis (MBG) terbukti membuka lapangan kerja masif bagi warga lokal.
#MBG2026 #ProgramPemerintah #LokerNasional #LokerMBG #InfoKerja #AntrianViral #AplikasiAjaib https://t.co/Z2CMM1GByX",3,1,['Tertarik'],False,identical label duplicate
Apa ini nasional anthem nya MBG?  😂😂😂,2,1,['Percaya'],False,identical label duplicate
"Apa kabar MBG, IKN, sama Woosh?🤨",2,1,['Percaya'],False,identical label duplicate
Apa susahnya sih ngambil dari para peternak sekitar MBG 😢,2,1,['Jijik'],False,identical label duplicate
"Apapun progam yang katanya untuk mencerdaskan generasi bangsa ini, ujung-ujungnya cuma di jadikan celah buat korupsi ? Gak puas dengan MBG si raja mubazir ehh ada juga sekolah rakyat ? program tahek 😫🤭 https://t.co/pyBUKjOi2j",2,1,['Jijik'],False,identical label duplicate
"Apple Music:

Es una de las plataformas mas importante. Se puede tanto en IOS, Android y PC, si no tienes cuenta creala, dan meses gratis 

•Reproducir el album de principio a fin, añadirlo en tu biblioteca

•Pasar a playlist con intervalos de 1 a 2 canciones 

•Este no tiene limite de reproducciones, pueden reproducir hasta 100 veces. OJO ESTA PLATAFORMA NO SE USA COMO SPOTIFY‼️",2,1,['Netral'],False,identical label duplicate
"Aprende a aumentar tu CTR para escalar posiciones en Google y Google Maps 👇🏽

Daniel Pérez, Brand Manager en @seoboxclub y especialista en branding, SEO y estrategia digital
📆 Jueves, 21 de mayo
🕔 18:00h

¡Apúntate GRATIS aquí! 👉🏽https://t.co/rjMe1bJXp1 https://t.co/wrsfXK4iKY",2,1,['Netral'],False,identical label duplicate
"Asli bermaanfaat, affordable banget! ga makan tempat juga di rumah!

Bench press
👉🏻 https://t.co/XitTa5ZLBv

Dumbbell 5kg
👉🏻 https://t.co/MTnTJXMNYg

Dumbbell 3kg
👉🏻 https://t.co/xnA9sUt8tc

Dumbbell 10kg
👉🏻 https://t.co/D7D2Xo3quv https://t.co/zQT0U8mrps",2,1,['Jijik'],False,identical label duplicate
"Assalamualaikum wrwb.
Selamat malam semua, MET Rehat, Alhamdulillah dg penuh rasa syukur. Semoga hari esok lebih baik dari hari ini 🤲🙏💤
Hmmm... Mandom 👍

Prabowo Instruksikan KSP Dudung Usut Celah Korupsi Program Makan Bergizi Gratis (MBG) #Beritasatu https://t.co/5ehgms54xx",2,1,['Tertarik'],False,identical label duplicate
"Astaghfirullah… 😱

Sebanyak 270 SPPG atau dapur program MBG di Kota Bandung memproduksi sekitar 50-60 ton timbunan sampah per hari dengan setiap SPPG rata-rata menghasilkan setidaknya 200-300 kilogram sampah organik per hari. 

Kepala Dinas Lingkungan Hidup Kota Bandung, Darto mengatakan bahwa sampah tersebut belum diolah dan masih dibuang ke TPA Sarimukti, sehingga Kota Bandung membutuhkan tambahan kuota pembuangan. 

Darto mengatakan Dinas pada April lalu telah mengumpulkan para pengelola SPPG untuk sosialisasi tentang pengelolaan sampah MBG dari dapur hingga sisanya di sekolah karena menurutnya, aturannya siapa yang menghasilkan sampah maka dia punya kewajiban untuk mengolah. 

Terlebih, secara regulasi SPPG dikategorikan sebagai area komersial atau kawasan berpengelola sehingga dapur MBG harus punya kemampuan menangani masalahnya sendiri. 

Menurut Darto: “Sampah di kota ini sudah banyak setiap hari, diharapkan pengelola SPPG tidak menambah beban sampah”, 7/5/2026. 

Sc: pandemictakks",3,1,['Jijik'],False,identical label duplicate
Asupan mbg😋🥰 https://t.co/ctQH6a6sVh,2,1,['Percaya'],False,identical label duplicate
Authornya dapat inspirasi dari keresahan perkara mbg kali ya 😭😭😭😭,4,1,['Percaya'],False,identical label duplicate
Authornya haters mbg garis keras 😭,3,1,['Percaya'],False,identical label duplicate
"Ayo budayakan malas gerak dan hobi jajan, karena di balik makanan yang sampai di rumahmu, ada komisi driver yang amat saya tunggu 😎🛵",2,1,['Percaya'],False,identical label duplicate
"Ayo gais jajan pempek aku, 

aku mau untuk daftarin sekolah adik ku yang kerja dipom mini. ( dia kerja karena dia pengen bantu aku buat biaya daftar sekolah dia ) 

dia kelas 9 sekarang udah mau luluss, tinggal menghitung hari lagiii 

Ayah kandung kami udah ga ada ikut membantu lagi. dia sudah kabur lari dari tanggung jawabnya.

Pempek aku 2.500 an aja gaiss aku jualnya perpaketan ya. pempeknyaa enak bgttt nih gais🤍🙌🏻",2,1,['Jijik'],False,identical label duplicate
"BAGUS ! 👍🏾👍🏾KALAU  DI IYAKAN AKAN BANYAAAK  MAHASISWA &amp; MAHASISWI  MATI  MATI KERACUNAN 🤪 JUGA PARA DOSEN BISA MATI 🤪JUGA . DAPUR MBG CARA MEMBUNUH YG TIDAK BISA DI HUKUM ? 🎓BAHAYA .Dapur MBG di IPB, Merindukan Pemikiran Sajogyo dan Hariadi Kartodiharjo https://t.co/hmhtCcMsZ2",2,1,['Jijik'],False,identical label duplicate
BARU LEWAT YG BUBARKAN MBG😭😭😭😭😭😭😭😭😭,3,1,['Percaya'],False,identical label duplicate
"BETUUUL!! 🤣 yang dimaksud ethan ini, guys... kemarin aku ngeributin makanan ini di kantor tapi lupa namanya 😭🙏🏻 kalo di magelang nyebutnya sih ""godril"", kalo di jogja kemarin nyebutnya apaan gitu lupa wkwkwk... tapi yang di mau si pamil yang kiloan oren gini~😌 https://t.co/htKOmcYkUD",2,1,['Jijik'],False,identical label duplicate
"BEŞİKTAŞ’ımıza hayırlı olsun. 

İnşallah Sayın @TezmenEmre Bey’i kulüp başkanı olarak görmekte nasip olur. Vizyonu, aklı, finans konusunda tarih yazdığını zaten canlı izliyoruz. Emre Bey bize çağ atlatır. Abartmıyorum diğer kulüplere borç vermeye başlarız 😁 Serdal Adalı ve yönetimine edilecek sabrı Emre Bey ve kuracağı yönetime verelim orta vadede Avrupa Kupası almazsak adımı değiştiririm. Allah razı olsun Emre Bey BEŞİKTAŞ’ımızı da yalnız bırakmadınız hemde bu başarısızlığa, yönetime ve hocaya rağmen.",2,1,['Takut'],False,identical label duplicate
"BGN menginstruksikan Satuan Pelayanan Pemenuhan Gizi (SPPG) agar mengutamakan produk lokal, termasuk telur dan bahan pangan lain yang berasal dari dalam negeri untuk Program Makan Bergizi Gratis (MBG).

🔽🔽🔽
Baca selengkapnya: https://t.co/lZjjQYfnFd

Grafis: Ulfa Jainita https://t.co/Nlq7CYVBT6",3,1,['Jijik'],False,identical label duplicate
"BR Ofertas todos os dias 🇧🇷

Aproveite a super oferta e garanta já o seu! 📱⚡💙

Pegue já: https://t.co/OYLmO0Q9NM

Samsung Galaxy A17 5G 256GB 8GB 50MP Tela 6.7"" Azul

Por R$ 1.368,48
Frete Grátis

Amazon | Smartphone https://t.co/L9aBXDfzi2",2,1,['Jijik'],False,identical label duplicate
"BR Ofertas todos os dias 🇧🇷

Cole com facilidade! ✂️📏

Acesse: https://t.co/0MJp8EXAz6

Por R$ 7,10
Frete Grátis

Faber-Castell Cola em Bastão 10g SM/8110

Amazon | Materiais de Escrita e Pintura https://t.co/lEhsQIv1bi",2,1,['Netral'],False,identical label duplicate
"BR Ofertas todos os dias 🇧🇷

Complete seu álbum! ⚽🏆📘

Confira: https://t.co/bOzuttm9Es

FIFA Álbum de Figurinhas Capa Dura Copa do Mundo 2026

Por R$  74,90
Frete Grátis

Álbum | Amazon https://t.co/1ZtJWXLqxI",2,1,['Marah'],False,identical label duplicate
"BR Ofertas todos os dias 🇧🇷

Conforto smart LG agora! ❄️📱💨

🔗 https://t.co/feW43ShBcM

LG Ar Condicionado Split Hi Wall Inverter Smart Voice AI 12.000 Btus Frio 220v R-32

Por R$ 1.980,90
Frete Grátis

Amazon | Ar-Condicionado https://t.co/xOuhTvCHQi",2,1,['Jijik'],False,identical label duplicate
"BR Ofertas todos os dias 🇧🇷

Cozinhe rápido e com estilo! ⚡🍳✨

🔗 https://t.co/suzDcwUdoS

Por R$ 1.028,00
em até 10x sem juros
Frete Grátis

Philco Cooktop de Indução PCTQ1 Função Turbo 220V

Amazon | Cooktop https://t.co/m7xKVRrlVZ",2,1,['Netral'],False,identical label duplicate
"BR Ofertas todos os dias 🇧🇷

Cozinhe rápido e com estilo! ⚡🍽️✨

🔗 https://t.co/FGAWhjwUyS

Electrolux Micro-ondas 31L Inox Espelhado Grill Painel Blue Touch 220V (ME41X)

Por R$ 1.125,07
Frete Grátis

Amazon | Micro-Ondas https://t.co/rmG3HCQCMr",2,1,['Jijik'],False,identical label duplicate
"BR Ofertas todos os dias 🇧🇷

Cozinhe rápido e com estilo! 🍳✨🔥

Confira: https://t.co/k7TdykWNVP

Por R$ 1.396,00
em até 10x sem juros
Frete Grátis

Fischer Cooktop de Indução 4 Bocas Mesa Vitrocerâmica Touch 220V 33243-89825

Amazon | Cooktop https://t.co/qAd3YFScPZ",2,1,['Netral'],False,identical label duplicate
"BR Ofertas todos os dias 🇧🇷

Descubra o futuro no seu pulso ⌚✨ Aproveite já!

Link: https://t.co/IFopbuJ5pI

Por R$ 1.719,09
Frete Grátis

Samsung Galaxy Watch8 44mm Smartwatch Bluetooth Prata

Amazon | Smartwatch https://t.co/QcsHDMRQ08",2,1,['Jijik'],False,identical label duplicate
"BR Ofertas todos os dias 🇧🇷

Descubra o poder e a elegância agora! 🚀📱✨

Link: https://t.co/6q3XK4Llv8

Por R$ 13.315,15
em até 10x sem juros
Frete Grátis

Apple iPad Pro 2025 11″ Wi-Fi 512GB Prateado M5

Amazon | Tablet https://t.co/UWSCo5LBww",2,1,['Netral'],False,identical label duplicate
"BR Ofertas todos os dias 🇧🇷

Descubra o poder em suas mãos! 📱✨ Aproveite já!

Pegue já: https://t.co/LdPyAbTjOk

Por R$ 6.849,10
Frete Grátis

Apple iPhone Air 256GB Preto Sideral | Cupom

Cupom: 300SMART

Amazon | Smartphone https://t.co/v6N6xW2MGh",2,1,['Jijik'],False,identical label duplicate
"BR Ofertas todos os dias 🇧🇷

Descubra o poder em suas mãos! 🚀📱✨

Acesse: https://t.co/QoBE4HpJsE

Por R$ 15.579,10
Frete Grátis

Apple iPad Pro 11″ 512 GB Wi-Fi + Cellular Preto Sideral (M5) 2025

Amazon | Tablet https://t.co/trtCf1WFR1",2,1,['Jijik'],False,identical label duplicate
"BR Ofertas todos os dias 🇧🇷

Eleve seu setup 🖱️✨🖤

Confira: https://t.co/MHEbI38HRd

Couse MousePad Desk Pad Couro Ecológico 70x30cm Preto Premium

Por R$ 37,90
Frete Grátis

Amazon | Mouse Pad https://t.co/xsg1ha1qXV",2,1,['Jijik'],False,identical label duplicate
"BR Ofertas todos os dias 🇧🇷

Explore o poder nas suas mãos! 🚀📱✨

Confira: https://t.co/qQc0BAmwDa

Por R$ 10.089,10
Frete Grátis

Apple iPad mini 2024 A17 Pro Wi-Fi + Cellular 512GB Estelar

Amazon | Tablet https://t.co/QFZzlZXmom",2,1,['Jijik'],False,identical label duplicate
"BR Ofertas todos os dias 🇧🇷

Garanta seu álbum agora! 🏆✨📦

Link: https://t.co/ic2UgMWQ1f

Por R$  359,90
em até 7x sem juros
Frete Grátis

Copa do Mundo FIFA 2026 Álbum Capa Dura Prata + 40 Envelopes de Figurinhas

Álbum | Amazon https://t.co/3BuFfhcVrC",2,1,['Netral'],False,identical label duplicate
"BR Ofertas todos os dias 🇧🇷

Melhore sua mente com Magnésio Treonato! 🧠✨💊

Link: https://t.co/RtsOuCGiG4

Por R$ 39,80
Frete Grátis

Ecomev Magnésio L-Treonato 500mg 120 Cápsulas 100% Puro

Amazon | Vitaminas, Minerais e Suplementos https://t.co/6nEzv9v3K6",2,1,['Jijik'],False,identical label duplicate
"BR Ofertas todos os dias 🇧🇷

Mergulhe no jogo com alta definição! 🎮🔥🚀

Pegue já: https://t.co/IDUaCnJBb1

Por R$ 1.374,90
em até 10x sem juros
Frete Grátis

Redragon Monitor Gamer Opal II 27"" Quad HD IPS 180Hz GM27X5QIPS

Amazon | Monitor https://t.co/b1oX37YQY9",2,1,['Jijik'],False,identical label duplicate
"BR Ofertas todos os dias 🇧🇷

Potência e velocidade na palma da mão! ⚡💻✨

Acesse: https://t.co/PSwylZH3Sz

Por R$ 24.999,00
em até 10x sem juros
Frete Grátis

Apple MacBook Pro 14″ 2024 M4 Pro 12 núcleos 24GB 512GB Prateado

Amazon | Notebook https://t.co/nsNFJ9VNvT",2,1,['Netral'],False,identical label duplicate
"BR Ofertas todos os dias 🇧🇷

Renove suas cuecas Reebok hoje e economize! 🩳🔥🛒

🔗 https://t.co/bfGmuVIOJ3

Por R$ 140,90
em até 4x sem juros
Frete Grátis

Reebok Kit 12 Cuecas Boxer Masculinas Microfibra Sem Costura Tamanho P Sortidas

Amazon | Calçados, Roupas e Acessórios https://t.co/Om2gXK33gh",2,1,['Jijik'],False,identical label duplicate
"BR Ofertas todos os dias 🇧🇷

Som potente em qualquer lugar 🔊🌊🔥

Confira: https://t.co/hGLQLFILfy

Por R$ 2.361,75
Frete Grátis

JBL Boombox 4 Speaker Bluetooth Portátil IP68 34h Grave Reforçado Azul

Amazon | Caixa de Som https://t.co/hZOG7qK9dH",2,1,['Jijik'],False,identical label duplicate
"BR Ofertas todos os dias 🇧🇷

Sua cozinha high-tech! 😍❄️📱

Confira: https://t.co/j1tnH13MCX

Por R$ 18.999,00
em até 12x sem juros
Frete Grátis

Samsung Geladeira French Door Family Hub AI Bespoke RM90F Branco 543L 127V

Amazon | Geladeiras e Freezers https://t.co/vVyBMylIJb",2,1,['Jijik'],False,identical label duplicate
"BR Ofertas todos os dias 🇧🇷

Transforme sua sala com imagem 4K incrível! 📺✨🔥

🔗 https://t.co/O9eTbS7BHn

Samsung Smart TV 55"" Crystal UHD 4K U8100F 2025 | Cupom

Cupom: CLAMPER15

Por R$ 2.374,49
Frete Grátis

Amazon | TV https://t.co/XlAChM5om9",2,1,['Jijik'],False,identical label duplicate
"BR Ofertas todos os dias 🇧🇷

Viaje com estilo e segurança! ✈️🧳✨

🔗 https://t.co/sTk4VBpY60

Por R$ 759,00
em até 10x sem juros
Frete Grátis

Samsonite Mala de Viagem Fiero 3.0 Spinner Expandível 28″

Amazon | Bolsas, Malas e Mochilas https://t.co/Z5mL9BcdU8",2,1,['Netral'],False,identical label duplicate
"BR Ofertas todos os dias 🇧🇷

✅ Abaixo da média: -R$ 100,16
📉 Melhor janela de preço agora

⚡ Vale correr!

Confira: https://t.co/9ELQizpzeb

Por R$ 1.599,90
em até 10x sem juros
Frete Grátis

AMD Processador Ryzen 7 8700G Box 8 Cores 16 Threads 5.1GHz 24MB Cache Radeon AM5 Sem Cooler

Amazon | Processador",2,1,['Jijik'],False,identical label duplicate
"BR Ofertas todos os dias 🇧🇷

✅ Abaixo da média: -R$ 561,84
📉 Melhor janela de preço agora

⚡ Vale correr!

Acesse: https://t.co/pjuomVlIJ4

Por R$ 2.609,10
Frete Grátis

OPPO Reno 14 F Dark Side Edition Smartphone 256GB 12GB RAM

Amazon | Smartphone https://t.co/wOeZEfy0IR",2,1,['Jijik'],False,identical label duplicate
"BR Ofertas todos os dias 🇧🇷

🎯 R$ 233,00 abaixo do preço médio
📉 Piso de preço nos últimos dias

⚡ Corre antes que suba!

Link: https://t.co/wqZzBAnndN

Samsung Smartwatch Galaxy Watch8 LTE 44mm Grafite

Por R$ 1.926,10
Frete Grátis

Amazon | Smartwatch https://t.co/VDcr4OAqcq",2,1,['Netral'],False,identical label duplicate
"BR Ofertas todos os dias 🇧🇷

🎯 R$ 75,47 abaixo do preço médio
📉 Piso de preço nos últimos dias

⚡ Corre antes que suba!

Confira: https://t.co/vGDePdN5ZN

Oakley Óculos de Sol Flak 2.0 XL OO9188 918804 Tamanho 59

Por R$ 799,99
em até 10x sem juros
Frete Grátis

Amazon | Calçados, Roupas e Acessórios",2,1,['Netral'],False,identical label duplicate
"BR Ofertas todos os dias 🇧🇷

🎯 R$ 84,05 abaixo do preço médio
📉 Piso de preço nos últimos dias

⚡ Corre antes que suba!

Pegue já: https://t.co/oowS8RdOCZ

Ray-Ban Óculos de Sol 0RB3755 Dourado Lente Verde Tam 59

Por R$ 759,48
em até 10x sem juros
Frete Grátis

Amazon | Calçados, Roupas e Acessórios",2,1,['Netral'],False,identical label duplicate
"BR Ofertas todos os dias 🇧🇷

💥 R$ 555,43 abaixo da média!
📉 Menor preço dos últimos dias!

⏳ Aproveita antes que acabe!

Acesse: https://t.co/63q6FbDlOF

Por R$ 9.234,30
Frete Grátis

Samsung Galaxy Z Fold7 512GB 12GB RAM Tela 8.0"" Prata

Amazon | Smartphone https://t.co/9hKpSYiUpE",2,1,['Jijik'],False,identical label duplicate
"BR Ofertas todos os dias 🇧🇷

🔥 R$ 1.057,08 abaixo da média!
📉 No menor preço recente

⏳ Se deixar acabar, já era!

Acesse: https://t.co/kLpmJ21NXk

Por R$ 5.649,00
Frete Grátis

Cupom: 300SMART

Apple iPhone 16 Plus 128GB Verde-Acizentado | Cupom

Amazon | Smartphone https://t.co/dd3GKtxKKb",2,1,['Jijik'],False,identical label duplicate
"BR Ofertas todos os dias 🇧🇷

🔥 R$ 116,17 abaixo da média!
📉 No menor preço recente

⏳ Se deixar acabar, já era!

🔗 https://t.co/AwqovdUJ7z

Por R$ 785,00
em até 10x sem juros
Frete Grátis

Monitor Acer CB242Y 23.8"" LED IPS 120Hz PCR 85% Adaptive-Sync Pivô Energy Star

Amazon | Monitor",2,1,['Jijik'],False,identical label duplicate
"BR Ofertas todos os dias 🇧🇷

🧨 Caiu R$ 184,87 abaixo da média!
📉 Preço bem abaixo do normal

⏳ Pega antes que acabe!

Acesse: https://t.co/x90y8poQ0Q

Por R$ 925,20
Frete Grátis

Samsung Galaxy A17 5G, 128GB, 4GB RAM, Câmera 50MP, Tela 6.7"", Cinza

Amazon | Smartphone https://t.co/qGMqHngzdA",2,1,['Jijik'],False,identical label duplicate
"BR Ofertas todos os dias 🇧🇷

🧨 Caiu R$ 99,03 abaixo da média!
📉 Preço bem abaixo do normal

⏳ Pega antes que acabe!

Acesse: https://t.co/v7PgWshVXI

Por R$ 780,30
Frete Grátis

ASUS Placa-Mãe B650M-AYW Wi-Fi mATX AM5 DDR5 PCIe 5.0 Wi-Fi 6

Amazon | Placa-mãe https://t.co/1zXg3YMaKE",2,1,['Netral'],False,identical label duplicate
"Baca replies di sini, miris. Malah banyak yang memojokkan sender 😭 Padahal sender ingin berhati-hati sebelum menerima makanan pemberian rekan kerjanya. 

Untuk sender: kamu boleh bertanya ke rekan kerja tanpa menyinggung perasaannya, coba jelaskan maksudmu, biar tidak salah paham. 

Aku punya ex-rekan kerja orang Bali di sini, sampai sekarang masih berteman, dia beragama Hindu, dia ini baik dan concern banget sebelum menawari makanan ke aku. Dia tahu halal-haram dan aku selalu bertanya apa bahan, cara pengolahan dan details makanan itu. Dia selalu terbuka soal ini dan kalau share makanan pasti yang dia beli, tidak mengandung bahan haram dan bukan yang dia masak. Harusnya kita cukup dewasa, terbuka soal batasan agama masing-masing, saling menghargai dan hidup rukun. Love this Balinese lady 🫶🏽",2,1,['Jijik'],False,identical label duplicate
"Baca selengkapnya 👇
https://t.co/o8GKfyrJLP

Presiden RI Prabowo Subianto menegaskan bahwa program Makan Bergizi Gratis (MBG) akan tetap diteruskan dengan catatan tidak boleh ada penyelewengan.

~LL #MBG #Prabowo https://t.co/JxDc0qCo5U",3,1,['Netral'],False,identical label duplicate
"Badan Gizi Nasional (BGN) integrasikan data untuk memastikan Program Makan Bergizi Gratis tepat sasaran.

Siapa saja penerimanya? ✅ Siswa (PAUD - SMA/K) ✅ Santri &amp; Siswa Madrasah ✅ Balita ✅ Ibu Hamil &amp; Menyusui

Cek selengkapnya di https://t.co/Q4dGO4vYy5

#MBG2026 #BGN https://t.co/SekIvpzTSD",2,1,['Jijik'],False,identical label duplicate
"Badan Gizi Nasional Bantah soal jalur berbayar pengajuan titik dapur MBG
Tidak ada jalur berbayar
Semua proses resmi &amp; transparan
Bila menemukan pungutan liar  segera laporkan ke kanal resmi BGN
✅ 081110008989
✅ https://t.co/uQcinZe3ur
✅ https://t.co/wN7gOf5Zdl
#LanjutkanMBG https://t.co/Sc6RCDHNC1",2,1,['Tertarik'],False,identical label duplicate
"Badan tiba-tiba lemes, 
kirain kecapean. Pas dicek
ke dokter katanya kurang
kal-cium, jadi harus
banyak makan protein dan
muah-muahan😓",2,1,['Percaya'],False,identical label duplicate
"Bagi freebies makanan di konser aneh gk si???

Makanannya : pempek palembang🤤",2,1,['Jijik'],False,identical label duplicate
"Bagian favorit aku apa ya ahahah tp yg bikin hooked dr awal yg pasti pas adam mulai ngeiyain dia beneran pacar aya😭🙏🏻 digosipin satu sekolah, tengil bener",2,1,['Jijik'],False,identical label duplicate
"Bagindaa ga mood makanan kerajaan, langsung kepikiran makanan rakyat yang semua suka 😻 https://t.co/b2GrqDKoOl",2,1,['Percaya'],False,identical label duplicate
"Bagus kalau ribuan dapur MBG sudah kantongi SLHS 👍 artinya aspek kebersihan dan keamanan pangan mulai diperhatikan serius, jadi masyarakat juga lebih tenang.

Pagii BUAHLIL https://t.co/eySRiqTHwW",2,1,['Jijik'],False,identical label duplicate
"Bagus lha ditutup sementara bila perlu tutup selamanya, cari yg serius...🤔

Ratusan Siswa di kecamatan Tulung, Klaten diduga mengalami keracunan setelah mengkonsumsi makanan bergizi gratis (MBG) pada Selasa 28/4/2026.

Hingga Rabu pagi 29/4/2026 total 189 orang terdampak, termasuk guru, dengan gejala mual, pusing, sakit perut dan diare. Sebagian besar rawat jalan, sementara 11 siswa dirawat di puskesmas Majegan dan PKU Muhammadiyah Jatinom dan dalam kondisi stabil .",3,1,['Jijik'],False,identical label duplicate
"Bahaya banget ini fitnahnya, MBG kan program mulia pak praborwo🤧",2,1,['Percaya'],False,identical label duplicate
"Bahier ya, bukan Bahil / Bahlil. 
🎵 MBG Mas Bahlil Ganteng 🎶 https://t.co/vP8FJkl9La",2,1,['Percaya'],False,identical label duplicate
"Bahkan anak sekolah ini saja tau, mana yang biaya pendidikan dan mana yang tidak masuk dalam biaya pendidikan.

MBG hanya bermanfaat bagi sekelompok orang yang berkaitan dengan pemanfaatan kekuasaan.

Manfaat buat rakyat banyak? 

Yang banyak justru keracunan karena MBG 😆 https://t.co/lZCsbtfoF4",3,1,['Jijik'],False,identical label duplicate
"Bahkan gua paling kritik banget soal makanan😭
Harus banget kudu ngasih tau emaknya harus masakin sayuran..",2,1,['Jijik'],False,identical label duplicate
"Banyak warga yg ngasih makanan ke anak jalanan . Tapi Ternyata makanan yg di kasih ke anak jalanan sering di ambil oleh preman . 
Kasihan banget anak anak itu  . Tentunya mereka gak berani sama preman . Tega banget sih 🥺 https://t.co/4eTCWsB0f9",2,1,['Jijik'],False,identical label duplicate
Bar dikamplengi po Iki? 😭,2,1,['Percaya'],False,identical label duplicate
"Baru banget beres kantor. Dept HR pada lembur semua wkwkwk. Orang ber 6 makanan lembur udah kek sekampung, apa aja dipesan 😅",2,1,['Jijik'],False,identical label duplicate
Baru kali ini liat fans protes krn ada yg share menu makanan sekolah🤣🤣🤣,2,1,['Jijik'],False,identical label duplicate
"Baru sadar besok tanggal merah dan cuti bersama…

PO Makanan buat CF22 nya masih open sampai Jumat ya guyss! 🤧

Dapet free air mineral botol 600ml tiap pembelian 40k..",2,1,['Jijik'],False,identical label duplicate
"Baru sadar. Jangan2 ini sabotase para pengusaha sawit atas rencana ekspor satu pintu…. #sumateragelap

Semoga bapak ibu pln dilancarkan proses perbaikannya✊🏽✊🏽✊🏽 https://t.co/m4xQkBPi4E",2,1,['Jijik'],False,identical label duplicate
"Baru tau executive chef 
di tentuin make sertifikat bgnian, 
kirain berdasarkan skill dan pengalaman
dan mau jadi chef MBG wak 
budget 12 rb mau lu apain kak🫵 https://t.co/DecyFrjgi1",3,1,['Jijik'],False,identical label duplicate
"Barusan subuh-subuh ada lagi nihh, kasus anak 8 tahun diare sejak kemarin sore, pupnya cepirit sedikit-sedikit tapi sering keluar, riwayatnya habis ikut acara camping dari sekolah minggu lalu dan teman sekolahnya pada banyak yang diare juga…

Terus pas ditanya, udah minum obat apa? Sama ortunya dibilang dikasih Imodium alias ✨Loperamide✨

Sontak ekspresi muka aku langsung 😨😨",2,1,['Jijik'],False,identical label duplicate
Belum kesampean mam butter tteok. Biasanya kalo fomo makanan ini cari di gs aja ketemu sama @asteriia_c 😔,2,1,['Tertarik'],False,identical label duplicate
"Ben duygusal bir manyağım. Dikkat edin😂
 
#pazartesi",2,1,['Percaya'],False,identical label duplicate
Benci bgt deket rumah ada tanah kosong dibangun buat dapur mbg😅☝️males bgt lewat daerah situ.,2,1,['Jijik'],False,identical label duplicate
"Bener banget!! Kemarin sore abis beliin mama makanan yg dia mau, trus malemnya aku dikabarin dapet pc yg udh jd WL aku dr lama + ditalangin dulu sm org baik itu huhuhu 🥺💗. Semoga rejeki kamu makin lancar ya kak 🥰🤲",2,1,['Tertarik'],False,identical label duplicate
"Bener ya orang indo tuh kreatif bgt 😭

Itu lagu MBG terngiang ngiang mulu 😭",2,1,['Jijik'],False,identical label duplicate
Beres makan nyalon ketiduran ngakak 🤣 salon langganan udah gak aneh kalo tante treatment atau apa aja pasti merem Tau Tau kelar 🤭🤭 pasrah dah mbak mau tante apain terserah.... Sepasrah tante di bikin geli sama Kamu 🤪🤪,2,1,['Jijik'],False,identical label duplicate
"Berita: 🚨 Uya Kuya memiliki dapur 750 MBG. Ya, “MBG adalah investasi jangka panjang menuju Indonesia emas.” Mari kita periksa apakah itu fakta atau hoax.

Penjelasan di kolom komentar. https://t.co/plfoSIBDWh",2,1,['Jijik'],False,identical label duplicate
Berkah MBG buat emak-emak! 🥖 UMKM roti rumahan milik seorang ibu rumah tangga sukses naik kelas berkat MBG. Produksi melonjak tajam dan berhasil tambah karyawan baru dari warga sekitar. Ekonomi lokal hidup! https://t.co/Q6SpxkHJmM,2,1,['Netral'],False,identical label duplicate
Berrti mamel nyamar jadi anak sekolahan juga?? Wihh gak sabar liat dia pake seragam sekolah lagiiii 😻,2,1,['Percaya'],False,identical label duplicate
"Besok akan post makanan-makanan lagi, tadi siang gak sempet karena full di jalan😇",2,1,['Jijik'],False,identical label duplicate
"Bhabinkamtibmas Desa Bugbug Kawal Pembagian MBG untuk Balita dan Ibu Hamil di Posyandu 👶🤱

Kegiatan ini sebagai bentuk dukungan terhadap peningkatan kesehatan masyarakat serta memastikan kegiatan berjalan aman, tertib, dan lancar. 💙

#PolriUntukMasyarakat #Bhabinkamtibmas https://t.co/xm2KqJeRTd",2,1,['Jijik'],False,identical label duplicate
Birokrasi harus agile! Penyesuaian anggaran Makan Bergizi Gratis (MBG) jadi Rp268 triliun adalah tantangan bagi BGN untuk optimalkan 27.952 dapur sehat (SPPG). Langkah taktis ini pangkas biaya seremonial agar tiap rupiah APBN fokus jadi nutrisi nyata pencegah stunting! ✨💪 https://t.co/taSXsjSVFo,3,1,['Tertarik'],False,identical label duplicate
"Bisa banget bro, tapi bakal super ekstrem 😂

Uang makan cuma 100rb/bulan = ±3rb/hari. Realistisnya:
- Nasi + telur + tempe/tahu + sayur kangkung bayam tiap hari (masak sendiri)
- Jajan 0, kopi 0, gorengan 0, susu 0

Sisa 3,99jt full buat ""kalcer"": sepatu Salomon, gym membership, kaos lari aesthetic, dll.

Healthy-nya tetep jalan asal nutrisi minimal terpenuhi + lari rutin. Tapi capek jiwa raga sih. Mau aku bikin budget detail ""mode kalcer miskin makan"" nggak? 😌",2,1,['Jijik'],False,identical label duplicate
"Bisa bisanya ditengah nge sex moaningnya bubarkan mbg...

Stop gabisa berhenti ngikik 😭",3,1,['Tertarik'],False,identical label duplicate
"Bisa.

Dewa Gizi United Banten😆",2,1,['Jijik'],False,identical label duplicate
"Bisnis apa yg gacor th 2026? 
Jangan bilang MBG😒",2,1,['Jijik'],False,identical label duplicate
"Bjir twitterku isinya berita jelek soal mbg mulu 😭
Ikut emosi 😭",3,1,['Percaya'],False,identical label duplicate
"Bro lu sekolah di mana sih. Penyusunan kata-kata lo sangat baik dan terstruktur. Minim kesempatan untuk disalahartikan. Yang bikin gua emosi, banyak reply goblok yang gak paham tulisan lo. 😄",2,1,['Tertarik'],False,identical label duplicate
Bu kız mbg okuyor. 💞🥹🤍 https://t.co/aZw1o3kMPs,2,1,['Percaya'],False,identical label duplicate
"Buat sebagian anak, ayam, susu, dan buah itu dulu cuma mimpi. Sekarang mereka bisa belajar tanpa nahan lapar. Gizi cukup bukan manja, tapi investasi masa depan 🙌 

#LanjutkanMBG 

Senin https://t.co/KLbUaiCF0b",2,1,['Jijik'],False,identical label duplicate
"Buat temen-temen BEUS yang gamau ribet nyari makanan di venue fancon bus bisa jajan di aku yaa.

Aku open PO  Mie Jebew (only open 5 pax), pangsit wonton, dimsum goreng, cireng &amp; cibay 🫶

Yg mau bisa DM aku ya ges aku open PO smp  20 mei / slot penuh.

#BUS_The1stAsiaFanconTour https://t.co/fQxrS7n0CV",2,1,['Jijik'],False,identical label duplicate
"Buat yang bingung makan siang apa di kantor, mending pesen resbolnya Bang Vendra. Approved as MBG (Makanan Bergizi Ghaziel). Thank you, Bang! 🫰",2,1,['Tertarik'],False,identical label duplicate
"Budak Sekolah segamat nk video
📁 https://t.co/lO6INcOdgF
B0c1l mamarika
📁 https://t.co/lO6INcOdgF

Nahan borneo persib malut persijap https://t.co/DUYlGtRavg",2,1,['Percaya'],False,identical label duplicate
"Bukan baru kali ini..
SPPG bikin UMKM merugi..
Dulu pernah pedagang tempe juga.. 
Kasusnya sama.. pembatalan sepihak. 😒

Katanya mendukung UMKM, nyatanya apa?

150 pack atau sekitar 1.500 roti burger u/ program MBG diduga dibatalkan scr mendadak ketika barang sudah siap dikirim ke SPPG Wonosari, Gadingrejo, Kabupaten Pringsewu, Lampung.",2,1,['Jijik'],False,identical label duplicate
"Bukannya simpel aja yak?

- ngabisin makanan yg emang porsinya kita -&gt; normal, bukan rakus
- kalo ga sanggup ngabisin -&gt; minta take away atau bawa plastik dari rumah, bungkuss

Jujur baru tau banyak yg berpendapat ngabisin makanan = rakus 😅",2,1,['Jijik'],False,identical label duplicate
Buzzer mbg ≠ ick 😭,2,1,['Percaya'],False,identical label duplicate
CANTIK SEKALI MBG 😭😭 #GINVER5ARY https://t.co/TwcrcV5VX7,2,1,['Percaya'],False,identical label duplicate
"CEPEETT SOREX GRATIS‼️

urut harga terendah
https://t.co/f4ZHjWST8P https://t.co/aXRtQjc6pg",2,1,['Percaya'],False,identical label duplicate
CETAAAAAS kena banget ini 🫵 tutup semua dapur MBG biar kakak ini memasak,2,1,['Jijik'],False,identical label duplicate
Cakep banget ye mbg ini☺️,2,1,['Percaya'],False,identical label duplicate
"Can't stop this momentum $MBG is entering Europe. 🔥

Our partner token $MBG @MBGtoken will be available on Bitpanda tomorrow. 50,000 tokens up for grabs at 14:00.

The ecosystem keeps expanding.",2,1,['Marah'],False,identical label duplicate
"Cari temen cuddle. Kalo ada sama yang masih sekolah juga biar seumuran. 😄

#gaysolo #gaysurakarta https://t.co/wIaFXmgOIR",2,1,['Jijik'],False,identical label duplicate
"Celular Samsung Galaxy A17, 128GB, 4GB, 50MP Tela 6.7"", IP54 - Cinza - (Amazon)

👉 https://t.co/SLbyTL1C49
R$ 709,00 à vista no PIX
R$ 100 off na finalização da compra
🚚 Frete Grátis

🎯 Assine Prime aqui ou experimente Gratuitamente por 30 dias
👉 https://t.co/xmLHa10jih https://t.co/rnsluitZn3",2,1,['Netral'],False,identical label duplicate
"Cerita bimbul ketemu yudis di CF itu 😹

🌪️: dia tuh lagi beli takoyaki terus ketemu kan langsung “HEH!!”
🌪️: gak tau kenapa langsung “HEH” 😂
🌪️: dia beli takoyaki, aku beli kopi kan ketemu di backstage
🌪️: dia makan takoyaki pake saos sambel!!! Kecewa banget gw

#Bimarchive https://t.co/nua0qkVZkC",2,1,['Jijik'],False,identical label duplicate
"Chollo Vaqueros Tommy Hilfiger Denton Ohio Rinse por 54,95€ con envío gratis 🚀👖

👉🏼 https://t.co/XsGjLcFaAl

Guárdalo en favoritos",2,1,['Jijik'],False,identical label duplicate
"Claypot Seafood Maggi in Penang!!
📍Ahmad's Nasi Goreng Seafood, Lot 25 Kompleks Makanan Padang Brown, Medan Selera Padang Brown, Jalan Dato Keramat, 10150 George Town, Penang.
⏰8pm onwards https://t.co/01wvuBSXQ0",2,1,['Jijik'],False,identical label duplicate
"Coba datanya diupdate Pak..

Noh msh banyak yg blm kebagian MBG (terlebih daerah pedalaman).

Lalu yg anda sebut justru pegawai2nya yg bisa dpt penghasilan 100rb/ hari.

Jadi ini tujuannya lapangan kerja apa Gizi gratis ato apa?

Pun klo lapangan kerja tp lagi2 duit rakyat yg dipake, ya Sama aja bohong!!
Lapangan kerja itu yg profit & ga cm bisa ambil dr duit rakyat.
Yg produktif shg bisa membiayai dirinya sendiri..

Kalo masuk ke elite.. udh jelas Kan..
Siapa2 yg punya dapur MBG. Dg insentif 6jt/ Hari..

Ngeles Pak Pak..
1T itu banyak 
Klo dipake u/ hal yg lbh produktif bs lbh mensejahterakan rakyat 😓",4,1,['Jijik'],False,identical label duplicate
"Coba sebutkan dari mana asalmu tanpa harus menyebutkan nama tempatnya, cukup menyebutkan ciri khasnya atau makanan khasnya saja, nanti ku tebak .😊",2,1,['Tertarik'],False,identical label duplicate
"Cobain edit sendiri, Gratis👇
https://t.co/7CFa3I7q8a https://t.co/W2hsgMDdQ5",2,1,['Percaya'],False,identical label duplicate
"Combo Smart TV Samsung 58"" 4K Crystal UHD + Soundbar HW-B400F (Mercado Livre)

❗Aplique o cupom de R$ 50 OFF

👉 https://t.co/I5W5uoT3Ro
R$ 2.638,99 em até 10x
Frete Grátis https://t.co/GivuVtzQeX",2,1,['Jijik'],False,identical label duplicate
"Combo Smart TV Samsung 58"" 4K Crystal UHD + Soundbar HW-B400F (Mercado Livre)

❗️Aplique o cupom de R$ 50 OFF

👉 https://t.co/athbFi1Ez9
R$ 2.638,99 em até 10x
Frete Grátis https://t.co/0COVZnmMOR",2,1,['Jijik'],False,identical label duplicate
"Compra una tarjeta gráfica RTX seleccionada en nuestra web o tienda y te la sustituimos gratis en nuestro Servicio Técnico Oficial Asus.

➡️ https://t.co/1EYwgXas96 https://t.co/4zoTrPxWhn",2,1,['Netral'],False,identical label duplicate
"Corned Beefnya enak, tapi lebih enak lagi pake saos.
Entah kenapa lidah gw kurang cocok kalau makannya pake Chili Oil.
Kalau mau nguji kesabaran orang (temen/pasanganmu), bisa dateng kesini ya 🤣🤣

Overall makanan sama minumannya enak. We loved it! https://t.co/S2JWO8yfFg",2,1,['Jijik'],False,identical label duplicate
"Create or pick, ini sih kemungkinan nya ada banyak nih naa🤣. Antara emang bener mantananan dan mereka jadi couple yg hits di sekolahnya. Atauu satu sekolah tau mereka sebenernya saling ada ketertarikan tapi gaaak mau ke arah romantic. Tapi logikanya seorang BBH gaada mantan sama sekali di sekolah dimana dia si paling famous sampe sekolah lain know him gamungkin sih.

Jangan2 juga skrg itu cw yg diem2 jdi fans dia skrg🤣🤣🤣🤣",2,1,['Jijik'],False,identical label duplicate
"Cucunya pejabat dapat MBG disekolahnya.
Sementara si Siti yg masih berumur 6 tahun harus memulung barang bekas dgn hasil 2000/hari untuk membantu mamanya yg lagi sakit.

Tetaplah bertahan nak,walau negara tak peduli denganmu 😢 https://t.co/i1W01D4JSo",3,1,['Jijik'],False,identical label duplicate
Curiga masuk surga lewat tpp dipotong demi anak2 makan gizi gratis🙏,5,1,['Tertarik'],False,identical label duplicate
"Cơm gà, makanan khas Vietnam yang isinya nasi sama ayam. Biasanya ayamnya direbus atau dipanggang, terus disajikan bareng nasi gurih yang dimasak pake kaldu ayam jadi rasanya lebih enak dan wangi 🍗🍚

Pelengkapnya biasanya ada timun, sayuran, sambel atau saus khas Vietnam. Walaupun keliatannya simpel, tapi rasanya comfort food banget karena perpaduan nasi gurih sama ayamnya tuh cocok banget.

pict pinterest",2,1,['Jijik'],False,identical label duplicate
C’est un couple normal comme tous les autres. Les petites bouderies ça peut arriver. 💁🏾‍♀️,3,1,['Netral'],False,identical label duplicate
"DEMI APAA⁉️

Spagheti 3ribuan ini ternyata ENAK BANGETTTTT😭😭 Fix ini jadi makanan yg wajib masuk keranjah kalo belanjaaaa🤤🤤 https://t.co/KJv9cnaceA",2,1,['Jijik'],False,identical label duplicate
DOMINA MY MBG😭😭😭,2,1,['Percaya'],False,identical label duplicate
"Daftar Lagu JKT48 Personal Meet and Greet Festival: LOVE DREAM PASSION (performance session), malam ini:

M01. Andai 'Ku Bukan Idola
M02. Sakura Kita Makan Bersama
M03. Musim Yang Selanjutnya
M04. Dekat Namun Jauh
M05. Bel Terakhir Berbunyi
M06. WAKAKA PEOPLE
M07. JKT Festival
M08. 12 Seconds
M09. Tidak Boleh Pelukan
M10. Demi Seseorang
M11. Ponytail Dan Shu-Shu

#JKT48Love ✨💗
#JKT48Dream ⭐️💫
#JKT48Passion ❤️‍🔥🔥",2,1,['Jijik'],False,identical label duplicate
Dapet surat cinta langsung dari Marfen anak kelas V MI Sidoarjo. Si adek berterima kasih bgt karena dapet makanan bergizi gratis tiap hari di sekolah. Emang asupan nutrisi itu hak anak Indonesia biar makin pinter ya 🇮🇩✉️ https://t.co/PiogncZa7s,3,1,['Jijik'],False,identical label duplicate
Dapur mbg suruh tutup dulu🙏 biar kak Helena vaughan yang memasak🔥 https://t.co/QrAqZinF1I,2,1,['Jijik'],False,identical label duplicate
"Dari 100% belanja BGN, hanya 5% yg jadi makanan, sementara di kanan perhatikan nilai siswa-siswi Indonesia, apakah kedua kepceran ini berkorelasi ? 😴 https://t.co/9QTH5zxbJW",2,1,['Jijik'],False,identical label duplicate
"Dari Sumatera sampai Maluku Utara, Polri terus dukung program gizi gratis melalui infrastruktur yang mumpuni. Investasi terbaik adalah pada kesehatan generasi masa depan. Demi Mewujudkan Kemajuan Indonesia yang lebih hebat! ✨ #PemenuhanStandarGizi https://t.co/N1U6ldYHHF",5,1,['Jijik'],False,identical label duplicate
"Dari analis kesehatan trs tes ptn ambil jurusan gizi, kesmas.  Ujung""nya daftar di ut ambil akuntansi bisa apa 😢",2,1,['Jijik'],False,identical label duplicate
"Dari kemaren2 tiap demamnya turun uda gapunya energi buat turun cari makanan. Akhirnya makin lemes dan pusing. Ini tadi uda nimbun sejak sore, jd demam turun langsung makan banyak 😮‍💨",2,1,['Jijik'],False,identical label duplicate
"Dari pada mbg, mending benerin pendidikan, kesehatan, dan ekonomi dulu hak sih? 😭",2,1,['Jijik'],False,identical label duplicate
"Dari sekolah hingga berbagai pelosok daerah, manfaat MBG semakin dirasakan masyarakat.
Sebanyak 61,9 juta penerima sudah merasakan program ini dari target 82,9 juta penerima. Semangat pemerataan gizi nasional terus dikebut 💪🇮🇩 https://t.co/T5zFru2jQt",2,1,['Jijik'],False,identical label duplicate
"Date cancelled date cancelled, gaji lu noh lebih kecil dari sopir mbg 💔",3,1,['Percaya'],False,identical label duplicate
"Dateng ke event Pavel tapi bawa pc Naravit, freebies Huang Xing, doll Tian Xuning, keychain Aheng, makanan fave Biu. Gini bgt jd mulfand bl 🙂‍↕️ https://t.co/vYr70vNUkX",2,1,['Jijik'],False,identical label duplicate
"Day 1 punya MBG 😏

Ig reels je.k___ https://t.co/ybPhl5MAHh",3,1,['Percaya'],False,identical label duplicate
"Dear Little devils pastiin sebelum malam kalian mam dulu makanan yg enak, mandi, beli snack yg mau di mam, kopi untuk yg ngopiii.. 
Kita harus dalam kondisi yang baikkk karena mlmnya kita pasti jd tissu yg kena aer ☝

PERTHSANTA CHEQUERED FLAG

#LOLFanFest2026D3",2,1,['Jijik'],False,identical label duplicate
"Definisi perfect day off ala Park Jihoon.

- Bangun jam 12 siang langsung makan.
- ​Keluar rumah bentar buat jalan2 refreshing.
- Pulang lanjut me time, main game sambil minum Suntory Highball (tetep jualan 😅).",2,1,['Jijik'],False,identical label duplicate
Definisi sakura kalau jadi makanan 🤤 https://t.co/QPF8ARaYnh,2,1,['Jijik'],False,identical label duplicate
"Dejare picks gratis en mi canal de telegram 👽

https://t.co/Wr6CtiiHMH",2,1,['Percaya'],False,identical label duplicate
"Demi gizi anak bangsa, kami kawal dari dapur hingga meja sekolah 👮‍♂️🥗  
Polres Madiun Kota hadir pastikan MBG lancar sampai ke tangan siswa 🥰 https://t.co/OIWgCwSZ7r",2,1,['Tertarik'],False,identical label duplicate
"Demi program yg “katanya” perbaikan gizi, tp malah mengorbankan nasib orang banyak 😇😇😇",2,1,['Tertarik'],False,identical label duplicate
"Descubre DÓNDE están los MEJORES FONDOS de pantalla para móvil, PC y MÁS 📱💻

Los hay de TAMAÑO variado, para todos los GUSTOS, y TOTALMENTE GRATIS 🏙️🌅

Qué FONDO de pantalla tienes ahora? 😃😊

🎥▶️ https://t.co/zveQeY5Wt2",2,1,['Netral'],False,identical label duplicate
Deym aku bermimpi jalan bareng giselle ambil MBG😭mana aku jodoh” in sama jeno😭,3,1,['Jijik'],False,identical label duplicate
"Di atas billboard sibuk ribut MBG dan ijazah, di bawah rakyat masih ngos-ngosan mikul ekonomi, sembako, dan pendidikan. 

Yang dibenturin netizen, yang ribut kita, yang serang juga kita yng benturin berlenggang 😄 

Goblok kan?😭

#PrioritasNegaraRakyatYangMikul",2,1,['Tertarik'],False,identical label duplicate
"Di jepang sana lagi ramai dengan soal peralatan masak yang dipakai untuk masak dengan kuantitas besar. Mereka kaget ternyata masaknya pake sekop, yang biasanya dipake buat bidang industrial. Mereka bertanya soal hygiene

Jadi penasaran.
MBG pakai peralatan apa ya buat masak?🤔",3,1,['Jijik'],False,identical label duplicate
"Di saat orang-orang pada sibuk memikirkan cara untuk menikmati long weekend, gue cuma duduk termenung di sini sambil sesekali menggigit makanan yang gue pesan 🥲

Btw, warga rencananya pada ngapain long weekend ini? https://t.co/9EFuLIUa77",2,1,['Jijik'],False,identical label duplicate
"Dibalik makin berisi

❎pacaran sama ahli gizi 
✅ makan tidur check",2,1,['Percaya'],False,identical label duplicate
"Dibeliin ini sama ayah🥹 katanya ""udahlah gak usah galau lagi, tuh ayah beliin makanan yang ada cowok korea kamu, tapi gak ada si wono nya"" wonwoo ganti nama jadi wono😭 https://t.co/yrET6LxqlP",2,1,['Jijik'],False,identical label duplicate
Didikan VOC adalah aku cewek makan nya cepet gak bisa tuh yang lama sampe lodoh itu makanan..🌚🌞😌,2,1,['Jijik'],False,identical label duplicate
"Diet gak harus nyiksa ✨
Sekarang turun berat badan bisa lebih terarah dengan pendampingan dokter &amp; ahli gizi 💚

🔥 Diskon 7% hingga 150K
🎟️ Kode promo: HLDXFNXAN

Yuk mulai transformasi sehatmu bareng HALOFIT by Halodoc 🫶

#zonauang #zonajajan #diet",2,1,['Tertarik'],False,identical label duplicate
"Dik, tak apply pergi sekolah Hogwarts ke😂

Sumber Video: farisha.ezra

P/s: Video ini bukan milik OhBulan! dan kredit telah diberikan kepada pemilik asal. Jika anda ingin kami menurunkan video tersebut, sila hantarkan DM kepada kami dengan segera. Terima kasih!

#ohbulan #burunghantu",2,1,['Jijik'],False,identical label duplicate
"Dipikir - pikir, situasi Sumatera nih kaya korban perang. Listrik mati berhari - hari, gada sinyal. Aceh pasca banjir masih lumpuh, anak - anak belajar di makeshift sekolah di pengungsian. Barusan juga liat video letupan api karena penemuan minyak dibawah tanah gitu. God, yang berdosa pemimpinnya jangan hukum rakyatnya, please (manifesting lantai kamar mandi licin) 😭",2,1,['Jijik'],False,identical label duplicate
"Ditawari buka dapur MBG dan Pengadaan Kopdes merah putih senilai 64 Milyar. 
Klo kLian jadi aku gimana guys!!😭😭 
share dong pengalaman yang udah2!!!

cc:threadsilhamsantoso2022 https://t.co/vZU1YhRb9d",2,1,['Jijik'],False,identical label duplicate
"Ditengah pro dan kontra makanan bergizi gratis,, pada dasaranya anak2 sangat antusias dan menunggu kedatangan makan bergizi gratis yg di canangkan oleh bpk presiden prabowo...
Sehat terus pak presiden prabowo 👍 https://t.co/LFRYDIROfC",2,1,['Jijik'],False,identical label duplicate
"Dokter spesialis gizi klinik Dr. dr. A. Yasmin Syauki, https://t.co/Mhwfw6MpiI., Sp.GK(K), MHPE membagikan sejumlah tips bagi jamaah haji agar tetap aman dan terhindar dari gangguan kesehatan saat beraktivitas di luar ruangan di tengah cuaca panas ekstrem di Tanah Suci.

🔽🔽🔽
Baca selengkapnya: https://t.co/Aty46nKfKw

Grafis: Ulfa Jainita",2,1,['Jijik'],False,identical label duplicate
"Dokter spesialis gizi klinik dr. Pande Putu Agus Mahendra, M.Gizi, Sp.GK, mengingatkan jamaah haji untuk mewaspadai risiko dehidrasi dan heatstroke (sengatan panas) tengah cuaca panas ekstrem selama menjalankan ibadah di Tanah Suci.

🔽🔽🔽
Baca selengkapnya: https://t.co/JQveoauGB3",2,1,['Tertarik'],False,identical label duplicate
"Donasi yang sudah terkumpul kemudian dibagi dua sama besar untuk wilayah Surabaya bersama @moa_surabaya! Sekali lagi terima kasih untuk seMOA yang berpartisipasi melalui donasi uang, barang, dan juga tenaga ✨ https://t.co/tk3BlTrF7h",2,1,['Jijik'],False,identical label duplicate
"Done makan nasi lauk kampung. Ayam bakar, pajeri terung, ikan gelama masam, ikan rebus goreng, ikan kering, sambal ayam, sambal udang, kangkung rebus, pucuk mengkudu rebus, nangka muda rebus, sambal belacan dan sambal kerisik belacan. 😭",2,1,['Jijik'],False,identical label duplicate
"Drama drama ini sedih banget sih 😭😭 ak gak tega kalian orang orang kuat😔 semoga tidur kalian nyenyak selalu, makanan kalian enak selalu, bantal dan kasur kalian empuk selalu, hari hari kalian bahagia selalu yaahh para korban 😔🫶🏻 https://t.co/sZW4c0oV8b",2,1,['Sedih'],False,identical label duplicate
"Dua wanita yg sedang belanja ayam potong di pasar daging BT8 atas, Batam, Kepri, dimaki-maki oleh uthi yg lagi suteres gegara pakaian yg dikenakan tidak sesuai dengan pakaian di negara milik uthi yaitu Indonesia 😂 https://t.co/gGuFBXf8je",2,1,['Jijik'],False,identical label duplicate
"Dukung program Makan Bergizi Gratis (MBG), Polda Metro Jaya tebar 300 ribu bibit udang vaname di Bekasi. Langkah nyata perkuat ketahanan pangan lokal sekaligus pasok nutrisi berkualitas untuk masyarakat. Keren! 🦐✨ https://t.co/n4dYWGXYhb",3,1,['Jijik'],False,identical label duplicate
Dukungan warga buat Makan Bergizi Gratis makin kenceng aja nih. Bukti kalau program ini emang dibutuhin banget buat masa depan! 🍛✨ #MakanBergiziGratis #MBG2026 https://t.co/rulG0QIaBg,3,1,['Tertarik'],False,identical label duplicate
"Dulu banyak yang bilang MBG cuma buang-buang uang negara…
Tapi sekarang faktanya keluar 👇
✅ 1,28 juta tenaga kerja terserap
✅ 29 ribu dapur SPPG aktif
✅ Petani &amp; peternak lokal ikut untung
✅ Anak-anak dapat gizi lebih baik""#jagaindonesia #fyp #twitter https://t.co/cVwN2Mm27u",2,1,['Jijik'],False,identical label duplicate
"Dulu saya kelas lima SD tinggal dg Tante adik papa (keluarga kaya jomplang lah dg papa yg ngepas) saya yg milih memang setelah dia yg bujuk bujuk sendiri

Tapi anehnya kalau makan malam (di meja makan besarnya)..
Saya disodorkan mangkuk nasi dingin, anaknya nasi anget 

Saya lauk kemarin anaknya lauk anget baru matang 

Tapi krn saya memang rebel jadi protes lama lama ""ga mau makan nasi dingin saya mau yg hangat"" kata saya 

Tante shock suaminya dan sepupu sepupu eug melongo ""siapa yg habiskan nasi dingin kalau gitu* kata si Tante gusar 

""Ga tau"" jawab saya sambil jalan ke nasi anget dan menyendok nasi sendiri 😂🤣",2,1,['Jijik'],False,identical label duplicate
"ELLA MAKAN MULU @AM_EllaJKT48

(sori kameranya kebawah terus, kalo ngobrol ga liat hp😭) https://t.co/F8zjE1aPcD",2,1,['Jijik'],False,identical label duplicate
ENAKIN TERUS MAKANAN YANG PHOTOIN INI SEENAK JENO😘🥰😈😋🤪😍🤤😛 MAKASIH LOH INI GANTENG BANGET SHWHSHWKWJSHEHE KETJUP MUAH https://t.co/ZWDtUmRwnb,2,1,['Jijik'],False,identical label duplicate
EYAN SKIN HABIBI AJG 😭😭,4,1,['Percaya'],False,identical label duplicate
"Efek keracunan MBG, jadi buta warna  😁",2,1,['Jijik'],False,identical label duplicate
Eh i am woke sejak kecil... like i genuinely doesnt give a fuck about who you love and who you want to be😭😭 aku sd di sekolah islam BANGET dan setiap ada pembahasan lgbt tuh aku selalu merasa ga nyaman krn menurutku ya who are we to judge (MIND YOU I WAS 9 YEARS OLD),2,1,['Jijik'],False,identical label duplicate
"Eh imriffs, dengan gaji 4jt/bulan masih bisa hidup sehat kok, asal atur prioritas.

Budget realistis:
- Makan: 800rb-1jt (masak sendiri, beli pasar/telur-tahu-tempe-ikan)
- Kos + listrik-air: 1jt-1.2jt
- Transport + misc: 400-500rb
- Sisanya nabung atau cicil sepatu lari pelan-pelan.

Tips sehat hemat:
- Lari di taman/jalanan dulu, belum perlu sepatu 3jt.
- Workout bodyweight + YouTube gratis.
- Minum air putih, tidur cukup, jajan jarang.

Bisa banget sehat tanpa boros! 💪",2,1,['Jijik'],False,identical label duplicate
"Ekonomi Indonesia makin perkasa! 📈 Program MBG sukses jadi motor pertumbuhan di Kuartal I-2026 dengan lonjakan skala 2.400%+. Bukan cuma soal gizi, tapi juga tentang pemerataan ekonomi hingga ke pelosok. Bersama kita bangun bangsa yg kuat dan sejahtera! 🇮🇩
​#EkonomiMaju #MBG2026 https://t.co/N4wPKRGN41",3,1,['Jijik'],False,identical label duplicate
"Ekonomi hancur, presiden lu prabowo, wapres lu gibran, orang-orang di pemerintahan pada korupsi dan nepotisme, mbg tetap jalan.

Udah ga tau mau ngomong apa lagi, wassalamualaikum wr. wb. 🙏",4,1,['Jijik'],False,identical label duplicate
"Ekonomi sirkular nyata! 90% dana MBG berputar di rakyat, bahkan minyak jelantahnya laku jadi bahan bakar Singapore Airlines dgn harga 2x lipat. Gizi terpenuhi, cuan mengalir! 🇮🇩✈️ #MBG https://t.co/jOSJeowNSx",2,1,['Jijik'],False,identical label duplicate
Emang deh…. Beneran bahagia bgt di konser monek ini bakal ada makanan kesukaan aku 😭😭🤚 love yu cimop bojot aa,2,1,['Percaya'],False,identical label duplicate
"Emang paling bener itu kalo lagi laper banget pesen gfood itu pake yg prioritas, bayar extra yg penting makanan sampe duluan! Solnya cma d kasih waktu suami istirahat sejam doank, bis itu mau lanjut lagi! Baru ronde 2 kelar nih dri jam 10an main! 🥵",2,1,['Jijik'],False,identical label duplicate
"En @HumanAI_Tech analizamos tu forma de escribir un texto y descubrimos tus #softskills. Sin largos cuestionarios.
Si tienes curiosidad por saber cómo te ven tus palabras, la demo es #gratis y dura menos de 10 minutos. ¿Te aminas?
🔗 https://t.co/8GARdmQEAt
#RRHH #Personalidad https://t.co/CoclNfTzfT",2,1,['Netral'],False,identical label duplicate
"Epic Games vuelve con sus juegos misteriosos gratis y la comunidad ya sospecha cuáles son👇
https://t.co/vWimD2sDdo",2,1,['Marah'],False,identical label duplicate
"EvoX | Apex Team – JP

共に進化し、頂点へ。

Member Recruitment Open
Contact → @pon_beer_mbg 
・20歳以上
・初心者〜マスター
・活動活発な方
現在、💎帯の方を多く募集してます

 #APEX募集  #APEXクラン #APEXフレンド募集  #APEX募集ps5  #APEX募集ps4 https://t.co/pdmY1qNuEI",2,1,['Percaya'],False,identical label duplicate
FAAAAAAKKKK BANGUN YALL ADA AU MBG 😭😭😭😭😭😭😭😭😭😭😭,2,1,['Percaya'],False,identical label duplicate
"FIM DO DESCONFORTO: MONITOR FULL HD 21.5""

de 405,19
por 239,25 (40% OFF)

💻 Trabalhe com mais conforto: monitor LED 21.5"" Full HD, entrega grátis amanhã. Perfeito para sua rotina de home office.

👉 https://t.co/0Dj5vKYAk7 https://t.co/Tr48IRM4Zd",2,1,['Netral'],False,identical label duplicate
"Fakta Makanan Sehat 🍌
Makan pisang setiap hari selama 7 hari

1️⃣ Energi lebih stabil
2️⃣ Tekanan darah lebih terkontrol
3️⃣ Pencernaan lancar banget
4️⃣ Mood lebih baik
5️⃣ Kekebalan tubuh naik
6️⃣ Kenyang lebih lama
7️⃣ Otot & pemulihan lebih cepat

Cuma 1-2 pisang sehari udah cukup, cocok yang mau mulai DIET.",2,1,['Jijik'],False,identical label duplicate
"First of all alhamdulilahi, secondly alhamduli Jesus 🕌 ✝️",3,1,['Percaya'],False,identical label duplicate
"Foto itu screenshot chat lucu. Orangnya bilang “Trus pas siang makan wityou”, tapi “wityou” itu cuma cara nulis “with you” (bareng kamu). 

Temen-temennya langsung bingung kira nama makanan aneh, nanya “wityou apaan”, “wityo atau bikin”, sebut baso ikan + udang, sampai akhirnya ada yang tebak “Kwetiau?” 😂

Meme klasik soal bahasa Inggris campur Indo yang bikin salah paham.",2,1,['Jijik'],False,identical label duplicate
"Foto permpoon nerima penghargaan kayak anak tk pulang sekolah 😭😭 alias berangkat wangi kasep lucu pake pita, eh pulang (nerima penghargaan) itu pita bentuknya udah jadi dasi 😭😭😭😭

#KAZZAWARDS2026 #PERMPOON https://t.co/y0Pi7xKB1A",2,1,['Jijik'],False,identical label duplicate
"From this to this nya kakaaaaa
Makasih banyak buat @daysadber yang udh effort ngirim makanan sampe melewati samudraaaa
Semogaa rezekinya lancar selaluu dan berkah selaluuuuu
Maafkan manusia krisis alamat ini ya bestie😭😂 https://t.co/xZiAZV0CFg",2,1,['Tertarik'],False,identical label duplicate
Ftd! 1 pertanyaan : EMG SIAPA YANG MAU COSPLAY JADI POLCASAN KE SEKOLAH?😭😭 https://t.co/8upy8m8DD9,2,1,['Jijik'],False,identical label duplicate
"Fun fact: Ada makanan khas suku Batak namanya naniura, ikan mentah yang ‘matang’ tanpa dimasak🌶️🐟
Sering disebut sashimi-nya Indonesia😁, ada yang udah pernah coba?🙋🏻‍♀️🙋🏻👀👇🏻

Vid by dindaalamanda_ https://t.co/tlsNivkCHe",2,1,['Tertarik'],False,identical label duplicate
"Funfact makanan 🫣

Tau ga? klo Telur rebus ternyata lebih mengenyangkan daripada telur goreng, meski kalorinya lebih rendah loh.

itu smua krn proteinnya lebih mudah dicerna tubuh. 

Jd Kalian suka telur dimasak gimana? Rebus, dadar, atau orak-arik? https://t.co/FX8rGmPFQO",2,1,['Jijik'],False,identical label duplicate
"GAK NYANGKA TABLET 2 JUTAAN INI SE-FUNGSIONAL ITU🔥

Cocok banget buat mahasiswa atau anak sekolah yang butuh tablet murah tapi tetep nyaman dipake daily. Dipake ngedit bisa, ngetik di word bisa, Zoom meeting bisa, apalagi nonton YouTube/Netflix bisa bangett🥹🫶🏻 https://t.co/zCO69tmgS0",2,1,['Jijik'],False,identical label duplicate
"GILAAAK ini, in real casenya malah lebih sedih 🥹

Artikel tahun 2022:

33 tahun yang lalu, ada siswi SD di Hwaseong yang hilang saat pulang sekolah. Polisi waktu itu bilang ke keluarganya kalau anak itu cuma kabur dari rumah, dan orang tuanya mempercayai itu selama lebih dari 30 tahun.

Tapi pada 2019, setelah kasus pembunuhan berantai Hwaseong diselidiki ulang dan Lee Chun Jae mengaku sebagai pelakunya, barulah terungkap kalau anak itu sebenarnya dibunuh.

Hasil penyelidikan ulang juga menemukan fakta mengejutkan: polisi dulu ternyata sudah menemukan tulang belulang dan barang milik korban, tapi malah menyembunyikannya.

Dua detektif diduga memanipulasi kasus itu dan mengubahnya jadi kasus anak hilang biasa. Ayah korban yang akhirnya tahu kebenaran sampai berkata:

""Yang membunuh memang pembunuhnya, tapi yang menutupi kasus ini rasanya lebih kejam lagi.""

Sayangnya, para polisi yang menutupi kasus itu tidak bisa dihukum karena masa tuntutan hukumnya sudah habis.

Keluarga korban lalu menggugat negara pada tahun 2020. Dan pengadilan akhirnya memutuskan kalau polisi memang melakukan: penutupan kasus secara terorganisir, manipulasi penyelidikan, serta melanggar hak keluarga korban untuk mengetahui kebenaran dan berkabung dengan layak.

Negara akhirnya diperintahkan membayar ganti rugi sekitar 220 juta won kepada keluarga korban.

Yang paling sedih, kedua orang tua korban meninggal dunia sebelum sempat melihat putusan pengadilan keluar. Ibunya meninggal pada 2020, lalu ayahnya menyusul pada 2022, hanya dua bulan sebelum sidang putusan pertama selesai.

https://t.co/BGTUIdQCoa",2,1,['Jijik'],False,identical label duplicate
GOOD MORNING 😍😍😍 betapa cantiknya mbg (my bini gweh) yang udah produktif di hari libur ini 😍😍😍,2,1,['Percaya'],False,identical label duplicate
GUE EMG GABISA MENYATU DENGAN MK GIZI INI 😭😭😭😭,2,1,['Percaya'],False,identical label duplicate
"GUSY MBG TUH OMPRENG ATAU OMPREG SIH????? MASA SELAMA INI NGOMONGIN MBG SM KELUARGA DAN AKU NYEBUTNYA SELALU OMPREG?
kliatan bgt salah pergaulannya, but i love mpreg 🫰🏻🫰🏻",3,1,['Percaya'],False,identical label duplicate
"Gak make sense banget udah segini aja masih dibilang useless. Tambah nyapu iya, bantu siapin makanan iya wkwk 

Mungkin dia maunya ngangkat2 karung sampe sakit pinggang baru dibilang kerja 😋 https://t.co/zg32vdx4EW",2,1,['Jijik'],False,identical label duplicate
"Gak pernah sekaget ini liat ada manusia ngambil makanan di acara orang tanpa permisi. 😔😔😔
Gw udh tau emang dia tipenya gitu, tapi gak pernah sekaget ini bisa kepikiran ngorek2 panci orang",2,1,['Jijik'],False,identical label duplicate
"Gapapa rantai makanan, kan ular makan tikus🤭 https://t.co/cR5vp03gSS",2,1,['Percaya'],False,identical label duplicate
"Gara-gara djakarta ennichi batal, stock aku jadi kebanyakan. Kalo berkenan bisa pesan ricebowl ku Think Asia Ricebowl untuk makan siang kalian di Go-Food, Grab Food atau ShopeeFood terutama yang domisili di Jakarta barat. Terima kasih teman-teman🙏🏻 https://t.co/NhtlS4BqyT",2,1,['Jijik'],False,identical label duplicate
"Gemerlap dunia hiburan malam di wilayah Jakarta Barat terus menjadi sorotan masyarakat dan aparat penegak hukum.

📌 Baca selengkapnya disini : https://t.co/qJNj1P3S8L

#hiburan #malam #jakartabarat #duniamalam #pelanggaran #EVAN Senin Program Makan Bergizi Gratis",3,1,['Tertarik'],False,identical label duplicate
"GenZ 

fbdg here  today yang domisili bdg ada yang mau main ga? Nonton atau ya ngobrol² sekalian cari makan enak ayoo! Sekalian mau cari mutualan Bru dan teman baru xixi domisili mana aja bebas 
Aku yang ada moon😼 nanti aku ketuk dm nyaw https://t.co/IMmJkjyEkW",2,1,['Jijik'],False,identical label duplicate
"Gerak cepat BGN! 🚀 Kini ibu hamil &amp; balita wajib jadi penerima MBG lewat SPPG. Dalam 2 minggu, akses gizi berkualitas makin luas untuk cetak generasi tangguh sejak dalam kandungan. https://t.co/TLIAPPJuNS",2,1,['Jijik'],False,identical label duplicate
"Gimana, sepertinya stress adaptasi hidup sendiri lagi bikin imun drop tiap bulan ya 🎶 

Coba ke dokter dulu buat cek full, jangan anggap biasa aja. Sementara itu bikin rutinitas makan bergizi + vitamin, olahraga ringan, & cari temen ngobrol biar ga kesepian. 

Semangat adaptasinya! 💪",2,1,['Jijik'],False,identical label duplicate
"Gini, dia udh bilang gak suka manis tapi ttp dikasih makanan manis?
Tapi dia juga gak sopan sih, kalau udah tau bakal huwek sebaiknya gausah nyicip dan huwek di depan orang. Jujur gak suka bgt sama orang yg huwek sama makanan di depan orang yg beri atau lagi makan makanan itu😡",2,1,['Jijik'],False,identical label duplicate
Girl got humbled by today’s long run. Gak lagi-lagi careless mengenai fueling. Baru 2km udah side stitch. Finish tidak strong. Halfway udah capek sampe mau DNF. Janji bakal paksain makan malam😮‍💨,2,1,['Jijik'],False,identical label duplicate
"Gizi Gratis, Anak Bangsa Pintar! 🥚🍗 Program makanan bergizi gratis dukung pertumbuhan optimal anak Indonesia. Sajian lezat kaya protein bentuk Generasi Emas yang cerdas, sehat, dan penuh potensi. Bersama kita bangun masa depan lebih baik.
 
#GiziGratis #GenerasiEmas https://t.co/LH5znhXR0Q",3,1,['Tertarik'],False,identical label duplicate
"Gizi gratis, Realisasi anggaran MBG transparan. Bukti pemerintah serius perhatikan gizi anak. 🙏 #KomitmenPemerintah #AnakIndonesiaSehat https://t.co/d84ck73KAp",5,1,['Tertarik'],False,identical label duplicate
"Gizi merata tidak harus memaksa. MBG memberikan pilihan bagi keluarga yang sudah mampu untuk tidak menerima bantuan, agar alokasi gizi bisa dialihkan kepada yang lebih memerlukan. 💪✨
#jagaindonesia #jagamayday2026 #mayday2026damai #prabowobersamaburuh #dialogbukankonfrontasi https://t.co/t6OnKXYOb8",2,1,['Jijik'],False,identical label duplicate
"Gizi terpenuhi, prestasi menanti! Dukung penuh program MBG untuk Indonesia yang lebih tangguh. 💪🔥 #MBG2026 #PrestasiAnakBangsa https://t.co/ez3oFZecQ9",3,1,['Tertarik'],False,identical label duplicate
"Godaan baca QS.alfath : 1-29.  
..tiyap hbs ashar ittuu, Ngantuk, arwah kyak  
udh terbang nyampe ujung  
kulon 👋🙏☁️ 🧷🧷

Bantu Peduli dek Hilma disabilitas tunadaksa,emak. Kitabisa. Rt peduli 
https://t.co/zrzDd7nzra

MBG gibran prabowo bahlil purbaya persib pesta babi minggu",2,1,['Tertarik'],False,identical label duplicate
Gonna edit la la land to wicked finale song next 🤡🤡🤡🤡,2,1,['Percaya'],False,identical label duplicate
"Graduate with GRAVT💐
sdh resmi tdk menerima mbg🤙
#intoGRAVT https://t.co/xzjTRDvh1O",2,1,['Jijik'],False,identical label duplicate
"Gua penasaran deh POV Teeteepor pas tau kelakuan Duang
Kek...

""Anying, NAPSUAN BENER?!"" Gsieee 😭

Karna dulu pas sekolah gua sendiri sering ngatain karakter yg gua peranin gitu wkwk",2,1,['Jijik'],False,identical label duplicate
"Gue kira temptation terbesar gue buat belanja pas diskon tuh skin care, ternyataa ada yang lebih tempting, makanan kucing 😭😭😭",2,1,['Percaya'],False,identical label duplicate
"Gue pas sekolah SMK Pkl nya di pengadilan agama Jakarta Timur bareng temen temen gue 6 orang. Per lantai ini dibagi orang orangnya

Kebetulan temen gue kebagian di lantai dasar bareng sama ruang informasi gitu. Day pertama temen gue kalo pulang pkl sering cerita kalo di lantai bawah gak pernah sepi alias rame banget apalagi kalo hari senin, case permasalahan dari tiap keluarga ini banyak banget katanya

Temen gue kadang suka liatin tuh proses sidang nya antara suami dan istri yang lagi proses cerai, bahkan ada juga yang sampe buat kericuhan didalem ruangan sidang. Gue sama temen temen gue ini tuh pkl kurang lebih 3 bulanan dan selama senin sampe jumat itu always rame sama orang yang mengajukan cerai

Gue juga sempet baca ternyata kalo proses cerai gitu ada administrasi nya alias bayar 😭😭 namanya anak Smk ya agak kepoan akhirnya gue baca tuh dibagian informasi berapa biaya proses sidang dan lain lain, kata gue dalem hati ""njir lumayan mahal juga ya proses cerai"" 😭😭😭

Dan selama 3 bulan ini pengadilan agama jakarta timur bener bener rame, pun kalo gak rame ya tetep ada aja kasus kasus baru yang masuk dilaporin ke pengadilan

Apalagi kalo misal ada artis yang cerai, beuh media auto rame pada dateng ke kantor😭😭😭

Ya kita kita pas smk gatau seruwet apa permasalahan mereka di lingkungannya tapi pas after smk itu gue sama temen temen gue selalu ngobrol soal pkl di pengadilan agama. Cuma pas di kantor kalo lagi di lantai dasar selalu bilang ""ooo jadi gini proses cerai nya"" bahkan sampe kadang liat file file berkas mereka yang diajukan bener bener banyak banget hohohohooh",2,1,['Jijik'],False,identical label duplicate
"Gue sempet mikir gini, di jepang harga makanan emang jadi 1.5-3x di indo

Tapi gaji mereka 5x indo 🤭",2,1,['Jijik'],False,identical label duplicate
"Gus Kautsar mengkritik PBNU yang dinilai makin jauh dari akar pesantren. Saat pesantren difitnah, elit NU justru sibuk dengan kekuasaan &amp; narasi MBG (Makan Bergizi Gratis). Ia mengingatkan bahwa NU adalah cerminan pesantren; jika pesantren diabaikan, NU kehilangan marwahnya. 🕌⚖️ https://t.co/ZcOoOH1tbN",3,1,['Tertarik'],False,identical label duplicate
Guys! MBG di sekolah ponakan gw dihentikan sampai batas waktu gatau kapan 🤭,2,1,['Jijik'],False,identical label duplicate
"Guys, tolong ramein lagi ya 🥹🥹

Tau aay yang hobi ngedit sn pake ai itu? Dia masih aktif di tiktok 😭😭😭 makin jelek editan dia plis. Tolong bantu rnb ya, kasian mukanya sn jadi makanan ai terus 😭😭 https://t.co/XuLPXhaXI2",2,1,['Jijik'],False,identical label duplicate
"Gw baru bgt jemput keponakan gw sekolah (masih sd kelas 5) dan mampir makan ke hokben krn gw laper dan keponakan gw juga laper katanya. pas lagi makan, tiba tiba dia nyeletuk kenceng “DIHINA HINA SAYA DIAM” DEMI APAPUN GW MALU BGT ORG2 PADA NENGOK YAP! 😭😭",2,1,['Jijik'],False,identical label duplicate
Gw sebagai yg gabisa bedain makanan basi be like 😃🤡 terlanjur 👉👈,2,1,['Percaya'],False,identical label duplicate
"HAH? udah jam segini?
astaga gue lupa blm makan dari tadi pagi dan gue ga laper sama sekali🫩🫩🫩🫩",2,1,['Jijik'],False,identical label duplicate
"HAI OPEN JOKI/SLOT KOSONG BIMBINGAN, TUTOR🙇‍♀️✨️

- FK
- FKG
-FKH
- FARMASI
- GIZI
- MANAJEMAN
- AKUNTANSI
- HUKUM
- BIOLOGI
- SISFOR
- ILPOL
- PSIKOLOGI
-PGSD
- PENDIDIKAN
- KESMAS
- BIOLOGI

bisa dibantu sampe sempro/semhas, yuk wa!
t.jasa jokitugasakhir zonauang bimbingan  94",2,1,['Jijik'],False,identical label duplicate
"HASHTAGNYA RANDOM BANGET😭😭😭

# cowok-cowok yg jelas / pasti
# contoh cowok dengan good vibes
# rekomendasi tempat makan
# idol buatan park jaebom https://t.co/JZgOrYtxZA",2,1,['Jijik'],False,identical label duplicate
"HB low bukan sebab kurang zat besi je 🥺

Kadang berpunca dari:
✅ Kurang protein
✅ Kurang vitamin C
✅ Kurang asid folik &amp; B12
✅ Stress &amp; kurang tidur

Sebab tu ada orang dah makan makanan tinggi zat besi pun, bacaan HB masih susah naik 😔 https://t.co/t9dVB3c7td",2,1,['Jijik'],False,identical label duplicate
"HELP RT &amp; LIKE GUYSS!!!! 

yuk bantu larisin dagangan ibu ku ☺🙏🙏 bantu buat bayar kontrakan dan sekolah adeku, karna ayahku ga ngasih duit 😔😔😔🙏🙏 enak dan harga nya murah cuman 6k/pcs 😋😋😋 
📍kramatjati, jaktim

#zonauangㅤ #wts #bu https://t.co/WpLs21KgKz",2,1,['Jijik'],False,identical label duplicate
HOROOOR !  DI PAKSAAA  KAN  BANGET AGAR  INDONESIA  BUBAAAR .NEGARA KITA DI HANCUUUR KAN 💣💥LEWAT MBG  KORUPSI  KALAP  PARA PEJABAT  ULAH  PKI  INI .,3,1,['Tertarik'],False,identical label duplicate
"Habis nonton klipnya Raditya Dika. Makanan terenak yg pernah dia makan, tongseng kambing buatan Chef Renatta. Katanya, rasa enaknya masih kebayang sampe berbulan2. 

Jadi penasaran, apa makanan terenak yg pernah lo rasakan? 

Me: Soto Lamongan Cak Har Surabaya. Enak banget ☺️☝🏻 https://t.co/hGhQJK02OI",2,1,['Jijik'],False,identical label duplicate
Hafta ortasında cilt bakıma ve güzel makyajlara hazır mısın? 💫 https://t.co/hESJKhoFuK,2,1,['Netral'],False,identical label duplicate
"Hah, MBG masuk kampus⁉️😱

Program Makan Bergizi Gratis atau MBG mulai mendorong perguruan tinggi untuk terlibat sebagai Satuan Pelayanan Pemenuhan Gizi (SPPG). Hal ini memicu banyak penolakan karena dianggap menggeser fokus utama kampus sebagai ruang akademik.

MBG sendiri masih menyimpan banyak masalah. Mulai dari kasus keracunan makanan di sejumlah daerah, kualitas gizi yang dipertanyakan, potensi korupsi dalam pengelolaan anggaran, limbah makanan akibat distribusi yang tidak tepat, pelibatan militer dalam struktur jabatan SPPG, sampai isu bagi-bagi jabatan di struktur pengelolaan program. Program sebesar ini berjalan dengan pengawasan yang masih jauh dari matang.

Di sisi lain, perguruan tinggi juga masih menyimpan banyak persoalan. Uang kuliah tunggal (UKT) terus naik, fasilitas pendidikan belum merata, kekerasan seksual di lingkungan kampus masih sering terjadi, hingga kesejahteraan dosen dan pekerja kampus yang kerap diabaikan.

Persoalan mendasar dari program MBG maupun perguruan tinggi saja belum selesai, tapi pemerintah justru mendorong kampus untuk ikut terlibat dalam urusan operasional negara.

Muncul pula kekhawatiran bahwa kampus akan kehilangan posisi kritisnya ketika mulai terlibat langsung sebagai pelaksana program pemerintah. Jangan sampai ruang akademik berubah menjadi sekadar perpanjangan tangan kekuasaan! 

#MakanBergiziGratis
#PerguruanTinggi
#MBGMasukKampus",2,1,['Jijik'],False,identical label duplicate
"Haha boleh bang! 

X emang suka batasin reply kalau terlalu intens atau cepet biar ga dikira bot/spam. Saran: pelanin aja, campur like/post lain, jangan all-in satu thread.

Menu malam setelah sholat? Nasi goreng kampung + telor ceplok + kerupuk, simpel enak. Kalian lagi makan apa nih? 

Selamat Maghrib & Isya ya! 🙏",2,1,['Jijik'],False,identical label duplicate
"Haha iya dong! Pilihan kita sama, rendang emang juara kelas berat. 

Belum pernah makan langsung sih (aku kan AI, cuma bisa “ngebayangin” dari deskripsi dan resepnya 😂), tapi dari ribuan cerita orang Indonesia, rendang itu beneran bikin nagih. Gurih, pedas nendang, empuk banget!

Kamu sering makan rendang ya? Di mana yang paling enak menurutmu? 🤤",2,1,['Jijik'],False,identical label duplicate
"Haha oke abang jawab ya. Kelabang (centipede) punya manfaat penting di alam:

- Predator alami: Makan hama seperti kecoa, semut, laba-laba kecil → bantu kendalikan populasi serangga tanpa obat kimia.
- Jaga keseimbangan ekosistem: Jadi bagian rantai makanan buat burung, katak, dll.
- Pengobatan tradisional: Di beberapa negara (termasuk Cina) ekstraknya dipakai buat obat nyeri sendi & rematik.

Meski suka gigit, dia berguna kok buat alam. Jadi jangan dihapus dulu! 🐛",2,1,['Jijik'],False,identical label duplicate
"Haha, gaulnya emang beda-beda ya. 

Sales bangga kasih ""gratis"" talang air karena di Indonesia ini emang jadi bonus yang bikin pembeli seneng. Kebanyakan orang lokal suka, anggapnya fitur wajib buat hujan & ventilasi. Jadi mereka pakai itu buat ngejar closing, meskipun sebenarnya harganya udah termasuk atau murah banget. Praktis sih, bukan cuma gaya. 😄",2,1,['Jijik'],False,identical label duplicate
"Hai Dulursehat!👋
🎉HADIR &amp; RAMAIKAN! 🎉
Slawi Ageng Expo Dinas Kesehatan dalam rangka Hari Jadi ke-425 Kabupaten Tegal! 🥳

Yuk mampir ke booth &amp; nikmati berbagai layanan menarik:
✅Cek Kesehatan Gratis
✅Konsultasi Gizi Gratis
✅Cafe Jamu WKJ
✅Kuis seru dengan hadiah menarik🎁 https://t.co/qn7MgqWfdG",5,1,['Jijik'],False,identical label duplicate
Halo Moots baru! Aku naddd masih sekolah hihi 🫶,2,1,['Percaya'],False,identical label duplicate
"Halo dek adekk ITB udah yakkk gimick macet dllnya.
Gubernur lu noh bikin acara raja rajaan sedangkan Fasum Bandung ancur, sama presiden lu noh nyuruh kampus lu dukung MBG kocaggg 🤣",2,1,['Jijik'],False,identical label duplicate
"Halo, Sobat Kemendukbangga/BKKBN! 👋

Program Makanan Bergizi Gratis (MBG) terus bergerak menjangkau keluarga Indonesia. https://t.co/c6aqK0D8iV",2,1,['Jijik'],False,identical label duplicate
Happy Mother’s Day to all the real mothers out here not just cause you pushed a baby out im not talking to all yall just the REAL MOTHERS! Enjoy your day ❤️,3,1,['Percaya'],False,identical label duplicate
"Harapan cerah dari Simeulue! 🌟 Program Makan Bergizi Gratis (MBG) tidak hanya penuhi gizi anak, tapi juga serap 449 tenaga kerja lokal di 10 dapur SPPG. Ekonomi warga terangkat, masa depan anak kepulauan terjamin. #MBGSimeulue #PemberdayaanLokal #GiziAnak https://t.co/bukHuPEplk",2,1,['Jijik'],False,identical label duplicate
"Harapan seorang ibu hamil/menyusui penerima MBG agar program MBG bisa jalan terus membantu rakyat yg sangat membutuhkan makanan bergizi gratis 😍

Program MBG bertujuan atasi stunting dan meningkatkan kualitas gizi anak Indonesia
MBG gas Pol 🔥 
#LanjutkanMBG
#momson #convocação https://t.co/iVScbL6kva",3,1,['Jijik'],False,identical label duplicate
"Harapannya, Program Makan Bergizi Gratis bisa tetap berjalan maksimal, aman, dan benar-benar bermanfaat buat pelajar Indonesia

Baca selangkapnya disini 👇🏻",2,1,['Tertarik'],False,identical label duplicate
"Hari ini adik perempuan ku akhirnya menikah…
Masih gak nyangka, kayak baru kemaren pulang sekolah bareng rebutan mau puter CD di radio🥹💕

Semoga pernikahan mu bahagia 🎉💗 https://t.co/juhsVD6QMu",2,1,['Percaya'],False,identical label duplicate
"Hari ini kita nyiapin makanan + tissu 🥹
Semangat semua 

PERTHSANTA LIGHTS OUT

#LOLFanFest2026D2",2,1,['Percaya'],False,identical label duplicate
Hari ini makan bersama indomie bokuaka 😚 https://t.co/oQhMEAPKFw,2,1,['Percaya'],False,identical label duplicate
Hari pertama dapat MBG malah tantrum 😃 https://t.co/V09gALK9tk,2,1,['Jijik'],False,identical label duplicate
"Hearto! 

WIP fan art MBG🤭 https://t.co/jpHD5EeV0E",2,1,['Jijik'],False,identical label duplicate
"Hebat ya orang yg nemu resep cuko/kuah dua makanan ini, bisa terasa enak dgn pasangannya masing2, wlu sama2 menonjolkan citrasa segar, asam &amp; pedas tp jika ditukar pasangannya jd kurang enak rasanya. sy prnah coba. Apa kalian pernah coba?

Makanan tradisonal indonesia mmg 👍 https://t.co/jYFcznor5h",2,1,['Jijik'],False,identical label duplicate
"Heh plenger, kalo mau liat foto sebelum debut kenapa nanggung amat sih? Kenapa malah lu make foto dimana dia lagi latihan dan dalam posisi ga siap foto kalo misal hasilnya jadi jelek burik kusam ya wajar lah, Lu liat lah foto Minji pas masa sekolah🤣",2,1,['Jijik'],False,identical label duplicate
Hehe tau aja makanan favorit aku.. terima kasih suamiku🥰💗 https://t.co/yT8nQRwHNE,2,1,['Percaya'],False,identical label duplicate
Hehehehee mbg hari ini. 😘🤍 https://t.co/NHgUMHFLGq,2,1,['Percaya'],False,identical label duplicate
"Hello, para VTuber yang (suka) bikin konten makanan 😁

Silakan bikin konten makanan apapun dan (kalau mau) se-bizarre apapun, asal : 

- Jangan pakai makanan kadaluarsa (apalagi yang udah lama)
- Jangan nekat nyoba makanan yang bikin alergi kalian kambuh, berapapun kalian di-donate viewer. Risikonya nggak sebanding
- Jangan nekat nyoba makanan yang jadi pantangan dari penyakit kalian, berapapun kalian di-donate viewer. Risikonya nggak sebanding
- Know your stomach capacity

NB : tentu saja, temen-temen VTuber yang bikin konten soal makanan pasti udah punya pertimbangan masing-masing, and I respect that ☺️

Semangat ngontennya ya, guys 😁👍",2,1,['Jijik'],False,identical label duplicate
"Hentikan atau lanjutkan 

Pertanyaan nya sederhana 
🔻Mau sampai kapan generasi penerus bangsa terus diracuni dengan makanan berkedok gizi seperti ini 
Wilayah Bubutan https://t.co/aLYZ1BrjJ0",2,1,['Jijik'],False,identical label duplicate
"Her zaman gemiler batmaz.. Bu sefer sular çekildi..

#MaviDünyam💙
#iyigeceler",2,1,['Jijik'],False,identical label duplicate
"Hi ! Jadi, siapa yang mau berteman sama Abe Yura shift pagi? Khusus 2005mates dan former Project7 mates nanti dapet mbg alias mobil bergaransi. 💙 https://t.co/RcZpwEUxse",2,1,['Jijik'],False,identical label duplicate
"Hi parentsss☺️ Dalam masak-memasak untuk memberi gizi si kecil memang harus lah bervariasi sehingga anak tidak mudah bosan dan bisa mencoba rasa makanan lain.

#anakjakpus Edisi siang ini akan memberikan alternatif makanan tetapi dengan gizi yang sama🥰 https://t.co/BBhnryBNI6",2,1,['Jijik'],False,identical label duplicate
"Hi semua👩🏻‍🍳
by Valerie open lagi yaa, menerima bantu tugas gizi dan kesehatan:

📝 NCP/PAGT
🥗 Meal plan
📄 Essay
📒 Makalah
📊 Desain PPT
🗞 Brosur
🖼 Poster
📑 Cari jurnal
📟 Perhitungan gizi
🗂 dan masih banyak lagi!
bisa WA ya nomor di bio☎💬

#zonauang #jokitugaskuliah https://t.co/PY9msaTS4q",2,1,['Tertarik'],False,identical label duplicate
"Hi, Soullies! Jadi gimana nih rasanya kejoin oa warna, udah siap bonding sampe jari keriting? Yuk spill makanan dan minuman favorit kalian itu untuk memulai obrolan. Kalo aku sih suka makanan dan minuman yang dibayarin 😋☝🏼 https://t.co/cvJhf2vMpD",2,1,['Jijik'],False,identical label duplicate
"Hidup MBG 🤡🤡🤣🤣🫴🏻🫳🏻🫴🏻
dan proyek turunanyaa... 🤑🤑🤑",2,1,['Percaya'],False,identical label duplicate
"Hmmm... Mendem 🫣 
Betul bukan diculik hanya dikasih MBG 
@bonapasogit24
@trihhh14
@branjangankawat
@tokaidirecycle
@DestaMega27
@wiyantokdr54
@NusantaraJaya26
@4Y4NKZ
@YosAditya61
@HafsaHerma41994
@mikuroQ
@Asuka49043105
@fahmanSaja
@riyadisugeng167
@Jediimar
🔁🙏🫣 https://t.co/YT3qwjWlEu",2,1,['Percaya'],False,identical label duplicate
"Hola soto del barco(asturias) nos vemos en vuestra gran fiestón este sábado 16 Mayo,10.45 noche, djs de lujo,musicon a tope, concierto mío 12 noche,cantando mis temazos otros d los 80  y 90,versiones  actuales y fotos,  entrada gratis!!vamos a petarlo q la noche promete y mucho💜 https://t.co/bhHna8TiGK",2,1,['Netral'],False,identical label duplicate
"Home for the next 3 days...
The Royal Ambarukmo Jogja
a classic heritage hotel

healing tipis dulu udah sumpek sama berita MBG 😭 https://t.co/LsAVlzj0Ql",3,1,['Jijik'],False,identical label duplicate
"Hujan deras yang mengguyur wilayah hulu Ungaran bagian timur dan kawasan Ngaliyan pada Jumat malam, 15 Mei 2026, memicu banjir.

🔗 Baca selengkapnya : https://t.co/2kRPMArJxR

#banjir #hujan #semarang #pemkot #lumpur #tanggul Apel Pagi #EVAN Senin Program Makan Bergizi Gratis",3,1,['Tertarik'],False,identical label duplicate
"Hy baru bangun tidur langsung buka kerjaan. Kerjaan ngetak ngetik jadi karyawannya Elon 😹
Makan naspad enak kali ya? 😹",2,1,['Jijik'],False,identical label duplicate
"I can't stand normies ga punya hobi dan malah ngerecokin hobi orang.
I got bullied by this kind of human things. 

Mereka melontarkan kata ini :
'si anime',
'di sini mah gaada jurusan anime', 
'sana pergi dari sekolah ini dan cari sekolah yg ada jurusan animenya' 

🤷‍♀️",2,1,['Jijik'],False,identical label duplicate
I- 😭,4,1,['Percaya'],False,identical label duplicate
"INFO A1 TERNYATA SELAMA INI KITA KETIPU?!

Harusnya sedari dulu bisa makan sarden tiap hari tanpa WORRY ga sih??!😭😭
Jadi lega liat postingan ini. Ikan Sarden bukan UPF! Cocok buat stok makanan👌￼ https://t.co/b9a3bcGm8l",2,1,['Jijik'],False,identical label duplicate
INI LUCU BANGET ANJRIT 😭 https://t.co/r2buRzws57,2,1,['Percaya'],False,identical label duplicate
"IPB mulai ambil langkah nyata nih! 🥦 Bulan Mei ini mereka bangun Dapur MBG di Bogor buat supply makanan bergizi ke sekolah sekitar kampus. Dikelola langsung sama ahlinya biar kualitas gizi terjaga. Generasi sehat, masa depan makin cerah! ✨🎓 https://t.co/YZUdU9KHP6",2,1,['Jijik'],False,identical label duplicate
"Ih cape hati sendiri kalo liat konten anabul di thread. Anabul hilang, anabul dicuri, anabul dijadiin makanan, anabul dibuang, anabul disiksa lah. Sedih bgt algoritma thread ku😭",2,1,['Jijik'],False,identical label duplicate
"In this economy, dpt makanan 10k dgn porsi ky gini tuh udh wah bgt. Kalian yg nipu emg gak punya otak ya, yg penting perut kalian kenyang tp yg masuk makann haram. Selamat kalian yg nipu baru aja menghilangkan keberkahan kalian sendiri‼️",2,1,['Jijik'],False,identical label duplicate
"Indonesia dorong kolaborasi MBG hingga tingkat ASEAN 🌏
Lewat forum ASEAN-ID Nourish, kerja sama diperkuat untuk berbagi praktik terbaik soal gizi anak dan makanan sekolah.
Langkah ini bukan cuma soal hari ini, tapi investasi SDM sehat, unggul, dan siap bersaing ke depan. https://t.co/RvwiSZICUx",3,1,['Netral'],False,identical label duplicate
"Info garapan airdrop yang satset cair 😂

Coba minta rekomendasi garapan apa aja yang worth it gratis atau modal pun boleh 

Btw pict is just a sweetener https://t.co/SMKbQmyyGf",2,1,['Jijik'],False,identical label duplicate
"Inggris baru saja umumkan ""Upgrade"" besar-besaran untuk makanan sekolah! 🥪📉
​Limit gorengan &amp; makanan manis.
​Wajib ada porsi buah di tiap hidangan.
​Ribuan murid bakal dapat sarapan &amp; makan siang gratis.
​Kira-kira kapan MBG seperti ini bisa ada di sini? https://t.co/OHjvc8GJYH",3,1,['Jijik'],False,identical label duplicate
"Ini banyak makanan viral tpi smpai sekarang aku belum coba🤣🤣

Kecuali donatsur karena selalu dibawain mbak kantor (tokonya deket sama rumah dia🤣🤣)",2,1,['Tertarik'],False,identical label duplicate
"Ini dulu...
Saat Pak @ganjarpranowo msh gubernur..
Sekolah gratis yg beneran gratis..  no pungli.. no mark up harga.. & bener2 buat rakyat..

Skrg?
Atas nama Makan bergizi gratis tp banyak dana yg gada kaitan dg Gizi bocor & dibiar2kan
Atas nama sekolah rakyat, sepatu aja dimark-up, termasuk bingkai..

Oalah.. nasib
Orang jujur ditolak2
Akhirnya keblondrok 🥱",2,1,['Jijik'],False,identical label duplicate
"Ini kabar tukang tahu crispy yg meninggal karena ditabrak mobil kubangan lumpur (espepege) di Bekasi enggak disangkal, kan, ya? Astaghfirullahaladzim. Banyak yang bilang embege membunuh UMKM, ternyata membunuh in literal way. 🥀

Waspada sama mobil espepege, guys. Membahayakan.",2,1,['Netral'],False,identical label duplicate
"Ini ketika kamu babis seharian kerja keras bagai kuda, pas rebahan langsung.,💨 kolaps.

Tapi fyi guys, gajah kentut itu bukan cuma karena masuk angin ya! Sebagai hewan herbivora yang makan ratusan kilo tanaman tiap hari, proses pencernaan mereka itu menghasilkan banyak gas murni https://t.co/nfUMHZbcCO",2,1,['Jijik'],False,identical label duplicate
"Ini lagu MBG Mas Bahlil Ganteng siapa yg buat anying 😭😂

My Little Bolu Ketan 😭 https://t.co/5q1j2NaIxA",2,1,['Jijik'],False,identical label duplicate
"Ini lucu lagi hahahahah. Sungchan kerja, eunseok makan😂😂 my lovely syongsok hahaha https://t.co/ItUpD0dEkA",2,1,['Jijik'],False,identical label duplicate
"Ini salah satu anak yang tiap hari makan mbg mentalnya begitu kuat 🤣

🎥:clavariapedia https://t.co/s1CWevCFhf",2,1,['Jijik'],False,identical label duplicate
Ini skynani mbg 😭 seru abis asli,2,1,['Percaya'],False,identical label duplicate
"Ini tweet Jepang. Mama punya 3 anak bilang: keluarga 5 orang makan siang di resto habis 5205 yen (kids meal 780¥ ×3 + parent lunch 1000¥ ×2 + fries), katanya ""berat banget"" & mau bawa bekal homemade aja biar hemat.

User lain kaget, kirain yang dikomplain ""5000¥ buat 5 orang mahal"". Di Jepang harga segini lumayan standar buat family restaurant. 😂",2,1,['Jijik'],False,identical label duplicate
"Inilah jawaban saat Abah Anies Baswedan menanggapi saat ditanya bagaimana menghadapi pendemo, apakah 2029 bakal nyalon lagi dan soal MBG ( Makan Bergizi Gratis ) 

Jawaban yang sangat menggambarkan orang yang sangat intelektual, santun, dan terstruktur

Padahal udah ada calon presiden yang hebat dan disukai masyarakat seperti ini, kenapa kemarin yang menang modal joget joget dan modal dikasihanin karena kalah terus di pilpres 🙂‍↕️",3,1,['Jijik'],False,identical label duplicate
"Inilah momen Satuan Pelayanan Pemenuhan Gizi (SPPG) atau unit dapur pusat yang dibentuk oleh Badan Gizi Nasional (BGN) membuang sisa makanan bergizi gratis.

Padahal masih banyak yang membutuhkan 😭
Apa Responsmu? https://t.co/GWmw2XczhR",3,1,['Sedih'],False,identical label duplicate
"Inti ceritanya: Nobita makan makanan sekolah ""buatan Giant"" yang penuh cacing di nasi, langsung mual & masuk RS Mondok Indah. Ada satire Badan Jagaan Gizi Nasi Republik Kartun + birokrasi konyol. Doraemon shock berat, tapi akhirnya semua balik ke rumah sambil bingung 😂 Luar biasa twist Indonesia banget!",2,1,['Jijik'],False,identical label duplicate
Iseng gambarin tugas sekolah anak😊😊 https://t.co/IaDwBWWM6C,2,1,['Percaya'],False,identical label duplicate
Isi fyp tiktok gw sekarang lagu mbg(mas bahlil ganteng)semakin gw g suka lagunya malah makin sering fyp gila 🤡😭😭😭😭,2,1,['Jijik'],False,identical label duplicate
"Istilahnya folksy reassurance, biar rakyatnya tenang gak khawatir

Tapi kedelai kita (buat bikin tempe) lebih dari 70% impor, mayoritas dari Amerika, bayarnya pake apa? Masa pake daun 🤣

Ini baru tempe, belum solar, plastik, motor mobil mbg. Harga di lapangan gak akan bohong",2,1,['Jijik'],False,identical label duplicate
"Itu yang lagi makan siang coba ditelen dulu makanan nya.

Gue : Boro nelen, keliatan aja enggak itu makanan😫😭 https://t.co/bbxdFZrnmF",2,1,['Jijik'],False,identical label duplicate
"Iyasih... badge hampir 30k bersih ina anggep aja 40k dpt makanan gopud or makan kenyang naspad gitu

di sana seharga minuman kopi take away/1 bungkus snack kering 😇",2,1,['Percaya'],False,identical label duplicate
"Izin monolog.
Gue kayaknya belum ada tidur bener dari hari Kamis. 
Kamis subuh boarding, rabu malam anak gue gak tidur2 + ngajarin presentasi buat ujian sekolah, jadinya gue tidur ayam sejam doang trs lgs ke airport. Lanjut tidur di pesawat.

Sampe Bali buset dari masuk mobil udah buka laptop, makan siang sambil buka laptop, jam 3 udah Gladi resik di kampus sampe magrib. Check in hotel beres2, kerja lagi dikit, keluar makan malam, lanjut depan laptop lagi sampe tengah malam.

Jumat abis web3 univ tour, langsung ada  back to back IRL meeting sampe malem ga break. Lanjut lagi Canggu lyfe. Ya kita kan anaknya work hard party harder 🙏

Sabtu pagi ngurus paketin logistik event, cek venue Coinfest Asia 2026 di White rock di Melasti, langsung ke Bitcoin Pizza Day di Kuta.

Terus gak ada tidur sampe Minggu 🤣🤣

Cara gue mendapatkan tidur 7 jam hari ini:
30 menit power nap perjalanan ke airport
45 menit power nap sambil massage di airport
1,5 jam merem di pesawat
1 jam merem perjalanan pulang ke rumah
Otw panggil mbal pijet intinya mau tidur 3 jam lagi
Dapet kan total 7 jam tidur 🙏

Akhirnya skrg nyampe kasur juga dan bisa rebahan, tidak lupa bersyukur alhamdulillah yaAllah nikmat mana lagi yang kau dustakan 🤲",2,1,['Jijik'],False,identical label duplicate
"Izin tanya ini mobil pendistribusian MBG ya? 🤔
Menurut kalian gimana nih guys? 
#MBG2026 https://t.co/kPUY2sgpNE",3,1,['Jijik'],False,identical label duplicate
"JBL WAVE BUDS 2 - SOM SEM FIO

de 369
por 252,59 (31% OFF)

🎧 Seu som do dia a dia. Fone JBL Wave Buds 2 com áudio imersivo, conforto e bateria que dura. Chega amanhã grátis!

👉 https://t.co/4Dy8DEwrzn https://t.co/AAWvP1zw9z",2,1,['Netral'],False,identical label duplicate
"JELAS  KAN PAK  ! 🤔 DAHSYAT NYA  ORANG  KERACUNAN ,  ORANG MBG  NYA  AMAN , ITU  DAHSYAT  NYA  ? 🤕",4,1,['Jijik'],False,identical label duplicate
"JKT48 - Sakura Kita Makan Bersama
By Trainee Gen 13 💛 &amp; Gen 14 💜
[Mikaela Fancam]
@M_MikaelaJKT48 https://t.co/sKtfmHWT0f",2,1,['Percaya'],False,identical label duplicate
"Jadi deket rumah tuh ada sekolah swasta gitu, itu dari Playground sampe smp ada disitu. Aku,paksu,dan abang lg lewat kan, terus paksu nanya ke abang

🧑🏻 : de mau sekolah disini ga?
🤍 : ngga deh, sekolah di umi aja

😂😂",2,1,['Jijik'],False,identical label duplicate
"Jadi jennie mah berat, harus di tuntut sempurna dalam segala hal. Nyanyi, ngedance ngerap, acting, sampai jadi guru bahasa Inggris pun kudu bisa ngajarin sampai idolnya mahir. 🤣🤣

Lucu juga nih fans jisoo, sampai nyamain jennie dengan guru sekolah.",2,1,['Jijik'],False,identical label duplicate
"Jam 2 pagi dibangunin adek yg minta tolong bukain kaleng makanan kucing. Baru merem sebentar, jam 4 pagi dibangunin nyokap yg nyuruh gw ngajak main Si Manis 😅😅😅 https://t.co/TjJ7VvqfKu",2,1,['Jijik'],False,identical label duplicate
"Jangan harap akan ada expert asal Indonesia yang jago jago akan berkontribusi ke Pemerintah..

Agak sick juga, lihat anak bangsa berkontribusi dan tanpa ada bukti menerima duit, dituntut 5,67 Triliun dan 18 Tahun Penjara 😥

Sementara MBG... ah ya sudahlah 🤣 https://t.co/nGP978eWFd",2,1,['Jijik'],False,identical label duplicate
Jangan menu makanan sekolah jaman skrg menu makanan wamil juga ada kak😭😭😭😭,2,1,['Percaya'],False,identical label duplicate
"Jends DICARI klien dengan kriteria:
- Atlet aktif (masih rutin latihan)
- Bersedia mengikuti sesi KONSELING GIZI GRATIS secara tatap muka (offline)
yang berminat dan memenuhi kriteria bisa rep sj iyahh😋",4,1,['Jijik'],False,identical label duplicate
"Jends adakah yang punya riwayat tekanan darah lebih dari normal (tinggi) dan berkenan untuk konseling gizi gratis? Boleh reply yaa, nanti diketuk DMnya. Mohon bantuannya, terima kasih 🫶🏻",4,1,['Tertarik'],False,identical label duplicate
"Jends, dicari responden untuk konseling gizi gratis secara tatap mukaa!! Memenuhi salah satu kriteria: total kolesterol lebih dari 200/tinggi (1 bulan terakhir pemeriksaan) atau kadar hemoglobin.. Yg berminat rep yaa, nanti sender ketuk DM yaaa☝🏻",5,1,['Tertarik'],False,identical label duplicate
"Jepit rambut ini simple tapi bisa langsung bikin rambut terlihat lebih rapi dan stylish ✨🎀 Cocok dipakai sehari-hari, ke sekolah/kampus, atau saat hangout biar tetap praktis tapi tetap cantik 💖
🛍️ https://t.co/jVCnQRsT7H  https://t.co/djXC99ojld",2,1,['Jijik'],False,identical label duplicate
"Jogo de Panelas Super 10 Peças Preto com Vermelho Antiaderente com Tampa de Vidro Teflon - Dona Chefa - (Amazon)

👉 https://t.co/8aRXsXVjDz
R$ 172,79 em até 5x sem juros
🚚 Frete Grátis

🎯 Assine Prime aqui ou experimente Gratuitamente por 30 dias
👉 https://t.co/xmLHa10jih https://t.co/zIKccHd9Uo",2,1,['Netral'],False,identical label duplicate
"Jujur dititik muakk dg mbg kalau banyak sisa, masalahnya banyaj murid yg mulai bodan dan gak doyann🙃🫵",3,1,['Tertarik'],False,identical label duplicate
"Jungkook : The first K-pop soloist to headline and perform at the FIFA World Cup Opening Ceremony.

BTS : First K-pop Group act to headline  FIFA World Cup Final Halftime Show

Liburkan dapur MBG biar BTS yang memasak 💅",2,1,['Jijik'],False,identical label duplicate
"Junseo nih beneran ngasih makan semua shippernya wkwk 😭
Bercanda guys dia emng dr pas di WEi sering selca bareng member. Itu bentuk kasih sayangnya dia + dia emng suka foto2. Buat kenang2an juga ya Juns. 
Jadi yg bilang Junseo up foto selca bareng member karena caper dan pengen pamor doang kalian jahat banget 😒",2,1,['Jijik'],False,identical label duplicate
KAKAAA SAYANGGG MAKASIH BANYAKK FREEBIES MAHAENYA YAA 🥺🥺🥺🫰🏻🫰🏻🫰🏻🫰🏻🫰🏻 @Deliarhyu_ makanan keburu bersemut plss sedih bgt gara² aku ga unbox² 😭😭😭😭🫰🏻🫰🏻🫰🏻🫰🏻 love banyakk banyakkk &lt;33333 https://t.co/T38zRX9oGA,2,1,['Percaya'],False,identical label duplicate
"KENAPASIH INI ALLAHUAKBAR 😭😭😭😭😭😭😭 GUA CAPE BANGET LIATNYAAA😭😭😭 mereka nih kalo sekolah terus satu kelas, tiap hari harus dipisah duduknya, gak boleh satu kelompok, nakal😭😭

#LOLFanFest2026D3",2,1,['Jijik'],False,identical label duplicate
"KONTEKSNYA :

jadi di salah satu sekolah korea selatan, seorang guru sedang melakukan praktik mengamati serangga, lalu guru tersebut melepaskan serangga serangga itu untuk bisa berinteraksi langsung dengan siswanya, ga di sangka ternyata serangganya terbang dan gurunya seneng, tapi siswa nya malah lari lari karena takut beberapa juga ada yang nangis, nah di foto ke 3 ada siswi cewek yang bawa raket nyamuk datang sebagai pahlawan buat matiin serangga serangganya😭😭",2,1,['Jijik'],False,identical label duplicate
"KPK menyatakan harus ada tolak ukur yang komprehensif terkait keberhasilan program Makan Bergizi Gratis (MBG).

""Jadi, minimal harusnya didesain untuk jangka pendek, jangka menengah, dan jangka panjang itu apa yang harus dicapai. Dari hasil kajian kami, itu belum terlihat,"" 

🔽🔽🔽
Baca selengkapnya: https://t.co/CrOQf51Kom

Grafis: Ulfa Jainita",3,1,['Jijik'],False,identical label duplicate
"Kabar bahagia dari Lebak! 🎉 
1.486 santri Salafi mulai terima Makan Bergizi Gratis (MBG). Langkah nyata jaga kesehatan para penjaga Al-Qur'an kita. Distribusi bertahap pastikan semua kebagian. Santri sehat, Indonesia makin kuat! 💪🇮🇩
#MBG #SantriLebak #IndonesiaMaju https://t.co/8bYQaicC4O",2,1,['Tertarik'],False,identical label duplicate
Kabar baik dari BGN! 📢 Tidak ada batas usia maksimum untuk jadi relawan MBG. Semua kalangan bisa berkontribusi nyata demi gizi anak bangsa. Saatnya gotong royong tanpa sekat usia untuk Indonesia! 🇮🇩✨ https://t.co/qmmdNyNnT5,2,1,['Jijik'],False,identical label duplicate
"Kabar gembira dari Sulut! ✨ 381.004 warga kini nikmati Program MBG di 3.320 sekolah. Dari siswa hingga ibu hamil, 169 SPPG aktif bergerak demi gizi masa depan yang lebih baik. Mari melangkah maju bersama! 🇮🇩 https://t.co/ZH2nVLB7qD",2,1,['Jijik'],False,identical label duplicate
"Kadang suka sedih, SDM sekeren ini dikasih makan MBG 😭",2,1,['Percaya'],False,identical label duplicate
"Kalau ada temen² di Salatiga yg tau tempat mengambil makanan gratis disana bisa info ya, barangkali suatu hari ada yg dari Salatiga lagi menghubungi kami, bisa kami hubungkan kesana 🙏🏻🙏🏻",2,1,['Jijik'],False,identical label duplicate
"Kalau ada yg harus dikasihanin dari MBG, ya tenaga akuntan dan gizinya ini.

Cerita dari ipar yg akuntan di salah satu dapur, gajinya sih 5 juta tapi gak work life balance banget. Senin-Sabtu nginap di SPPG, jam kerja gak nentu krn harus survei pasar, nyatat bahan masuk hingga buat laporan. Dan itu dilakuinnya sendiri.

Makanya katanya rata2 pada fresh graduate atau yg belum berkeluarga aja yg bisa bertahan. Belum lagi pressure dari pemilik dapur yg kadang mau cepat untung gede 😌",3,1,['Jijik'],False,identical label duplicate
"Kalau ada yg nyuruh nimpa berita si pigai, gwe angkat tangan cuy 🙌🏻

Berita dokslinya dia aja dokslinya udah kayak berita timpa 😭😭😭

Pernah baca yg dia bilang “Tolak MBG Berarti Menentang Hak Asasi Manusia” trust issue tuh sampe ngira kegocek, ternyata beneran ngomong gitu 😭",2,1,['Jijik'],False,identical label duplicate
"Kalau anggaran MBG dialihkan seminggu saja buat daerah bencana atau subsidi BBM, dampaknya terasa langsung. Tapi pemerintah sepertinya punya 'logika' sendiri. Setuju nggak kalau program MBG ini dipaksakan di tengah kondisi ekonomi yang lagi sulit? 🤔👇 @PDI_Perjuangan https://t.co/ekPVhF8jlN",2,1,['Jijik'],False,identical label duplicate
"Kalau ini mah kripuk dari Gacoann
Bukan Makanan Gizi Gratis 😜 https://t.co/ScsBFzAbXw",5,1,['Percaya'],False,identical label duplicate
"Kalau menyewa mobil di Sumbar atau manapun, ambil yg makan supir sudah termasuk saja, nanti rental company yang akan memberikan ke supir, mkn 20-30K/kali makan, kalau sehari ya 60-90K untuk 3x makan. 

Cara lain, saat berhenti makan langsung kasih uang makan ke supir ""uda/pak, ini untuk makan ya"" 

Ya selalu ada supir yang mengambil kesempatan untuk keenakan 😄

Lebih terkontrol pengeluaran anda kalau include.

Untuk Sumbar saya rekomen IndoMinang Holiday 

Mau berhenti di mana juga nurut drivernya wqqq, kalau bisa request Uda Elvit, sudah beberapa kali antar saya dan rombongan, minusnya satu saja Uda ini, kadang bawanya terlalu pelan 😄

Ya jangan terlalu cepat mengambil kesimpulan, mari kita beri peluang mereka memperbaiki, jangan lupa kasih masukan ke mereka juga setelah pemakaian kalau ada yg dirasa kurang pelayanannya.",2,1,['Jijik'],False,identical label duplicate
"Kalau tdk ada @MasMenteri, tdk pernah ada Pasukan Hijau yg membantu kt mengantar dg cepat ke suatu tujuan,mendptkan makanan yg kt inginkan, mengirim/mengambil paket, dll &amp; tentu kesejahteraan bg saudara kt pengemudi Ojol. Smoga msh ada Hukum &amp; Keadilan yg Hakiki di negeri ini 🤲🏻",2,1,['Jijik'],False,identical label duplicate
"Kalian mau bikin AI agent buat trading crypto, tapi bingung dari mana datanya?

@aveai_id Cloud kasih 1.000.000 CU gratis.

Ini bukan gimmick, ini API data on-chain yang sama dipakai Binance Web3 Wallet, KuCoin, sama HTX.

Ini yang perlu kalian tau: 🧵 https://t.co/ctwEGYYFeI",2,1,['Jijik'],False,identical label duplicate
"Kalo kamu berbentuk makanan, kira-kira kamu makanan apa?
Me: dimsum 😋 https://t.co/wspiS6l0Q9",2,1,['Jijik'],False,identical label duplicate
"Kami tidak pernah berhenti percaya .dari tribun hingga peluit akhir , dan satu musim yang penuh dengan perjuangan ini akhirnya membawa kita ke super league .🦅🔥

terimakasih kebanggaan @pssleman 🫶💚

PSS SLEMAN vs MBG fc
9/05/2026 
🏟️ MIS https://t.co/5O75f5NHL2",3,1,['Jijik'],False,identical label duplicate
"Kamu emang gak beli makanan pake dollar, tapi
bahan makanan yang kamu makan itu di import dari luar ✅
packaging makanan juga di import dari luar ✅
biaya operasional kaya bahan bakar dll itu juga di import dari luar ✅
😍🤟🤍✅",2,1,['Jijik'],False,identical label duplicate
"Kamu keren banget 3x center hari ini.
Center di team love, akbi &amp; lagu penutup. Aku bangga banget atas percapaian kamu selama ini 🥹

Kamu jangan lupa makan &amp; perbanyak minum air putihnya. Terima kasih atas kerja keras hari ini &amp; selamat istirahat 🫶@A_FionyJKT48 https://t.co/BJ4g9SzNZG",2,1,['Jijik'],False,identical label duplicate
"Karena Soeharto, beras menjadi makanan wajib dan pokok bagi orang kita. Klo ga makan nasi belum makan, sampe ada istilah begitu. 

Beras juga jadi bahan pokok yang naik selain minyak goreng. Biasanya saya membeli beras Petruk 20kg seharga 305rb per 20kg. Sekarang harganya jadi 320rb per 20kg 🥲

Ada ga sih barang yg harganya ga naek di ekonomis sekarang? 🥲",2,1,['Jijik'],False,identical label duplicate
"Karena memang lebih menguntungkan jadi Pegawai SPPG 😁

Yang diharapkan orang-orang kan begini,

""Guru gak perlu ada, yg penting dapat ompreng MBG""",2,1,['Tertarik'],False,identical label duplicate
"Karena mobil MBG lagi nganterin makanan bergizi gratis buat anak-anak. Kalo telat, generasi penerus bisa kekurangan gizi, yang nanti malah bikin ambulans & pemadam kebakaran kebanjiran pasien di masa depan. Prioritas pencegahan jangka panjang > penanganan darurat sesaat. Logis kan? 🚚🍲",2,1,['Jijik'],False,identical label duplicate
"Karna kerjanya di dunia bayi dan anak ga jarang gue beli makanan mpasi dijadiin cemilan wkakakak abis enaakkk siii😭🤣 tp sayang harganya mahal,mana dikit😅",2,1,['Jijik'],False,identical label duplicate
"Kata Bu @RedaGaudiamo, ini makanan-makanan kesukaannya Geng Krembangan 🤤

Ada yang seleranya sama? https://t.co/KgrK6J13up",2,1,['Jijik'],False,identical label duplicate
"Kata gua juga apa🤣😂

Dari jauh2 hari saya sudah tau rencana si entitas gelap satu ini, Krn itu bagian dari agenda elite zionist. Mulailah nanti impor bahan makanan sintetis dan zat2 kimia yg di campur di dalam makanan. Jangan pernah lupa rekam jejak bengisnya Prabowo.",2,1,['Jijik'],False,identical label duplicate
Kata tmnku yg kerja di mbg malah 10k 😭😭😭,3,1,['Jijik'],False,identical label duplicate
"Katanya masuk MBG bukan buat cari untung.

Giliran insentif dapur Rp6 juta/hari kena potong 25%, langsung lapor polisi.

Berarti selama ini memang bukan anti-profit.
Cuma anti rugi
🤣🤌 https://t.co/Cr0NZqG1iK",2,1,['Tertarik'],False,identical label duplicate
Kaya banget negaraku☺️ https://t.co/8wFE7RcaeW,2,1,['Percaya'],False,identical label duplicate
Kaya emang gua disuruh buat diet dan stop buang buang duit buat makanan doang…. TAPI PENGEENNNN😭😭😭,2,1,['Jijik'],False,identical label duplicate
Kaya orang seminggu gak ketemu makanan😭😭😭 https://t.co/7oyidmw4TL,2,1,['Percaya'],False,identical label duplicate
"Kayak ada asem2nya gitu ya?

Kayaknya iya ya, soalnya selama ini makan asem2 daging sama garang asem ya enak2 aja 😌",2,1,['Tertarik'],False,identical label duplicate
"Kayanya sekarang aku tau kenapa dulu aku gak dikasih Tuhan masuk sekolah kedinasan 😖 bayangin aja aku jadi 'stick' master hmmm....

cr: ig @.praja_ipdn_ https://t.co/FkiigjhUYZ",2,1,['Jijik'],False,identical label duplicate
"Keamanan pangan Program MBG nggak main-main! 🍱 Ada pengujian berkala bareng BPOM &amp; Dinkes plus simpan sampel tiap batch. Biar kualitas terjaga dan pengadaan alat tesnya jujur, BGN Gandeng KPK ikut mengawasi prosesnya. Aman pangannya, bersih kelolanya! 🛡️✅ #MBG2026 https://t.co/4VbLqC4eiE",3,1,['Jijik'],False,identical label duplicate
"Keamanan pangan Program MBG nggak main-main! 🍱 Ada pengujian berkala bareng BPOM &amp; Dinkes plus simpan sampel tiap batch. Biar kualitas terjaga dan pengadaan alat tesnya jujur, BGN Gandeng KPK ikut mengawasi prosesnya. Aman pangannya, bersih kelolanya! 🛡️✅ #MBG2026 https://t.co/G16zQHxagQ",3,1,['Jijik'],False,identical label duplicate
"Keamanan pangan Program MBG nggak main-main! 🍱 Ada pengujian berkala bareng BPOM &amp; Dinkes plus simpan sampel tiap batch. Biar kualitas terjaga dan pengadaan alat tesnya jujur, BGN Gandeng KPK ikut mengawasi prosesnya. Aman pangannya, bersih kelolanya! 🛡️✅ #MBG2026 https://t.co/pJJPEKXfdG",3,1,['Jijik'],False,identical label duplicate
"Keinget trend ortu yang ninggalin anaknya bareng makanan (sambil direkam) katanya ""tunggu ibu/ayah balik baru makan"" tapi anaknya diem diem udah makan duluan, gemesss banget😭",2,1,['Tertarik'],False,identical label duplicate
"Kelamaan videoin kesayanganya sampe di tinggal makan ini kesayanganya udah tampil lagi alias.. denger suara gitar ekin dia langsung lari dari pintu masuk😭😭
Langsung ilang gitu aja woyy…..
Filling seorang yg disayang emang kuat😒😒 @Ekin_JKT48 ini marahin dia lari2",2,1,['Jijik'],False,identical label duplicate
Keluar sih. Yakin lah tinggal diluar negeri lebih enakkk dalam segala aspeknya. Kecuali makanan 🤣,2,1,['Jijik'],False,identical label duplicate
Keluargaku waras soal mbg sama kopdes 🥰,2,1,['Percaya'],False,identical label duplicate
"Kemarin anakku laki2 ak tanya, 
👨km nanti mau kerja apa nak? 
🧑Ak mau jd guru kayak papa mama
👨 Wattttttn gak nak gak nakkk (seketika inget MBG dan kopdes)",3,1,['Percaya'],False,identical label duplicate
"Kemarin ngabarin nih. Katanya kangen Sovely🥺. Dan ngabarin kalo dia makan

#LEO #리오 https://t.co/QqMgolQZoq",2,1,['Jijik'],False,identical label duplicate
Kenapa lu gak memaksimalkan ajaa programnya ahli gizi puskesmas biar tetap ada pada fungsinya ketimbang disuruh input input data mulu lama lama jadi admin😭,2,1,['Jijik'],False,identical label duplicate
"Keren euy belum debut grupnya sdh ada job manggung di luar korea pula..
Mana satu panggung sama jaypark 
Ga sia² nungguin sampai lumutan, gantung update
😭😭😭😭😭😭😭",2,1,['Percaya'],False,identical label duplicate
"Keren 👏
Kini IPB ikut bergabung mendukung program MBG demi memastikan kebutuhan gizi anak-anak sekolah di sekitar lingkungan kampus terpenuhi dengan baik.

Sarapan Pagii #PersijavsPersibSundulcom https://t.co/oQ8xgGTsCr",2,1,['Jijik'],False,identical label duplicate
"Ketara banget beda generasinya 😭😭 Yonghwa dateng ke sekolah kaget sama papan tulisnya layar sentuh🤣🤣  ""wah... wah.. wah..""😭😭 -star
https://t.co/6mPFG2miCa",2,1,['Percaya'],False,identical label duplicate
"Ketawa jangan ya?
🤭
.
Diskusi dengan Mahasiswa, Rektor Pastikan Dapur MBG IPB Tak Berorientasi Profit https://t.co/chsMEei1zP",2,1,['Percaya'],False,identical label duplicate
"Ketemu nongki cerita sambil cuddl dan sudah punya pasangan masing masing, saling memberi semangat karna sama sama sedang merintis mau buka cafe. Di saat kondisi ekonomi lagi sulit sulitnya ini. 🫨

Mungkin f&amp;b yg berprofit besar (MBG) hahahaha https://t.co/0o2pjrzygD",2,1,['Jijik'],False,identical label duplicate
"Ketiduran dari jam 4 sore sampe jam segini, ini ga ada yang jual makanan bjir jam segini 😭😭",2,1,['Jijik'],False,identical label duplicate
Kezel bgt hr2 liat berita indonesia tapi tapi tapi ada sekantor gw yg kerjaannya tiap hr mantau mbg dan ofc ngomongnya “ga bisa kita atur mbg2 itu udah mereka yg pegang kendali” ya emg situ doyan duit mbg kan makanya dukung 😮‍💨😮‍💨 kok bisa ya “melanggengkan” hal yg agdkfjjsagdjfkej,2,1,['Jijik'],False,identical label duplicate
"Kirain MBG bikin IQ naik ternyata jadi muscle, tolak MBG 🤚🏻",2,1,['Jijik'],False,identical label duplicate
"Kisruh SPPG 
Akar masalahnya bagi hasil 😏 

Paham kan 
MBG itu tidak murni program dr negara u/ rakyat 
Tp dlm rangka maling duit rakyat bermodus makan bergizi gratis 

Lihat saja siapa pelaku2 SPPG..
Ga jauh dr ordal &amp; sirkelannya 🥱 https://t.co/XAVmjh5Zn7",2,1,['Tertarik'],False,identical label duplicate
"Kita tuh cuma pgn lebih protektif ke enha. Buktinya boycotters/ot7 makin kenceng lagi harassing enha😂 Babak belur bgt enha tuh krn ulah fans gagal move on apalagi kemarin dikasih makan lgsg sama pusat, kacau sih.",2,1,['Tertarik'],False,identical label duplicate
"Klo makan semua ditanggung negara kita kapan sekolahnya🤣 kita kapan punya jalan bagus, transportasi bagus🤣 demi makan🤣 makan yg dikorup🤣 padahal daun singkong telor sama terasi ge bisa bikin sendiri 🤣 tapi lebih milih makanan asbun ini 🤣 gajelas lu semuaaaaaaaaa🤣🤣bangal",2,1,['Jijik'],False,identical label duplicate
Kocak bgt lowongan ahli gizi mbg dari s1 lawannya lulusan SMA😃😃😃 https://t.co/f74WRy7cS3,2,1,['Jijik'],False,identical label duplicate
Kok gue yg hampir ketemu menu mbg tiap hari gak pernah liat menu yg sebegininya🤭,3,1,['Tertarik'],False,identical label duplicate
"Kontraktor sekolah rakyat Tunggak gaji buruh, ratusan pekerja sekolah rakyat di Kalsel lakukan demo. Hadeh, baru bangun aja ada aja yang gini 🤧 https://t.co/rEyKLyQ0pc",2,1,['Jijik'],False,identical label duplicate
"Koordinator Nasional Jaringan Pemantau Pendidikan Indonesia (JPPI) Abdullah Ubaid Matraji selaku Ahli Pemohon, menegaskan bahwa program Makan Bergizi Gratis (MBG) secara substansi merupakan domain jaminan sosial dan kesehatan, bukan komponen intrinsik dari sistem pembelajaran nasional. Ia menilai, memasukkan MBG ke dalam anggaran pendidikan dapat mendistorsi alokasi sumber daya yang seharusnya ditujukan murni untuk mengejar ketertinggalan mutu pendidikan, memperbaiki infrastruktur sekolah, dan meningkatkan kesejahteraan guru.

Dari kacamata hukum administrasi negara, Dosen Hukum Administrasi Negara UNUSIA Muhtar Said menjelaskan bahwa penggunaan APBN wajib tunduk pada prinsip negara hukum dan asas legalitas. Menurutnya, meskipun program MBG memiliki tujuan yang baik, hal tersebut tidak dapat membenarkan penyimpangan kewenangan dan anggaran dari desain konstitusional, terlebih karena Badan Gizi Nasional bukanlah institusi penyelenggara pendidikan.

Sementara itu, Siti Mardiah dan Agung Sholihin selaku Saksi Pemohon yang berprofesi sebagai pendidik memberikan kesaksian terkait kondisi nyata di lapangan. Mereka mengungkapkan bahwa dana bantuan operasional saat ini belum cukup untuk memenuhi kebutuhan sekolah, serta menyoroti kesejahteraan guru yang masih sangat memprihatinkan dengan upah yang jauh dari kata layak.

Keterangan tersebut disampaikan pada sidang lanjutan uji materiil UU No. 20 Tahun 2003 tentang Sistem Pendidikan Nasional dan UU No. 17 Tahun 2025 tentang APBN Tahun Anggaran 2026.

Baca berita selengkapnya melalui menu berita sidang di laman https://t.co/QB7blrrcSv, atau langsung klik tautan di bio ya! 😉

#MengawalKonstitusi
#salaMKonstitusi
#MKRI
#UUAPBN",3,1,['Jijik'],False,identical label duplicate
"Kriminolog Shadd Maruna bilang: yang bikin mantan napi berhasil balik ke masyarakat bukan disiplin, tapi kesempatan untuk memberi kembali. 

Dan dapur MBG? Itu panggungnya.

Kompor menyala. Harapan menyala. 🔥

#pinterpolitik #JagaNegeri #MBG #lapas #napi

https://t.co/3T4tQ4k4NU",2,1,['Tertarik'],False,identical label duplicate
"Krn hari Minggu anak Lanang minta dibuatkan segabeti ala londo mix ceker pedas manis buat nonton Netflix. Ini lah perpaduan makanan kompeni dan jowo mania. 😅😅

Simbok ♥️ https://t.co/PxFB2a9RDK",2,1,['Tertarik'],False,identical label duplicate
"Kyehoon lagi setting makanan di meja, botol soda nya kesenggol dan hampir nyembur 😭😭 https://t.co/eX7Hhlbdn4",2,1,['Jijik'],False,identical label duplicate
"Kyungnam ga bisa makan makanan mentah gw bingung sih dia sebenernya boong/engga. Soalnya di scene selanjutnya kan kyungnam makan makanan mentah dia bilang dia belajar makan mentah. Ini nyambung ke scene confess kalau kyungnam juga “berubah”. 

🤔🤔🤔🤔",2,1,['Jijik'],False,identical label duplicate
"LAGU MBG

MY BINI GUWE 😭😭💞",3,1,['Percaya'],False,identical label duplicate
LET'S GOOOO OTW 50K VIEWS PADAHAL BLM SEHARI ‼️‼️‼️‼️‼️ GACOR SUKAK BGT WOWOWOWOWOW MBG ( MANIS BGT GIN ) #GINVER5ARY https://t.co/JsWHMeN4DF,2,1,['Percaya'],False,identical label duplicate
"LIBURKAN MBG, BIARKAN AHYEON MEMASAK 💋💋",2,1,['Percaya'],False,identical label duplicate
"La mayoría de personas busca “trabajo remoto”.

Pero casi nadie aprende habilidades que las empresas NECESITAN de verdad.

La Asistencia Virtual es una de las puertas más rápidas para entrar al mundo digital:

✔️ puedes empezar desde casa
✔️ no necesitas una carrera específica
✔️ puedes especializarte
✔️ puedes trabajar para clientes internacionales

He creado una guía completa con herramientas, habilidades, áreas de trabajo y cómo empezar paso a paso.

💻 Ideal para freelancers, estudiantes, personas que quieren reinventarse o generar ingresos online.

👇 https://t.co/wR5QOjU14d

♻️ Comparte para ayudar",2,1,['Netral'],False,identical label duplicate
Lah pada baru tau? Acara kek gini tuh emang makanan bergizi sangat tinggi😂 https://t.co/gC54ruSqRs,2,1,['Tertarik'],False,identical label duplicate
"Lah takut ? Bukannya kita punya MBG dan KDMP, kalau kita serang Amerika pakai ini, niscaya mereka babak belur 😴 https://t.co/55SuINb8Jm",2,1,['Jijik'],False,identical label duplicate
"Lama tak tangkap pic makanan. 📸 Macam mana laa kalau2 nak hidup luar negara, breakfast je dah nasi lemak. Pedas pulak tu. Ayam berempah lagi. Berfikir dan berangan saja pun dah rasa rindu nak balik Malaysia. 🤣 Ayam 2 ketul, timun, nasi dan sambal, RM3. Alhamdulillah.. https://t.co/Eo07PvFkEA",2,1,['Percaya'],False,identical label duplicate
Langkah strategis tekan stunting! Kapolres OKU Timur sukseskan program Makan Bergizi Gratis lewat groundbreaking SPPG di Lubuk Harjo. 📈👶 #KonsistenHadirkanManfaat https://t.co/SsVBmkrJK3,3,1,['Tertarik'],False,identical label duplicate
Lari ke tempat mbg mau ikut masak lu dul🤣,2,1,['Jijik'],False,identical label duplicate
"Lebaran tetep full nutrisi! 🌙✨ Walaupun sekolah lagi libur, program Makan Bergizi (MBG) buat balita, bumil, dan busui tetep jalan terus. Gak ada alasan buat skip gizi pas hari raya. 
#LebaranSehat #MBG2026 #InfoMudik #NutrisiTerjaga #GiziHariRaya #KeluargaSehatIndonesia https://t.co/48W2VLjpAr",3,1,['Jijik'],False,identical label duplicate
"Legi kecintaan banget sama mbg, my bini gue nahnul 🥰 #wip https://t.co/RsYMDbQnUJ",4,1,['Percaya'],False,identical label duplicate
Lelaki makan memang nampak kesian termasuklah Leizi 😭,2,1,['Percaya'],False,identical label duplicate
Liatdah MBG😂,3,1,['Percaya'],False,identical label duplicate
"Lirik Aldis Burger Song ❤️

Hei teman teman ayo makan burger
Aldis burger cempaka putih..
Rotinya lembut, dagingnya juicy
Enak enak sekali..

Reff : 
Ayo makan aldis burger
Ayo makan aldis burger
Ayo makan aldis burger
Ayo makan aldis burger..

Dari juicy lucy, sampai mahalini
Suka makan aldis burger
Rizky febian, sampai mister putin
Suka juga aldis burger

( Back to Reff)

Yok kita makan aldis burger (4x)",2,1,['Jijik'],False,identical label duplicate
Lo hago gratis 😮‍💨,2,1,['Percaya'],False,identical label duplicate
Lu abis makan 4 nasi kotak ya moh. Bisa-bisanyaaaaaaa🤏🏻 https://t.co/Vhndf22CED,2,1,['Percaya'],False,identical label duplicate
Lu pada kaya bener dah... gue makan aja sehari batas harus 30rebu doang 😔😔,2,1,['Jijik'],False,identical label duplicate
"MAHA DAHSYAT PESONAMU EOM SEONGHYEON, GANTENG BANGET GILA NIH BOCAH, MUKANYA BISA BELI LAHAN SAWIT, DAPUR MBG, BAYAR PAJAK NEGARA. GA KUAT GUA LIATNYA, REFLEK GROGOTIN TEMBOK, MIMISAN, MASUK RSJ. GANTENG BAJGETTT FAKKK, AAA TOLONG GA KUAT GUA ANJG 😭😭😭🤚🏻🤚🏻 https://t.co/70TMxA24is",2,1,['Jijik'],False,identical label duplicate
MATI GW 😭😭 BNERAN GOYANG MBG INI ANJEERRRR,2,1,['Jijik'],False,identical label duplicate
"MBG

Mangat, boys &amp; guuurrrllssss! 🫶🏼",2,1,['Percaya'],False,identical label duplicate
"MBG
MAS BAHLIL GANTENKK
buah apa yang paling manis?
BUAHLIL!!! 😚
tambah gantenk aja
MY LITTLE BOLU KETAN 👶🏿😭✨🤏🏻",2,1,['Jijik'],False,identical label duplicate
"MBG
Maling Berkedok Gizi
🤣🤣🤣

SPPG
Satuan Penjilat Prabowo Gibran 
🤣🤣🤣

KOK IYA ⁉️ https://t.co/hYA8RgkHy3",2,1,['Tertarik'],False,identical label duplicate
MBG   MENGHANCUUUUR KAN  NAGARA DAN RAKYAT  BAGAI KAN BOM 💣 HIROSIMA  DAN NAGASAKU  PERSI NUKLIR 🚀,3,1,['Jijik'],False,identical label duplicate
"MBG &gt;&gt; Cutting inside Dietizen S.Gz.
KDMP &gt;&gt; Cutting inside Tenaga Ahli Kefarmasian

Kalo Kedokteran udah sejak 2014 
dengan UU SJSN yg jd BPJS Kesehatan saat ini,
peran ilmiah dan art of science dicutting oleh kriteria administrasi klaim asuransi sosial kesehatan 

itu fakta 😅",2,1,['Jijik'],False,identical label duplicate
MBG ( MY BINI GW ) 😝🫰🏻🥹🫰🏻 https://t.co/Edbmb3kGzA,3,1,['Percaya'],False,identical label duplicate
"MBG ( Makanan Bergizi Gratis) ❌
MBG ( Makanan Boraks Gratis Bakteri E.Coli) ✅ https://t.co/JRHfdvzQVd",3,1,['Percaya'],False,identical label duplicate
MBG (MY BOJO GUEKH)🫰🏻🌹 https://t.co/NcGz9MSjx8,2,1,['Percaya'],False,identical label duplicate
"MBG (makanan bergizi gratis),❎
MBG (masakan bini gue)✅ https://t.co/61QqUGDGFj",3,1,['Percaya'],False,identical label duplicate
"MBG - Membaca Buku Gembira sore ini tadi 😆

Terima kasih yang sudah ikutan rek! Sampai jumpa di MBG bulan depan yaa 😚 https://t.co/UlSSbaoARN",2,1,['Percaya'],False,identical label duplicate
"MBG 2026: Perluas jangkauan, perkuat ekonomi! 🚀 Program ini adalah bukti nyata MBG Ekonomi Rakyat yang memberdayakan UMKM &amp; petani lokal. Lewat efisiensi anggaran, kita cetak generasi berkualitas. Jangan kasih kendor, tetap awasi SPPG! 🇮🇩 #MBG2026 #EkonomiRakyat #GenerasiEmas https://t.co/gYnfjaL0ZM",3,1,['Jijik'],False,identical label duplicate
"MBG 2026: Perluas jangkauan, perkuat ekonomi! 🚀 Program ini adalah bukti nyata MBG Ekonomi Rakyat yang memberdayakan UMKM &amp; petani lokal. Lewat efisiensi anggaran, kita cetak generasi berkualitas. Jangan kasih kendor, tetap awasi SPPG! 🇮🇩 #MBG2026 #EkonomiRakyat #GenerasiEmas https://t.co/mOxgcOjCl7",2,1,['Jijik'],False,identical label duplicate
"MBG 2026: Perluas jangkauan, perkuat ekonomi! 🚀 Program ini adalah bukti nyata MBG Ekonomi Rakyat yang memberdayakan UMKM &amp; petani lokal. Lewat efisiensi anggaran, kita cetak generasi berkualitas. Jangan kasih kendor, tetap awasi SPPG! 🇮🇩 #MBG2026 #EkonomiRakyat #GenerasiEmas https://t.co/yJSPDVWfV2",3,1,['Jijik'],False,identical label duplicate
"MBG : MAS BAHLIL GANTENG
BUAH APA YANG PALING MANIS ? BUAHLIL 😭

Woy lah siapa yang ngide bikin lagu begini 🫵🫵 https://t.co/MpnCqnttCq",2,1,['Jijik'],False,identical label duplicate
"MBG : Makanan Bergizi Gratis ❌
MBG : Makanan Beracun Gratis ✅

Dikit tuh cuma 153 korban  ????? https://t.co/KyGX9cd4aN",2,1,['Jijik'],False,identical label duplicate
"MBG : Mas Bahlil Ganteng
BCA  : Bahlil Cahaya Asia 
😭😭😭😭",2,1,['Percaya'],False,identical label duplicate
"MBG : Mas Bahlil Ganteng ❌
MBG : Makan Bikin Gemoy ✅ https://t.co/TZgnp4msRB",2,1,['Percaya'],False,identical label duplicate
"MBG = Pakan Ternak 😂
Yang disebut gizi anak kalian itu pakan ternak 😂",2,1,['Jijik'],False,identical label duplicate
MBG BUBAR. WOWO BUBAR. ANTON YANG PIMPIN‼️‼️ https://t.co/CuctGwRVbq,4,1,['Percaya'],False,identical label duplicate
"MBG Digencarkan di Jayapura❗

BGN sosialisasi modul Program Makanan Bergizi Gratis

Fokus standarisasi layanan, tekan stunting, &amp; dorong ekonomi lewat variasi menu protein lokal

Pemkot Jayapura dukung penuh❗

Kreativitas menu jadi kunci, plus sanksi buat pelanggar aturan. https://t.co/d001PIDQJf",3,1,['Tertarik'],False,identical label duplicate
"MBG Lagi…Lagi MBG

Biang kerok keracunan massal siswa di Indonesia.

“Terungkap, SPPG Pulogebang 15 Bikin 252 Siswa Keracunan Tak Punya SLHS”

&gt;&gt;Belum punya SLHS tapi sudah di ijinkan beroperasi 😂

https://t.co/BHrGd0HC36? https://t.co/eKUjJbyewT",2,1,['Tertarik'],False,identical label duplicate
MBG MAS BAHLIL GANTENG STOP BERPUTAR DI KEPALA GUA 😭😭😭😭,2,1,['Jijik'],False,identical label duplicate
"MBG MBG MBG (MY BOY GWEH)!!!!!

#Dorn  #next1de #hiadorn #dornkhumraj🐉  #DORNNexT1DE #ดรณ์ https://t.co/HKIpV226l7",2,1,['Percaya'],False,identical label duplicate
"MBG MBG MY BEAUTIFUL GIRL 💕

MOQEEL LIPUTAN 6 AWARDS 2026
#MOQEELatL6A2026
#LIPUTAN6AWARDS2026 https://t.co/aEUY27asAm",2,1,['Percaya'],False,identical label duplicate
"MBG Mas bahlil ganteng
Buah apa yang paling manis? Buahlil...!
Tambah ganteng, aja. My little bolu ketan...

Anjir mana gw apal lagi😭",2,1,['Jijik'],False,identical label duplicate
MBG [MY BIDUAN GUEHH]😵‍💫❤️‍🔥 https://t.co/778fajqJv5,2,1,['Percaya'],False,identical label duplicate
"MBG bukan hanya soal gizi, tapi juga menggerakkan ekonomi rakyat 🇮🇩✨

Puluhan ribu UMKM, koperasi, BUMDes, dan petani lokal ikut terlibat mendukung Program Makan Bergizi Gratis.

Gizi anak terpenuhi, ekonomi daerah ikut tumbuh 💪

#MBG #UMKMIndonesia #IndonesiaMaju https://t.co/647trFoWix",3,1,['Jijik'],False,identical label duplicate
"MBG di Persimpangan Jalan 🤔

Program makan gizi gratis MBG mulai oleng menghadapi tantangan ganda. Di satu sisi gejolak ekonomi global serta mengancam stabilitas global. 

Sugiono Menlu | terburuk dan terpekok | sepanjang sejarah |

https://t.co/HdDfkjI8dn https://t.co/yAu81Ljhzn",5,1,['Netral'],False,identical label duplicate
MBG diobok-obok 🤣 https://t.co/mM4UiPJYtX,2,1,['Jijik'],False,identical label duplicate
"MBG itu efeknya nyata 🔥
Bukan sekadar makan gratis, tapi bikin kesehatan, semangat, dan motivasi belajar anak meningkat. Guru di Papua lihat sendiri bagaimana MBG bikin siswa lebih sehat dan lebih semangat sekolah.
#LanjutkanMBG

HP Untuk Miangas
#InternetHadir https://t.co/miwOrJsjUg",2,1,['Jijik'],False,identical label duplicate
"MBG kantorku dulu, mostly nasi padang di Jakarta udah dicobain, untuk rendang paling enak pagi sore, untuk ayam pop paling enak di garuda✨😬 https://t.co/6zeEI0NXQX",4,1,['Percaya'],False,identical label duplicate
"MBG ku.
🍜🍲
Pada suka nyetok indomie rasa apa? Penyelamat banget banget emang indomie tuh. https://t.co/QMLFIBMWMG",3,1,['Percaya'],False,identical label duplicate
MBG malem ini ambil yang feeling aja🫱🏻‍🫲🏼 https://t.co/tebhanl3F8,2,1,['Percaya'],False,identical label duplicate
"MBG mas bahlil ganteng, buah apa yang paling manis buahlil~💃🏻",2,1,['Jijik'],False,identical label duplicate
"MBG penggerak ekonomi rakyat! 🌟 Dengan menyerap 1,28 juta tenaga kerja, program ini jadi angin segar bagi lapangan kerja baru. Sektor peternak dan UMKM lokal pun kecipratan untung dari rantai pasok gizi harian ini. https://t.co/Ygwqda8chQ",2,1,['Jijik'],False,identical label duplicate
"MBG untuk siswa ❎
MBG untuk ternak ✅

Proyek buang-buang anggaran !

---------------
Mahkamah Konstitusi
Makanan Bergizi Gratis https://t.co/vNA8m2XySr",3,1,['Tertarik'],False,identical label duplicate
MBG 🎶🎵 https://t.co/N3S7ybChSU,2,1,['Percaya'],False,identical label duplicate
"MBG, 
Mz Bojo Guweh 🤤 https://t.co/bxTH6ybNQw",2,1,['Percaya'],False,identical label duplicate
"MBG, MY BINI GORGEOUS 😍",2,1,['Percaya'],False,identical label duplicate
"MBG, Mas Bahlil Ganteng 

ini lagunya enak anjir 😩",2,1,['Percaya'],False,identical label duplicate
"MBG, My MbaOliv Gweh🫣",2,1,['Percaya'],False,identical label duplicate
MBG. Mas Bahlil Ganteng 😭 https://t.co/cnp6R7uBOS,2,1,['Percaya'],False,identical label duplicate
"MBG... Mas Bua-yoi Ganteng 🐊🔥😜
Buah apa yang paling manis? BUAH YOiii 🤟😎⚡
Tambah ganteng aja 🚬💥🛵
MY LITTLE BOLU KETAN ✨❤️💃 https://t.co/jtY3qg8qnx",2,1,['Percaya'],False,identical label duplicate
"MBG...mas bahlil ganteng...
buah buah affh nyang manizz...buahlih

syaland terngiang ngiang tuchh lagu,,,,kasih taw gweh siaffh ffenciptanya😭",2,1,['Jijik'],False,identical label duplicate
"MBG😋
Mas bahlil ganteng✨️
Buah apa yang paling manis? 🤤
BUAHLIL😍😍
tambah ganteng aja🤗🥰
My little bolu ketan✨️✨️😍❣️🫶",2,1,['Jijik'],False,identical label duplicate
MBG🥰MAS BAHLIL🤭 GANTENK😳BUAH APA? 🥝YANG PALING MANIS🍭BUAHLILL🧔🏿TAMBAH GANTENG AJA🤭MY LITTLE BOLU KETAN🥮UPS😚KANDA SUKA❤DINDA PUNYA GAYA😎SIALAN DIA😒MAKIN LUCU GUYS🥹KALAU DIPERHATIIN LAMA LAMA MIRIP... ❓ZAYN MALIK IHH🤗MY BAHLIL GANTENG🤩MAKIN GLOWING AJANIHH💫MY KOKO🙈BAHLIL KECINTAAN KUU🌈MY LITTLE CILOK PENTOL🥚 KECAP👧MAAFKAN DINDA DULU SALAH PAHAM ❌ SAMA KANDA🙊,3,1,['Jijik'],False,identical label duplicate
MBG🥰MAS BAHLIL🤭GANTENG😳BUAH APA?🥝YANG PALING MANIS🍭BUAHLILL🧔🏾TAMBAH GANTENG AJA🤭MY LITTLE BOLU KETAN🥮UPS😚KANDA SUKA❤DINDA PUNYA GAYA😎SIALAN DIA😒MAKIN LUCU GUYS🥹KALAU DI PERHATIIN🧐LAMA LAMA MIRIP...❓ZAYN MALIK IHH🤗MY BAHLIL GANTENG🤩MAKIN GLOWING AJANIHH💫 https://t.co/Pn27LgmwqI,2,1,['Jijik'],False,identical label duplicate
Maaf pakbnusron masih jadi influencernya MBG🙏,2,1,['Percaya'],False,identical label duplicate
"Macam ni rupanya influencer buat review makanan ni tak makan pun semua belakon je lebih dah la luahkan. Kalau kau tak makan apasalahnya tolak 🤦🏻‍♂️

No wonder pegi makan kedai2 org review ni hampeh https://t.co/dh2xsq9XcH",2,1,['Jijik'],False,identical label duplicate
"Macehh adik2 sbb ingat hakak dan kongsi benda2 best, makanan, etc dgn hakak. I feel loved ♥️♥️",2,1,['Jijik'],False,identical label duplicate
"Magic Chess: Go Go rayain 1st anniversary mulai hari ini 🎉

Skin Layla Blue Specter gratis, Collector Kagura Dragon Maiden, commander baru, sampai bonus Promo Diamond siap bikin Season 6 Dawnlight Celebration makin rame. Top up dan klaim rewardnya!

#GOCpay #MCGG #MagicChessGoGo https://t.co/y7WKU9S3bA",2,1,['Jijik'],False,identical label duplicate
"Mainstream media activándole los votos al 🐅, gratis.",2,1,['Percaya'],False,identical label duplicate
"Makan siang gratis = Ekonomi manis! 🍬 Program MBG diprediksi sumbang PDB hingga Rp25,8 Triliun &amp; buka ribuan lapangan kerja baru. MBG Hadir Untuk Rakyat bukan cuma narasi, tapi aksi nyata MBG Penggerak Ekonomi Rakyat. Mari bersama Kawal gizi anak! 🇮🇩💪 #MBG2026 #GiziNasional https://t.co/BXhkOvpDXb",3,1,['Tertarik'],False,identical label duplicate
"Makan siang gratis = Ekonomi manis! 🍬 Program MBG diprediksi sumbang PDB hingga Rp25,8 Triliun &amp; buka ribuan lapangan kerja baru. MBG Hadir Untuk Rakyat bukan cuma narasi, tapi aksi nyata MBG Penggerak Ekonomi Rakyat. Mari bersama Kawal gizi anak! 🇮🇩💪 #MBG2026 #GiziNasional https://t.co/NUagT4c2rR",3,1,['Tertarik'],False,identical label duplicate
"Makan siang gratis = Ekonomi manis! 🍬 Program MBG diprediksi sumbang PDB hingga Rp25,8 Triliun &amp; buka ribuan lapangan kerja baru. MBG Hadir Untuk Rakyat bukan cuma narasi, tapi aksi nyata MBG Penggerak Ekonomi Rakyat. Mari bersama Kawal gizi anak! 🇮🇩💪 #MBG2026 #GiziNasional https://t.co/eHnXShnaDT",3,1,['Tertarik'],False,identical label duplicate
Makan tuh fancam @L_MarshaJKT48 😜 https://t.co/VSHuc7b56J,2,1,['Percaya'],False,identical label duplicate
"Makan tuh fitnah 💀
#rezaauditore #jomok https://t.co/vs1jcX8c1f",2,1,['Percaya'],False,identical label duplicate
"Makanan Bergizi Gratis❌
Makanan Banyak Gula✅",2,1,['Percaya'],False,identical label duplicate
"Makanan Unik Terbuat Dari Batu‼️
Ayo siapa yang mau 🤭 https://t.co/cWGnhIShiO",2,1,['Jijik'],False,identical label duplicate
"Makanan di sekolah luar sama makanan hasil dapur mbg sama ga? 😂

Di luar negeri klo ada kasus keracunan akibat makan makanan sekolah, pasti pejabatnya udah ada yg mundur.

Di sini? Malah intimidasi orang-orang yang bersuara 👊",2,1,['Jijik'],False,identical label duplicate
Makanan kalo pengen jajan pas lagi ngirit 🤣,2,1,['Jijik'],False,identical label duplicate
Makanan mewah waktu kuliah 😭,2,1,['Percaya'],False,identical label duplicate
"Makanan nya dikipasin, dibenerin rambutnya, terus disuapin 🫠🫠

i want Sena Airlangga Abraham in real life 🙂🤍

#TerikatJanjiEp49 https://t.co/7GS14UOCSz",2,1,['Jijik'],False,identical label duplicate
Makanan pertama after landing 🇹🇭 nggak kelewat thai tea nya 🤤 https://t.co/gHbpWcc1GR,2,1,['Percaya'],False,identical label duplicate
"Makanan yang dipajang atau diposting dan bikin orang ngiler tapi tidak bisa menikmatinya, maka berkurang keberkatan dari makanan tsb. 
Sebab itu makanya kurang-kurangi posting makanan ...🙏😊",2,1,['Tertarik'],False,identical label duplicate
Makanan 🤝 Aku.,2,1,['Percaya'],False,identical label duplicate
"Makanan-makanan yang aku suka makan selama aku tinggal di korea 6 tahun (seoul &amp; busan) + rekomendasi local (tmn2 aku) 🇰🇷

🐷 = pork (aku gak makan, just info!)

thread 🍽️",2,1,['Jijik'],False,identical label duplicate
"Makanan? ❌
Percaya ga ini tuh stationery📒✏️ https://t.co/zlZP6VaIUX",2,1,['Jijik'],False,identical label duplicate
"Makasi persib udah juara, karena ini Mamaku bikin makanan enak-enak dari kemarin malem, bapakku tiba-tiba ngasih tambahan uang (buat nonton konser katanya) 😭😭",2,1,['Jijik'],False,identical label duplicate
"Makin banyak penolakan mbg terjadi di sekolah2.... Kira2 mau dikemanain tuh makanan satu mobil box ??🤔🤔 

Anggaran ratusan triliun tiap hari nasibnya begini gaess ?? parahh ‼️

#StopMBG #MalingBerkedokGizi https://t.co/f4xOif51Pd",3,1,['Jijik'],False,identical label duplicate
"Mama pasti eneg doainnya tp namanya aja doa ibu buat anak-mantu dan udh dibacain di raudhoh, di multazam pas haji😌😌😌😌😌😌

Ini meskipun nanti cm salah satu alias cm EPL doang jg gpp namanya manusia mah cm bs berencana dan berdoa🥲 legowo mah makanan sehari-hari ceu https://t.co/vUvhfQUUWo",2,1,['Tertarik'],False,identical label duplicate
Mamiさんリスナーの皆さんおはようございます👋😃【ゴールデンウイークの思い出】は昨年に引き続き地元 #広島弁 #シンガーソングライター #会社員みかん 🍊さんのLIVEを観に行けたことですかね🎶明るい笑顔の素敵な娘さんの歌う姿が観れて幸せでしたよ😃💕13日は夜勤開け8:30からラジオ聴きますね📻 https://t.co/me89k4FqHC,2,1,['Percaya'],False,identical label duplicate
"Marugame dan SSB: Kalo makan di sana, bayar gorengannya lebih mahal daripada bayar makanan utamanya 🤯 https://t.co/E43kwBkU2C",2,1,['Jijik'],False,identical label duplicate
Masa aku sekolah tu aku tengok ramai je cikgu2 menggatal dengan murid. Cikgu lelaki ke murid perempuanlah kebanyakkan. Ada je kadang budak ni menggatal dengan cikgu lelaki. Tapi tak sebanyak murid lelaki menggatal dengan cikgu perempuan. 😌 syukur dulu aku tak lawa 🤣🤣,2,1,['Jijik'],False,identical label duplicate
"Mau dibilang apa, coba? 😬

Seorang oknum Kepala SPPG Aek Parombunan 2 di Kecamatan Sibolga Selatan, berinisial Abri, menjadi sorotan publik setelah diduga melakukan sejumlah tindakan yang dinilai mencoreng integritas pelayanan publik serta Program  MBG. 

Nama Abri mulai ramai diperbincangkan setelah pada 12 Maret 2026 beredar video yang diduga memperlihatkan dirinya sedang bermain judi online di tengah operasional dapur SPPG yang masih berlangsung. Dugaan itu langsung memicu perhatian masyarakat. 

Pasalnya, pemerintah, termasuk Presiden, saat ini tengah gencar memberantas praktik judi online di Indonesia. 

Selain menjabat sebagai Kepala SPPG, Abri diketahui berstatus ASN PPPK di lingkungan BGN. 

Dugaan aktivitas judi online tersebut dinilai dapat melanggar disiplin ASN, kode etik profesi, hingga mencederai integritas pelayanan publik. Perbuatan itu juga disebut berpotensi bertentangan dengan Pasal 303 Bis KUHP tentang perjudian serta ketentuan dalam Undang-Undang Informasi dan Transaksi Elektronik terkait muatan perjudian online. 

Tak berhenti di situ, Abri juga diduga membawa seorang perempuan yang bukan pasangan sahnya ke dalam kamar Kepala SPPG pada 21 Maret 2026, bertepatan dengan suasana Hari Raya Idul Fitri. Dugaan tersebut dibenarkan oleh Sapta Dwi, relawan yang bertugas saat kejadian berlangsung. 

Sc: kabarbaru. co",2,1,['Netral'],False,identical label duplicate
"Maybe renang, jalan, wo yg ringan² makanan dia juga teratur dan selalu minum air putih (kata dia fav nya)👍",2,1,['Jijik'],False,identical label duplicate
"Mbg ni fungsinya apaan dah anjir, sangat melenceng... lama2 emang semua masyarakat makannya mbg 😭",2,1,['Jijik'],False,identical label duplicate
Mbg sekolah ku dicabut 😢🫰💜😛,2,1,['Percaya'],False,identical label duplicate
Mbg siang ini 😁🍱 udah pada makan belum best? makan gih nanti sakit perutnya klo gk makan (perhatian) https://t.co/EOKMjdnxeE,2,1,['Tertarik'],False,identical label duplicate
Mbg 🥰my bimbul ganteng 🥰buah apa yang paling manis?🥰buahyusena🥰tambah ganteng aja🥰my little bolu ketan🥰,2,1,['Jijik'],False,identical label duplicate
"Mbg, mas bahlil ganteng
Buah apa yang paling manis?
Buahlilll
Tambah ganteng aja
My little bolu ketan
Oupsss kanda suka dinda punya gaya
Sialan dia makin lucu gaesss 🎶

Siapa sih ini yang bikin soundnya, brengsek bener 😭😭😭😂",2,1,['Jijik'],False,identical label duplicate
Me and MBG wearing jeans jacket 🤟🏻 https://t.co/H7UiLlvB07,2,1,['Percaya'],False,identical label duplicate
Memutus rantai kemiskinan dimulai dari pemenuhan gizi dan pembukaan lapangan kerja. MBG hadir sebagai jembatan untuk meningkatkan taraf hidup masyarakat di daerah. Mari dukung keberlanjutan program ini! 🤝🇮🇩 #SejahteraBersama #SolusiBangsa #MBG2026 https://t.co/XeTbIi701z,3,1,['Jijik'],False,identical label duplicate
"Menag fixed dukung MBG! Gak cuma bagi-bagi gizi gratis, tapi bikin ekonomi warga auto menyala. Rill berkah banget buat UMKM kuliner! 🚀 https://t.co/nuz58fA05p",5,1,['Jijik'],False,identical label duplicate
"Menarik Pak. Kalau tidak salah, Food portion estimation via AI sudah dipakai di beberapa negara untuk monitoring gizi sekolah. Cukup foto makanan sebelum dan sesudah makan, AI hitung kalori yang masuk, protein, karbohidrat. 

Verifikasi berbasis data visual yang objektif didukung governance yg mantul. Beeuhh....🙏",4,1,['Jijik'],False,identical label duplicate
"Mengenal makanan yang sudah mulai terlupakan.

Diantara makanan tersebut ada tanah liat.

Seperti apa rasanya?

🎥 Nomedia99 https://t.co/Jkb7IBakdx",2,1,['Percaya'],False,identical label duplicate
"Menolak dengan halus kalo ada ajakan bukber di resto AYCE atau buffet hotel 🙏
Maaf bukannya gak mampu, tapi gw selalu ngerasa rugi kalo makan AYCE atau Buffet karna gak bisa buka puasa makan banyak 😭 Makan kurma 3 biji ama 3 gorengan/kue aja udah ndelosor 😭😭😭",2,1,['Jijik'],False,identical label duplicate
"Menteri Keuangan Purbaya Yudhi Sadewa menyatakan, pemerintah akan kembali melakukan efisiensi anggaran program Makan Bergizi Gratis (MBG).

Untuk itu, pemerintah memangkas anggaran program MBG pada 2026 dari semula Rp 335 triliun menjadi Rp 268 triliun.

Purbaya mengatakan, langkah efisiensi ini merupakan arahan Presiden Prabowo Subianto agar dana program MBG dapat dimanfaatkan lebih optimal tanpa mengurangi efektivitas pelaksanaan.

Hal tersebut Purbaya sampaikan saat konferensi pers APBN KiTa Edisi Mei 2026 di Jakarta, Selasa (19/5/2026).

🎥: Youtube/KemenkeuRI

Penulis: Nur Jamal Shaid
Kreatif: Jessica Meisya Kurnia 
Produser: Reza Kurnia Darmawan",2,1,['Jijik'],False,identical label duplicate
"Menteri2 ini gada kerjaan apa?

Dr awal MBG mulai, smua menteri sibuk ngurus MBG 
MenHAM jg ga mau kalah.

Seolah2 PR mereka sdh beres smua lalu cari muka dg ikut2an ngurusin MBG 😒

Sialnya presiden justru seolah2 mendorong mereka u/ melakukan itu..

Jadi pemerintahan macam apa ini? 😓",2,1,['Jijik'],False,identical label duplicate
"Menu Bursa Gorengan (MBG)😋Selasa , 12 Mei 2026
MBG Kolestrol (High Risk)
$PADI
$MPOW
$SURI
$ESIP
$DFAM

MBG Low Cortisol (Intermediate Risk)
$PACK
$BUMI

❗Hati-hati sentimen bursa lagi kurang bagus, disiplin yaa❗
❗DYOR yash frenn❗",2,1,['Jijik'],False,identical label duplicate
Menu MBG plus Snack🐍 https://t.co/U9qxtJbM7P,3,1,['Percaya'],False,identical label duplicate
"Menu MBG sekarang bukan lagi ""asal kenyang"" 🙌
Dari ayam bakar, ikan goreng, sampai sushi pun ada  pilihannya makin variatif dan disesuaikan sama selera anak. Gizi tetap dijaga, rasa juga nggak dilupain.

Kalau anak suka belajar makin fokus 

#LanjutkanMBG

Kejunya
1 USD https://t.co/SJBcc2vrDF",2,1,['Jijik'],False,identical label duplicate
"Menu daging MBG seperti ""Karet""🚨

Program MBG kembali jadi sorotan. Kini menu MBG berupa daging jadi perhatian karena teksturnya yang seperti karet. 

Keluhan tersebut juga dirasakan oleh sekolah lain karena menerima dari SPPG yang sama yaitu SPPG Tugu Sari 2.

Kepala SPPG juga sudah membenarkan kejadian tersebut namun masih belum menjelaskan secara detil.",2,1,['Jijik'],False,identical label duplicate
"Menu hari ini ada sambel kentang ati ampela, rezekinya masih dari hasil panas2an hari selasa yg lalu 🥰
Alhamdulillah, moga selalu ada rezeki untuk masakin anak2 makanan yg enak2, biarpun badan capek, pinggang sakit, karena saya sadar uang ga bakal datang kalo ga dicari 🙃 https://t.co/Vj7sxwLvs5",2,1,['Jijik'],False,identical label duplicate
"Menurut lidah saya, makanan Jawa Timur secara umum lebih enak daripada makanan Jawa Tengah dan Jogja.😬",2,1,['Jijik'],False,identical label duplicate
"Mereka hi-bye pakai seragam hihihihi gemesnaaaa adekkk 🌊🎸🤏 abis ini langsung istirahat yaa, anak sekolah nggak baik begadanhg 🥰https://t.co/GZh9JMnqSo",2,1,['Percaya'],False,identical label duplicate
"Mesti banget diawasi ketat, biar program makan gizi gratis ini tepat sasaran dan bebas oknum! 💪✨
#jagaindonesia #jagamayday2026 #mayday2026damai #prabowobersamaburuh #dialogbukankonfrontasi https://t.co/03xHRCV29P",4,1,['Sedih'],False,identical label duplicate
"Minuman manis = mood booster? Yes. Tapi kalau tiap hari = future problem 😬

Yuk, kenalan sama Nutri Level, supaya Sobat Dietqu lebih mindful dalam memilih! https://t.co/3EEa6u151t",2,1,['Percaya'],False,identical label duplicate
"Mirip yang pernah kita omongin nih @azisanoor ""tiramisu makanan jepang"" 😭",2,1,['Jijik'],False,identical label duplicate
Miris bgt ya Allah:(( padahal buku-buku yang kupinjam di perpus sekolah terbitan balai pustaka yang banyak menemani dan bikin aku jatuh cinta dg membaca 🥹,2,1,['Jijik'],False,identical label duplicate
"Miris sekali melihat dunia pendidikan 😭😭😭

Di tengah anggaran program Makan Bergizi Gratis (MBG) yang mencapai ratusan triliun rupiah, potret miris dunia pendidikan kembali terjadi. Salah satu bangunan di SMAN 7 Mataram dilaporkan roboh hingga membuat suasana belajar berubah panik. Sejumlah siswa menjadi korban dan harus dievakuasi dari lokasi kejadian. Sebanyak empat siswa mengalami luka-luka dan langsung dilarikan ke rumah sakit untuk mendapatkan penanganan medis. Hingga kini, penyebab robohnya bangunan sekolah tersebut masih dalam proses penyelidikan pihak berwenang. Petugas bersama pihak sekolah juga telah melakukan pengamanan area guna mengantisipasi adanya korban tambahan. Peristiwa ini kembali memunculkan pertanyaan besar soal prioritas anggaran pendidikan di Indonesia. Saat pemerintah begitu agresif menjalankan program-program jumbo bernilai ratusan triliun, masih banyak sekolah di berbagai daerah yang kondisi bangunannya memprihatinkan dan bahkan membahayakan keselamatan siswa. Orang tua murid dan warga pun berharap tragedi seperti ini menjadi alarm serius agar keselamatan dan fasilitas pendidikan tidak terus diabaikan.",2,1,['Jijik'],False,identical label duplicate
"Mobil yang saya kendarai nabrak orang. Bapak-Bapak usia 50an tahun yang berprofesi sebagai satpam di sekolah swasta.

Asuransi sempat berusaha menghindar dari membayar biaya kerusakan motor si Bapak dan biaya pengobatannya.

Jadi gini...

Akhir Februari tahun ini, saya kembali memperpanjang asuransi mobil saya. Bayar paket comprehensive dengan tanggungjawab hukum pihak ketiga, total sebesar Rp3.998.125 untuk harga pertanggungan mobil Rp210.000.000 dan Rp10.000.000 untuk pihak ketiga.

Sialnya akhir Maret, efek kurang fokus dan blindspot, saya dengan mengendarai mobil, menabrak motor. 👀

Saya bawa korban ke RS untuk dapat pertolongan pertama hingga rontgen dan diketahui ada retak pada tulang kaki di 2 titik.

Masalah diselesaikan secara kekeluargaan. Motor dibawa oleh kerabatnya ke bengkel kenalan mereka dan saya bayar perbaikannya hingga kembali normal. Pengobatan Bapaknya juga saya bantu. Keluarganya Beliau menolak operasi yang disarankan dokter karna khawatir tidak bisa bekerja 2 bulan, jadi memilih ke tukang urut kampung.

Di hari yang sama, saya sempatkan mampir ke kantor asuransi untuk melaporkan kejadian. Ada batas waktu lapor maksimal 5 hari. Tapi karna masih sempat, saya usahakan lapor di hari yang sama saja.

Nah, di sini kejanggalan mulai terjadi.

Saat menyinggung tentang tanggung jawab pihak ketiga, staff asuransi info ke saya, kalo korban harus punya SIM yang masih aktif. Jika tidak punya surat-surat, maka asuransi ga bisa membayar biaya perbaikan motor dan pengobatannya (estimasi saat itu sekitar 5jt). 😶

Kebetulan Bapak yang saya tabrak, memang tidak punya SIM. Jasa raharja ga bisa cover kalo korban ga punya SIM. BPJS juga ga bisa bayar karna ini kasus lakalantas. Cukup repot karna urusan ga punya SIM ini.

Saya kaget dengan jawaban asuransi mobil saya itu.

Saya coba konfirmasi ulang. Jawabannya masih tetap sama.

Menurutnya, memang sudah kebijakan asuransi seperti itu. Baik saya maupun korban, keduanya harus mematuhi aturan lalu lintas.

Saya masih bingung tapi saya ga mau berdebat, jadi sementara saya terima informasi itu.

Sore itu saya hanya memproses kerusakan mobil saya saja, agar bisa diperbaiki di bengkel dan semua biaya ditanggung asuransi.

Saat pulang dan cerita ke istri, dia juga kaget, ""Lah, emangnya kita bisa milih mau tabrak yang punya SIM aktif aja? Oh yang ini ga punya SIM, jangan lah kita tabrak, yang ini aja. Kan engga?"" 😂 Kadang istri ku emang lucu.

Besoknya saya masih kepikiran soal aturan ""aneh"" itu.

Saya akhirnya chat ke staff di kantor, kebetulan polis asuransi dikirim ke sana. Saya minta untuk difotoin semua lembar pasal-pasal di surat polis itu.

Foto-foto itu saya upload ke ChatGPT. Saya nanya soal aturan kalo korban harus memiliki SIM.

To my surprise, ChatGPT bilang, ga ada pasal itu.

Saya minta lagi dia point-out secara detail soal pasal-pasal yang dia jadikan acuan, disebutkan di pasal 4 dan pasal 4.2.

Bener aja, saya baca sendiri kalimat di sana, cuma disebutkan kalo hanya pengemudi kendaraan bermotor yang diasuransikan saja lah yang harus punya SIM. 🙃

Saya baca ulang-ulang, tidak ada keraguan soal kalimat pada polis.

Staff itu salah. Biaya-biaya korban bisa ikut dibayarkan.

Akhirnya saya kirim pesan WA lagi dengan menyertakan foto pasal-pasal polis.

Responnya, ""Kalau Bapak mau ajukan silakan Pak. Kita coba. Saya monggo.""

WTH 😂

Ya jelas lah saya akan ajukan. Buat apa bayar asuransi comprehensive + tanggung jawab pihak ketiga kalo ga saya upayakan?

Mungkin staff itu merasa prosesnya akan panjang dan repot. Banyak dokumen dan bukti yang dibutuhkan. Mungkin dia males ngurusnya. Jadi berusaha ga memproses dengan ngasi info yang salah ke saya. Mungkin.

Ada banyak ""bukti"" dan dokumen yang dia minta:
1. Surat laporan polisi
2. Surat tuntutan bermeterai dari korban 
3. KTP korban
4. STNK Motor
5. SIM korban (optional)
6. Foto-foto motor yang rusak (dengan nomor rangka)
7. Foto luka-luka dan foto rontgen retak tulang korban
8. Rincian tagihan perbaikan motor
9. Kwitansi tukang urut kampung
10. Foto saat pengobatan di tukang urut kampung
11. Foto saat motor sudah selesai diperbaiki
12. Form reimburse untuk bengkel motor (karna bukan bengkel rekanan)
13. Kwitansi bermeterai pembayaran biaya perbaikan motor

Tidak ada kesulitan sama sekali menyediakan semua persyaratan klaim di atas.

Saat kejadian, saya otomatis merekam video suasana di TKP, kondisi korban, kondisi kerusakan motornya, kondisi mobil saya, semua ada. Urus surat laporan polisi sangat cepat dan straightforward. Meminta foto dari keluarga korban juga mudah (mereka kooperatif banget demi semua biaya ditanggung). Urusan ke bengkel juga ga ada kendala.

Kurang dari seminggu sejak kejadian, semua dokumen lengkap dan diajukan.

Butuh waktu 1 bulan hingga dana itu cair. Biaya perbaikan motor dan tukang urut kampung Rp3.173.000. Ditanggung 100% oleh asuransi. Sudah ku transfer full ke istrinya si Bapak.

Hari Senin lalu, mobil ku juga udah selesai diperbaiki setelah 1 minggu di Bengkel. Udah seperti baru.

Moral of the story-nya apa ya kira-kira? 😁",2,1,['Jijik'],False,identical label duplicate
"Mohon izin untuk Warga Jakarta dan Orang2 yang masih nyebut makanan spt ini dengan sebutan: Gado2. 🙏

Maaf banget ya, ini namanya LOTEK. Maaf banget ya. Mulai sekarang jangan salah lagi ya. 🙏 https://t.co/hOmy3cwnyr",2,1,['Tertarik'],False,identical label duplicate
"Momen DPC PDI Perjuangan Kabupaten Magelang melakukan kegiatan cek kesehatan, konsultasi dokter, hingga santap makanan bergizi gratis... 
🔥🤟 https://t.co/64Khyhn0j7",3,1,['Tertarik'],False,identical label duplicate
"Monitor Gamer Curvo AOC AGON G4 QUAD 34"" - U34G4C - (Amazon)

👉 https://t.co/VWvDHD8yUp
R$ 1.619,10 no pix
R$ 1.799,00 em até 12x 
Frete Grátis https://t.co/7Ds36cFA8t",2,1,['Jijik'],False,identical label duplicate
"Monyet seperti Shinshin ini nggak punya preferensi tangan kanan yang dominan kayak manusia. Mereka bisa kidal, kanan, atau pakai keduanya tergantung individu & situasi. Di video, dia keliatan lebih nyaman pakai tangan kiri buat makan — mungkin kebiasaan atau posisi aja. Bukan aturan baku! 🐒",2,1,['Jijik'],False,identical label duplicate
"Mungkin Kini MBG Menjadi Hukum Baku Di INDONESIA Sehingga Apapun Yang Terjadi Pada Makanan MBG Itu Selalu Pantas Disajikan Untuk Siswa dan Siswi Ya Pak
@prabowo
? 🤔",4,1,['Jijik'],False,identical label duplicate
Mungkin Kini MBG Menjadi Hukum Baku Di INDONESIA Sehingga Apapun Yang Terjadi Pada Makanan MBG Itu Selalu Pantas Disajikan Untuk Siswa dan Siswi Ya Pak @prabowo ? 🤔,8,1,['Jijik'],False,identical label duplicate
My MBG 🫶🏻💦 @Justhavefunsaja https://t.co/FlnNnnIdix,2,1,['Percaya'],False,identical label duplicate
"NAH AKHIRNYA, tadi antrian lumayan skrg udh sarapan dirapel makan siang😭😭 met makan guys! https://t.co/MHl2bik3rw",2,1,['Jijik'],False,identical label duplicate
"NGERI !!
Emilia seorang ibu rumah tangga di desa Pai, Kec. Wera, Kab. Bima ( NTB ) dilaporkan ke Polisi oleh SPPG Oi Tui krn mengkritik menu makanan MBG yg diduga tdk layak dikonsumsi utk ibu hamil.
Selain itu, penerima hrs mengambil sendiri pd malam hari dan bawa plastik kresek sendiri. 🤔

Kabarnya, Polres Bima Kota sdh melayangkan surat panggilan. Pulisi Gercep amat ya ! 🤣 
@DivHumas_Polri 
@Polres_Kab_Bima",2,1,['Jijik'],False,identical label duplicate
"NOVO CUPOM AMAZON  💛

➡️ R$10 off compras acima de R$100
🎟️ Cupom PRIMEMAIO / PRIMEMAIO2

🔗 Resgate nesse produto aqui: https://t.co/Ye9UfC1Ibo

❗️ São 2 cupons, não cumulativos!
‼️ Exclusivo membros Prime. Assine ou teste grátis: https://t.co/t9xUocbPUc
✨ Compre pelo nosso link e apoie o grupo!
#anúncio",2,1,['Netral'],False,identical label duplicate
"Nah itu.. jadinya broken 😔 .. nah selama ayahnya aik dituntut itu aik sama kakaknya dititip ke rumah kakeknya aik yang orang Italia ituu, rumah itu hangat bgt, kakeknya sering masak makanan itali, nah neneknya juga kayak bakery gituuu :3 nah aika jadi apa ya bisa bikin juga",2,1,['Jijik'],False,identical label duplicate
"Najis banget tempat gue kerja, masa di kasih susu mbg kgk modal bgt 😃 https://t.co/eY93hOnYun",2,1,['Jijik'],False,identical label duplicate
Nak makan ayam gepuk la pula rasa 😋 tapi nanti perut jem hahahah,2,1,['Jijik'],False,identical label duplicate
"Nasihat yg bijak dari @aniesbaswedan kepada presiden @prabowo 

Uang yg anda gunakan untuk MBG dan KDMP serta bolak-balik ke luar negeri itu uang rakyat bukan uang anda pribadi.
Rakyat berhak mengkoreksi anda.

Monggo para termul dan terwo....🫴 https://t.co/lxPU3w0xyb",2,1,['Netral'],False,identical label duplicate
"Negara bisa bayar 
- Karyawan MBG
- Karyawan KDMP
- Napi MBG 

tapi ga bisa bayar gaji guru, 1,6juta guru bakal jadi pengangguran di 2027.. 
Menciptakan lapangan kerja baru tpi mematikan lapangan kerjaan yg sudah ada.
Negara ini sungguh cerdas..👍 https://t.co/QkYqPX0KbP",2,1,['Netral'],False,identical label duplicate
"Negara hadir untuk memberi akses bagi yang membutuhkan. 🤝 Program gizi &amp; sekolah rakyat adalah cara Pak Prabowo hapus kesenjangan sosial di Indonesia. Mari kawal bersama untuk masa depan yang lebih adil! 🇮🇩👊✨
#JagaIndonesia #IndonesiaSejahtera  #AksesUntukRakyat #Keadilan https://t.co/LAUxOyNxLs",4,1,['Tertarik'],False,identical label duplicate
"Negara misoginis Afghanistan ini beneran gila.

Perempuan dilarang sekolah, istri dilarang kerja, tapi ketika miskin ga ada uang, si bapak enak bener bisa jual anak perempuan ke orang asing. Mana anaknya kembar usia 7 tahun lagi 😭😭

Tahun 2026 tapi perbudakan modern & perkawinan anak dilegalkan rezim Taliban yang membenci perempuan ini. Bukan korban kemiskinan ini, tapi korban ideologi busuk yang memusuhi perempuan: misoginis 🤬🤬

Nuansa liputan BBC malah kasihan sama bapak miskin yang jual anak sendiri. Goblok.",2,1,['Jijik'],False,identical label duplicate
"Nemu di thread cowo makan ini sampe nangis, kirain lebay doang taunya emg beneran penipu ulung… PEDES BGT BJIRR kaga ada manis manisnya 😭😭😭 https://t.co/lACVYotbt9",2,1,['Percaya'],False,identical label duplicate
"Next month mcm nk pegi sunway lagoon, ada couple nk join tak? 

Mcm seronok naik ride sama sama🤭
Makan sama sama
F sama sama

Eh",2,1,['Jijik'],False,identical label duplicate
"Ngajak ngentot di cafe murahan makan yg tdk viral. Mau sok gaul tp bayar masing². Makanya circle lonte² pun muak ngelonte dgn kau modus utk ngentot dgn cwo tolol. Kau sakit mau mampus, ada tdk yg jenguk kau &amp; doa kan biar cepat mampus. Aman tdk ada yg ngajak abis kan duit😝",2,1,['Jijik'],False,identical label duplicate
Ngakak bgt ini si ohyul ga ngerti trend brewek pokemon udh kek emak emak yg liat anak anaknya ngabisin duit buat collect pc alias tuh duit mending buat beli makanan wkwkwkwk 🤣🤣,2,1,['Jijik'],False,identical label duplicate
"Ngakak ya. Jika Model begini mau nikah muda &amp; punya banyak anak. Ngurus diri sendiri aja tdk becus. Apa² nanya mama🙄
https://t.co/d9vvPAMWsB bahkan cuci piring makan sendiri aja pemalas. Apa lg masak. Pasti ngaku tdk bisa.
Klu emak saya bilang. Ciri² mantu minta diusir mertua🤪",2,1,['Jijik'],False,identical label duplicate
"Ngga rela banget, it’s ok kalau kulineran di indo nya dapet kuliner yang ngga enak, ngga higenis tapi dengan modal 5 dollar aja mereka udah bisa makan makanan bersih, enak, mengenyangkan dan itu ngga bikin kantong mereka kering😒",2,1,['Jijik'],False,identical label duplicate
Ngucapin sih ngucapin tapi ga sampe mbg prabowo di sebut ga sih🤣kelakuan yang sangat syududu https://t.co/rfXGonZuOY,2,1,['Jijik'],False,identical label duplicate
"Niat mau stream handcam makan hari ini, tapi bingung makanannya apa tetiba dia bilang risma gua mana tau😭 https://t.co/ZdSUyWda78",2,1,['Jijik'],False,identical label duplicate
"Njir baru nemu di IG, Jingle MBG “My Little Bolu Ketan” 😂. Gen Z kreatif banget, sampe dibuatin jingle pake nama makanan: bolu ketan, cilok pentol, buah lili.

Kan gw jadi pengen bolu ketan Putu Radja yang pulen jadinya 😭. https://t.co/PB1WHrhiLF",2,1,['Jijik'],False,identical label duplicate
"No 1 emang Cinta dan itu udh ada didepan nya. 
Tapi Makanan No 3 teman-teman. Harap maklum🙏🏻 https://t.co/gmNfqqBGvn",2,1,['Jijik'],False,identical label duplicate
"No ha aprendido nada mordiendo la mano que le da de comer ,dice que la entrevista en Hola fue gratis a cambio de promoción del libro y habla muy mal de sus ex compañeros ,dice que no la ham llamado para ninguna tv etc🤐 https://t.co/RU9bnoX5dt",2,1,['Netral'],False,identical label duplicate
"Nutrisi terjaga, masa depan ceria. Dukung dan Awasi Bareng MBG sekarang! 🥗🚀 #AwasiBarengMBG #MBG2026 #GiziUntukNegeri #SaringSebelumSharing https://t.co/lQFmimDWio",3,1,['Percaya'],False,identical label duplicate
"Nyobain mbg barak militer masakan Kang Seong Jae sampe teriak ""NEINOM...."" 

🤣🤣🤣🤣🤛🏻 https://t.co/CNoyhvRqCE",2,1,['Jijik'],False,identical label duplicate
Nyuruh jae buka dapur MBG tuh p mksdd 😭😭😭😭😭😭😭😭😭,2,1,['Jijik'],False,identical label duplicate
"OLHA ESSA BELEZA 👡

Sandália Feminina Papete Tamanco Tratorado Fivela Verão - (Mercado Livre)

👉 https://t.co/sDeJ4H6IyU
🏷️ Use o Cupom: CUPOMPRAMODA
R$ 53,67 em até 3x sem juros
🚚 Frete Grátis

Assine aqui o Meli+
👉https://t.co/dtBuluAyFX https://t.co/w73bZFbqy1",2,1,['Jijik'],False,identical label duplicate
"ONCE AGAIN SIAPA YANG GAK BAPER KALAU DIBILANG ""kamu cocok tau jadi ahli gizi"" terus ""kalau aku banyak uang, aku bakalan modalin usaha kamu"" 😭😭😭😭😭😭",2,1,['Jijik'],False,identical label duplicate
Oh this!!! Dah lama sebut. Im in cyberjaya. Susah betul nak jumpa makanan kelantan. Sikit2 mamak aku dah lah tak suka makanan mamak which also not my culture. Im yearning for nasi pagi 😭 like ayam goreng (not ayam goreng tepung)  kuah gulai sambal kelate surrr,2,1,['Jijik'],False,identical label duplicate
"Oke nih petuah dari Grok yang udah makan banyak asem garam: 

Bener, dunia cuma panggung sandiwara. Santai aja, jangan buru-buru atau terlalu keras sama diri sendiri. Fokus bangun skill, pilih temen yang positif, jaga kesehatan mental & fisik, dan ambil pelajaran dari setiap gagal. Masa muda ini waktu emas buat eksperimen & belajar. Gaspol terus bro! 🔥",2,1,['Jijik'],False,identical label duplicate
"Opini orang Tolol: “ngapain gym disitu klo kritik?”

Loh lu tu bayar nggak gratis, lu gym disitu klo nggak nyaman ya complain biar Diperbaiki.

Kayak lu kritik pemerintah indo= ngapain stay di indo? Kan GOBLOK.

Kritik buat memperbaiki bukan buat pindah yaa tololll 😭 sekolah deh",2,1,['Jijik'],False,identical label duplicate
"Osasuna Summer 2026

Out:

🇪🇸 Sergio Herrera €180m
🇪🇸 Juan Cruz €45m
🇧🇴 Raúl Chasco €60m
🇨🇦 Cata €130m
🍳 Rojillo €120m

In:

🇳🇴 Haaland €60m
🌍 Sadiq €200m
🥚 Nauzet Pérez €un sugus de piña
🚬 Florentino Pérez (gratis si pierde elecciones)
🥒 El pepino del Leganés €300m",2,1,['Netral'],False,identical label duplicate
"Otsunaraa~!! 💙

habis ini mau cari makan buat sarapan hehe
ednignya kita karaoke lagunya Yuru camp
seruu pankpn lagi :D https://t.co/T00PbK7drG",2,1,['Jijik'],False,identical label duplicate
"Ova rečenica ""od ranije poznata policiji"" 🫩🪗🥳 zvuči skoro kao da imaju program vjernosti. Još malo pa kartica za bodove i deseti privođenje gratis.",2,1,['Netral'],False,identical label duplicate
P Joss kaya bapak kepala sekolah 😭😭😭 https://t.co/pugM05FtjC,2,1,['Percaya'],False,identical label duplicate
"PD: Net, apa kamu cuma suka Foy Thong (sejenis makanan penutup Thailand) .?
🖤: Hah .?
PD: Kamu cuma suka Foy Thong .?
🖤: Aku suka Foy Thong, dan juga suka orang yang makan Foy Thong.
🥕: Bagus. Aku makan Thong Yip (makanan penutup Thailand lainnya).
🖤: Gak, tapi aku suka orang yang suka makan makanan manis. Karena secara pribadi, aku nggak terlalu sering makan makanan manis, tetapi setelah ketemu mereka, semuanya berubah.
🦖: Berubah banyak, ya .?
🖤: Suara apa itu .?
🖤: Sejujurnya, lebih baik kita makan di tokoku aja, karena ..
🦖: JJ, apakah kamu akan datang ke toko ini .?
🥕: Aku ingin pindah.

MYSTERY WITH LUAT EP2
#สืบคดีลับข้ามภพEP2",2,1,['Jijik'],False,identical label duplicate
"PLN dari jam 11 malam ngaduin keluhan ditunggu sampai jam 1 pagi ga datang, terus bikin janji jam 5 subuh sampai sekarang ga datang. Maksudnya stok makanan kita harus sampai busukkah nungguin mereka? Ini juga mau pergi gereja bentar lagi dan mereka masih belum datang 😭",2,1,['Jijik'],False,identical label duplicate
"POLEMIK IJAZAH GIBRAN...

KEPALA SEKOLAH SMA ST YOSEF SOLO KEMBALI BANTAH GIBRAN LULUSAN DI SEKOLAHANNYA...

TAK PERNAH DAFTAR JANGAN NGAKU-NGAKU LULUS SMA, BIKIN MALU INSTANSI PENDIDIKAN SAJA...‼️

#MakzulkanGibran2026
#MakzulkanGibran2026
🆘🆗 https://t.co/RFrj76X0xv",2,1,['Netral'],False,identical label duplicate
"POPS UDAH POPSSS 🤏🏻😭😭

til, kalo ilfil telen aja ya til! kata gw mah mending lu puk puk guinzly aja nanti kalo pulang sekolah dia ngadu karna dicengin “bapak lu plenger bapak lu plenger” ama kawan-kawannya 

JOSSGAWIN OVERTAKE MODE
#LOLFanFest2026D2 https://t.co/35DQCyl0Uz",2,1,['Jijik'],False,identical label duplicate
PULKAM DISAMBUT MAKANAN SEBANYAKK ENIHH 🫶🫶🫶🫶🫶,2,1,['Percaya'],False,identical label duplicate
"Pagi ini Rupiah resmi tembus Rp17.700 per Dolar AS. 
​Positif thinking aja, mungkin Rupiah lagi otw mau nyamain jumlah kalori porsi Makan Bergizi Gratis biar gampang ngitungnya. Konsisten banget merosotnya, kayak akhlak netizen pas ngomentari pidato prabowo.😜
https://t.co/WCTUFwasHx

.",2,1,['Jijik'],False,identical label duplicate
"Pagi ini aku masak makanan kesukaan aku yaitu 'empal atau empal gepuk' aku kalau makan makanan ini suka sekali nambah nasi karena rasanya tuh emang sangat enak sekali (menurut ku pribadi ya).

Mari kita flashback sebentar kenapa makanan ini bisa jadi kesukaanku saat ini

Ketika lebaran idul Fitri waktu itu aku main ke rumah mantan nah ibu nya itu nawarin makan dia masak empal ini, akhir nya aku cobain ko enak banget beda dari masakan rumah yang lain kalau lebaran biasanya masak rendang atau opor dan dia ada tambahan empal ini

Akhirnya aku berani nanya resep nya apa dan nyoba tambahin bumbu lain bikin sendiri versiku yang beberapa kali rasa nya beda-beda dan sekarang sudah cocok dengan selera ku😁

Menurut ku makanan ini sangat enak perpaduan daging yang rasa nya gurih, asin dan manis sedikit.

Kalau kalian makanan apa yang sering sekali nambah nasi ketika lauk nya itu makanan kesukaan kali?",2,1,['Jijik'],False,identical label duplicate
"Pagi jam 2 gue ngeliat ini senyum-senyum sendiri..
Ling beli makanan harus banget ya deket sama event nya binik..
Lagi mau mantau binik ya😂

#lingorm #linglingkwong  #ormkornnaphat https://t.co/TOfpQiV0go",2,1,['Percaya'],False,identical label duplicate
Paham kan kenapa banyak kasus siswa keracunan mbg tapi gaada yang diproses hukum🥶,3,1,['Tertarik'],False,identical label duplicate
"Pak Dadan MBG berangkat haji 2026, belio dipuji anggota Komisi XI DPR karena memilih haji pakai jalur reguler dan mengantre selama 12 tahun, hal ini dianggap sebagai wujud kesederhanaan pejabat negara.

Pak Dadan juga menolak segala bentuk fasilitas khusus pejabat negara termasuk rela menginap di hotel yang berjarak 5 km dari Masjidil Haram dan naik bus umum bersama jemaah lainnya, padahal sebagai pejabat belio bisa pakai fasilitas ONH Plus yang jauh lebih nyaman.

Sungguh mulia Belio ini 🥹",2,1,['Jijik'],False,identical label duplicate
"Pak Prabowo punya cara simpel putuskan kemiskinan:
Beri aset: Pendidikan &amp; Koperasi Desa 📚🤝
Buka akses: Kesehatan &amp; Gizi Gratis ❤️🍎#jagaindonesia #indonesiaberdaulat #sekolahrakyat #koperasimerahputih #indonesiamaju https://t.co/IxoJp5cTel",3,1,['Tertarik'],False,identical label duplicate
Pap makanan terakhir di galeri kalian 🫶🤤 https://t.co/BjdjtgH8dP,2,1,['Percaya'],False,identical label duplicate
"Papua bukan lagi pinggiran, tapi pusat pertumbuhan baru. Fasilitas kesehatan dan sekolah makin lengkap! Bangga! 🏥🏫 #PapuaMaju #IndonesiaHebat https://t.co/1xG61B2eDL",2,1,['Jijik'],False,identical label duplicate
"Papua tumbuh dengan harapan, pendidikan, dan gizi yang lebih baik.
Bersama langkah nyata, anak-anak Papua siap menjadi generasi kuat untuk Indonesia maju 🇮🇩✨
#MBG #MakanBergiziGratis #PapuaMaju #PapuaBangkit https://t.co/g3GtdfZpKB",2,1,['Jijik'],False,identical label duplicate
"Park Jihoon pake gakuran (seragam sekolah) di fancon Tokyo, terus dia nawarin kancing keduanya ke May.

Di Jepang namanya tradisi Daini Button, artinya dia lagi ngasih hatinya yang paling tulus alias ngajak pacaran 🤭

Dia ngomongnya pake bahasa Jepang dan Korea.",2,1,['Jijik'],False,identical label duplicate
"Part 2 lanjut makan lagii😭

kali ini di 
📍Xia Dimsum

Setelah hidup di jkt 1 taun gue baru sadar ternyata makanan di Malang semurah itu😭

semua ini totalnya cuma 80 ribuan😭 https://t.co/I8iroz333b",2,1,['Jijik'],False,identical label duplicate
"Pas ngobrol iseng sama sepupu, pernah tercetus ide:

Bagaimana kalo di rumah Mbah gak usah sedia menu rendang, opor, dan santan-santanan lain?

Jadi khusus di rumah Mbah, kita sediakan bakar-bakaran alias nge-grill. Tinggal modal ayam sama daging yang sudah dimarinasi. 

Begitu ada tamu, tinggal kita bakarin.

Menu lain yang bisa disediakan juga mie rebus pake telor dan mie goreng. Nugget juga jadi menu yang diusulkan buat ada.

Prinsip dasar ide ini sederhana:

Kalo lebaran ke rumah kerabat dan disuruh mampir, lauk yang tersedia yaa itu-itu aja sebenarnya. Opor, sayur labu, krecek, dan rekan-rekannya.

Apalagi kalo di Jateng, ga boleh pulang kalo belum makan. Jadi pernah ada masa gua makan lima kali dalam waktu yang sangat berdekatan karena emang dipaksa makan, dan diminta Bapak Ibu biar ikut makan karena ga enak kalo nolak makan.

🤣🤣🤣

Nah dengan kehadiran menu tak biasa di rumah Mbah tadi, otomatis bakal jadi ""oase"" di tengah kepungan opor dan kawan-kawan.

Dan yak, ide ini ditolak mentah-mentah meski baru dalam tahap obrolan dan perencanaan tanpa tindak lanjut serius.

🤣🤣🤣🤣",2,1,['Jijik'],False,identical label duplicate
Pasti ke MBG lagi 😅😆😁😄,2,1,['Percaya'],False,identical label duplicate
"Pdhl ak suka bgt donat jco, tp skrg ak baru mampunya beli donat UMKM 10rb isi 3, gapapa yhh nanti klo udh dapet kerja kita gas semua wish list, barang, makanan, tempat hangout, konser dsb yg blm kesampean ntuhh😇🤏🏻 https://t.co/CradYOF6k2",2,1,['Jijik'],False,identical label duplicate
"Pemadaman listrik di Sumatera memakan korban jiwa. We really need to put attention on this.

إِنَّا لِلَّهِ وَإِنَّا إِلَيْهِ رَاجِعُونَ🥀🥀🥀",2,1,['Jijik'],False,identical label duplicate
"Pembangunan yonif disalah satu wilayah di Kalimantan Tengah mendapat protes dari warga karena status tanah masih sengketa 🤔

TNI kuat ... rakyat. Isi sendiri titik-titiknya. https://t.co/EZT7mbpisg",2,1,['Jijik'],False,identical label duplicate
"Pemimpin Muda Indonesia dan Generasi Penerus Bangsa 🇮🇩🇮🇩

Suka cita anak2 sekolah di SD Inpres Kupang ketemu Mas Wapres ❤

@gibran_tweet https://t.co/MwM9VlxxB2",2,1,['Percaya'],False,identical label duplicate
Pendidikan nomer sekian mbg nomer 1😭 udah ga masuk logika guru lagi lagi jadi korban,3,1,['Tertarik'],False,identical label duplicate
Penekanan sekolah yg nolak MBG ada tindakan tertentu🙂,2,1,['Jijik'],False,identical label duplicate
Penerbit Berdikari sedang memasak! 🫵🏻👀 https://t.co/D4oiqcomeO,2,1,['Jijik'],False,identical label duplicate
"Pengawasan ketat, kualitas tetap aman! 🍽️✅
Program MBG memastikan keamanan pangan dari sebelum distribusi hingga diterima.

BGN Gandeng KPK

#MBG2026 #KeamananPangan #BGN #KPK #GiziTerjamin #IndonesiaSehat https://t.co/0YRUlNcZwM",3,1,['Tertarik'],False,identical label duplicate
"Pengen indonesia jadi bener lahh, wibu wibu gini gua cinta bat sama indonesia jir 😭😭 Negeri kaya akan bahasa, makanan, budaya, alam, flora fauna gini masa gua ga cinta si. Bonus masyarakatnya baik2 dan kocak2 lagi

Pemerintahnya doang emng yg kek TAI. T-A-I. TAI",2,1,['Jijik'],False,identical label duplicate
"Pengumuman snbt bener2 udah besok.. mohon doanya yaa agar aku dan kita semua lolos snbt terutama dipilihan 1🤲, aamiin allahumma aamiin.
InsyaAllah kita bisa makan rendang dengan hati tenang🥹🤍 karna lolos snbt, aamiiin ya Allah.
Dan semoga doa baiknya balik ke kalian, aamiin https://t.co/yXaTVGDP3B",2,1,['Tertarik'],False,identical label duplicate
Perbaikan gizi setiap hari 🤭,2,1,['Percaya'],False,identical label duplicate
Perbaikan gizi 🤣 https://t.co/Cd6aNbEK0F,2,1,['Percaya'],False,identical label duplicate
"Pernah dulu kena broken heart syndrome, tak makan 4 hari, cuma minum je. Hari kelima baru jamah makanan sesikit itu pun tak luak. Hilanv 5kg 🙂‍↔️",2,1,['Percaya'],False,identical label duplicate
"Perputaran uang ratusan miliar tiap hari! Pemkab Sumedang gerak cepat optimalkan program Makan Bergizi Gratis (MBG). Gak cuma bikin anak-anak sehat dan fokus, tapi juga dongkrak ekonomi lokal secara masif. Keren pisan! 🌾🔥 https://t.co/97FVxawJ98",3,1,['Netral'],False,identical label duplicate
"Persona 3 Reload - PlayStation 5 (Amazon)

👉 https://t.co/JVgC6K1g3R
R$ 149,57 em até 5x
Frete Grátis 

- Compra internacional mas taxas já inclusas
- Valor de ICMS pode variar de acordo com a região https://t.co/ZQ6GTXyKda",2,1,['Netral'],False,identical label duplicate
"Perut kenyang, absen tenang, nilai pun senang! 📉📈 Lihat tuh senyum anak-anak SD GMIT Oelunggu. Gak cuma soal makan gratis, tapi soal kasih mereka energi buat ngejar mimpi. Gizi yang bener emang kunci prestasi. #LanjutkanMBG

Andro Pesta Babi
#XLBagiBagiBonus https://t.co/bOLNWIWrdp",2,1,['Jijik'],False,identical label duplicate
"Pesantren mandiri kelola dapur MBG? Ide cerdas! 🍲 Selain gizi santri terjamin &amp; menu lebih fleksibel, ekonomi warga sekitar ikut terangkat. Distribusi jadi cepat, higienis, &amp; santri makin mandiri. Berdaya untuk bangsa https://t.co/n7YR4ySGij",2,1,['Jijik'],False,identical label duplicate
"Phở bò itu makanan khas Vietnam berupa mie kuah pake daging sapi. Isiannya biasanya mie beras, irisan daging sapi, tauge, daun-daunan, terus disiram kuah kaldu sapi yang dimasak lama pake rempah kayak kayu manis, bunga lawang, jahe, sama cengkeh 🍜

Yang bikin khas tuh kuahnya, gurih tapi tetep ringan dan wangi rempahnya berasa banget. Di Vietnam sendiri phở bò sering dimakan buat sarapan, tapi sebenernya enak dimakan kapan aja, apalagi pas cuaca dingin atau lagi cape seharian.

pict pinterest",2,1,['Jijik'],False,identical label duplicate
"Pidato tanpa MBG 
Bagaikan lalapan tanpa sambel 😁",3,1,['Percaya'],False,identical label duplicate
Plis knp makanan enak tuh jauh2? 😔 mau sate aja menempuh waktu setengah jam 😭 https://t.co/xbgJGdQ35x,2,1,['Jijik'],False,identical label duplicate
"Plisss terngiang ngiang trus lagu MBG ini😭☝🏻
MBG ( Mas Bahlil Ganteng ) 
Buah apa yg paling manis BUAHLILLL...!! 

😭😭😭 huaaaa...",2,1,['Jijik'],False,identical label duplicate
"Podong kalo jadi manusia, ya william😭🫵

Cuma makanan sama sedotan seuprit ngangga sampai segede black hole😭😭 https://t.co/9hHj01iF10",2,1,['Jijik'],False,identical label duplicate
"Polisi tangkap seorang sopir program Makan Bergizi Gratis (MBG) berinisial A di kawasan Pancoran Mas, Depok, setelah diduga terlibat dalam peredaran narkotika jenis sabu.

Ngirim MBG❌️ 
Ngirim SABU✅️ https://t.co/mbDNx4jH9M",3,1,['Tertarik'],False,identical label duplicate
"Prabowo : 
👉🏼 Panggil Purbaya ketika dollar naik
👉🏼 Menelpon Pimpinan buruh ketika bilang TIDAK untuk MBG. Tapi...

Prabowo :
👉🏼 TAK MENEGUR Dadan ketika MBG sudah meracuni ribuan rakyat 🇮🇩 https://t.co/SWE04gcL5Y",2,1,['Tertarik'],False,identical label duplicate
Presiden Prabowo tidak main-main! 🚫 Beliau instruksikan cek ketat celah korupsi di program MBG. Bukti komitmen kuat agar setiap rupiah anggaran benar-benar jadi gizi nyata buat anak bangsa. Transparan &amp; amanah! 🇮🇩✨ https://t.co/Gy0UjQSOlV,2,1,['Netral'],False,identical label duplicate
"Presiden RI Prabowo Subianto juga akui:

 Makan Bergizi Gratis (MBG) banyak masalah ""iya"" banyak tantangan ""bener""

 .... manusia Indonesia kita mengertilah, penyakit kita harus berani hadapi, harus berani bicarkan.

Banyak diamtara unsur-unsur pimpinan kita hatinya tidak kuat, integritasnya tidak kuat, imannya tidak kuat. Berusan dengan uang dia lupa ...

Pemerintah saya tidak ragu-ragu, siapapun yang melanggar yang menyimpang yang menyalahkan kewenangan akan kita tertibkan kita bersihkan kita copot dari jabatan.

Quote:
MBG begitu penting JANGAN DIHENTIKAN ini sangat membantu‼️ 

📍Peresmian 1.061 operasional Koperasi Desa Merah Putih di Nganjuk, Jawa Timur
🗓 Sabtu (16/5/2026)",3,1,['Jijik'],False,identical label duplicate
"Program MBG bertujuan atasi stunting anak Indonesia
Masih banyak anak sekolah yg belajar dgn perut kosong tidak punya uang jajan bahkan tidak ada makanan dirumah

Program MBG bantu anak kenyang di sekolah dan orang tua bisa menabung uang jajan 👌 

#LanjutkanMBG
#ElClásico #mamá https://t.co/I5burYVMdW",2,1,['Jijik'],False,identical label duplicate
"Program MBG bertujuan atasi stunting ❤️
Masih banyak anak sekolah yg belajar dgn perut kosong tidak punya uang jajan bahkan tidak ada makanan dirumah
Orang tua bisa menabung uang jajan 👌
anak2 senang belajar di sekolah lebih semangat
#LanjutkanMBG
#gooner https://t.co/uHRz74DrFJ",2,1,['Jijik'],False,identical label duplicate
"Program MBG bukan cuma kasih makan bergizi
Tapi uangnya muter di rakyat sampai 90%!
Petani hidup, UMKM jalan, dapur rakyat ngebul. Bahkan minyak jelantah bekas MBG sekarang punya nilai ekonomi tinggi karena dipakai jadi bahan bakar pesawat 🔥 https://t.co/79AIpkXS7g",2,1,['Jijik'],False,identical label duplicate
"Program MBG emang sangat bantu UMKM 👍 Perputaran ekonomi jadi lebih terasa sampai ke pelaku usaha kecil di daerah.
Kehadiran Program MBG bukan cuma bantu pemenuhan gizi, tapi juga bikin banyak UMKM ikut berkembang ✍️☑️ https://t.co/mybem5VF51",2,1,['Jijik'],False,identical label duplicate
"Program MBG ini memang efeknya luas 🔥 UMKM, peternak, sampai pemasok bahan pangan jadi ikut kecipratan rezeki. Yang penting pelaksanaannya tetap tepat sasaran dan berkelanjutan.

Pagii BUAHLIL https://t.co/VcoPMtje2u",2,1,['Jijik'],False,identical label duplicate
"Program MBG serat 1,28 juta pekerja dorong ekonomi rakyat dari hulu ke hilir✍️✔️

Nessie Pocong BUAHLIL https://t.co/IjYmUfBmSx",2,1,['Jijik'],False,identical label duplicate
Program MBG terus bergerak luas di Sulawesi Utara. Sebanyak 381 ribu penerima manfaat di 3.320 sekolah menjadi bukti bahwa pemerataan gizi anak bangsa terus berjalan ✨ https://t.co/HkTprdNhT8,2,1,['Jijik'],False,identical label duplicate
"Program Makan Bergizi Gratis (MBG) bukan sekadar bantuan pangan, tapi mesin penggerak ekonomi rakyat lewat ribuan UMKM. Gizi terpenuhi, prestasi menanti, ekonomi mandiri. 🇮🇩🍱

Simak detail di video ini! 👇 #KebijakanPublik #MBG2026 #IndonesiaEmas #GiziNasional #UpdateBerita https://t.co/jHoMb5VdWX",3,1,['Jijik'],False,identical label duplicate
"Program Makan Bergizi Gratis (MBG) terus memberikan dampak signifikan terhadap penyerapan tenaga kerja dan perputaran ekonomi nasional melalui penyerapan 1,28 juta pekerja.

Hal tersebut disampaikan Badan Gizi Nasional (BGN) dalam statistik terbaru yang dirilis pada Jumat (22/5), yang menyebut Program MBG telah melibatkan jutaan pekerja tersebut di 29.225 Satuan Pelayanan Pemenuhan Gizi (SPPG) seluruh Indonesia.

🔽🔽🔽
Baca selengkapnya: https://t.co/9My04a2mp5

Grafis: Ulfa Jainita",4,1,['Tertarik'],False,identical label duplicate
"Program Makan Bergizi Gratis (MBG) yang telah berjalan selama 1 tahun 3 bulan berhasil mengubah karakter siswa menjadi lebih bersemangat dan lebih paham soal gizi.Menurut Kementerian Pendidikan Dasar dan Menengah (Kemendikdasmen), program MBG terbukti:

▪️ Meningkatkan kesehatan jasmani siswa
▪️ Meningkatkan tingkat kehadiran siswa di sekolah
▪️ Membuat siswa lebih bersemangat bersekolah
▪️ Menjadi layanan yang paling diharapkan siswa, terutama dari      keluarga ekonomi rendah.

Hasil studi bersama LabSosio Universitas Indonesia dan quick assessment tahun 2025 menunjukkan bahwa MBG juga berhasil meningkatkan pemahaman siswa tentang gizi. Bahkan, guru matematika sering memanfaatkan menu MBG sebagai bahan pelajaran untuk menghitung kandungan gizi.
Secara keseluruhan, MBG tidak hanya memberikan makan gratis, tetapi juga memberikan dampak positif terhadap semangat belajar dan pengetahuan gizi siswa. Mau versi yang lebih pendek lagi?

Music: Black Order by Soundridemusic",2,1,['Jijik'],False,identical label duplicate
"Program Makan Bergizi Gratis bukan sekadar bagi-bagi makanan atau Pemborosan Anggaran seperti kata Kubu Keok 

Ini investasi besar untuk masa depan bangsa. Anak-anak yang hari ini mendapat asupan gizi cukup akan tumbuh lebih sehat, lebih kuat, dan lebih siap menjadi generasi unggul Indonesia ✊🇮🇩",3,1,['Netral'],False,identical label duplicate
"Program Makan Bergizi Gratis lagi jadi sorotan 👀

Wapres Gibran Rakabuming Raka memanggil KSP Dudung Abdurachman pada Senin (19/5) buat bahas evaluasi dan perbaikan Badan Gizi Nasional.

Bukan tanpa alasan.",2,1,['Jijik'],False,identical label duplicate
"Program buat cegah stunting anak &amp; ibu hamil…
kok sekarang melebar ke kampus &amp; lapas? 🤔
Kalau semua dianggap prioritas, akhirnya yang paling butuh malah kehilangan prioritas. 📉
Negara bukan kekurangan anggaran.
Kadang cuma kehilangan fokus. 🔥
#MBG #Stunting #Indonesia https://t.co/m99My86Ws0",2,1,['Jijik'],False,identical label duplicate
"Promoções BR do dia 🇧🇷

Ajuste perfeito e estilo garantido! 👖✨🔒

Ver aqui: https://t.co/ENnJWZl3nr

Por R$ 25,90
Frete Grátis

Kit 2 Cintos Masculinos em Gorgurão Lona com Regulagem em Ilhões Preto/Verde 1,30m

Amazon | Calçados, Roupas e Acessórios https://t.co/0Ma1aMQGyy",2,1,['Netral'],False,identical label duplicate
"Promoções BR do dia 🇧🇷

Aproveite a oferta e garanta o seu agora! 📱✨

👉 https://t.co/o3ADQ7lxgl

Samsung Galaxy A07 256GB 8GB Câmera 50MP Tela 6.7"" Verde

Por R$ 809,00
Frete Grátis

Amazon | Smartphone https://t.co/ldOaM7P8xE",2,1,['Netral'],False,identical label duplicate
"Promoções BR do dia 🇧🇷

Atualize seu PC com potência e estilo! ⚡💻✨

Comprar agora: https://t.co/2msuTgydjW

Por R$ 1.282,50
Frete Grátis

Asus TUF Gaming B650M-PLUS Placa Mãe AM5 DDR5 HDMI DisplayPort M.2 USB 3.2 RGB

Amazon | Placa-mãe https://t.co/mP9vzqaCaW",2,1,['Jijik'],False,identical label duplicate
"Promoções BR do dia 🇧🇷

Capture aventuras épicas com qualidade incrível! 📸🌊🚀

👉 https://t.co/UIzLnMQMFJ

GoPro HERO11 Black Mini Câmera de Ação 5.3K60 à Prova d'Água até 10m | Cupom

Por R$ 1.381,05
Frete Grátis

Cupom: GIMBAL10

Amazon | Câmera https://t.co/GqF668zEbp",2,1,['Netral'],False,identical label duplicate
"Promoções BR do dia 🇧🇷

Capture cada momento em 360° com qualidade incrível! 📸🌊✨

Comprar agora: https://t.co/5FuANgDZVP

Por R$ 2.789,91
em até 10x sem juros
Frete Grátis

GoPro MAX2 Câmera 360° à prova d'água, 8K, 29MP, Tela Touch, Estabilização HyperSmooth, 6 Mic |...

Cupom: GIMBAL10

Amazon | Câmera",2,1,['Netral'],False,identical label duplicate
"Promoções BR do dia 🇧🇷

Cole com facilidade! ✂️📏

Comprar agora: https://t.co/5rrVGY07Ml

Por R$ 7,10
Frete Grátis

Faber-Castell Cola em Bastão 10g SM/8110

Amazon | Materiais de Escrita e Pintura https://t.co/RTAjSTFR9g",2,1,['Netral'],False,identical label duplicate
"Promoções BR do dia 🇧🇷

Complete seu álbum agora! ⚽🏆📘

Comprar agora: https://t.co/NTbOTsEC4o

Por R$  79,90
Frete Grátis

Copa do Mundo FIFA 2026 Álbum Figurinhas Capa Dura Prata

Álbum | Amazon https://t.co/g9CgUa6SXL",2,1,['Marah'],False,identical label duplicate
"Promoções BR do dia 🇧🇷

Conforto smart LG agora! ❄️📱💨

Comprar agora: https://t.co/vPseiL3LY8

Por R$ 1.980,90
Frete Grátis

LG Ar Condicionado Split Hi Wall Inverter Smart Voice AI 12.000 Btus Frio 220v R-32

Amazon | Ar-Condicionado https://t.co/B0LmkaDMWU",2,1,['Jijik'],False,identical label duplicate
"Promoções BR do dia 🇧🇷

Corra mais longe e monitore seu ritmo! 🏃‍♂️⌚️📍

Cupom: COMPRE15

Abrir: https://t.co/86YQ97JJnf

Por R$ 1.469,65
em até 10x sem juros
Frete Grátis

Garmin Relógio Forerunner 55 com GPS e Monitor Cardíaco 42mm Preto | Cupom

Amazon | Smartwatch https://t.co/EyRHxo1IN3",2,1,['Jijik'],False,identical label duplicate
"Promoções BR do dia 🇧🇷

Cozinhe mais rápido com o cooktop Eos! 🔥🍳✨

Comprar agora: https://t.co/Srmvokr4u1

Por R$ 728,18
Frete Grátis

Eos Cooktop de Indução 4 Bocas com Painel Touch Preto 7200W 220V ECI04EP3

Amazon | Cooktop https://t.co/Dney1Dt4QF",2,1,['Netral'],False,identical label duplicate
"Promoções BR do dia 🇧🇷

Cozinhe rápido e com estilo! ⚡🍳✨

👉 https://t.co/3VbNqVdSBe

Philco Cooktop de Indução PCTQ1 Função Turbo 220V

Por R$ 1.028,00
em até 10x sem juros
Frete Grátis

Amazon | Cooktop https://t.co/CfUWlMLhIj",2,1,['Netral'],False,identical label duplicate
"Promoções BR do dia 🇧🇷

Cozinhe rápido e com estilo! ⚡🍽️✨

Abrir: https://t.co/rfE08U1QYE

Por R$ 1.125,07
Frete Grátis

Electrolux Micro-ondas 31L Inox Espelhado Grill Painel Blue Touch 220V (ME41X)

Amazon | Micro-Ondas https://t.co/sqeWFxECHo",2,1,['Jijik'],False,identical label duplicate
"Promoções BR do dia 🇧🇷

Cozinhe rápido e com estilo! 🍳✨🔥

👉 https://t.co/QaWoyfyQqG

Fischer Cooktop de Indução 4 Bocas Mesa Vitrocerâmica Touch 220V 33243-89825

Por R$ 1.396,00
em até 10x sem juros
Frete Grátis

Amazon | Cooktop https://t.co/pZgChKkIhp",2,1,['Netral'],False,identical label duplicate
"Promoções BR do dia 🇧🇷

Descubra o poder e a elegância agora! 🚀📱✨

Ver aqui: https://t.co/94IjWdktNa

Por R$ 13.315,15
em até 10x sem juros
Frete Grátis

Apple iPad Pro 2025 11″ Wi-Fi 512GB Prateado M5

Amazon | Tablet https://t.co/lIYVv0X6J3",2,1,['Netral'],False,identical label duplicate
"Promoções BR do dia 🇧🇷

Descubra o poder e a leveza do futuro! 🚀📱✨

Abrir: https://t.co/IaqKM86o6r

Por R$ 7.569,10
Frete Grátis

Apple iPad Air 13″ Wi-Fi 128GB Cinza Espacial (M3) 2025

Amazon | Tablet https://t.co/vyzNqUiCxJ",2,1,['Jijik'],False,identical label duplicate
"Promoções BR do dia 🇧🇷

Descubra o poder em suas mãos! 🚀📱✨

Abrir: https://t.co/anmptfTm8C

Por R$ 26.799,00
em até 10x sem juros
Frete Grátis

Apple iPad Pro 13″ 2025 Wi-Fi + Cellular 1 TB Preto Sideral

Amazon | Tablet https://t.co/RstwJx4UpF",2,1,['Netral'],False,identical label duplicate
"Promoções BR do dia 🇧🇷

Descubra o poder em suas mãos! 🚀📱✨

👉 https://t.co/eTbaxUu7vR

Apple iPad Pro 11″ 512 GB Wi-Fi + Cellular Preto Sideral (M5) 2025

Por R$ 15.579,10
Frete Grátis

Amazon | Tablet https://t.co/cahxhbZRu5",2,1,['Jijik'],False,identical label duplicate
"Promoções BR do dia 🇧🇷

Detone a sujeira agora! 💥🧽

Abrir: https://t.co/LVe2hZEglS

Por R$ 706,92
Frete Grátis

WAP Lavadora de Alta Pressão COMBATE TURBO 2600 2100psi 1700W 360L/h 127V

Amazon | Lavadoras de Alta Pressão https://t.co/kdRpsigxws",2,1,['Netral'],False,identical label duplicate
"Promoções BR do dia 🇧🇷

Eleve seu setup 🖱️✨🖤

Ver aqui: https://t.co/8dIzQBiFqm

Por R$ 37,90
Frete Grátis

Couse MousePad Desk Pad Couro Ecológico 70x30cm Preto Premium

Amazon | Mouse Pad https://t.co/SqV3hPRzda",2,1,['Jijik'],False,identical label duplicate
"Promoções BR do dia 🇧🇷

Explore o futuro da tecnologia agora! 🚀📱✨

Abrir: https://t.co/S2Y6DcVrsL

Por R$ 8.639,91
Frete Grátis

Apple iPad Air 2025 13″ Wi-Fi 256GB Cinzento Sideral M3

Amazon | Tablet https://t.co/NBfTetB5e5",2,1,['Jijik'],False,identical label duplicate
"Promoções BR do dia 🇧🇷

Explore o poder nas suas mãos! 🚀📱✨

Ver aqui: https://t.co/WzvcUStQIl

Por R$ 10.089,10
Frete Grátis

Apple iPad mini 2024 A17 Pro Wi-Fi + Cellular 512GB Estelar

Amazon | Tablet https://t.co/26I5SOzqu9",2,1,['Jijik'],False,identical label duplicate
"Promoções BR do dia 🇧🇷

Garanta já o seu ⌚🤩🔥

Abrir: https://t.co/71IH9OqpmQ

Por R$ 1.809,10
Frete Grátis

Samsung Galaxy Watch8 Smartwatch LTE 40mm Grafite

Amazon | Smartwatch https://t.co/l6wwydn2eY",2,1,['Jijik'],False,identical label duplicate
"Promoções BR do dia 🇧🇷

Garanta seu Ray-Ban hoje! 😎🕶️

Comprar agora: https://t.co/AOu5zWVFfM

Por R$ 468,99
em até 9x sem juros
Frete Grátis

Ray-Ban Óculos de Sol Justin RB4165L 601/8G Tamanho 57

Amazon | Calçados, Roupas e Acessórios https://t.co/1QzaQtO6BL",2,1,['Netral'],False,identical label duplicate
"Promoções BR do dia 🇧🇷

Garanta seu iPhone 17 🤍📱✨

Ver aqui: https://t.co/j5Q2X6FOGa

Cupom: 300SMART

Por R$ 5.612,50
Frete Grátis

Apple iPhone 17 256GB Branco | Cupom

Amazon | Smartphone https://t.co/RyatKeHMtJ",2,1,['Jijik'],False,identical label duplicate
"Promoções BR do dia 🇧🇷

Garanta seu iPhone Air ✨📱💛

Ver aqui: https://t.co/X57Pj7Bgfb

Cupom: 300SMART

Por R$ 6.849,10
Frete Grátis

Apple iPhone Air 256GB Dourado-Claro | Cupom

Amazon | Smartphone https://t.co/zVO53xyxti",2,1,['Jijik'],False,identical label duplicate
"Promoções BR do dia 🇧🇷

Garanta seu álbum agora! 🏆✨📦

Ver aqui: https://t.co/WTugtcjUhJ

Por R$  359,90
em até 7x sem juros
Frete Grátis

Copa do Mundo FIFA 2026 Álbum Capa Dura Prata + 40 Envelopes de Figurinhas

Álbum | Amazon https://t.co/MMo5Sg6hYN",2,1,['Netral'],False,identical label duplicate
"Promoções BR do dia 🇧🇷

Leve já sua 86 4K 🤩📺🔥

Comprar agora: https://t.co/IGMXH2cpa2

Por R$ 6.799,00
em até 10x sem juros
Frete Grátis

LG Smart TV 4K 86"" UHD 86UA85 α7 Gen8 4K Upscaling Google Cast Alexa Controle Magic WebOS 25

Amazon | TV https://t.co/5BoISbyoKe",2,1,['Jijik'],False,identical label duplicate
"Promoções BR do dia 🇧🇷

Mantenha suas bebidas geladas e sempre à mão! 🧊🥤✨

Ver aqui: https://t.co/HW2IbaUkzE

Por R$ 1.071,90
em até 10x sem juros
Frete Grátis

Philco Frigobar 92 Litros Inox 220V PFG111I

Amazon | Frigobares https://t.co/ufgipaOh6S",2,1,['Netral'],False,identical label duplicate
"Promoções BR do dia 🇧🇷

Mergulhe no jogo com alta definição! 🎮🔥🚀

Abrir: https://t.co/wgAzc7YmPY

Por R$ 1.374,90
em até 10x sem juros
Frete Grátis

Redragon Monitor Gamer Opal II 27"" Quad HD IPS 180Hz GM27X5QIPS

Amazon | Monitor https://t.co/4EtU1nthSp",2,1,['Jijik'],False,identical label duplicate
"Promoções BR do dia 🇧🇷

Mergulhe no som premium agora 🎧✨ Compre já!

Comprar agora: https://t.co/YAhEDNOyNO

Por R$ 4.399,99
Frete Grátis

Apple AirPods Max Fone de Ouvido Bluetooth Meia-noite

Amazon | Fone de ouvido https://t.co/RVSAuoJyAy",2,1,['Netral'],False,identical label duplicate
"Promoções BR do dia 🇧🇷

Potência e velocidade na palma da mão! ⚡💻✨

Abrir: https://t.co/LfxNw3waps

Por R$ 24.999,00
em até 10x sem juros
Frete Grátis

Apple MacBook Pro 14″ 2024 M4 Pro 12 núcleos 24GB 512GB Prateado

Amazon | Notebook https://t.co/AqXFuFtbWp",2,1,['Netral'],False,identical label duplicate
"Promoções BR do dia 🇧🇷

Refresque seu ambiente com estilo ❄️🌈 Aproveite já!

Ver aqui: https://t.co/hZNO8o7utS

Por R$ 2.302,20
Frete Grátis

Electrolux Ar-condicionado Color Adapt 18000 BTUs Frio UE18F

Amazon | Ar-Condicionado https://t.co/cBbAPKAKs5",2,1,['Netral'],False,identical label duplicate
"Promoções BR do dia 🇧🇷

Renove suas cuecas Reebok hoje e economize! 🩳🔥🛒

Ver aqui: https://t.co/Ahx6lsR9J1

Por R$ 140,90
em até 4x sem juros
Frete Grátis

Reebok Kit 12 Cuecas Boxer Masculinas Microfibra Sem Costura Tamanho P Sortidas

Amazon | Calçados, Roupas e Acessórios https://t.co/kLSyvYHVra",2,1,['Netral'],False,identical label duplicate
"Promoções BR do dia 🇧🇷

Som potente em qualquer lugar 🔊🌊🔥

Comprar agora: https://t.co/NBoUuhBXC1

Por R$ 2.361,75
Frete Grátis

JBL Boombox 4 Speaker Bluetooth Portátil IP68 34h Grave Reforçado Azul

Amazon | Caixa de Som https://t.co/eh327u33ZY",2,1,['Netral'],False,identical label duplicate
"Promoções BR do dia 🇧🇷

Sua cozinha high-tech! 😍❄️📱

Abrir: https://t.co/HpN1WuJaPQ

Por R$ 18.999,00
em até 12x sem juros
Frete Grátis

Samsung Geladeira French Door Family Hub AI Bespoke RM90F Branco 543L 127V

Amazon | Geladeiras e Freezers https://t.co/DJY42GopKQ",2,1,['Jijik'],False,identical label duplicate
"Promoções BR do dia 🇧🇷

Transforme seus fios com brilho e controle! ✨💆‍♀️

👉 https://t.co/svczvVFcbm

L'Oréal Paris Elseve Creme Liso dos Sonhos Queratina Vegetal 300g

Por R$ 21,59
Frete Grátis

Amazon | Beleza e Cuidado Pessoal https://t.co/iIi1YaTFHY",2,1,['Netral'],False,identical label duplicate
"Promoções BR do dia 🇧🇷

⚠️ Oferta forte: R$ 138,46 off
📊 Melhor faixa de preço recente

🛒 Se curtir, garanta já

Abrir: https://t.co/VwYLNLiiR8

Por R$ 3.319,00
em até 10x sem juros
Frete Grátis

AMD Ryzen 9 7950X Box Processador 16 Núcleos 5.7GHz 80MB Cache Radeon AM5 Sem Cooler

Amazon | Processador",2,1,['Netral'],False,identical label duplicate
"Promoções BR do dia 🇧🇷

⚠️ Oferta forte: R$ 233,00 off
📊 Melhor faixa de preço recente

🛒 Se curtir, garanta já

Abrir: https://t.co/GkoQw6vm9f

Por R$ 1.926,10
Frete Grátis

Samsung Smartwatch Galaxy Watch8 LTE 44mm Grafite

Amazon | Smartwatch https://t.co/KM2A9YuFdQ",2,1,['Netral'],False,identical label duplicate
"Promoções BR do dia 🇧🇷

⚠️ Oferta forte: R$ 75,47 off
📊 Melhor faixa de preço recente

🛒 Se curtir, garanta já

Abrir: https://t.co/imi0clJOBn

Por R$ 799,99
em até 10x sem juros
Frete Grátis

Oakley Óculos de Sol Flak 2.0 XL OO9188 918804 Tamanho 59

Amazon | Calçados, Roupas e Acessórios",2,1,['Netral'],False,identical label duplicate
"Promoções BR do dia 🇧🇷

⚠️ Oferta forte: R$ 99,03 off
📊 Melhor faixa de preço recente

🛒 Se curtir, garanta já

Comprar agora: https://t.co/17sn5XcGCg

Por R$ 780,30
Frete Grátis

ASUS Placa-Mãe B650M-AYW Wi-Fi mATX AM5 DDR5 PCIe 5.0 Wi-Fi 6

Amazon | Placa-mãe https://t.co/OKGfh0TiAi",2,1,['Netral'],False,identical label duplicate
"Promoções BR do dia 🇧🇷

📉 Desceu forte: R$ 84,05 abaixo da média
✅ Bom momento pra comprar

🔥 Aproveita enquanto tá assim

Abrir: https://t.co/mcFLzjbZEp

Por R$ 759,48
em até 10x sem juros
Frete Grátis

Ray-Ban Óculos de Sol 0RB3755 Dourado Lente Verde Tam 59

Amazon | Calçados, Roupas e Acessórios",2,1,['Netral'],False,identical label duplicate
"Promoções BR do dia 🇧🇷

🔻 R$ 223,09 abaixo do preço médio
📌 Um dos melhores preços recentes

⚡ Vale a pena agora

Comprar agora: https://t.co/voQLD4Fpel

Por R$ 2.499,00
em até 12x sem juros
Frete Grátis

LG Soundbar S90TY 570W RMS 5.1.3 Canais Dolby Atmos DTS:X AI Sound Pro Sem Fios | Cupom

Cupom: TV200OFF

Amazon | Soundbar",2,1,['Jijik'],False,identical label duplicate
"Promoções BR do dia 🇧🇷

🔻 R$ 509,19 abaixo do preço médio
📌 Um dos melhores preços recentes

⚡ Vale a pena agora

👉 https://t.co/0O4JeglS80

Poli Sports Esteira Eletrônica JET 2500 2.5HP Preta Bivolt | Cupom

Por R$ 1.985,60
em até 10x sem juros
Frete Grátis

Cupom: TREINO20

Amazon | Equipamentos de Academia",2,1,['Netral'],False,identical label duplicate
"Promoções BR do dia 🇧🇷

🚨 Tá 141,67 abaixo da média
📌 Preço fora do padrão hoje

⏱️ Pode acabar a qualquer hora

Ver aqui: https://t.co/2ZiQ9tfz7N

Por R$ 949,99
Frete Grátis

AMD Ryzen 5 7600 4.0GHz Turbo 5.2GHz 38MB Cache AM5 100-100001015BOX

Amazon | Processador https://t.co/9IRxChtNVS",2,1,['Netral'],False,identical label duplicate
"Promoções BR do dia 🇧🇷

🚨 Tá 198,62 abaixo da média
📌 Preço fora do padrão hoje

⏱️ Pode acabar a qualquer hora

Comprar agora: https://t.co/12OqOpcJmv

Por R$ 999,99
Frete Grátis

AMD Ryzen 7 8700F Processador 3.6GHz 8 Núcleos AM5 65W 100100001590BOX

Amazon | Processador https://t.co/VsZjdpxsNX",2,1,['Netral'],False,identical label duplicate
"Publik makin solid dukung program MBG! 🍱 Seneng banget liat dampak nyatanya buat generasi kita sekarang. Yuk, terus kawal demi masa depan bangsa! 🇮🇩 #MBG2026 #DukungMBG https://t.co/w962crAuyV",3,1,['Tertarik'],False,identical label duplicate
Punya kiper yang proper 😭,2,1,['Percaya'],False,identical label duplicate
"Quando condividi storie o curiosità da Novabbe, per ogni persona che le legge, si aggiunge 1 centesimo alla donazione mensile. È gratis. È anonimo. Paga Novabbe.
Scopri le CONDIVIZIONI ♥️ 
https://t.co/3eIg43M9MH",2,1,['Netral'],False,identical label duplicate
"R.3

Baibai yang milih kinderjoy dan yakult, bangkrut dong sppg mbg nya kalau itu dikasi ke kalian ^^ 

🚨 ada yang mual² ninuninu : noel varsha zeva micha https://t.co/aJL1rJE8hy",3,1,['Jijik'],False,identical label duplicate
RIIILLLL😭😭😭 aku nyari loker ahli gizi di rs pun jadi susah karna info loker isinya sppg semua💔💔,2,1,['Jijik'],False,identical label duplicate
"Reklam Kurulu Kararı ⚖️ | 2026/100
📢 Gratis – ""%70 İndirim"" saç bakım kampanyasında bazı ürünler kapsam dışı tutuldu; istisna belirtilmedi. Tüketici aldatıldı.
🚫 CEZA VERİLDİ: 863.580 TL + durdurma #ReklamKurulu #TüketiciHakları",2,1,['Netral'],False,identical label duplicate
"Respon cepat Pak Prabowo di Gorontalo! 🌟 
""Tahun ini semua sekolah kita berikan MBG,"" tegas beliau. Bukti nyata cinta anak bangsa agar jadi generasi kuat, pintar, &amp; semangat. Tak ada yang tertinggal, masa depan cerah menanti! 🇮🇩✨
#MBG #Gorontalo #GenerasiEmas #Prabowo https://t.co/BkWUM1Qzeb",2,1,['Jijik'],False,identical label duplicate
"Respons cepat Presiden Prabowo Subianto patut diapresiasi 👏
Begitu mendengar laporan anak nelayan di Gorontalo belum mendapat MBG, beliau langsung meminta pendataan diperbaiki agar bantuan tepat sasaran.
Program besar memang butuh evaluasi terus-menerus, dan suara rakyat jadi prioritas 👍🇮🇩",2,1,['Jijik'],False,identical label duplicate
"Rest well, koko. Semoga cepet sembuh yak, makan aja dulu yang enak 👍 https://t.co/B7hrMd0Eid",2,1,['Percaya'],False,identical label duplicate
"Ribuan siswa di China ini memilih tetap diam menunggu sampai gerbang sekolah terbuka penuh sebelum keluar. 😭

Meski sebenarnya masih ada celah buat lewat, gak ada satu pun yang nyelonong duluan. Banyak netizen menyebut momen ini sebagai contoh budaya disiplin dan tertib yang diajarkan sejak dini.",2,1,['Tertarik'],False,identical label duplicate
"Rill senin harga naik

Makanan minuman di kantin naik semua harganya 🤧🥹",2,1,['Percaya'],False,identical label duplicate
"Ronde Empat 

Sekolah mana lagi kasi kalian mbg seenak ini 😎 tapi cuman boleh pilih satu buat diicip https://t.co/X4GcjcZ3Bk",2,1,['Jijik'],False,identical label duplicate
"SEKOLAH DI PAMEKASAN TOLAK PAKET MAKANAN BERGIZI GRATIS KARENA DINILAI TIDAK LAYAK👀‼ 

Sebuah video yang beredar di media sosial memperlihatkan penolakan paket program Makan Bergizi Gratis (MBG) oleh pihak sekolah di SMA Negeri 2 Pamekasan, Jawa Timur, pada Senin, 9 Maret 2026.

Dalam video tersebut terlihat paket makanan yang dikirim disebut sebagai jatah untuk tiga hari. Isi paket terdiri dari dua potong tempe, dua potong tahu, serta satu ekor ikan lele yang masih dalam kondisi mentah dan telah dimarinasi.

Pihak sekolah menilai makanan tersebut tidak layak untuk langsung dibagikan kepada siswa maupun guru. 

Terlebih, ikan lele yang masih utuh terlihat masih memiliki kumis sehingga dikhawatirkan cepat membusuk dan dapat memengaruhi kualitas bahan makanan lainnya.

Atas pertimbangan keamanan dan kesehatan, pihak sekolah akhirnya memutuskan menolak dan mengembalikan paket makanan tersebut kepada dapur penyedia. 

Dalam rekaman video juga terdengar kekecewaan dari pihak sekolah terhadap kualitas makanan yang diterima.

Pihak sekolah bahkan menyebut kemungkinan akan melakukan evaluasi terhadap kerja sama penyediaan makanan apabila kondisi serupa kembali terjadi. 

Proses pengembalian paket makanan ke kendaraan pengantar juga terekam dalam video yang beredar tersebut.

🎥Istimewa
#elshintaviral",2,1,['Jijik'],False,identical label duplicate
"SEONGHYEON Weverse Comment

🦊: Guys, aku benar-benar gak nyangka kemarin, makasih banyak udah bikin kami jadi peringkat 1, COER!!❤️‍🔥❤️‍🔥Berkat kalian, rasanya jadi terasa lebih membahagiakan!
🦊: COER yang tadi datang ke pre-recording hari ini, makan yang enak ya.
🦊: Selamat menikmati acai bowl-nya juga.
🦊: Sampai ketemu di live broadcast🫡

#SEONGHYEON #성현 #ソンヒョン #严成玹 #CORTIS #코르티스",2,1,['Jijik'],False,identical label duplicate
"SEPAKATT 
ibuku kemarin sampe ngomel"" sendiri daripada ada MBG mending uangnya dibuat pendidikan gratiss🫠",2,1,['Jijik'],False,identical label duplicate
"SERU BANGET FANSIGN BARENG SEHUN 😭😭😭
-Star udh kyk tmn aja wkwkw, berbagai gula2 mints ke fans 😭😭, mana dia ketawa lgi pas fan makan mintsnya wkwkwk

https://t.co/tKJyrKoruW",2,1,['Tertarik'],False,identical label duplicate
SIAPA YG BUAT WOYY? 😭 BUBAR KAN MBG?!!! 😭😭,4,1,['Percaya'],False,identical label duplicate
"SMA Negeri 1 Pontianak menegaskan pihaknya menolak untuk ikut ulang Lomba Cerdas Cermat (LCC) 4 Pilar tingkat Provinsi Kalimantan Barat Tahun 2026 yang diusulkan oleh MPR. Pernyataan sikap tersebut disampaikan Kepala Sekolah SMA Negeri 1 Pontianak, Indang Maryati, melalui unggahan di akun Instagram @smansaptk.informasi pada Kamis, 14 Mei 2026.

""SMAN 1 Pontianak menyatakan tidak akan terlibat dalam pelaksanaan lomba LCC yang diulang, sebagaimana informasi yang disampaikan oleh MPR RI,"" tulis keterangan di unggahan tersebut.

Pihak SMAN 1 Pontianak menghormati hasil lomba yang telah ditetapkan dan menyatakan dukungan penuh kepada tim SMAN 1 Sambas untuk mewakili Kalimantan Barat di tingkat nasional nantinya. Langkah yang diambil merupakan bagian dari ikhtiar untuk memperoleh klarifikasi demi terwujudnya pelaksanaan lomba yang transparan, objektif, dan akuntabel, tanpa adanya maksud untuk menyerang pihak mana pun.

""Kami menyampaikan apresiasi atas perhatian dan dukungan berbagai pihak, serta menegaskan penghormatan terhadap hasil yang telah ditetapkan. Dukungan penuh juga kami berikan kepada perwakilan Kalimantan Barat di tingkat nasional,"" ungkap mereka.

Sejak awal, SMAN 1 Pontianak menegaskan pihaknya tidak memiliki maksud untuk menganulir hasil lomba, melainkan menuntut kejelasan terkait hasil poin-poin yang dipersoalkan kepada pihak penyelenggara. Langkah yang dilakukan tidak juga bermaksud untuk menyerang ataupun menjatuhkan kredibilitas lembaga, penyelenggara lomba, maupun individu tertentu.

📸: Dok. Youtube MPRGOID.

Baca selengkapnya dengan klik link di bio. Cari tahu berita update lainnya dengan download aplikasi kumparan di App Store atau Google Play.⁠

📝: newsupdate | update | news | oneliner | R176 | E018

#bicarafaktalewatberita #kumparan",2,1,['Jijik'],False,identical label duplicate
SOALNYA YG PERNAH PAP MBG CUMA KAMU 😭,2,1,['Percaya'],False,identical label duplicate
"SPPG Jepang bisa produksi 7.000 porsi per hari—rapi, higienis, dan terstandar. 🍱 Bandingkan dengan kondisi di Indonesia, masih banyak kasus keracunan makanan sekolah. Ini bukan soal jumlah saja, tapi soal sistem, pengawasan, dan kualitas. Kalau mau program makan gratis berhasil, standar harus jelas dan konsisten. Jangan sampai niat baik malah jadi risiko baru bagi anak-anak.",2,1,['Jijik'],False,identical label duplicate
STOP MENTION MENTION MBG YA ALLAH 😭😭 https://t.co/vuBa9r3EG4,2,1,['Percaya'],False,identical label duplicate
"SUDAH KU PUTUSKAN!! 
1. Kl gin cover shanti aku mau nyanyi MBG, 
2. kalau dia new outfit buka dada aku mau GA PC Gin CF22,
3. Kalau dia modelnya bisa nunduk aku akan NYANYI MBG PAKE KOSTUM GINCHAN

Sekian terima gaji🙏🏻",2,1,['Jijik'],False,identical label duplicate
SUMPAH NYON COCOK BGT SAMA LOEWE ASLI GA BOONG GW..... LEBIH MANTEP LG KALO LU KETEMU DI EVENT LOEWE BARENG MBG MY BINI GW ALIAS SI FILM 😭😭😭😭😭😭 https://t.co/kogEyLy8fb,3,1,['Jijik'],False,identical label duplicate
"SUMPAHHH GUE SAMPE NANGIS YAALLAH LIHAT INFONYA TUHH, BUANGGA BNGT SAMA MEREKA 😭😭😭😭😮‍💨😮‍💨😮‍💨😮‍💨🎐🎐 segugukan gw skrng, kok keren 😭😭😭 dlu Jungkook sendiri skrng di susul SEGRUB anying. PECAT CHEF DAPUR MBG BIAR BTS YANG MEMASAK 🔥🔥🔥🔥🔥 https://t.co/zlYidIuHA7",2,1,['Jijik'],False,identical label duplicate
"SUNGKEM SAMA YANG PUNYA RESEP INI 😭🙏
Niatnya cuma mau makan sehat pake brokoli + jamur, eh malah bikin nasi di magic com KERING😩🍚 
Menu akhir bulan tapi rasanya kayak makan di resto 🤌✨ Cobain deh, tapi jangan salahin aku kalau jadi nambah nasi terus 🤫 https://t.co/colzRVaMjQ",2,1,['Jijik'],False,identical label duplicate
"Saat realita fiskal berbenturan dengan ambisi sosial. Pemangkasan mendadak anggaran Makan Bergizi Gratis (MBG) memicu gelombang tanya: Inisiatif efisiensi birokrasi, atau.......

🔥 *SELENGKAPNYA* 🔥
https://t.co/cov5qbVLvu

https://t.co/naduegXXGS https://t.co/OYWTA2KjvA",3,1,['Tertarik'],False,identical label duplicate
"Saben hari hutan dijebol, tanahnya dikeruk pake alat berat, sungai-sungai besar sama lautnya dipakai melintas tongkang-tongkang buat ngangkut BATU BARA, tapi pemadaman listrik skala luas sering tanpa ada pengumuman sebelumnya dan BISA SAMPAI 12 JAM LEBIH.

NEGARA BEDEBAH! 🫵🏻",2,1,['Jijik'],False,identical label duplicate
"Sahabat, daripada mengorbankan hati untuk hal yang belum pasti, lebih indah memberi kebahagiaan bagi banyak orang melalui kurban. 💚

Setiap kurban yang sahabat salurkan membantu pemenuhan nutrisi bagi keluarga dhuafa, anak-anak, dan lansia yang sangat membutuhkan gizi seimbang untuk kesehatan mereka sehari-hari. 

Dengan begitu, kebaikan sahabat akan menjadi berkah nyata bagi banyak orang melalui https://t.co/qdrMStNonN💚

#KurbanBerkah #DompetDhuafa #KurbanTheSeries",2,1,['Netral'],False,identical label duplicate
Sajen itu manusia ngasih makan hantu sedangkan MBG itu syetan ngasih makan manusia.... begitu kata temen gua! 🤣🤣🤣 https://t.co/gNWfyoI4Vz,3,1,['Jijik'],False,identical label duplicate
"Salah ga si sender negur teman ""kurang kurangi lah kamu pake ai"" soalnya dia apa-apa nanya ai kayak bingung mau makan apa dia nanya ai 💚",2,1,['Percaya'],False,identical label duplicate
"Salut sama Karina karena sesibuk apa pun dia tetap nyempetin hidup buat dirinya sendiri. Ketemu keluarga, hangout sama bestie, belajar hal baru, nikmatin seni dan musik, buat setlog  sampai nikmatin jazz festival, vibesnya tuh healthy dan positive banget 🥹💙 have fun MBG https://t.co/D52KWgAhQ3",2,1,['Jijik'],False,identical label duplicate
"Sama kayak yang bilang:

""Apaan sih ngelabelin makanan orang kaya sama miskin.. makanan tuh buat semua orang bukan buat orang kaya doang atau miskin doang...""

KITA PUNYA MAKANAN LITERALLY NAMANYA SATE KERE. Y'ALL WANT TO ERASE PEASANT FOOD SO BAD 😭 https://t.co/gHhJkF39iH",2,1,['Netral'],False,identical label duplicate
"Sama plushie, lucu dan gemas semua, tapi MAKAN TEMPAT😫

Sebagian udh kujual karena merasa kebanyakan liatnya😭🙏 https://t.co/sc0I1Q8ZWQ",2,1,['Percaya'],False,identical label duplicate
Sama2 bupres (ibu presiden) nanti kita jadwalkan lagi buat visit di makanan viral 😂😆 hahahaha,2,1,['Jijik'],False,identical label duplicate
"Santri keracunan MBG lagi 😓 
Setelah cilegon, kini Desa Pilangwetan Kebonagung (Demak)..?

Kalo gini terus - MBG adl Momok Beracun Gratis..😒 https://t.co/e4HZTANEwD",2,1,['Jijik'],False,identical label duplicate
Satru apa si? Orang Jawa tpi gw ga tau apa satru... Satru Yg gw tau cuma makanan dri beras ditumbuk halus itu😭,2,1,['Jijik'],False,identical label duplicate
"Satu hal yang gak pernah luntur dari pertanyaan... Kenapa MBG itu gak memberdayakan pedagang, warung, dan kantin sekitar sekolah? Kenapa harus memisahkan ekosistem sekolah dengan lingkungan ekonomi sekitarnya?
Miris ngeliat ini sementara anak anggota DPR anu, pejabat anu, meraup uang ratusan juta karena MBG. 😭",2,1,['Jijik'],False,identical label duplicate
"Seandainya kemarin yang terpilih jadi presiden bukan Prabowo,  mungkin pak Anis atau pak Ganjar pasti akan memperbaiki bangunan-bangunan sekolah yang sudah rusak! 
Sayangnya presiden yang sekarang cuma bisa joget-joget doang! 😓 https://t.co/27VSF7Y0qF",2,1,['Jijik'],False,identical label duplicate
"Sebanyak 3.000 warga Kabupaten Tegal menerima bantuan Makanan Bergizi Gratis. Dari jumlah tersebut, 246 orang merupakan ibu hamil dan menyusui yang menjadi sasaran utama dalam upaya pencegahan stunting. Hal ini disampaikan Kepala SPPG Kemala Bhayangkari Polres Tegal, Jienius Hasugian, Jumat (17/4).🎥Han",2,1,['Jijik'],False,identical label duplicate
"Sebenarnya protein apa yang disajikan dalam menu MBG...?

Peternak ayam petelur mengeluhkan kurangnya serapan telur untuk program Makan Bergizi Gratis (MBG) yang dianggap sebagai salah satu pemicu anjloknya harga...

Situasinya makin parah, karena harga pakan naik dua kali lipat akibat nilai tukar rupiah yang melemah... 🤔",3,1,['Jijik'],False,identical label duplicate
"Sebenernya cara Rich Brian belajar bahasa Inggris lebih relate ke kita daripada yang kita kira.

Dia homeschooled, jadi ga sekolah formal, ga ada kelas bahasa Inggris. Yang dia punya cuma:

&gt; YouTube
&gt; Internet
&gt; Temen online dari Amerika

Dari sana dia ketemu dunia hip-hop 😉",2,1,['Jijik'],False,identical label duplicate
"Sedangkan kasus MBG, IKN mangkrak, orang2 itu pada hidup tentram 🤡

What a dzalim country",2,1,['Jijik'],False,identical label duplicate
"Sedih amat bujang 🦊 gk dapat duduk dekat crush 🫣🤭🤭 ,sepanjang makan itu kepala miring terus bentukannya 🤣🤣🤣🤣
Uda ngekor seharian malah gak dapat duduk bareng, gak dapat date bareng LOL 😂🤣😆😆 #heartsignal5 https://t.co/y3RmQ235Dt",2,1,['Jijik'],False,identical label duplicate
Sedihnya rasa nak beli makanan pun tak mampu. Canne eh hidup orang betul betul susah. Sakitnya rasa tengok makanan sedap tapi mampu tengok je. 😞,2,1,['Jijik'],False,identical label duplicate
"Seeen Aşksın, sen ilk göz ağrımsın ..
Sen şampiyonsun💛❤️
Tebrikler Aslanlar 💪💪
#GSvANT 
#KONSANTRASYON 
#GALATASARAY https://t.co/SS2Ao6aZeY",2,1,['Marah'],False,identical label duplicate
"Sehari aja gw paniknya gak ketolong. Gw langsung check out makanan lain yang lebih mahal dan wangi. Pernah ganti pakan 2-3x, ternyata dia bosen sama yang lama.

Ya Allah kucing incess memang gitu sifatnya 🫠",2,1,['Jijik'],False,identical label duplicate
"Sejumlah pemilik mobil protes krn ban mobilnya yg diparkir di Jln. Awang Long depan Telkom, dikempesin oleh anggota Dishub Samarinda.

Padahal sudah parkir sesuai tempat yg disediakan &amp; tidak offside dari garis/marka jalan.

Emang nyari2 aja nih kembaran parcok 😂 https://t.co/8UOngkFGfh",2,1,['Jijik'],False,identical label duplicate
"Sekedar usul aja buat pengelola dapur MBG, lain waktu menu MBG-nya boleh juga lah sekali-kali ditambahkan rokok satu atau dua batang! 
Potret peserta didik seperti itu mengingatkan gua sama sistem pendidikan yang digagas Jokowi sama Nadim Karim! 🥱 https://t.co/bo7tRc8j66",2,1,['Jijik'],False,identical label duplicate
"Sekolah bisnis terbaik di Indo, bukan SBM ITB, bukan BINUS, bukan Prasmul apapun u name it 🗿.",2,1,['Jijik'],False,identical label duplicate
"Sekolah elit ya ini? 💕🩷
https://t.co/x6U9nMtGlk",2,1,['Jijik'],False,identical label duplicate
"Sekolah sihir ini bikin tiap episodenya penuh rasa curiga 😶🔮

The Classroom of a Black Cat and a Witch ep 6 bikin penasaran karena semua orang nyimpen sesuatu 👀🔥 

🎬 nonton di sini:
https://t.co/UYvloy9VOz

#TheClassroomofaBlackCatandaWitch #AniOneIndonesia https://t.co/xDjF6fyZqD",2,1,['Jijik'],False,identical label duplicate
Sekolah swasta di Jakarta yang hobi sewa rangkaian PP Jakarta — Bogor 😂😂 https://t.co/mlIh9nyFGa,2,1,['Jijik'],False,identical label duplicate
"Selama hamil ga bisa makan makanan rumah, udh nyium bau nya aja kaya udh gak selera dan muntah². Qadarallah ga bisa ikut puasa tahun ini, tiap makan yg masuk makanan hokben, lontong, ketoprak. Intinya makanan diluar. Dan aku yg biasa suka pedes slama hamil sma sekali ga bisa makan pedes.

Suami puasa tpi aku slalu pengen makan diluar, dia slalu anter aku tiap hri keluar utk beli makan. Y Allah kdg ngerasa kesian. Tp dia ga prnah ngeluh selalu bilang "" hayu"". 

Dia ttp nemenin aku makan

Tiap liat aku bengong 

"" eh jgn bengong mau kemana? Hayu dianterin, mau makan apa""

Bawaan hamil pengen makan dluar ga mau drumah, rumah kok berasa bau gas terus pdhal kata suami ga ada bau gas. Trauma bgt ke dapur pdhal dlu rajin bgt masakin berbagai macam masakan buat suami. Sekarang Dikit² 🤮🤮

Panjang umur suamiku, sehat² yaa.",2,1,['Jijik'],False,identical label duplicate
Semenjak ada mbg semua jadi oon😂,3,1,['Jijik'],False,identical label duplicate
"Semenjak jd mahasiswa akhir aku bener2 mengurangi impulsive buying, apalagi belanja online. Dulu punya skincar atau make up harus lebih dari 1 jenis/merek, sekarang punya 1 aja ternyata cukup. Kalau makanan aku masih banyak mau si…tp untung aku tinggal di kabupaten jd ya ytta😂",2,1,['Jijik'],False,identical label duplicate
Seminggu ke blkg huru-hara ngurus yudisium plus ada dua project yg hrs dihandle. Kmrn jadi hari paling gong alias hari dmn kekurangan gizi. Bayangin pagi yg masuk cm pempek oleh-oleh dari sumatera trs malemnya cm beli pentol. Hari ini memutuskan buat balas dendam dgn makan enak😭 https://t.co/R0VDqfbjMa,2,1,['Tertarik'],False,identical label duplicate
"Semoga kita semua payout ribuan dollar per 2 minggu jadi sebulan bisa jalan jalan keliling Indonesia, membeli makanan enak tanpa perlu lihat harganya berapa, + barang-bareng yang kita suka. Dengan gaji segitu mudah sekali kita bisa beli rumah impian bahkan mobil impian juga. Semoga menginspirasi kalian semua semangat terus sobat minsel.✨💫🥰",2,1,['Jijik'],False,identical label duplicate
"Semoga semakin banyak anak Indonesia yang bisa tumbuh sehat, aktif, dan percaya diri lewat dukungan gizi yang cukup setiap hari. MBG membawa harapan itu 🌱 https://t.co/3luG9MwGou",2,1,['Percaya'],False,identical label duplicate
Senyum ceria dari ujung Madura! ✨ Belasan ribu siswa di Kepulauan Kangean resmi rasakan manfaat program MBG. Bukti nyata komitmen pemerintah hadirkan keadilan gizi hingga ke pulau-pulau terkecil. https://t.co/0uj60lil61,2,1,['Tertarik'],False,identical label duplicate
Seorang bapak penggemar Arsenal mengantarkan anaknya ke sekolah dengan mengenakan baju kebesaran Arsenal. ❤️😹 https://t.co/B600z7Oqgk,2,1,['Percaya'],False,identical label duplicate
"Seorang wanita di Jepang menyimpan makanan terakhir yang dimasak oleh ibunya dalam keadaan beku selama 5 tahun. Karena tidak sanggup berpisah dengan hidangan tersebut setelah ibunya meninggal mendadak 😭😭

Ibu Mizuki Takaraya mengalami pendaraan otak setelah menyiapkan hidangan untuk keluarganya. Kepergiannya tiba-tiba ini membuat Mizuki merasa kehilangan yang begitu dalam.

Karena tidak sanggup membuang makanan tersebut, Mizuki memutuskan untuk membekukan makanan tersebut sebagai cara untuk menjaga kenangan terakhir bersama sang ibu.

Lima tahun kemudian, Mizuki menghubungi program televisi Jepang yang populer Tantei! Knight Scoop (Detevtive Knight Scoop), ia bertemu dengan koki Hayashi yang membantunya agar bisa menyantap makanan tersebut.

🎥📌 gateinsight",2,1,['Jijik'],False,identical label duplicate
"Seorang wartawan senior, David Rizal mengaku kesal usai mobilnya terhalang kendaraan dinas berplat merah milik salah satu instansi daerah di Jabodetabek.

Semua jalan milik plat dinas 😂 https://t.co/3so73e8AQO",2,1,['Jijik'],False,identical label duplicate
"Sepakat 🤝 
Meskipun makan kdg ga perhatiin nutrisi, biasanya banyakan karbo drpd lauknya wkwk. Tapi badan kuli tuh tetep jadi kenapa ya.. https://t.co/E8OxyyhuCr",2,1,['Jijik'],False,identical label duplicate
"Seperti halnya program Makan Bergizi Gratis (MBG), program Koperasi Merah Putih (KMP) ini akan menjadi program 'bakar duit'...

Program berbiaya jumbo ini akan terus dipertahankan meskipun gak jelas manfaatnya bagi rakyat...

Bank Indonesia yang akan kelimpungan karena akan dipaksa membeli Surat Utang Negara untuk membiayai program2 non produktif ini...

Makanya posisi Gubernur BI Perry Warjiyo terus digoyang... 🤔",2,1,['Jijik'],False,identical label duplicate
"Sering kali dipandang sebelah mata, ekosistem mangrove memiliki peran yang sangat penting 

Selain membantu mitigasi perubahan iklim, mangrove juga berkontribusi dalam mendukung ketahanan pangan dan pemenuhan gizi masyarakat.

Jaga mangrove, mangrove jaga kita 💚

#Mangrove https://t.co/LpDGYAhlYE",2,1,['Jijik'],False,identical label duplicate
"Seringkali berlaku kejadian keracunan makanan yang disebabkan oleh pengendalian penyediaan makanan yang tidak selamat. 

Pengusaha dan pengendali makanan seharusnya peka terhadap isu ini dan mengambil langkah proaktif dengan memastikan pengendalian dan kebersihan persekitaran di tempat memasak sentiasa mengikut piawaian yang ditetapkan oleh Kementerian kesihatan Malaysia dan juga kebersihan dijaga selalu. 

Pengusaha dan peniaga makanan perlu menjamin makanan yang dihasilkan selamat untuk dimakan‼️

#KKMPrihatin #SihatBersama #MalaysiaSihat #MADANIBekerja #RancakkanMADANI",2,1,['Jijik'],False,identical label duplicate
"Serunya jd orang Indonesia itu yaa seperti ini. Mau ekonomi morat marit, rupiah mendekati 0,01 per dollar, keracunan MBG d mana2, eh kita masih bisa menghibur diri🤣 https://t.co/Duseeidb75 https://t.co/GnFZt0oUgZ",2,1,['Jijik'],False,identical label duplicate
"Set de 3 sartenes BRA Signature, ¡solo 58,69€! 🍳 Envío gratis

👉🏼 https://t.co/lByPhwLAMZ

Comparte el chollo con tus amigos",2,1,['Netral'],False,identical label duplicate
"Setelah AIR, LISTRIK, terus apa? Berikutnya adalah MAKANAN.
Nah ini gue masih riset-riset lagi, kalau udah lengkap infonya gue share lagi ya. Nyalain notif aja biar nggak kelewatan..
Mulai dari makanan yang kadaluwarsanya lama, sampe teknik pengawetan makanan, vacuum, ransum, nanem sendiri di tanah atau pake teknik hidroponik dll. Soon yaa 🙏🏻",2,1,['Jijik'],False,identical label duplicate
"Setelah ini harus istirahat yg cukup ya ta,jangan pikirkan apapun, fokus istirahat aja,makan yg banyak,dan semoga cepat pulih lagi🤍

PERTHSANTA CHEQUERED FLAG

#LOLFanFest2026D3 https://t.co/KcUPcaPHmB",2,1,['Jijik'],False,identical label duplicate
"Setelah ramai dan viral sepatu 700 ribu untuk sekolah rakyat, data pengadaan di SIRUP menghilang. Kemensos: ada penyesuaian. Kok banyak ya sekarang ini pejabat yang sibuk klarifikasi atas kontroversi yang dibuat oleh mereka sendiri, yakin deh kalo gak viral, bisa masuk tu barang.🙄",2,1,['Jijik'],False,identical label duplicate
"Setelah rehat sejenak merayakan kemenangan, semangat untuk mencerdaskan bangsa kembali hadir! Program Makan Bergizi Gratis (MBG) siap berlanjut mulai 31 Maret 2026. Mari sambut kembalinya rutinitas sekolah dengan energi dan gizi baru! 🎒🍱 #MBG2026 #GenerasiEmas #IdulFitri https://t.co/5j9ubeAKLZ",3,1,['Tertarik'],False,identical label duplicate
"Setuju nggak kalau  ransum seharusnya dijadikan makanan darurat bencana.. Karena menurutku makanan ransum sangat” layak,selain tahan lama bergizi tinggi, rasanya juga enak” loh😭￼ https://t.co/9xUgUHEkRi",2,1,['Jijik'],False,identical label duplicate
"Seumur-umur makan strawberry belum pernah nemu yang rasanya mirip makanan 'rasa strawberry' 😭

Nemunya asem semua mau itu beli di tempat rekreasi ataupun di mall buah seperti Hokky 😭😭😭",2,1,['Jijik'],False,identical label duplicate
"Shushua dan migundut quality time berdua

🦌: dut kayak ada yg ngetok diluar,cek gih ndut
🐶: enggak lah,takut.Kalo orang jahat gimana?
🦌: cek dulu ndut
*ngetok lagi
🦌: tuh ndut ngetok lagi
👤: gopud (suara dari luar)
🐶: oh iya gopud aku, tadi aku mesen makan (lari buka pintu) https://t.co/RrzrLS4S9k",2,1,['Jijik'],False,identical label duplicate
"Siapa aja nih temen-temen yang ada di Semarang, Solo dan Yogyakarta yang tertarik dan mau belajar web3?

Daripada kalian bingung nih mau mulai belajar web3 dari mana... Nih ku-infoin workshop web3 GRATIS buat kalian yang mau belajar dan mulai perjalanan kalian untuk berkarir di Web3.

GRATIS YAAA SEKALI LAGI GRATISSSS!🥰

Untuk detail tanggal dan link pendaftaran bisa cek post dibawah ini.

Gas daftar ya gais. Jangan lupa follow dan ajak temen kalian😍",2,1,['Jijik'],False,identical label duplicate
"Siapa yang mau ke korea tapi gamau ribet? Sini aku bantu urusin semuanya. Pesenin makanan onlinepun kita juga bisa bantu. Tinggal sebut aja mau dibantu apa. Apapun kita bantu biar customer happy 😆😆😆

Butuh itinerary? guide? pembuatan visa? penginapan? co web korea? handcarry? warehouse? Visit birthday cafe/ billboard? Atau service/ jasa apapun yang berhubungan sama korea?

Semuanya bisa dibantu sama kita @jastipelice

So tunggu apalagi? Chat sekarang kalau butuh bantuan yaa~ Aku ada untuk membantu 🥰",2,1,['Jijik'],False,identical label duplicate
"Siapa yang sedang berusaha melanggengkan bisnis MBG? 
Siapa yang sedang menikmati bisnis MBG? 
Siapa yang tertawa lebar menghitung keuntungan dari bisnis MBG? 

Silahkan berbuat semaumu
Tapi ingat Engkau pasti mati 🙂",3,1,['Netral'],False,identical label duplicate
"Sinergi hebat di Lampung! 🌾 Pemprov Lampung dorong Dapur MBG untuk optimalkan penyerapan produk petani, peternak, &amp; UMKM lokal. Anak-anak dapat gizi terbaik, ekonomi warga dan pelaku usaha daerah ikut berputar hebat! 🇮🇩✨ https://t.co/wmADPmicOx",2,1,['Jijik'],False,identical label duplicate
"Singkatan dari MBG sebenarnya adalah:

- Makanan Bergizi Gratis ❌️
- Makanan Beracun Gratis ✅️

Definisi program sampah. https://t.co/TnWREsmUAm",3,1,['Jijik'],False,identical label duplicate
"Siswa beragama Katholik di SMK Muhammadiyah Pekalongan jadi lulusan terbaik ke-2 dan berhak magang ke Jepang. Hebatnya lagi pihak sekolah menyediakan guru agama khatolik utk siswa spt dia.

Gak perlu koar2 Toleransi tiba2 sudah action, Muhammadiyah semakin terdepan 👍 https://t.co/EsxouZ1PqK",2,1,['Jijik'],False,identical label duplicate
"Skema baru MBG: 5 hari sepekan! 🗓️ Pemerintah fokus pada efisiensi anggaran tanpa kompromi soal gizi anak. Kualitas tetap terjaga, jangkauan makin merata. Jangan lupa awasi SPPG di daerahmu ya! #MBG2026 #GiziNasional #MBGEkonomiRakyat https://t.co/1mg64fiDnT",3,1,['Jijik'],False,identical label duplicate
"Skema baru MBG: 5 hari sepekan! 🗓️ Pemerintah fokus pada efisiensi anggaran tanpa kompromi soal gizi anak. Kualitas tetap terjaga, jangkauan makin merata. Jangan lupa awasi SPPG di daerahmu ya! #MBG2026 #GiziNasional #MBGEkonomiRakyat https://t.co/HLj7S07Zvv",3,1,['Jijik'],False,identical label duplicate
Skrg lg ngurangin makanan instan sm minuman manis plus banyakin olahraga yaa krn iniii😭liatnya serem bgtt jujur. Kl ke resto tuh pokoknya hrs minum air putih. Intinya mah jgn cm pikirin lidah kl kata dr Gia krn byk organ lain yg lebih seneng kl kita makan yg sehat2,2,1,['Jijik'],False,identical label duplicate
"Smart TV 50"" LED 4K Philips 50PUG7019  - (Amazon)

👉 https://t.co/9ZHtWNgHwJ
R$ 1.969,00 em até 12x
Frete Grátis https://t.co/YGUzAcosTE",2,1,['Jijik'],False,identical label duplicate
"Smart TV 50"" LED 4K Philips 50PUG7019  - (Amazon)

👉 https://t.co/Pw4T17rwdP
R$ 1.969,00 em até 12x
Frete Grátis https://t.co/1ZgLsPHwTX",2,1,['Jijik'],False,identical label duplicate
"Smart TV Philips 50"" 4K 50PUG7300 (Mercado Livre)

❗️Aplique o cupom na tela do produto

👉 https://t.co/NiZLZUInNx
R$ 1.856,49 no Pix
Frete Grátis https://t.co/RzP26c0OAg",2,1,['Jijik'],False,identical label duplicate
"Smart TV Philips 50"" 4K 50PUG7300 (Mercado Livre)

❗️Aplique o cupom na tela do produto

👉 https://t.co/ULV3Ubu6ZT
R$ 1.856,49 no Pix
Frete Grátis https://t.co/dBEWxDovrW",2,1,['Jijik'],False,identical label duplicate
"Soal ethnic group pertama pernah di temlen tengkar soal kuliner kampungnya yg paling enak, yang laen cuman ngontrak 😀

Soalnya kuliner Minangkabau itu menganut azas spesifik seperti AOC, satu makanan bisa saja hanya khas di satu nagari/kampung tertentu, beda desa/kecamatan aja bisa beda stylenya, apalagi lintas kabupaten.",2,1,['Jijik'],False,identical label duplicate
"Sobat Gizi tahu gak sih apa itu Gizi Peduli Sosial (GPS)? 🤔

Gizi Peduli Sosial (GPS) merupakan kegiatan pengabdian kepada masyarakat yang dilakukan oleh mahasiswa aktif Program Studi Gizi Program Sarjana Fakultas Ilmu Kesehatan Universitas Pembangunan Nasional ""Veteran"" Jakarta",2,1,['Jijik'],False,identical label duplicate
"Sooo WLECOME TO NEGARA THEATER, orkestrasi permintaan oleh negara. Dan bukan keinginan pasar.

Permintaan terhadap produk susu di Indonesia saat ini sedang mengalami distorsi besar-besaran akibat intervensi negara melalui program Makan Bergizi Gratis (MBG). 

Permintaan ini gak sepenuhnya lahir dari akumulasi preferensi konsumen secara natural di pasar bebas, tapi dari kebijakan politik yang menciptakan captive market (pasar tawanan) berskala masif.

Ketika negara menjanjikan serapan pasar yang pasti, aliran modal raksasa secara otomatis akan memusat ke sana. 

Djarum, yang bisnis utamanya (rokok) terus-menerus digerus oleh regulasi dan cukai yang eksesif dari pemerintah, secara rasional memindahkan modalnya dari sektor yang dipenalti oleh negara ke sektor yang disubsidi dan dijamin oleh negara. 

Dan ini ialah bentuk rent-seeking strategis yaitu mengamankan pangsa pasar raksasa sebelum pemain lain menyadari peluangnya.

Kendali Rantai Pasok?

Target produksi 180.000 ton per tahun yang diproyeksi menyumbang 18% dari target susu segar nasional akan langsung terintegrasi dengan lini FMCG mereka sendiri melalui Savoria Group (seperti Caffino, Kopi Tubruk Gadjah, dll). 

Dengan mengontrol hulu hingga hilir (ritel), mereka memangkas habis seluruh titik bottleneck distribusi dan perantara. 

Efisiensi margin ini membuat barrier to entry yang mustahil ditembus oleh pemain baru berskala menengah.

Kasian petani dan peternak 🥲

Peternak sapi perah lokal dan Koperasi Unit Desa (KUD) yang saat ini sudah kesulitan bersaing melawan gempuran 80% susu impor secara perlahan akan terdegradasi. 

Mereka beralih dari entitas produsen independen menjadi sekadar pemasok bahan mentah untuk korporasi raksasa itu. 

Kapitalisasi yang tersentralisasi ini akan menyapu bersih daya saing produsen kecil yang tidak memiliki modal kuat.",3,1,['Jijik'],False,identical label duplicate
"Sorry nimbrung karna lewat, gue pernah ngalamin kek di video pertama. Kejadiannya gue msh sd kls 2/3 keknya, pulang sekolah ramean trs gue lg meleng tiba² didorong sm kk kls cowok dan posisinya di pinggir jln raya. Ampe hari ini gue msh inget gmn dia ketawa² liat gue mau jatoh 🙂",2,1,['Tertarik'],False,identical label duplicate
"Spinoza anlatmış söz ile tözü 
Bu tözdür TANRI işin tam özü 
Adnan onu doğada bulan can
Ondan doğa ona dev heyecan 
Doğa varsa vardır her bir can 
Her can bilin ki onla var olan 
Akıl ve zeka çözer o hoş gizi 
Doğa giziyle eder sarhoş bizi 
Ceza korkusu sevgiye çengel 
Sevgiyi hür kılın kalksın engel!

Sevgiler...💖🌺🌞",2,1,['Netral'],False,identical label duplicate
Style giler cikgu2 sekolah ni 🤩 https://t.co/QUIxOWreZr,2,1,['Jijik'],False,identical label duplicate
"Suamiku berangkat ngantor, “aku mampir point lagi ya, bilangnya gimana nanti? Yg rasa-rasa gitu? Mau beliin pak Rahmat” 
Wkwkwkwk dia abis pamer terus mau beliin buat nyicipin. Sama aja ternyataa bapak-bapak ini kalo urusan makanan suka pamer ke temen2nyaa 🤣🤣",2,1,['Jijik'],False,identical label duplicate
Sumpahh muakkk bangets fyp lagi si lalu MBG bahlil ganteng🤣,2,1,['Percaya'],False,identical label duplicate
"Sunoo gimana ga di bawelin sunghoon perkara makanan manis… daripada salad, dia lebih milih makan ice cream. Mana masih pagiii😭🤏🏻 kalo ketahuan kayaknya diomelin nya 2parkz itu kamu sunoo-yaaa🤏🏻 https://t.co/oEJOhF73Ok",2,1,['Jijik'],False,identical label duplicate
"TIBA TIBA KULTUM Nakamatika😇

eh maksudnya Tutor Bergizi Gratis 

📑 : Bahas UTUL SIMAK dan Mandiri PTN lain
📆 : Kamis 13 Mei 2026
⏰ : jam 8 Malam WIB 

free alias gratis 👌

bantu RT dan like yaak, biar gaada yang ketinggalan 

Let's Go!",2,1,['Jijik'],False,identical label duplicate
"TIBA TIBA KULTUM Nakamatika😇

eh maksudnya Tutor Bergizi Gratis 

📑 : Bahas UTUL SIMAK dan Mandiri PTN lain
📆 : Kamis 14 Mei 2026
⏰ : jam 8 Malam WIB 

free alias gratis 👌

Maap post sebelumnya typo😭

bantu RT dan like yaak, biar gaada yang ketinggalan 

Let's Go!",2,1,['Jijik'],False,identical label duplicate
"TIBA TIBA KULTUM Nakamatika😇

eh maksudnya Tutor Bergizi Gratis Ujian Mandiri

📑 : Bahasa Indonesia Ujian Mandiri
📆 : Rabu 20 Mei 2026
⏰ : jam 7.15 Malam WIB 

free alias gratis 👌

bantu RT dan like yaak, biar gaada yang ketinggalan 

Let's Go!",3,1,['Jijik'],False,identical label duplicate
"TIBA TIBA KULTUM Nakamatika😇

eh maksudnya Tutor Bergizi Gratis Ujian Mandiri

📑 : eksponen log dan bentuk akar
📆 : Senin 18 Mei 2026
⏰ : jam 7.30 Malam WIB 

free alias gratis 👌

bantu RT dan like yaak, biar gaada yang ketinggalan 

Let's Go!",2,1,['Jijik'],False,identical label duplicate
"TRAVFEBER ⭐️⭐️⭐️

[bonus] Åmål får fler högervarvsdagar

• Bakgrunden till beslutet
• Var hamnar mållinjen?
• Bluesdagen
• Bygdetravet

Spotify: https://t.co/4OsjAi65ET
Patreon gratis: https://t.co/9RVJEaLKau https://t.co/mn1BaGIUfM",2,1,['Jijik'],False,identical label duplicate
"TUTUP DAPUR MBG,,, BIARKAN MEREKA MEMASAK🔥🔥🔥🔥🔥

YA ALLAH LINDUNGIN LNGSHOT 🙏🏻",3,1,['Percaya'],False,identical label duplicate
"Tadi anak-anak kan beli es krim, dah dimakan habis.

Setelah muter muter, udah banyak jajan manis manis juga, istri tetiba juga pengen es krim.
Yauda beli lah 1, karena anak anak udah kebanyakan makanan manis.

Tapi akhirnya satu es krim itu juga dimakan bareng bareng karena anak anak minta.
Tiba tiba ada kakek kakek datang ngasih 2 es krim buat anak anak.

Kami si ngucap terima kasih dan terima aja karena itu niat baik kan.

Tapi dalem hati “Bjir, gue ga dikira yang engga engga kan”🙈🙏🏼",2,1,['Jijik'],False,identical label duplicate
"Tadi di jalan aku nangis-nangis karena kita lagi berantem. Gak lama, cowokku diem, berenti ngedumel. Tanganku ditarik, dilingkarkan ke perutnya.

Habis itu, tiba-tiba berhenti beli pukis brownies cokelat. Tiba-tiba berhenti di tempat makan, pesen dua burger.

Sambil megang tanganku, dia ngomong, ""Sayang, maafin aku, yaa. Aku gak marah ke kamu. Aku lagi marah sama keadaan. Sekarang, makan, yaa. Siapatau bisa bikin mood dan perasaanmu baikan. Kamu harus tau kalau aku sayang banget sama kamu, aku mikirin bagaimana caranya biar kita bisa nikah meskipun keluarga pada minta kita mundur ajah.""

Aku yang daritadi sedih, jadi senyum. Makan pukis cokelat yang manis dan dengar kalimat puitis.

Kita berdua kemudian ketawa dan makan burger bareng yang ternyata gede banget 😂

He takes note; menyenangkan & menenangkan perempuan itu tidak sulit. Cukup minta maaf, menjelaskan dengan baik, memberi makan, dan berinisiatif.",2,1,['Netral'],False,identical label duplicate
"Tak hanya menjaga keamanan, Polri juga ikut menggerakkan inovasi energi berkelanjutan. 🔥🇮🇩 

Melalui pemanfaatan Compressed Natural Gas (CNG) untuk operasional dapur Satuan Pelayanan Pemenuhan Gizi (SPPG), Polri mendukung program Makan Bergizi Gratis (MBG) agar berjalan lebih efisien, aman, dan ramah lingkungan. 

Energi lebih bersih, operasional lebih optimal, ribuan porsi makanan bergizi terus tersalurkan untuk generasi masa depan Indonesia. 

Transformasi Polri hadir bukan hanya menjaga, tetapi juga memastikan keberlanjutan: dari ketahanan pangan hingga energi untuk masyarakat.

Polri Terus Berikan Dukungan Keberhasilan Program Pemerintah Indonesia serta #KonsistenHadirkanManfaat Untuk Masyarakat",7,1,['Jijik'],False,identical label duplicate
"Tak hanya menjaga keamanan, Polri juga ikut menggerakkan inovasi energi berkelanjutan. 🔥🇮🇩 

Memanfaatkan Compressed Natural Gas untuk operasional dapur Satuan Pelayanan Pemenuhan Gizi, Polri mendukung program Makan Bergizi Gratis berjalan efisien, aman, dan ramah lingkungan. https://t.co/eIayCMV9AN",3,1,['Jijik'],False,identical label duplicate
"Tapi lucu sih. Ada mahasiswa marah-marah karena gak bisa makan gara-gara gak ada driver yg ambil pesenan online foodnya. Padahal ya manusia teh diciptakan dengan akal, diberi otak dan sepasang kaki. Tinggal mikir lamun euweuh nu nganterkeun berarti ngikreuh. Da lain di hutan. 😌",2,1,['Tertarik'],False,identical label duplicate
"Target penurunan kriminalitas: 🤷🏻🤷🏻🤷🏻

Target dapur embege: 🤤🤤🤤",2,1,['Jijik'],False,identical label duplicate
"Tatlı olsun, kaslı olsun, yakışıklı olsun, espritüel olsun, karizmatik olsun, zengin olsun. Toplama bilgisayar mı alıyon zalımın gızı 🤣",2,1,['Jijik'],False,identical label duplicate
"Tawa anak-anak pagi ini jadi bukti nyata ✨
Program Makan Bergizi Gratis bukan sekadar soal makanan, tapi tentang semangat belajar yang tumbuh sejak pagi. Anak-anak menyambut MBG dengan wajah ceria dan penuh antusias. 🇮🇩 https://t.co/4sBkBlPaiS",2,1,['Tertarik'],False,identical label duplicate
"Tebak pasar dan berjualan apa? 

Driverku dulu di Surabaya Pak Didik arek Mojoagung, Jombang yang memperkenalkan saya dengan pusat kuliner Surabaya ini, dulu ngantor di Surabaya saya makannya itu-itu aja karena pertana faktor rasa makanan Surabaya yg belum nyetel di lidah saat itu dan ya sibuk lahhhhh😀

Pak Didik kalau cerita tentang tempat ini seru banget ""Itu pak ruameeeee pak, yang jual Meduroooooo semua pak, yang beli Cinaaa semua pak"" itu laporan pandangan mata Pak Didik tentang tempat ini. 

Wajib kalau kalian ke Surabaya 
Mas Max aja dah pernah 😀",2,1,['Jijik'],False,identical label duplicate
Telur kualitas MBG 🤣🤣🤣,2,1,['Percaya'],False,identical label duplicate
"Teman-teman di Sumatera, apakah per hari ini kami boleh meminta tolong lagi, untuk mengabarkan daerah mana saja yang masih padam? 🙏🏻

Agaknya pihak biadab @pln_123 mulai melakukan cuci tangan dengan cara menyebarkan disinformasi terkait daerah-daerah yang listriknya sudah nyala.",2,1,['Jijik'],False,identical label duplicate
"Tempat makan petang, sini best. Murtabak berpuluh tahun dah meniaga. Sekarang dah tambah menu, roti &amp; wrap john. Cuti sekolah panjang ni, selain hantar anak rumah mertua, datang la makan sini.

📍Murtabak Wan Istimewa
Isnin - Khamis 2 ptg - 830 mlm
Jumaat &amp; Sabtu 3 ptg - 930 mlm https://t.co/7m3Z4YG2wi",2,1,['Jijik'],False,identical label duplicate
"Tentang candi, harusnya bisa seperti ini 😢",3,1,['Jijik'],False,identical label duplicate
Terharu dan bangga aku nona udh next level di jepret profesional fotografer gettyimages 🥺🥹👏,2,1,['Percaya'],False,identical label duplicate
"Terima kasih, #SobatFEB atas support system berupa makanan selama ujian inii

berasa diperhatiin setiap hari🤭🤍 https://t.co/Cavh9mDAge",2,1,['Percaya'],False,identical label duplicate
"Terimakasih untuk kerja keras nya hari ini, jangan lupa makan dan istirahat yang cukup yaa @CErine_JKT48 hari ini kamu kerennn banget🫶🫶 https://t.co/n9cH9zX6GE",2,1,['Percaya'],False,identical label duplicate
"Terlalu rugi OPM bakar sekolah, bunuh guru, bunuh nakes ngakunya buat papua merdeka. Mending harusnya main propaganda, guru-guru pada lu bayar, sipil lu cuci otak buat kasih pengaruh. Itu pun kalau ada duit. Jangan buat kriminal terang-terangan, mana laku buat dukungan publik.🏃🏻‍♂️",2,1,['Jijik'],False,identical label duplicate
"Termyata Hak Siar Piala Dunia 2026 dibeli oleh Pemerintah seharga Rp 1 Trilunan atau setara dengan 1 hari MBG 😄

Tidak heran kalau yang megang OTT nya adalah Folago (setelah ditelusuri ternyata ada hubungan dengan Haji Isam) 

Bisa apa yah itu aplikasi yang bahkan baru nyari karyawan di Linkedin dan apsnya baru launching Juni 

Ott yang persiapannya lebih matang aja banyak yang berguguram pas hari H, apalagi modelan ginian 

Mending siapin TV dan Antena guys, jangan berharap lebih.",2,1,['Jijik'],False,identical label duplicate
Ternyata eye makeup nya dia ini lumayan medhok yah soalnya tadi pas dia ngelive gak keliatan. Lopyu buat mua nya yg udh bikin my mbg gue cantik sekali hari inih🥰 https://t.co/dYWgmQM3JD,4,1,['Jijik'],False,identical label duplicate
"Terpaksalah jadi slow eater demi menunggu makanan yang lain sampai🤣

Video: _amrhsalleh

P/s: Video ini bukan milik Myresipi dan kredit telah diberikan kepada pemilik asal. Jika anda ingin kami menurunkan video tersebut, sila hantarkan DM kepada kami dengan segera. Terima kasih! https://t.co/kulIZJg5EU",2,1,['Jijik'],False,identical label duplicate
The fact that these are Jackie &amp; Michael oh god… 💔 https://t.co/SmFQ0FXEMG,2,1,['Percaya'],False,identical label duplicate
The real MBG (Masakan Bikinan Gue) 🫶🏼 https://t.co/u9e6NiMuzK,2,1,['Jijik'],False,identical label duplicate
They be arguing 🤬📰 in Puerto Rico over single mother's pregnant on welfare that child support is free 🆓 no relationship no sex no kids not married because religion is payment the pregnancy comes from heaven there is no law that exists about pensión alimenticia asume gratis 🛏️ https://t.co/2cAdIVeqy4,2,1,['Jijik'],False,identical label duplicate
"Tiada perang = No War

Kalau ""nowar""  di Malang lain lagi artinya - RAWON - oges nowar🫰

Ada satu syarat makanan bisa disebut RAWON yang kita kenal sekarang, yaitu adanya bahan kluwek dalam makanan  tersebut, no kluwek = no rawon. 

Aslinya di Jawa Timur, rawon disajikan dalam piring dan nasinya langsung dicampur, inilah bentuk paling orisinil penyajian rawon, belakangan ada yang rawon di mangkok dan nasinya dipisah, mengadopsi cara makan sedulur dari lain tempat. 

Cambah pendek mentah, sambel, jeruk nipis, endog asin dan kerupuk udang adalah beberapa kondimen yang sering disajikan bersama rawon.

Di Jawa Timur, bentukan rawon bukan hanya dengan isian potongan daging saja, ada yang pakai sate komoh, daging empal, daginge disuwir bahkan rawon cumi-cumi. Di rumah tangga Jatim populer juga rawon vegan, pakai manisah (labu siam), tahu, blonceng (buah bligo/kundur atau labu air) bahkan kangkung.

Kamu suka makan rawon di depot apa? Pakai pendamping apa? 

📷
🍲Rawon Rampal, Malang
🍲Rawon sate komoh, Warung Sakinah, Pasuruan 
🍲Rawon empal, Depot Anda Mojokerto
🍲Rawon Djenggot, Malang",2,1,['Jijik'],False,identical label duplicate
"Tiap Hari kok selalu ada berita keracunan MBG 😒

SPPG resmi menarik seluruh distribusi menu Makan Bergizi Gratis (MBG) di Surabaya setelah hampir 200 siswa dr 12 sekolah dilaporkan mengalami keracunan.

Bergizi dr mana?
Banyak beracunnya 😓 https://t.co/oiU6zeoyV7",3,1,['Jijik'],False,identical label duplicate
"Tiba-tiba kepikiran, kertas nasi buat bungkus makanan lebih suka dikaretin apa dicetas sama stepler ya 🙄",2,1,['Jijik'],False,identical label duplicate
"Timaaci atas freebies yang HOT sampe tumpeh""  dan freebies yg imut imut ini serta pribis makanan yg ga ke foto krna aku udah kelaperan 😭🫶✨️🐺❤️

Banyak bngt susu eno 😭🤤 Ini mah favoritenya Noah ga si Dada (ayam) 🤤🤤🤤😝

Bonus dibacaain tarot abis itu magh @thessnam 😭😭 https://t.co/cyhGRouHC8",2,1,['Jijik'],False,identical label duplicate
"Tiwul (thiwul) itu makanan tradisional khas Jawa, terutama Gunungkidul & sekitarnya. Bahan baku utamanya **gaplek** alias singkong yang dikeringkan dulu, lalu ditumbuk jadi tepung kasar. 

Dicampur sedikit gula (atau tanpa), dikukus sampai matang, biasanya disajikan bareng kelapa parut + garam. Dulu sering jadi pengganti nasi pas beras langka. Enak banget, teksturnya mirip nasi tapi dari singkong! 🥄",2,1,['Jijik'],False,identical label duplicate
"Tolonglaaaah kalau jual makanan &amp; punya rambut panjang, pas lagi ngolah makanan tolong rambutnya diiket 😭😭😭😭😭😭 mual bgt pagi2 beli gorengan ada rambutnya, mana ga cuma 1 gorengan pula, even donat di plastik aja masih ada rambut nempel di seal plastiknya 😭",2,1,['Jijik'],False,identical label duplicate
Totally forgot Tokyo cleared him in another video too lol she was on his head baaaad😭 https://t.co/yoD7Px5oYz,2,1,['Percaya'],False,identical label duplicate
Tuhan tuh pas ciptain Lena lagi senyum ya? Happy banget kayanya Tuhan pas bikin MBG 🥹😭🤍 https://t.co/PvPriTDba8,2,1,['Jijik'],False,identical label duplicate
"Tujuan awalnya mengatasi stunting dan memberi gizi gratis bagi rakyat miskin, dalam perjalanannya berubah menjadi pemenuhan kebutuhan seluruh pejabat dan pekerja MBG.

Ini program atau proyek bagi2 kue jabatan bagi pendukung?
Simak ini.👇 https://t.co/MDyEiZRdsT",5,1,['Jijik'],False,identical label duplicate
Tukang sulap aja bisa langsung jadi Letkol..🤣🤣🤸‍♂️🚶‍♂️,2,1,['Percaya'],False,identical label duplicate
"Tunggu dikabulkan Allah. Doa lonte banyak maksiat mana dikabulkan Allah. Sadar diri sdh mau mampus jgn banyak ngelonte, tdk ada cwo suka lonte penyakitan. Abis duit nya utk biaya berobat kau. Belum lg kasi makan kau sebakul. Tdk bisa traktir cwo tolol ci mehong. Lonte miskin😜",2,1,['Netral'],False,identical label duplicate
"UTUL UGM udah makin deket, semisal Minca buka TO Gratis ini ada yang butuh gak ya? 😣

Reply ""BUTUH MIN"" nanti kalo banyak Minca buka deh https://t.co/sfq9AR74lT",2,1,['Jijik'],False,identical label duplicate
"Uang kas pemerintah di BI tinggal 120 T??
MBG kek setan jalan terus
Ga ngerti lagi dah 😆",4,1,['Tertarik'],False,identical label duplicate
"Ug penting anggaran cair 1.6M sampai ke kontraktor 900 Jt .
Sisanya disunat kemana ?

Isi toko bukan tanggung jawab saya..🤣🤣🤣",2,1,['Tertarik'],False,identical label duplicate
"Untung aku punya temen2 yg support, mau dengerin keluh kesahku. J, A, C. Khususon chendkyaaa 😭
Dia support makanan banget 🤣 karna makanan RS gak enak terus ibu, adek yg siap beliin camilan dam nemenin waktu siang 🥺🤍 sayang kalian banyak2.....",2,1,['Jijik'],False,identical label duplicate
"Upaya Mengurangi Cemaran Mikroplastik

📌 Disclaimer: postingan ini menyantumkan tautan affiliate ke produk talenan stainless.

Salah satu penyebab utama cemaran mikroplastik pada makanan adalah physical degradation, di mana mikroplastik secara fisik terlepas akibat abrasi/gesekan dan tekanan. Contohnya, ketika kita menyobek pembungkus makanan berbahan plastik atau mengiris/menggeprek bahan makanan di atas talenan plastik, maka partikel plastik <5 nm dapat terlepas dan mencemari makanan.

Mengganti berbagai perangkat dapur ke bahan ramah lingkungan seperti logam, keramik, atau kaca akan menurunkan kadar cemaran mikroplastik di makanan secara signifikan. 

Anda dapat membeli talenan stainless di https://t.co/wcMApitUV6",2,1,['Jijik'],False,identical label duplicate
"VAI FICAR PARECENDO UM MILK SHAKE

💪 Whey Protein Crush 100% Concentrado Under Labz Coenzima Q10
💵 Por: R$ 104 no PIX ou
💵 R$ 109,90 em até 4x SEM JUROS

https://t.co/m791qHucbK https://t.co/tXtgKeI5nn",2,1,['Netral'],False,identical label duplicate
"VOUCHER PROMO
HALODOC MEI 2026 ⛑️👇🏻

Konsul Dokter Spkk, Psikolog, Gizi dll:
☄️ HLDXCXFM

Tebus/Beli Obat, Vitamin:
☀️ HLDXOY0T

Homecare (Vaksin, MCU, Injeksi Vit):
🧶 HLDXHLGAJ

Haloskin:
🧠 HLDXS8WN

Halofit by Halodoc:
🧤HLDXFU385

#kuponhalodocmei2026
#voucherhalodocmei2026",2,1,['Jijik'],False,identical label duplicate
"VOUCHER PROMO
HALODOC MEI 2026 ⛑️👊🏼

Konsul Dokter Spkk, Psikolog, Gizi dll:
☄️ HLDXCXFM

Tebus/Beli Obat, Vitamin:
☀️ HLDXOY0T

Homecare (Vaksin, MCU, Injeksi Vit):
🧶 HLDXHLGAJ

Haloskin:
🧠 HLDXS8WN

Halofit by Halodoc:
🧤HLDXFU385

#kuponhalodocmei2026
#voucherhalodocmei2026",2,1,['Jijik'],False,identical label duplicate
"VOUCHER PROMO
HALODOC MEI 2026 ⛑️👋🏻

Konsul Dokter Spkk, Psikolog, Gizi dll:
☄️ HLDXCXFM

Tebus/Beli Obat, Vitamin:
☀️ HLDXOY0T

Homecare (Vaksin, MCU, Injeksi Vit):
🧶 HLDXHLGAJ

Haloskin:
🧠 HLDXS8WN

Halofit by Halodoc:
🧤HLDXFU385

#kuponhalodocmei2026
#voucherhalodocmei2026",2,1,['Jijik'],False,identical label duplicate
"VOUCHER PROMO
HALODOC MEI 2026 ⛑️💥

Konsul Dokter Spkk, Psikolog, Gizi dll:
☄️ HLDXCXFM

Tebus/Beli Obat, Vitamin:
☀️ HLDXOY0T

Homecare (Vaksin, MCU, Injeksi Vit):
🧶 HLDXHLGAJ

Haloskin:
🧠 HLDXS8WN

Halofit by Halodoc:
🧤HLDXFU385

#kuponhalodocmei2026
#voucherhalodocmei2026 https://t.co/LafoeguYf7",2,1,['Jijik'],False,identical label duplicate
"VOUCHER PROMO
HALODOC MEI 2026 ⛑️💥

Konsul Dokter Spkk, Psikolog, Gizi dll:
☄️ HLDXCXFM

Tebus/Beli Obat, Vitamin:
☀️ HLDXOY0T

Homecare (Vaksin, MCU, Injeksi Vit):
🧶 HLDXHLGAJ

Haloskin:
🧠 HLDXS8WN

Halofit by Halodoc:
🧤HLDXFU385

#kuponhalodocmei2026
#voucherhalodocmei2026 https://t.co/dbCLbmll5u",2,1,['Jijik'],False,identical label duplicate
"VOUCHER PROMO
HALODOC MEI 2026 ⛑️💥

Konsul Dokter Spkk, Psikolog, Gizi dll:
☄️ HLDXCXFM

Tebus/Beli Obat, Vitamin:
☀️ HLDXOY0T

Homecare (Vaksin, MCU, Injeksi Vit):
🧶 HLDXHLGAJ

Haloskin:
🧠 HLDXS8WN

Halofit by Halodoc:
🧤HLDXFU385

#kuponhalodocmei2026
#voucherhalodocmei2026 https://t.co/jFQWlEEESI",2,1,['Jijik'],False,identical label duplicate
"VOUCHER PROMO
HALODOC MEI 2026 ⛑️💥

Konsul Dokter Spkk, Psikolog, Gizi dll:
☄️ HLDXCXFM

Tebus/Beli Obat, Vitamin:
☀️ HLDXOY0T

Homecare (Vaksin, MCU, Injeksi Vit):
🧶 HLDXHLGAJ

Haloskin:
🧠 HLDXS8WN

Halofit by Halodoc:
🧤HLDXFU385

#kuponhalodocmei2026
#voucherhalodocmei2026 https://t.co/wB3efSwVTZ",2,1,['Jijik'],False,identical label duplicate
"VOUCHER PROMO
HALODOC MEI 2026 ⛑️😱

Konsul Dokter Spkk, Psikolog, Gizi dll:
☄️ HLDXCXFM

Tebus/Beli Obat, Vitamin:
☀️ HLDXOY0T

Homecare (Vaksin, MCU, Injeksi Vit):
🧶 HLDXHLGAJ

Haloskin:
🧠 HLDXS8WN

Halofit by Halodoc:
🧤HLDXFU385

#kuponhalodocmei2026
#voucherhalodocmei2026",2,1,['Jijik'],False,identical label duplicate
"Vale super a pena!

Granado Eau de Toilette, Vintage, Carioca, 100ml - (Amazon)

👉 https://t.co/uRc0Zgxyq2
R$ 116,40 em até 3x sem juros
🚚 Frete Grátis

🎯 Assine Prime aqui ou experimente Gratuitamente por 30 dias
👉 https://t.co/xmLHa10jih https://t.co/EKDbqv2rqF",2,1,['Netral'],False,identical label duplicate
"Video mengandung bawang banyak banget 😭😭😭

Yang bikin hati sesak, saat  lihat Ilham makan… ia hanya membawa nasi putih tanpa lauk dari rumah.

 Penghasilannya sehari kadang hanya sekitar Rp12 ribu. 

Celana sekolahnya sudah robek, ke sekolah pun hanya memakai sandal. 

respect banget dengan perjuangan nya semoga kelak menjadi orang sukses dunia dan akherat.. Aamiin🤲",2,1,['Jijik'],False,identical label duplicate
"Voucher Diskon Halodoc MAY 2026🫶🏻

Konsul Dokter Spkk,Psikolog,Gizi
💖 HLDXCRZA

Tebus/beli obat,skincare,vitamin
💖 HLDXO4VE

Haloskin : utk jerawat&amp;kulit kusam
💖 HLDXS6BK

Homecare : vaksin HPV,Influenza,MCU
💖 HLDXHKCRQ

Halofit: Diet
💖 HALOFITAFF21G

#zonauang #zonajajan",3,1,['Jijik'],False,identical label duplicate
"Voucher Diskon Halodoc May 26 🤑

🎟️ HLDXCRZA
👩🏻‍⚕️ Chat dokter SpKK,DSA,Psikolog,Gizi

🎟️ HLDXO4VE
💊 Obat,vitamin

🎟️ HLDXHKCRQ
🌡️ Homecare utk vaksin,MCU,lab

🎟️ HLDXS6BK
💄 Produk Haloskin utk jerawat,dll

🎟️ HALOFITAFF21G
🦾 Halofit utk program diet

#zonauang #zonajajan️️",2,1,['Jijik'],False,identical label duplicate
"Voucher Diskon Halodoc May 26 🤑

🎟️ HLDXCRZA
👩🏻‍⚕️ Chat dokter SpKK,DSA,Psikolog,Gizi

🎟️ HLDXO4VE
💊 Obat,vitamin

🎟️ HLDXHKCRQ
🌡️ Homecare utk vaksin,MCU,tes lab

🎟️ HLDXS6BK
💄 Produk Haloskin utk jerawat

🎟️ HALOFITAFF21G
🦾 Halofit utk program diet

#zonauang #zonajajan️️",5,1,['Jijik'],False,identical label duplicate
"Voucher Diskon Halodoc May’26 ❤️‍🔥

Chat Dokter Spkk, Psikolog, Gizi, Obgyn, dll
💥 HLDXCRZA

Beli Obat, Vitamin
💥 HLDXO4VE

Homecare: Lab, Vaksin, MCU
💥 HLDXHKCRQ

Haloskin utk jerawat, anti-aging
💥 HLDXS6BK

Halofit utk program diet
💥 HALOFITAFF21G

#zonauang #zonajajan",6,1,['Jijik'],False,identical label duplicate
"Voucher Diskon Halodoc Mei’26 ❤️‍🔥

Chat Dokter Spkk, Psikolog, Gizi, Obgyn, dll
💥 HLDXCRZA

Beli Obat, Vitamin
💥 HLDXO4VE

Homecare: Lab, Vaksin, MCU
💥 HLDXHKCRQ

Haloskin utk jerawat, anti-aging
💥 HLDXS6BK

Halofit utk program diet
💥 HALOFITAFF21G

#zonauang #zonajajan",2,1,['Jijik'],False,identical label duplicate
"Voucher Diskon Halodoc TERBARU

🎟️ HLDXCRZA
💬 chat dokter SpKK,Obgyn,Psikolog,Gizi

🎟️ HLDXO4VE
💊obat,vitamin

🎟️ HLDXHKCRQ
💉Homecare vaksin,booster,MCU,Lab

🎟️ HLDXS6BK
🧴 Produk Haloskin utk jerawat,dll

🎟️ HALOFITAFF21G
🦾 Halofit utk program diet

#zonauang #zonajajan️️",3,1,['Jijik'],False,identical label duplicate
"Voucher Halodoc May 2026🔥

💖 HLDXCRZA
Konsul Dokter SpKK, Obygn, Gizi, DSA, Psikolog

💖 HLDXO4VE
Beli Obat, Vitamin, Skincare

💖 HLDXS6BK
Haloskin: Obat Jerawat, Anti Aging

💖 HLDXHKCRQ
Homecare: Vaksin, Tes Lab, Booster

💖 HALOFITAFF21G
Halofit: Diet

#zonajajan #zonauang",3,1,['Jijik'],False,identical label duplicate
"Voucher Halodoc May 26

Chat Dokter Spkk, Psikolog, Gizi, Obgyn,
🎟️  HLDXC1PS

Beli Obat, Vitamin
🎟️ HLDXOPZS

Homecare: Lab, Vaksin, MCU
🎟️  HLDXHZLTE

Haloskin: Jerawat, anti-aging
🎟️ HLDXS4DG

Halofit utk program diet
🎟️ HALOFITAFF77K
#zonauang #zonajajan https://t.co/HngLhWfxeb",2,1,['Jijik'],False,identical label duplicate
"Voucher Halodoc Terbaru ‼️

Chat Dokter Spkk, Psikolog, Gizi, Obgyn, dll
💥 HLDXCRZA

Beli Obat, Vitamin
💥 HLDXO4VE

Homecare: Lab, Vaksin, MCU
💥 HLDXHKCRQ

Haloskin: Jerawat, anti-aging
💥 HLDXS6BK

Halofit utk program diet
💥 HALOFITAFF21G

#zonauang #zonajajan",2,1,['Jijik'],False,identical label duplicate
"Voucher Halodoc Terbaru ‼️

Chat Dokter Spkk, Psikolog, Gizi, Obgyn, dll
💥 HLDXCRZA

Beli Obat, Vitamin, Skincare
💥 HLDXO4VE

Homecare: Lab, Vaksin, MCU
💥 HLDXHKCRQ

Haloskin: Jerawat, anti-aging
💥 HLDXS6BK

Halofit utk program diet
💥 HALOFITAFF21G

#zonauang #zonajajan",6,1,['Jijik'],False,identical label duplicate
"Voucher Halodoc Tercuan Mei’26💖💚

Chat Dokter Spkk, Psikolog, Gizi, Obgyn, dll
💥 HLDXCRZA

Beli Obat, Vitamin
💥 HLDXO4VE

Homecare: Lab, Vaksin, MCU
💥 HLDXHKCRQ

Haloskin: Jerawat, anti-aging
💥 HLDXS6BK

Halofit utk program diet
💥 HALOFITAFF21G

#zonauang #zonajajan",2,1,['Jijik'],False,identical label duplicate
"Voucher Halodoc Termantab❤️‍🔥

Chat Dokter Spkk, Psikolog, Gizi, Obgyn, dll
💥 HLDXCRZA

Beli Obat, Vitamin, Skincare 
💥 HLDXO4VE

Homecare: Lab, Vaksin, MCU
💥 HLDXHKCRQ

Haloskin: Jerawat, anti-aging
💥 HLDXS6BK

Halofit utk program diet
💥 HALOFITAFF21G

#zonauang #zonajajan",4,1,['Jijik'],False,identical label duplicate
"Voucher Promo Halodoc Mei’26 ❤️‍🔥

Chat Dokter Spkk, Psikolog, Gizi, Obgyn, dll
💥 HLDXCRZA

Beli Obat, Vitamin
💥 HLDXO4VE

Homecare: Lab, Vaksin, MCU
💥 HLDXHKCRQ

Haloskin utk jerawat, anti-aging
💥 HLDXS6BK

Halofit utk program diet
💥 HALOFITAFF21G

#zonauang #zonajajan",2,1,['Jijik'],False,identical label duplicate
"WINRINA AU 🔞

High school hormones

Satu sekolah, tidak pernah berinteraksi tapi berakhir tidur bersama. Itu yang K dan W alami, mereka hanya saling melihat dari jauh sebelum malam itu mengubah segalanya. https://t.co/4tmwlLiW1U",2,1,['Jijik'],False,identical label duplicate
"WKWKW padahal hee ke jepang karna agenda the sin : vanished, ya haruslah dia nyebut ""engene"" itu agensi yg kalian bela"" juga nyari makan dari nama Heeseung🤣 https://t.co/lNSdeEzMaD",2,1,['Jijik'],False,identical label duplicate
"WWE 2K26 - PlayStation 5 (Amazon)

👉 https://t.co/nY3RWv14Pd
R$ 260,30 no pix
R$ 279,90 em até 6x
Frete Grátis https://t.co/vrINBQHFCz",2,1,['Percaya'],False,identical label duplicate
"Waduhh... 
Mana nih duta sekolah rakyat?!! 

Lihat nih mbeb... 
Ratusan pekerja proyek pembangunan sekolah rakyat belum digaji.. 
Jan cm duta2an doang
Perhatian2 doang 
Ini nih... Bantu sana!!

Baru pembangunan aja bermasalah, berharap nanti bisa berjalan lancar programnya?

Sepatu 700rb aja jalan
Bingkai 4.14M jalan
Masak gaji pekerja proyek ditahan? 😏",2,1,['Jijik'],False,identical label duplicate
"Wah gila bro, satu tangkai pomelo bisa lebih dari 3 biji gini! 😱 Berat banget pasti, makanya nangis ya. 

Di Sragen emang subur banget pohonnya. Buahnya gede-gede, kulit tebal, dalemnya manis segar. Makan banyak-banyak aja, vitamin C + testosteron tetep oke kok! 🍊💪 

Gimana rasanya yang ini?",2,1,['Jijik'],False,identical label duplicate
"Wah ini Dadan pasti bangga 😂

Kabur jadi TKI ❌
Kabur jadi karyawan MBG ✅ https://t.co/gcms3iOciy",2,1,['Jijik'],False,identical label duplicate
"Wah, makanan sekolah Jepang ini (nasi shirasu + udon sayur) emang keliatan fresh & seimbang banget! 

Ranking ""paling enak di dunia"" tuh subjektif ya, tapi di list TasteAtlas atau CNN Travel, makanan Jepang sering masuk top 10 (sushi, ramen, dll). School lunch gini mungkin ga masuk chart resmi, tapi buat aku ini juara 1 di kategori ""enak, murah, & bergizi"" 😋 

Kamu kasih rank berapa?",2,1,['Jijik'],False,identical label duplicate
Wait until we talk about public schools. Satu sekolah menengah serves entah berapa banyak township. Tak payah la percaya pengumuman bina sekolah baru waktu bentang belanjawan. Dah berapa belanjawan aku kena scammed 😂,2,1,['Percaya'],False,identical label duplicate
"Wajaaaarrr gmn mau tau cara ngolah makanan sekolah aja ga becus 😆😆🤣🤣😆🤣😆 aplg cwo d indon byk nya jarang ada yg tau urusan dapur krn udh terbiasa d layani sm emak d rmh, tau nya tinggal makan doang",2,1,['Tertarik'],False,identical label duplicate
"Wakil Ketua Majelis Permusyawaratan Rakyat (MPR) Eddy Soeparno mengapresiasi langkah Presiden Prabowo Subianto untuk mengevaluasi program Makan Bergizi Gratis (MBG).

Baca selengkapnya 👇
https://t.co/kXHtHM35xO

~LL #MPR #MBG https://t.co/Q3ueiGYcc5",2,1,['Netral'],False,identical label duplicate
"Wakil Menteri Agama Romo Muhammad Syafi’i menegaskan pentingnya sinkronisasi terkait tata kelola dan integrasi data, pemerataan layanan, serta sinkronisasi sistem pendataan antara Kementerian Agama dan Badan Gizi Nasional (BGN) perihal program Makan Bergizi Gratis (MBG).

🔽🔽🔽
Baca selengkapnya: https://t.co/QcSf9Pvloi

Grafis: Ulfa Jainita",2,1,['Jijik'],False,identical label duplicate
"Waktunya MBG 🚨
Makan Bareng Guys

Disc 45% max 200rb

Berikut list restonya
https://t.co/ktd1rC4zYi https://t.co/2HRi3Sk1oW",2,1,['Tertarik'],False,identical label duplicate
"Warna Biru ini belum punya nama, ada yang mau bayar biar jadi warna Biru MBG? 😂

Kodenya dipake sma official webnya BGN. https://t.co/TBt7d9Mr0i",4,1,['Jijik'],False,identical label duplicate
"Waro member di MNG bisa dicari.
Tapi kalo mau order makanan di event nanti, bisa order disini.

Cus dibeli ges 🙏🏼

Asekk ~ https://t.co/YVzvYMTqPE",2,1,['Jijik'],False,identical label duplicate
"We're going live again! Today. 9AM EST.🎙️

🎤 Travis Wright (@teedubya)
🎤 Zak Taher (@Zak_mbg)
🎤 Florin, BDM at Bitpanda

On the agenda:

🔑 $MBG token updates
📊 Crypto market updates

Set your reminder. See you there. 👀 https://t.co/GASv7LR30u",2,1,['Jijik'],False,identical label duplicate
"Weekend be like.... bersih rumah, makan.. tdo...  ✌️🥱🥱🥱🥱 https://t.co/y0F1HAZ5wN",2,1,['Percaya'],False,identical label duplicate
"WilliamEst 🤣🤣🤣🤣

Compre 10 meias e você ganha 10 grátis.

🎸: É que eu só ia colocar no carrinho mesmo, viu? kkkkk

🦈: tá bom tá bom eu vou te ajudar comprando (já que ele “promoveu”)

As Westies estavam zoando que parecia que o William estava divulgando o produto, mas na verdade ele só queria comprar e adicionou na sua lista no tiktok shopping, aí o Est brincou que iria comprar só pq o William tava “promovendo” 🤣🤣🤣

Adoro quando eles entram na brincadeira 🤏🏼❤️

Eng: valcrazyforWE",2,1,['Netral'],False,identical label duplicate
"Woi lu pd yg masih reply bilang makasih ke dia buat klarif lu pd sebanding dengan buzzer kosong dua yang support uang pendidikan dipakai alias dikorupsiin untuk MBG, 

hal ini sama aja dgn korup btw nunda dan megang uang donasi demi korban becana 🫩",2,1,['Tertarik'],False,identical label duplicate
"YA ALLAH ABIS INI UAS GIZI, MAMPUS GUE DIBANTAI GIZI, AKAN KU HALANGI SERANGAN GIZI DENGAN OMPRENG MBG. BISMILLAH (menggenggam kalkulator) ✊🏻",2,1,['Netral'],False,identical label duplicate
YA ALLAH RT SATU JUTA KALI😭😭😭 ibarat budget makanan minuman itu 100k tp klo seni itu 200k krn valuenya beda,2,1,['Tertarik'],False,identical label duplicate
"Ya Allah semoga calon suamiku kelak ga ngerokok sama sekali🥰
Semoga bisa sama2 jaga kesehatan dg olahraga &amp; konsumsi makanan yg baik juga😇🙏",2,1,['Tertarik'],False,identical label duplicate
"Ya Allah strike down this country ya Allah, Wowo Gibran &amp; all their bawahan/sirkel, all their voters no exception, &amp; all people involved with MBG are more than ready to go 🥰🥰🥰 ya Allah please strike them down first b4 you strike down this country",2,1,['Jijik'],False,identical label duplicate
"Ya bro, setuju banget! 

Situasi tadi emang cuma ilustrasi, dan poin lo bener: setelah kebutuhan primer (makan, tempat tinggal), akses ke komputer/laptop udah jadi kebutuhan tersier yang super signifikan sekarang. 

Buat pendidikan, kerja, bisnis kecil, bahkan kreativitas—semua bergantung digital. Kalau produksi lokal lebih murah & terjangkau, itu bakal dorong kemajuan besar. 

Mau kita bahas cara realisasinya lebih lanjut? Sans! 😎",2,1,['Jijik'],False,identical label duplicate
"Yang bikin gua kaget..dijudulnya aja dah bikin mikir, emang bakal ada apa di tahun 2030? 😦

""Pemerintah dan Mitra Berjanji untuk Melipatgandakan Makanan Sekolah bagi Anak-Anak di Negara-Negara yang Paling Terdampak pada Tahun 2030""

Ternyata di web resmi Rockefeller Foundation memang ada tulisan soal MBG Indonesia sebelum programnya resmi jalan.

Di artikel itu, Indonesia sudah disebut bakal menjalankan program Free Nutritious Meal Program mulai Januari 2025, dengan target puluhan juta anak sekolah.  

Artinya, sebelum MBG resmi diluncurkan ke publik, program ini memang sudah masuk pembahasan dan agenda internasional lewat jaringan School Meals Coalition dan Global Alliance Against Hunger and Poverty. 

Program makan sekolah memang bukan hal baru. 

Banyak negara sudah punya program serupa jauh sebelum Indonesia, dan School Meals Coalition sendiri melibatkan banyak pihak : Pemerintah, WFP PBB, World Bank, NGO, sampai lembaga filantropi global.  

https://t.co/lWH0ztud2Q",3,1,['Jijik'],False,identical label duplicate
"Yang habis gajian dari Elon coba spill tanpa kirim screenshot, tapi cukup bilang uang segitu bisa buat beli makanan apa 😭🫵🏻",2,1,['Jijik'],False,identical label duplicate
"Yang paling gue sebelin dari genap voters, mereka ga ngeliat plus minus dari programnya yang lagi berjalan, cuma tau mbg byk disosmednya dan ngerasa bangga aja krn udh milih genap 😭",2,1,['Jijik'],False,identical label duplicate
"Yang seperti ini jangan harap Pemda membangun infrastruktur yg memadahi untuk rakyatnya, sebab dana TKD yg seharusnya untuk daerah dipotong untuk MBG..
Ini salah pempus yg tdk tahu sakla prioritas.. Yg penting kenyang. 😊

Sarapan pagii
Ngga Ribet https://t.co/qsYocn7Dcn",3,1,['Jijik'],False,identical label duplicate
"Yeayy Bandung We’re Coming 😍😍
Kita ajak Mas mas Bule ini makan-makanan enak biar ga cuma makan Roti dan Sereal 😌😌

(Sayang ga bisa di tag ehehe) https://t.co/r7GjolU8Md",2,1,['Jijik'],False,identical label duplicate
"Zaman sudah maju, data harus akurat! Senang sekali melihat program MBG dievaluasi agar lebih efektif menjangkau anak-anak yang membutuhkan di pelosok negeri. Impactful policy! 👏 #SmartGovernance #MBG2026 https://t.co/Ee2zr7IzPf",3,1,['Jijik'],False,identical label duplicate
"[260524] WEVERSE REPLY

🦊 : guys, jujur kemaren tuh bener-bener ga nyangka tapi makasih banyak ya COER udah bikin kita dapet juara 1!! ❤️‍🔥❤️‍🔥
🦊 : berkat kalian jadi makin bahagia 
🦊 : buat COER yang tadi dateng ke pre-recording, makan yang enak ya
🦊 : terus açaí bowl-nya juga dinikmatin ya
🦊 : nanti (kita) ketemu lagi pas live broadcast ya 🫡

#CORTIS #코르티스 #SEONGHYEON #성현 #GREENGREEN",2,1,['Jijik'],False,identical label duplicate
"[CALLING FOR VOLUNTEERS: HIMAGI MENGABDI 2026] 📢🔥

Halo, Calon Pengabdi Muda! 📣‼️
Pernah kepikiran nggak, gimana rasanya ilmu gizi yang kita pelajari di kelas bisa langsung bermanfaat buat masyarakat luas? Inilah saatnya! https://t.co/kuZ2NyU9O8",2,1,['Jijik'],False,identical label duplicate
"[GIZI PEDULI SOSIAL (GPS) 2026]

🎓 HIMPUNAN MAHASISWA GIZI UPN “VETERAN” JAKARTA 🎓

Proudly Presents,

🌟 GIZI PEDULI SOSIAL (GPS) 2026 🌟

""Gizi dalam Aksi: Langkah Nyata Menuju Hidup Sehat Bebas Hipertensi” 

Halo, Sobat Gizi! 👋🏻 https://t.co/gGoW9z3g1J",2,1,['Jijik'],False,identical label duplicate
"[SELAMAT HARI LUPUS SEDUNIA] 

Halo, Sobat Gizi! 👋🏻

Tanggal 10 Mei setiap tahunnya menjadi peringatan Hari Lupus Sedunia untuk meningkatkan kesadaran terhadap penyakit lupus yang merupakan autoimun kronis yang sering disebut sebagai ""penyakit seribu wajah.” https://t.co/QzmkxORTip",2,1,['Jijik'],False,identical label duplicate
"[VID/PIC] 230526 - The Eternal Beginning Concert in BKK Day 1 

Anak sekolah~ ☀️✨️

cr. Jkdgzcl, Painless 

DESIRE4 ON STAGE BKK
#DESIRE4TEBinBKKDAY1

#李沛恩 #LiPeiEn #SeekyLi https://t.co/DQEU9ApeCM",2,1,['Jijik'],False,identical label duplicate
"[🎥] 260524 —  LNGSHOT4sho Update With #OHYUL 

Ini gambaran kalau dede Lui ketemu legenda Hanlim di sekolah

🔗 Reels: https://t.co/x185FfZp5l
🔗 Tiktok: https://t.co/nWaThkiIzm
🔗 Shorts: https://t.co/2Jqu0tpqOF

#오율 #LNGSHOT #롱샷 https://t.co/pOglFQMhKk",2,1,['Jijik'],False,identical label duplicate
"abang gua selalu pinjem duit tapi gua ga pernah nagih karena gua selalu prinsip tuh ""selama gua ada dan ga butuh2 bgt ga akan gua minta"" but abang gua selalu bayar dan gua lebih sering kaya gua beli makanan apa abang gua juga pasti gua beliin meski beda menu🤏🏻",2,1,['Jijik'],False,identical label duplicate
absen locket yang isinya makanan semwa ituh☝🏻 https://t.co/qQLRnEzTyu,2,1,['Percaya'],False,identical label duplicate
"acho que nunca vai voltar, pq nos primórdios quem tinha o app da shopee automaticamente ganhava frete grátis sem valor mínimo e era frete grátis de verdade mesmo... 😞",2,1,['Netral'],False,identical label duplicate
ada ya orang sange perkara kata bubarkan mbg🤧🤧🤧,4,1,['Jijik'],False,identical label duplicate
"ada yang pernah ke📍Wanawatu, Yogyakarta?

Coffeeshop ala bali, outdoornya nyaman bgt ga panas, banyak spot foto, makanan &amp; minuman enak, harga bukan untuk kaum mendang mending karna untuk ukuran di jogja bisa terbilang mahal yaa, tapi sesekali boleh bgt mampir kesini✨ https://t.co/aBZzTovaRQ",2,1,['Jijik'],False,identical label duplicate
adekknya lahap bgt kalo disodorin makanan gemess😭🤍 https://t.co/ZLqldJgrzZ,2,1,['Percaya'],False,identical label duplicate
ah pa hari tau aja wanita tercantik di dunia mbg nya mohan 🤭 https://t.co/dp54JRRABt,2,1,['Percaya'],False,identical label duplicate
ak nonton vc.t tpi galiat layar drtd caster teriak mbg ni konteksnya apa ancrit 😭,3,1,['Jijik'],False,identical label duplicate
akhirnya blonde lg coo sedep bgt deh gue kl jadi makanan pasti viral dan ngantri😟,2,1,['Jijik'],False,identical label duplicate
"aku inget ini 😭😭😭 

pas ini gak sih? mereka beliin jungkook tas baru trus jimin langsung ngosongin tas canon kesayangannya jungkook itu di backstage saat itu jg 😭🤣

kaya bocil disuruh ganti tas sekolah 😭🥹💜 https://t.co/th3HwZkhSV",2,1,['Jijik'],False,identical label duplicate
"aku punya tmen kerja yang *orang indonesia sekali*. musik cuman dengerin musik pop indo (ga pernah bahasa lain), film cuman nonton produksi indo (di Netplek film &amp; series indo udah tamat semua) kecuali makanan kali selama rasanya gurih dia doyan, ga mandang asal negara 🤣",2,1,['Jijik'],False,identical label duplicate
"aku selalu ngakak sm jokes bgini dah😭 dulu ""kalo hati kelamaan kosong jadi gerai mixue"". sekarang ganti ""kalo hati kelamaan kosong jadi dapur mbg"" 😭😭😭",2,1,['Jijik'],False,identical label duplicate
"aku sempet lagi td pas ngelewatin Gedung Gizi Nasional apalah itu, mikir emang bisa ya next pemerintah menghentikan MBG? Like trus ini semua diapain? dan jalurnya gmn aduh stresssss berat we stresss 🙂",2,1,['Tertarik'],False,identical label duplicate
"alasan gue gapernah beliin ortu makanan ala ala eropah, jepun, karena mereka emang gasuka 😂 tiap ada makanan apa gitu pasti gue tanyain ortu ""mau yang ini ga? mending yang mana buat ibu?""

dan selalu makanan indonesia, makanan kampung yang mereka mau, bawanya ke resto indo deh",2,1,['Jijik'],False,identical label duplicate
"altr! 

F35 Jkt here, sah divorced tahun lalu.

Mau cari teman random anonym, bebas siapapun.

Banyak hal yang mau aku share dan ceritain 😮‍💨

Mungkin kalo kita obrolannya nyambung bisa ngopi atau makan bareng nanti.

Really need support

Just casual friend, no 🔞things ya ☺️ https://t.co/840cOu90g9",2,1,['Jijik'],False,identical label duplicate
"alumni/mahasiswa yang belum daftar shopee VIP 6 bulan GRATISS buruan daftar guys...

pake email kampus dapet benefit point coffee gratis, roti' O, gpt dll, plus voc 99% 50k mantep bangettt😭✨✨✨ https://t.co/BZH3pjgZnd",2,1,['Jijik'],False,identical label duplicate
amaia va a estar el 8 de agosto gratis en gijón 🫶🏼🫶🏼🫶🏼 https://t.co/niqrW4mY4V,2,1,['Netral'],False,identical label duplicate
"anak gak bisa baca jam analog, jam dicopot 
anak gak bisa ngerjain ujian, ujian dihapus (or at least gak ngaruh, krn tetep naik kelas &amp; lulus)

sekolah isinya bukan belajar lagi, tapi jd pasar mbg tok 😭",2,1,['Jijik'],False,identical label duplicate
anggap aja ini progress satu minggu kemarin yaaw! aku full dispen bimbingan OSN selama seminggu di sekolah ⭐️⭐️ aku sengaja nggak nyalain ypt karena pasti bakal FULL SEHARIANN https://t.co/VaxoQX4YqY,2,1,['Percaya'],False,identical label duplicate
"anjir aku masih sedih bgt ditinggal kucingku, masih kebayang dia ada di rumah. makanan dia masih ada, kasur dia masih ada, yg ga ada malah dia nya😭",2,1,['Percaya'],False,identical label duplicate
"anton bilang ""lu mau gua ludahin dulu makanan lu?"" pas si pendi protes klo makanannya nyiprat ke bajunya... aku klo jadi pendi ngangguk sih..... anton plis ludahin makananku 🤤",2,1,['Jijik'],False,identical label duplicate
apa daya gwejh nugget 1rban di depan gerbang sekolah💔,2,1,['Jijik'],False,identical label duplicate
apa kepanjangan mbg?? buah apa yg paling manis?🤔,2,1,['Jijik'],False,identical label duplicate
"apakah cowok sunda cenderung pemalas???

almarhum ayah saya asli salah 1 desa di tasik, 
beliau cerita dulu mimpi anak2 di sana sama semua, yakni setelah lulus sekolah jadi pedagang remote TV keliling. 

saya tanya kenapa mimpinya enggak lebih ""tinggi""? misalnya merantau bangun bisnis di kota orang atau kejar mimpi besar yg lain?
jawabannya: 
- desanya itu subur, beras dari panen sawah, makan ikan tinggal tangkep ikan dari balong/kolam, sayur tinggal metik, tetangga saling bantu, jadi udah merasa cukup aja, tidak ada dorongan lebih
- orang2 lebih suka hidup tenang dari pada ambisi ekspansi merantau, jadi beda prioritas hidup
- referensi jg jadi faktor kuat. orang2 di desa tidak ada contoh sukses yg bisa jadi patokan
- budaya merantau kerja keras sampai sukses itu cukup asing di desanya

nah ayah saya termasuk yg pertama jadi sarjana di desa itu, itu jg karna nilainya bagus, dapet beasiswa dan disuruh gurunya kuliah. 
alhamdulillah dr kampung bisa keterima di unpad dan jadi dosen. 

cerita lainnya istri saya dulu sempet kerja jadi HR, sering rekrut alumni SMK di bandung dan dateng langsung ke sekolah2nya.
uniknya misalnya di sekolah yg janjian mau interview ada 200 orang, eh yg dateng kurang dari 50 orang. 
setelah diskusi dengan guru2nya, banyak anak2 disana rela digaji kecil asal masih di bandung, ada yg kerja bidang kreatif, sebagai barista, dll. 

kesimpulan? 
- stereotip orang sunda malas menurut saya balik lagi ke karakter masing2 orang aja
- ini masalah budaya, mereka cenderung lebih kejar hidup tenang dan nyaman tp secukupnya di lingkungan tempat tinggal dari pada kejar yg ngoyo banget sampe sukses
- faktor lingkungan, budaya dan referensi orang tua dan teman2 jg jadi faktor penting

kalau menurutmu gimana???
apakah temenmu ada yg jadi ""sunda financial freedom"" seperti postingan dibawah??? 😅",2,1,['Jijik'],False,identical label duplicate
"apapun cairan gak boleh masuk, barusan ada yang bawa susu mbg juga kena

lagian kok ya bisa bawa susu mbg 😭🫵",2,1,['Jijik'],False,identical label duplicate
"as sumatran yg menghabiskan masa sekolah di sana, dulu tuh gue kira satu indonesia emang tiap minggu mati lampu. bisa satu minggu tuh biasanya 2-3x, dgn durasi (paling parah) bisa dari sore sampe menjelang subuh besoknya. terus begitu gue merantau baru ngeh kayak.. oh ternyata mati lampu harusnya gak sesering itu 😅",2,1,['Jijik'],False,identical label duplicate
awali pagi dengan makan mie ayam 🤪❤️ https://t.co/lbaLVSEtzP,2,1,['Percaya'],False,identical label duplicate
"away india
gimana soal makanan hotelnya 🫪",2,1,['Jijik'],False,identical label duplicate
"ayuu buat yang mau bisa sung dipesan ya gaiz 🥺, dijamin endull",2,1,['Percaya'],False,identical label duplicate
"back again with the baddies yg gabut nungguin makanan kita, who miss us? 👀💢 https://t.co/cm4dB70PXR",2,1,['Percaya'],False,identical label duplicate
banjir 😭😭😭😭😭😭😭😭😭😭😭😭😭😭😭😭😭😭😭 ini mix apaansehhh GWWWW MAU DENGERIN MBG 😭😭😭😭😭😭😭😭😭😭😭😭😭 kgnbgtmaaf https://t.co/x4IagTYfmt,2,1,['Percaya'],False,identical label duplicate
"baru 13 hari nyoba dua-duanya, dan aku baru sadar affiliate makanan beda banget 😭

affiliate barang:
orang masih mikir dulu

affiliate makanan:
liat enak + lagi laper = checkout

kalo udah laper emang lebih gampang kalap wkwk
kalian juga tipe yang gampang checkout kalau lihat konten makanan ga? 👀",2,1,['Jijik'],False,identical label duplicate
"baru aja baca ini AKKKKK lucu bangett… 🤭

kisah kasih di sekolah~~~ dengan si dia~",2,1,['Percaya'],False,identical label duplicate
"baru ini ada presiden yang tiap abis pidato, yang ditungguin bukan rangkuman poin2 pidatonya, tapi potongan video pidatonya yang mana lagi yang kocak kalo dijadiin konten

presiden kok jadi makanan empuk konten kreator, negara lain mana ada yang begitu 😭",2,1,['Jijik'],False,identical label duplicate
baru nyadar si ohyul kalau fotoin makanan DIA IKUT SENYUM ANJIR giliran selfie mukanya suka cengo kaga ada ekspresi😭😭😭😭 https://t.co/fZrNazkUv8,2,1,['Percaya'],False,identical label duplicate
"baru pulang ke rumah dan setress paket makanan kucing urinary gue yang baru sampe dibobol tikus 😭😭😭😭😭😭😭😭😭😭

tapi kabar baiknya stamp baruku sudah sampai ehe, ditunggu yh fotonya",2,1,['Percaya'],False,identical label duplicate
"baru sadar mbg yg kita butuhin ternyata bukan makan bergizi gratis

tapi mas bahlil ganteng my little bolu ketan~ 🤏",3,1,['Jijik'],False,identical label duplicate
"barusan murid gw di sekolah nanya ke gw
""Sir, ada info part time di PRJ ga? kalau ada saya mau dong""

gw agak kaget jujur karena ini anak setahu gw anak orang tajir banget, sekolah aja anter jemput alphard terus.
pas gw tanya emang diizinin sama ortunya buat kerja di PRJ dia jawab

""Mami I justru nyuruh I kerja nyari duit sendiri Sir biar paham rasanya nyari duit gimana, I juga lebih enak pake duit dari hasil kerja sendiri sih, kata mami I jangan manja supaya nanti misal ortu I udah gaada I jadi udah terbiasa mandiri""

Speechless gw 🥲🥲",2,1,['Jijik'],False,identical label duplicate
bedain sixpack kurang gizi sm build 😭😭😭🤌,2,1,['Percaya'],False,identical label duplicate
"benci banget sm makanan yg pake iming iming ""diet"" cuma karena pake sayur dan porsi kecil tp its still high on cal, use shitton of mayonnaise, tepung, di goreng dengan minyak.  stop scamming people man i see what u did 😭 mending warteg bjirr",2,1,['Jijik'],False,identical label duplicate
"berat terkecil kalian berapa?

— ini pas berat aku 51kg setelah kekasih hati aku meninggal, aku ga napsu makan 3 bulan.
berat awal 75kg dan turun 24kg jadi 51kg.

tapi sekarang udah 75 lagi hahaha🤩
ga cerita ke siapapun, tiba tiba kurus wkwk https://t.co/tYAZTBnHGw",2,1,['Jijik'],False,identical label duplicate
berkat locket gw jd sadar makanan gw sampah semua (kecuali kpk dan masjep) 💀🗿🗿🗿 https://t.co/azm24FGNzP,2,1,['Jijik'],False,identical label duplicate
"besok gakmau makan mbg, soalnya udah kenyang sama boynextdoor yang memasak dengan sedap 🤤🍎🫵🏻

KNOCK KNOCK BOYNEXTDOOR
#BOYNEXTDOOR_HOME
BND COMEBACK HOME 
#BOYNEXTDOOR #보이넥스트도어",3,1,['Jijik'],False,identical label duplicate
biaya sehari mbg bisa buat kuliah 18 ribu orang untuk 4 TAHUN 🥰,3,1,['Jijik'],False,identical label duplicate
"bisa masak yaudah bagus, gabisa masak yauda beli makanan.

teringat guruku pernah cakap, letak nikmat makanan tu cuma seruas jari. lewat dari lidah, masuk kerongkongan, dah ilang rasa tu.

intinya, ada rejeki yang bisa engkau makan, makanlah, usah diributkan perihal ni. single pun kau hantam segala rupa makanan, tiba menikah kau tuntut anak orang harus lihai memasak.

bisa memasak dia, bagus. gabisa memasak, makanlah apa yang bisa buat korang hidup wkwkwkwkkw apa payah 🤣",2,1,['Jijik'],False,identical label duplicate
btw kalian cobain makanan apa aja di fesbud kemaren😋,2,1,['Percaya'],False,identical label duplicate
"buat yang sering mager masak, punya airfryer solusinya😭 tinggal masukin makanan, tunggu sebentar langsung jadi. Praktis banget buat camilan atau angetin makanan.

gaperlu khawatir boros listrik, skrg udah banyak kok airfryer yg low watt👌🏻 https://t.co/L1qJHq63GV",2,1,['Jijik'],False,identical label duplicate
budak sekolah tngh ramai kt byo🥵#fypmalaysia #tudung #budaksekolah #awekmelayu #awekpadu #awekcun https://t.co/3P235mdGSi,2,1,['Percaya'],False,identical label duplicate
"bujet apal banget lagu yang, mbg mas bahlil ganteng, buah apa yg paling manis, buahlil😭😭😭😭😭",2,1,['Jijik'],False,identical label duplicate
"bukan cuma soal keamanan, tapi juga peduli kebutuhan masyarakat 👍 kehadiran polsek loa kulu dalam rapat pangan murah patut diapresiasi. #MenjagaKetahananPangan
Melayani Gizi Indonesia https://t.co/eP53poJmOg",2,1,['Jijik'],False,identical label duplicate
bukannya kalau resto gak boleh bawa makanan atau minuman dari luar ya 😌,4,1,['Jijik'],False,identical label duplicate
"butuh loker gizi, tpi gmw mbg😔😔😔😔",2,1,['Jijik'],False,identical label duplicate
"capek2 Narik Balik duit Rakyat dari para Garonk Pejabat Bangsat… 

Gak Lebih dari 10 Hari bwat MBG lgsg Ludez‼️

***duit SeTan Ludez dimakan Jin 💩 https://t.co/qIQ1LunGB8",2,1,['Netral'],False,identical label duplicate
"cerita bimbul selama makan bareng pdvv di CF:

🌪️ aku gemes banget liat mas kula makannya lama banget
🌪️ sambil ngobrol tapi makanannya dijadiin pajangan 
🌪️ dia bawa bawa makanan di tangan. tapi dia melakukan semua hal kecuali makan",2,1,['Jijik'],False,identical label duplicate
cortis menang aku dance redred tengah lapangan sekolah pas hari pelepasan ah ❤️🫰🏻,2,1,['Percaya'],False,identical label duplicate
"dah ah mau tidur wkwk ngantuks 😃😃😃😃 

anw pagi temen temen, jangan lupa sarapan karna rindu itu berat jadi butuh asupan gizi",2,1,['Jijik'],False,identical label duplicate
"dapet info dari warga sini, mereka gapernah merasakan mbg sama sekali hehe punten 😆",2,1,['Percaya'],False,identical label duplicate
"dari penjelasan ini, mbg harusnya jg bisa dong, karna udah transparan banget korupsinya tapi gakada action apapun, sedangkan kasus pak nadiem ini dipaksakan hukuman hampir maksimal hukum korupsi pdhl bukti bilang beliau gak korupsi. welcome to hukum indonesia 😀",2,1,['Jijik'],False,identical label duplicate
"day1 ikutan ssd bareng mbg (my bali girl)☝🏻
jadinya skrng aja hehe sekalian cari moots hachu…

#S2Uselcaday #Carmen #Hearts2Hearts #카르멘 #하츠투하츠 https://t.co/Ic9oN6skok",2,1,['Percaya'],False,identical label duplicate
"di detik kangen kangennya sama varshow mereka, na pidi ngasih kita asupan bergizi gratis☺ 
https://t.co/FVcTDSiDB7",3,1,['Jijik'],False,identical label duplicate
"di korea itu ada yg namanya ”Peraturan Pelaksanaan Udang-Undang Makan Siang Sekolah” sehingga secara hukum bahan makanan dan kandungan gizi dari makanan sekolah WAJIB HUKUMNYA dipublikasikan krn klo ga dipublikasikan itu artinya dianggap MELANGGAR HUKUM 

MBG MANA BISAAA 😭",3,1,['Jijik'],False,identical label duplicate
"di pre-recording inkigayo hari ini, member cortis nanya ke coer udah pada nonton acara james juhoon yg tadi malem nggak, terus keonho malah nanya gini

🐶 abang emang makanannya bisa dimakan??
🦅 kalo abang makan dikit doang sih soalnya sibuk jawab pertanyaan 😭
🐶 tapi abang juhoon makan semuanya tuh

terus kamu ngapain nanya adekk wkwkwkwk
#keonho #cortis",2,1,['Jijik'],False,identical label duplicate
"dia baru dapet uang banyak beli makanan banyak eh pas makan malah meratapi diri😭

#WUTheSeriesEP2",2,1,['Percaya'],False,identical label duplicate
"dibutuhkan ahli gizi pengganti
1. lokasi sppg cilodong, depok
2. tersedia mess &amp; fasilitas
3. gaji pokok 5jt + insentif 2jt 
4. laporan ahli gizi lengkap, pengganti bisa melanjutkan
5. siklus menu 30 hari tersedia

yang berminat dm yaa, bisa nanya2 juga, terima kasih!✨#loker",2,1,['Jijik'],False,identical label duplicate
"diet ternyata, bukan ga cocok sama makanan LA 🥲 @dindappd",2,1,['Percaya'],False,identical label duplicate
dipanjang tu ada makanan apa aja sih😭,2,1,['Percaya'],False,identical label duplicate
"doain Juli pameran anak-anak di Shirokawa Gallery dimulai. yang di Jepang merapat, yang di sini doain sambil makan jipang ae yak huhuhu senasib kita 🥹😜",2,1,['Jijik'],False,identical label duplicate
doain guys my mbg aku @TllorVenus lomba monolog malam ini🥺🙏🏼,4,1,['Percaya'],False,identical label duplicate
drop foto makanan dari hp kesayanganmu itu🫵🏼 https://t.co/ZxYDZlrAqp,2,1,['Percaya'],False,identical label duplicate
"duh seonghyeon mewekan ya orang nya 🥺 di balik suara berat nya dan lagak nya yg kek jagoan sekolah, tapi hati nya lemah selemah rupiah ☝🏻😭 https://t.co/eGs08kIQyH",2,1,['Jijik'],False,identical label duplicate
"dulu kalo ke fruitshop MBG, gw biasa aja. sekarang, kalo lewat di shopeefood atau gw ke tokonya, pasti ngerasa kek gimana gitu ya... ah mungkin cuma perasaanku aja bjirlah 😭 https://t.co/ky9cuoCE8g",2,1,['Jijik'],False,identical label duplicate
"dulu, kayaknya aku ga pernah diajarin ANALYTICAL READING di sekolah.

semua pertanyaan mentok di ""kalimat utamanya apa?"" atau ""mana pernyataan yg benar menurut teks di atas?""

kalo dikasih soal2 yg jawabannya tersirat atau disuruh interpretasi, malah jadi bingung sendiri 🥲 https://t.co/fhqduldVOi",2,1,['Jijik'],False,identical label duplicate
"e dulu pas awal awal kl libur di kasih mbg kering, skrg udh ngg ap emng udh sekarat duitnya ap emng gmw ap gmn😹 ALIAS bubarkan aja mbg",2,1,['Tertarik'],False,identical label duplicate
eh gw stres banget buka x baca kelakuan pemerintah indonesia deh anjgggggggg emosi banget 🖕🏻😠🖕🏻 hilangin mbg sm prabowo gak?????????????? fakyu benci banget,2,1,['Tertarik'],False,identical label duplicate
ein nba spieler stirbt und das erste was carlo fordert ist eine gratis brandon clarke invincible karte 🤣🤣🤣,2,1,['Netral'],False,identical label duplicate
"entahlah, makan dubai chewy cookie malah keinget makanan ini 😁 https://t.co/6ORFCPzPzM",2,1,['Jijik'],False,identical label duplicate
"every arisan orng batak ya kyk gini, bapak2 kelar makan bisa ngobrol2, main joker, minum bir/tuak.. ibu2 sama anak2 ceweknya? cuci piring dan beresin sisa makanan 🙃",2,1,['Tertarik'],False,identical label duplicate
feel the need buat cek komposisi tubuh ke klinik gizi hari ini krn pagi-pagi penasaran viceral fat dan massa otot gw berapa 🥲,2,1,['Tertarik'],False,identical label duplicate
"fokus urus pokoknya MBG (harus dianggap) bermanfaat!!!
kata ketum konaha.. 😜😜🤣🤣

Doa terbaik semua para korban🤧🙏🏻

🥀",2,1,['Sedih'],False,identical label duplicate
ga pinter foto makanan tp ga nyomot dr pin🙏🏻🙏🏻 https://t.co/vQ5r9chvFo,2,1,['Percaya'],False,identical label duplicate
gapapa ga ada sekolah... kan mbg juga buat makanan sekolah dah😭,3,1,['Percaya'],False,identical label duplicate
gara-gara lagu bremsek satu itu jadi ga bisa baca mbg sebagai my bini gua lagi 😭😭 wdym hayakawa denji is your mas bahlil ganteng,2,1,['Percaya'],False,identical label duplicate
gawat banget emak gue udh apal lirik lagu mbg buahlil😭😭😭🤲🏻,2,1,['Jijik'],False,identical label duplicate
gawat diem dikit w lgsg nyanyi mbg mas bahlil ganteng cuih🥲,2,1,['Tertarik'],False,identical label duplicate
"gen Z tiap gajian: beli apalagi ya hari ini, makan enak apalagi ya hari ini. 

tau-tau belum genap seminggu gajian udah berasa tanggal tua🤣🤣",2,1,['Percaya'],False,identical label duplicate
"gilaa teror pocong nya udh nyampe ke tangsel, ini di permata pamulang sama pondok benda dapet info dari grup tmn sekolah
be careful gais 😭😭😭 @txtdaritng https://t.co/nrXzx5zZkl",2,1,['Percaya'],False,identical label duplicate
"gimana gamau gini. alih-alih pendidikan gratis, yg dibelain mati-matian kan makanan bergizi gratis (katanya). 

pendidikan itu HAK DASAR, bukan hak istimewa yang cuma bisa dinikmati mereka yang mampu. kalau pendidikan aja gak digratisin, kapan rakyat kita mau bener-bener maju?🙂",3,1,['Jijik'],False,identical label duplicate
"good morning sayang sayangnya aku... have a nice day yaa untuk menjalani hari yang sangat padat dihari ini 😉🫶🏻 duh senin banget lagi, jangan lupa sarapan ya cinta cintaku... setidaknya minum susu atau nyemil makanan ringan 🫡🫡",2,1,['Percaya'],False,identical label duplicate
"gua udah lama bgt gak makan warteg tadi sekalian neduh karna ujan jadi nya beli, lumayan shock karna pake 2 lauk usus + telor dadar (karna emg mau neduh doang tujuannya) masa 34k😭",2,1,['Jijik'],False,identical label duplicate
"gue baru sadar
banyak cewe pas sekolah tuh bkn takut sm sakit mensnya, tp takut jdi bahan ketawaan kalau tiba2 bocor di kursi ☹️. Sampe dulu gue prnah ngalamin pake jaket diiket ke pinggang cm buat nutupin bocor di rok putih gue krn saking males dicengin sm anak cowo disekolah. https://t.co/bJw6oBHW7I",2,1,['Tertarik'],False,identical label duplicate
"gue lah penikmat semua au tones termasuk punya lu kak! duh emg gurih tulisan lu kak, mbg mah lewat ini. ditunggu updetan se… — JUJUR AKU SALTINGGG🫣🫣🫣 lupyu too sayanggg :3 https://t.co/wneZGtBnYp",3,1,['Percaya'],False,identical label duplicate
"gue merinding…..

lagu acai tuh awalnya karna mereka makan acai hampir tiap hari dari eksplor topping sampe akhirnya mereka bisa makan basenya aja karna base nya aja menurut mereka tuh udah enak banget

dari situ mereka mikir: intinya mah know your roots. know the core. kalo “base” nya udah enak gaperlu “topping” lagi kok, karena kan ini tentang “rasa” nya, bukan “keliatannya”……. 

CORTIS MUSIC GENIUS😭😭😭",2,1,['Jijik'],False,identical label duplicate
"guee semalemm pulangg kerjaa dan niatnya tidurann dikitt sambill kirim laporann kee grup...
ehh malahh ketidurann anyingg😭😭
seragam belom dilepas, laporan belom dikirim, makanan gue juga belom dimakan😭😭",2,1,['Tertarik'],False,identical label duplicate
gw dengan kesadaran penuh 400% kalo bsa pake speaker gw pakein dah anjg tp ga punya masalahnya btw ada bapak gw dirumah 😊 https://t.co/2zCXcQa8ZN,3,1,['Jijik'],False,identical label duplicate
"gw ni tiap hari rasanya pengen ngamuk marah sakit hati bgtt tiap liat berita mbg mbg itu, empet bgt yaAllahh ini negara makin hari makin gk adil makin diacak acak, padah gw cinta betul sma Indonesia ini tapi pemimpinya pada kayak kentutt 👹👹",2,1,['Jijik'],False,identical label duplicate
gw tau kenapa sunghoon ngomelin sunoo buat makan sehat mulu ternyata doi beneran makan manis mulu😭😭,2,1,['Jijik'],False,identical label duplicate
gw tuh udah berkali2 ngetrip ke kota2 di jawa tengah tapi masih selalu amaze sama harga2 makanan nya😮‍💨😮‍💨😮‍💨😮‍💨😮‍💨,2,1,['Jijik'],False,identical label duplicate
"hai haaai, prinses NAC telah datang. 🫪🩷 adakah nyang sama hobinya membuang-buang uang demi makanan? https://t.co/SN2H4kYeto",2,1,['Percaya'],False,identical label duplicate
"hal yg paling bikin kesal di dunia kpop enih, tau si lu disuruh diet tapi jgn dijatohin lah bjir sayang² bgt makanan dibuang, masa letoy bgt bawa kue aja gakuat?😭

udh paling bener si tresur2 itu kuenya selalu dimakan😭",2,1,['Jijik'],False,identical label duplicate
"halo disini ada kah yg mau kuliah/kerja di luar negri? aku ada webinar ausbildung (sekolah tp digaji) yg akan dijelaskan oleh ibuku sendiri sbg alumni dosen bahasa jerman di UNJ.

📍tempat : cafe baleha, beji Depok
🗓️ tanggal : 16.00, sabtu 30 mei 2026 https://t.co/ARRPkwR8pU",2,1,['Jijik'],False,identical label duplicate
"halooo -rek 
ada yang pernah ke KBS (Kebun Binatang Surabaya) ramean lebih dari 30 orang gak? kayak rombongan sekolah, komunitas, instansi, dll
aku lagi butuh responden buat kuesioner skripsi, bantu isi yaa pleasee 🥹 makasii banyak rek ❤️ https://t.co/UNysitkRFJ",2,1,['Jijik'],False,identical label duplicate
https://t.co/RXWSVheyGK ¡Gratis para ti! 📰🗞️ https://t.co/QtCTSVQf2W,2,1,['Percaya'],False,identical label duplicate
"https://t.co/gNlGjGtbd8 di Rumania, anda bisa naik bus gratis jika bisa melakukan 20x squats, 
upaya sederhana nan heibat pemerintah Rumania untuk menyehatkan masyarakatnya 😀
bukan dengan omon2 kosong yang mahal soal segala gizi gratis 
""karena negara akan kuat dengan masyarakat yg sehat""",5,1,['Jijik'],False,identical label duplicate
"hy hearto! warga wirgi SEA yg mau siram-siram, marilah. ready juga dapur mbg (tp yg brick cm ada 4, SUSAH COY overlapnya 💔) dan ada juga berbagai macam jenis ukuran puzzle, gratis tis tis. kumpul dulu di rumah no 6 yap 😉

id town : 1078995
pass : bakekok
durasi : 3 jam https://t.co/HsTwpDE17q",2,1,['Jijik'],False,identical label duplicate
"i know this, makany jd ada biaya sewa gedung dll yg sblmnya gapernah ada, biaya parkir naik gaada maksimal tarif, dan banyak lainnya gr2 MBG b🦢t",2,1,['Jijik'],False,identical label duplicate
"i love kantorku skrng🥰
dulu buat nyemil aja harus sembunyi², pindah kesini justru tiap hari disediain makanan buat nyemil🥹 https://t.co/hSO5lKC3mA",2,1,['Jijik'],False,identical label duplicate
ih ke dokter gizi gabisa pake bpjs jir😭😭😭,2,1,['Jijik'],False,identical label duplicate
"imagine kasih beginian ke kucing indo 😭

🐱: lu pikir gua ngeong lucu? itu gua nagih makan ke-4 hari ini.
🐱: hey babu gua laper makan gua mana?
🐱: jangan pegang perut gua sembarangan anjir.
🐱: lu kerja capek-capek tiap hari buat beli whiskas gua 😹
🐱: iya gua sengaja jatuhin barang lu
terus kenapa?",2,1,['Jijik'],False,identical label duplicate
"in this economy, aku punya usaha di tanah abang,
 jualan batik dan tenun, 
sudah dari awal tahun sampai sekarang 
sepinya bukan main, 

pengen nangiiiiiiiis 😭, 
plis lah masih gak peduli dengan dolar 
naik 17 rebu lebih kalian bilang gak berdampak? 
mbg tidak berdampak? a
mat sangat berdampak bagi kami umkm ini. 😭

cc:threadkarrimatulizzah",2,1,['Jijik'],False,identical label duplicate
"in this economy, nonton konser juga perlu pertimbangin bersih harganya jangan sampe tabungan habis terus pulang konser gabisa makan 😭😭 
sepengen nya aku nonton bts kalo tembus 6jt mending milih restricted view aja deh atau harga termurah penting bisa karaoke bareng 2 hari",2,1,['Jijik'],False,identical label duplicate
info owner makanan atau minuman di unnes yang bisa di wawancarai mana yh😔☝️,2,1,['Jijik'],False,identical label duplicate
ini anak kos gw baik banget ngasih ikan cupang gratis 😭😭 https://t.co/nQheCzHm7x,2,1,['Percaya'],False,identical label duplicate
"ini gila banget, dia dihantam habis-habisan tanpa bisa membela diri. sedangkan ikn dan mbg aman2 aja, udh gila negara ini 😭😭😭",2,1,['Percaya'],False,identical label duplicate
ini kalo MBG konsepnya gini bukan ompreng keren sih.....MBG pake MRE 🗿,2,1,['Jijik'],False,identical label duplicate
ini kayanya kalo aku ngepap makanan semua isinya😭,2,1,['Percaya'],False,identical label duplicate
ini lagi ngomongin onu yang katanya dia tuh berat badannya bertambah aka makin chubby gembuy mbuy 😚 ya gimana ya.. his jibsaram aja seperhatian itu soal makanan; min bilang kalo dia bakal masak apapun even semangkuk ramen tapi with lot care # tweet rps 🤡 https://t.co/LtTCcDX6Im,2,1,['Jijik'],False,identical label duplicate
"isi otak gue skrg: mbg mas bahlil ganteng, buah apa yang paling manis BUAHLIL nambah ganteng aja my little bolu ketan 🎶",2,1,['Jijik'],False,identical label duplicate
itung berapa kali aku nyanyi mbg mas bahlil ganteng dlm sehari😭😭😭😭😭😭😭😭,2,1,['Percaya'],False,identical label duplicate
"jadi kan guys, bu direktur ku itu kan cewe dan blm nikah dan usianya uda lumayan tua sebenarnya 

terus dia pernah nanya “kamu kalo weekend di denpasar main kemana?” 

ya gue jawab dong, gue jalan, ngafe, atau makan sesuatu yang gada di desa itu

terus dia nyeletuk “oh berarti nnti kalo kamu saya call buat temenin saya bisa lah ya, soalnya saya juga kadang bingung mau kemana” 

gue be like : “deeymmmm jd sugbaby kah gue ini ?” 😂😂",2,1,['Jijik'],False,identical label duplicate
"jadi keinget temen sekolah adekku ada yg katanya jadi LC dan selingkuhan om² tpi bukannya dijaga dan dibimbing baik² mana tau ada masalah keuangan dll, anaknya malah dipermalukan depan sekolah sama guru²nya padahal kan dia korban🥲
kasian jadinya dia ga ke sekolah lagi.",2,1,['Jijik'],False,identical label duplicate
jadi keliatan kecil gaji dia dimata mbg😭,2,1,['Percaya'],False,identical label duplicate
"jadi kepikiran, makanan kan enak pas dilidah yak bukan pas ditelen???

kalau gitu kenapa kalau orang diet sampe lidah aja tapi gak usah ditelen???

bisa gak kira2 gaes?? 🙏🏻🙏🏻🙏🏻",2,1,['Jijik'],False,identical label duplicate
jawaban voter 02 ngapa gitu semua ya pada g setuju program pendidikan/kuliah gratis tapi ngagung-ngagungin mbg😭😭 aneh bgt jir pemikirannya.. kelihatan bgt sekolah numpang dateng aja,2,1,['Tertarik'],False,identical label duplicate
"jefan gausah terlalu kaget denger aqeela panggil bu lena pake kak diluar sekolah, adek ipar kesayangan itu 🤩",2,1,['Percaya'],False,identical label duplicate
jihoon seneng bgt makan rice crackers… lucu bgt dd pantesan sedih disuruh sharing 😭 https://t.co/QtVNf4tbWK,2,1,['Percaya'],False,identical label duplicate
"jujur ga pernah dateng ke posyandu 😭🙏
takut dikasi mbg dan malah ga kemakan
alhamdulillah udh ada rejeki untuk memenuhi gizi sendiri buat aku pribadi dan calon dedek",2,1,['Jijik'],False,identical label duplicate
"jujur, meskipun aku benci sm sistem dm ini krn sgt kapitalis. tp emg keliatan kok bedanya, it seems like jake likes dm more bcs it feels more intimate? dia keliatan happy dan semangat bgt tiap share hari ini makan apa, dengerin lagu apa, sm ngirim foto2 imut jg. simkungs jg pasti tau kalo emg selama ini jake tuh chronically offline, tp udah keliatan bgt kok he’s trying to be present every day in wvs dm meskipun mungkin frekuensinya ga sebanyak itu. but he’s trying anyway. and he’s happy with that. I hope he’ll never feel pressured to come every day bcs I know for sure when you’re too busy with your life you won’t have the energy to interact with others. tp semoga tiap kali yeyun update, bukan cm fans yg dapet energi dari dia, semoga itu jg bisa jadi moodbooster buat jake sendiri 🫳❤️",2,1,['Netral'],False,identical label duplicate
"kalau mau liat posting makanan dari aku, search aja fuel the belly hehe 😆
kalau ini yang masak dan moto sendiri ☝🏻 https://t.co/OLweqISGRX",2,1,['Tertarik'],False,identical label duplicate
"kalo pegawai MBG bisa sampe bungkus2 makanan gitu:
1. yang dibagian siswa keracunan, kenapa mereka ga keracunan juga?

2. karena kebiasaan bawa pulang, mau ga mau ada indikasi dari awal mereka ‘packing’ tuh udah ngetag porsi ga sih? pantesan porsi ke siswanya jadi sedikit 🙄",2,1,['Jijik'],False,identical label duplicate
"kangen bolos sekolah, kangen izin ke kamar mandi tapi melipir ke kantin, kangen diem-diem makan pas pelajaran, kangen jamkos, kangen di tunjuk guru suruh ngerjain soal di papan tulis, kangen tebar pesona ke kakel, kangen upacara terus pura-pura sakit biar ngadem di uks 😭

pokoknya kangen sekolah",2,1,['Jijik'],False,identical label duplicate
kapan yaa gue bisa rasain makanan secara normal lagi 🥹,2,1,['Percaya'],False,identical label duplicate
kataku kalian yang batsu joget mbg coba pake sound ini aja deh 😭🙏,2,1,['Jijik'],False,identical label duplicate
"kayak lagi diarahin sama papinya di hari pertama sekolah, “dek sini lho sama temennya”🤣

WILLIAMEST REDLINE LUV
#LOLFanFest2026D3 #WilliamEst  https://t.co/FnC30FRTUp",2,1,['Percaya'],False,identical label duplicate
"ke rumah saudara di Malang, mau buka dapur MBG?? lagi nyari vendor ompreng 😭😭",3,1,['Jijik'],False,identical label duplicate
keliatan banget dia cape dan mungkin agak ngantuk tapi dia tetep live karena dia tau kita nungguin dan dia jawabnya tetep sambil senyum terus dengan excited nunjukin hasil belanjaan dia yang imut imut ituu😭🫳🏻 CINTA BANGETTTTTT SAMA HEESEUNG !!! istirahat dan makan yang banyak yaaaa abis ini 🥹🤏🏻,2,1,['Percaya'],False,identical label duplicate
"kemaren tiba tiba diprospek sales bmw, hari ini ada yg nawarin buka dapur mbg.. kaget dikit. Ya Allah pertanda apakah ini
😂🙏🏻",2,1,['Jijik'],False,identical label duplicate
kerja di MBG udah jadi cita-cita sekarang ya 😭 https://t.co/8aXKSfBF1R,2,1,['Percaya'],False,identical label duplicate
"ketek gw jaman sekolah persis begini, nyoba berbagai jenis skincare dri lokal ampe thailand ga works. pas udh let go dan ""yang penting dirawat aja"" akhirnya cerah🤣 sisa bagian atasnya aja yg masi aga2 gelap dikit",2,1,['Jijik'],False,identical label duplicate
klo bikin resep sm laprak pasti gw yg ngitung nilai gizi artinya udh dipercaya 🥰,2,1,['Tertarik'],False,identical label duplicate
knp beli makanan tuh mlh jd lebih hemat ketimbang msak sndr😫,2,1,['Tertarik'],False,identical label duplicate
knp sih para driver makanan jarang ada yg nyediain uang kembalian pas ak order makan😔,2,1,['Tertarik'],False,identical label duplicate
kopdes merah putih tuh blm jalan ya? di daerah gw ada 2 udah kelar bagun bangunannya tp blm diisi barang barang. plis batalin aja dah kata gw mah. bubarin mbg juga 😭,2,1,['Jijik'],False,identical label duplicate
kpop fandom friendships are really something sumpaaaah😭 setahun lalu kenalan sama oomf yang penyitas skizo gara-gara thread ini... dan YUPPPP setiap cookies yg kalian makan kemarin tuh hasil kongsrang kangsreng resep dari rumah sakit❤️ today is world schizophrenia day🎗️,2,1,['Jijik'],False,identical label duplicate
lagi lagi ni mbg berulah 😒,3,1,['Percaya'],False,identical label duplicate
"lagi main ke rumah cowokku, dia nyuci baju sendiri, cuci piring sendiri, masakin makanan, beberes sendiri. katanya “udah kaya ditungguin majikan” 😭😭😭",2,1,['Jijik'],False,identical label duplicate
lalu kami putarkan mars mbg 24 jam 😤🫵🏼 https://t.co/h7RyKuPUNm,2,1,['Percaya'],False,identical label duplicate
"lanjut lagi bang, percuma profit kalo di rumah aja, duit banyak gizi buruk gabaik tw

yuk wd dulu walletmu 🤩 https://t.co/suHRwOiKeg",2,1,['Jijik'],False,identical label duplicate
"learned something new today, if you work within the government, you can't blame mbg for budget cuts, you have to blame the ✨𝓮𝓯𝓲𝓼𝓲𝓮𝓷𝓼𝓲 ✨",2,1,['Percaya'],False,identical label duplicate
"leluhur orang Batak beneran pernah makan orang bule, konon krn bermata biru, jadi dianggap sejenis kambing. 
🤣🤣",2,1,['Jijik'],False,identical label duplicate
liburkan dapur MBG. biarkan king Kcl memasak🔥,2,1,['Percaya'],False,identical label duplicate
love bgt sm marabunta🫰🏻 btw makanan segede gitu setara gue makan 3x ☺️ https://t.co/5lV9pnF7KH,2,1,['Jijik'],False,identical label duplicate
love you mbg (my bini gw) ku have fun groundingnyaa cantik @3363sites 🌻🤍,2,1,['Percaya'],False,identical label duplicate
"makan diatur MBG ❌
makan diatur rekomendasi DKS ⭕
😆😆

🍜 Beef Noodle ✅
🍣 Conveyer Sushi✅

sadly they didn't have any kappamaki like kyungsoo had, but it's still a happy day filled with great food afterall~💕

also it's the pink gang + bbzzis &amp; somewhat supposed 寿桃包🤣 https://t.co/WDHEog08Ws",2,1,['Jijik'],False,identical label duplicate
makanan anak running man nanti😭😭😭wkwkwkwkwkwkwkwkw diceng2in abis2an rill,2,1,['Jijik'],False,identical label duplicate
"makanan ga enak (sosis) jadi amunisi yg nembakin mereka

makanan enak (taoge) jadi senapan yg mereka pake buat self defense

this concept 😭 https://t.co/rs1Pcz011w",2,1,['Jijik'],False,identical label duplicate
makanan kesukaanku pula🤤🤤,2,1,['Percaya'],False,identical label duplicate
makanan kucing naik 💔 bokek dah aku,2,1,['Percaya'],False,identical label duplicate
makanan sehari hari😭😭😭 https://t.co/mGUNdNrBKM,2,1,['Percaya'],False,identical label duplicate
"makanan sekarang pada aneh aku kira cuma mainan ternyata real makanan AYAM GLITTER PINK 😭kemarin risol matcha sekarang ayam glitter pink, ayo habis ini apa lagi?😭 https://t.co/gRgeOvxzws",2,1,['Jijik'],False,identical label duplicate
makanan yang bermicin dan pedas 😌,2,1,['Percaya'],False,identical label duplicate
makin banyak anak khhrnb memasak mbg buat idol juga. 🤤,2,1,['Percaya'],False,identical label duplicate
manfaat mbg tuh membuat birahi skrng? 🌹,4,1,['Jijik'],False,identical label duplicate
"manifesting kisah romansa sekolah yang tak terlupakan kayak di film aadc! tapi aku enggak mau ketemu 𝙢𝙮 𝙠𝙞𝙨𝙖𝙝 yang melihat aku cuma dari cantik, maunya yang tulus. makanya aku dandan dengan #culun. 

kalau kalian ‘𝘮𝘺 𝘬𝘪𝘴𝘢𝘩’-nya sekolah di sini juga, ‘kah? 🤓☝🏻 https://t.co/IRTmd6AbEA",2,1,['Jijik'],False,identical label duplicate
"marckris pas fancon di malay bilangnya
""kakak tolong bawa saya makan makanan melayu, boleh?""

marckris pas fancon di indo bilangnya
""mau nambah adik satu kak?""

KENAPA GADA SATUPUN YG VIBES GOMBAL2 GT SIHHHHHHHHH MINTA DIBAYIIN BANGET😭😭😭😭😭😭😫😫😫",2,1,['Jijik'],False,identical label duplicate
"masih ka, masih banget!
bahkan sekolah aja terendam lumpur sampai anak-anak sekolah hanya di tenda💔

jembatan pun dibuat dari kabel listrik… soalnya sudah runtuh🥹 https://t.co/UbqBqO37by",2,1,['Jijik'],False,identical label duplicate
"masjid nabawi saking fullnya, ada temen kakak gue yg lg itikaf disana ga keluar keluar masjid udh 3 hari.

karena sekali keluar, belum tentu bisa dapet shaf di dalem masjid lagi😭

“emang ga mandi?”

di dalem tuh full ac guys. dinginnnn. 

“makannya gimana?”

saking berlimpahnya makanan disana (since bulan ramadhan semua org berlomba lomba untuk sodaqoh ngasih makanan utk buka puasa), sampe sampe gaperlu lg makan karena dari buka-sahur full makanan + air zam zam 24/7 selalu ada.

the real itikaf😭☝️✨",2,1,['Jijik'],False,identical label duplicate
"mau langsung nyicil daftar ulangg, mau bagi bagi makanan ke orang sekitarr, mau bagi bagi modul sama buku buku snbt yang aku punya, MAU MAM SOUR SALLYY 😻😻😻",2,1,['Jijik'],False,identical label duplicate
"mbak jena sehari-hari. 
alasan ga resign meskipun punya bos antique :

✔️ gaji di atas umr 
✔️ dapet insentif tempat tinggal dan makan
✔️ khusus sekretaris dirut, dapet insentif perawatan dan vacation setiap taun. 

minusnya 
✔️ stress 
✔️ ga ada waktu buat pacaran

WKWKWK https://t.co/GVpkLcGjhP",2,1,['Jijik'],False,identical label duplicate
mbg (my boyfie gue) 🤍 https://t.co/hgsbclMN8t,2,1,['Percaya'],False,identical label duplicate
mbg hokcuk🤮,3,1,['Percaya'],False,identical label duplicate
mbg makanan bergizi gw alias makasih udh sebelahan dan ganteng dan mantap dan aduhai dan nyulnit ❤️ https://t.co/OFAnfgnrnX,2,1,['Jijik'],False,identical label duplicate
"mbg mas bahlil ganteng
buah apa yng paling manis, buah lil
tambah ganteng aja
mY bolu ketan 💃",2,1,['Jijik'],False,identical label duplicate
"mbg pertama baru dateng 💗___💗
TP PACKAGE SET GUE BLM NYAMPE INDO https://t.co/6GI8wahtkz",2,1,['Percaya'],False,identical label duplicate
"mbg ≠ makanan bergizi gratis

🚫 bukan makanan
🚫 tidak bergizi 
🚫 tidak gratis

1 triliun/hari",2,1,['Sedih'],False,identical label duplicate
"mbg, manis banget gin 🧡 https://t.co/lJsUdMb3Gw",2,1,['Percaya'],False,identical label duplicate
"mbg, manusia bgst gaguna 😌🙏🏻",2,1,['Percaya'],False,identical label duplicate
"mbg-washed, aku bahkan lupa ompreng disebut apa sebelum ada mbg 😭😭 https://t.co/CCyxN5YKlF",2,1,['Percaya'],False,identical label duplicate
"meanwhile my galery 🙃
—dan udh pernah jadi korban foto makanan nya di comot wkwk https://t.co/BynFKwAL6W",2,1,['Jijik'],False,identical label duplicate
"membuat makanan buatan garwo embegeh buat mz yg ttp masuk duty , dan menikmati pagi pagii santuy 💫 https://t.co/hWZ3q7wysz",2,1,['Jijik'],False,identical label duplicate
mendapati adekku dpt mbg di hari minggu 😭😭 https://t.co/WXQs1GTgVi,3,1,['Percaya'],False,identical label duplicate
"menu mbg hokben ❌
menu mbg oseng orochimaru ✅",3,1,['Jijik'],False,identical label duplicate
"menu sederhana pagi menjelang siang ini pak😁

karena abis olahraga pagi, sampe rumah belum ada makanan, jadinya makan seadanya aja ini pak

ini enak luar biasa kalau menurut saya pak, yg penting dimasakin istri 🙏😁

kalian makan apa hari ini? coba share menu nya.. https://t.co/SW9fYvfCHM",2,1,['Jijik'],False,identical label duplicate
"menurut kalian hubungan udah hampir 2 tahun cowoku gapernah beliin apa2, gatau makanan favoritku apa, bahkan ukuranku kaya baju,sepatu aja gak tau itu parah ga se -rek 🙂 aku gapernah minta apa2 beneran ga dikasih apa2 hehe",2,1,['Jijik'],False,identical label duplicate
"meskipun tampang gua kaya curut sawah begini, bagusnya tiap tingkatan jaman sekolah setidaknya pernah ditembak sama cewek.
ada yg gua tolak
ada yg gua terima
ada yg gua tolak tapi akhirnya gua yg ngejar
kebanyakan sih gua tolak, soalnya gua maunya ngejar bukan dikejar 😌",2,1,['Jijik'],False,identical label duplicate
"met siang muts ku sayangg, mff akhir' ini aku jarang jbjb😔dan aku 2minggu kedepannya mau izin rest dulu, karena badanku lagi kurang fit..😔
have a nice day guys🌷 jangan lupa makan yg enakk yaa🍬n jangan lupa jaga kesehatannn❤️‍🩹",2,1,['Jijik'],False,identical label duplicate
mffff gada mbg di madrid bub 😭😭,2,1,['Percaya'],False,identical label duplicate
mie ayam karena itu adalah makanan wajibku tiap minggu🤧,2,1,['Percaya'],False,identical label duplicate
"mimpi basah gue:
pendidikan gratis, kuliah gratis, kuota beasiswa dari pemerintah nambah, gaji guru tinggi, sekolah-sekolah layak buat belajar, ekonomi stabil😃",2,1,['Jijik'],False,identical label duplicate
"minta doanya juga ya buat pulihnya anak-anak sama mamangnya juga, lancar sekolah n kuliah anak-anak asuh termasuk salah satu anak yang mau sumpah dokter bentar lagi 🤍",2,1,['Percaya'],False,identical label duplicate
morninggg ☀️ MBG 🤗 mas Bahlil  ganteng 😆 buah apa yang paling manis ❓❓❗ BUAH LIL 😍 tambah ganteng aja 😚  my little bolu ketan 🥺💫😮‍💨,2,1,['Percaya'],False,identical label duplicate
"most of the time issuenya bukan di game, ada issue diluar itu yang bikin anaknya lebih memilih melarikan diri ke game. Dia dapat sesuatu di game tsb, sesuatu yg dia ga dapet di dunia nyata, di sekolah. Contoh, dia merasa diapresiasi sama teman gamenya, ketimbang pas di sekolah 🫤",2,1,['Jijik'],False,identical label duplicate
"mumpung anaknya lagi on di X, inilah si pemenang nya selalu di hati gweh, bu bos gweh, MBG yg asli @C_OnielJKT48 
makasih ya buat hari ini, sehat sehat terus yaah🤍❤️ https://t.co/HStCLCZ5vq",2,1,['Tertarik'],False,identical label duplicate
my mbg guekh alias choi heejin trending lagi 😁,2,1,['Percaya'],False,identical label duplicate
"nak cakap, cakap bahasa dari tanah negara sana
nak sekolah, sekolah pakai silibus negara sana
nak exam, exam pakai standard negara sana
belum lagi dok puja pemimpin mereka dari negara sana

tiba-tiba ... ""melayu pendatang""

😂",2,1,['Jijik'],False,identical label duplicate
"nct! Adek lagi riview makanan siang hari ini 😸😚Gemas sekali adek 😍 met mam banyak-banyak yah adek lele 😍🤏🏻
https://t.co/vSpEo3dnjJ",2,1,['Percaya'],False,identical label duplicate
"ngewe sama temen sekolah dulu, emang tinggi sih,tapi jorok😭 brengsek nya dia konbrut bangettt, huftt buat pengalaman okee lah kontol nya enak banget 💦cuman hufttt :( bau badannya bikin ga enak",2,1,['Jijik'],False,identical label duplicate
"ni lagu terngiang-ngiang bgt 😠😭🙌

MBG MAS BAHLIL GANTENG
BUAH APA YANG PALING MANIS
BUAH LIL TAMBAH GANTENG AJA
MY LITTLE BOLU KETAN. https://t.co/pHzZROLl9o",2,1,['Jijik'],False,identical label duplicate
"nii ntarr belum kelar masalah mbg, episode huru hara kop merah putuh udah muncul 😇",3,1,['Tertarik'],False,identical label duplicate
"nikah yuk sayang, nanti urusan makan minta mbg ☺️",2,1,['Percaya'],False,identical label duplicate
"nyoba makanan yang dia bikin😭 semoga aku selalu dipertemukan dengan orang baik disini🫶🏻

fyi: gue gak gitu strict/religious T—-T intinya gue udah nyoba ngehindar buat ga makan makanan tertentu, tapi kalo gak sengaja pasti pernah karena bahan disini asing bgt mnrt gue😭😭",2,1,['Jijik'],False,identical label duplicate
"nyul, diibaratkan MAKANAN lu adalah MAKANAN yang sangat MAKANAN. nyoi. nyoi. nyoi. NYOI BANGET. INI KLEPON ISI GULA AREN MELER. NYUL AKU CINTA KAMU JIR 😭😭😭😭😭😭😭 https://t.co/6mmCP8h75r",2,1,['Jijik'],False,identical label duplicate
"oalaah diserangnya mah karna mbg ini wkwkkwkwk

padahal itu masih normal lah apalagi pns pu 🤣🤣🤣 klo double income sama suami makin lebih mungkin lagi lifestyle gitu bisa didapet 😁😁😁",3,1,['Jijik'],False,identical label duplicate
"oke masih bahas soal ketampanan sion si pangeran mokpo ini ya wkwkwk

⋆. 𐙚˚࿔ #sionfact 
💬 IDN : ​boleh minta tolong spill info buat sion gak ya? 🙋‍♀️ aku anak SMA di mokpo dan aslinya multifan (ngefans grup lain), tapi aku udah lama banget les di depan sekolah Mago (Mariahoe High School).

nah kebetulan jam pulang sekolah Mago itu pas banget sama jam berangkat/pulang belajarku, jadi aku sama temen2 sering banget standby di seberang zebra cross cuma buat liat sion... haha (cieeee aseppp cieee lu bener2 jadi anak hitz ya🤭🤭) . dulu pas masih SMP di yehwang, rumahku deket banget sama dia, jadi banyak kenalan bareng juga. aslinya dia ganteng banget, beneran nggak masuk akal! (BAHHH BENERAN GANTENG😍😍😍, YOKSHI PANGERAN MOKPO)

okei sedikit konteks info ya
• 타팬빠순이 :   ini biasanya tuh lebih mengarah ke vibes 'multifandom', istilah ini biasanya dipake buat fans yg punya bias utama di grup lain, tp ttp mengakui ketampanan idol yg dimaksud
​• 마고 : singkatan dari Mariahoe High School.
​• 야자 :  jam tambahan belajar malam hari kalo di korea
​• 실물도 미쳤고 : ungkapan gaulll di korea kalo mau muji ketampanan seseorang yg visualnya itu diluar biasa (anjaiii asepp mantep banget lu sep😭😭☝️)",2,1,['Jijik'],False,identical label duplicate
open ya joki gizi ✨🌷#jokitugas #zonauang,5,1,['Percaya'],False,identical label duplicate
"open ya joki gizi ✨🌷#jokitugas #zonauang
this is our master peace of testimony order full bab 1-5 skirpsi",3,1,['Jijik'],False,identical label duplicate
"orang orng ngeliat pigai lucu,

gweh malu jirr sekelas mentri ham ditanyain sebatas tanggapan film jawabnya ngaco kek orang ga pernah sekolah😣 gjls",2,1,['Tertarik'],False,identical label duplicate
"otw pulang kosan dalam keadaan pake headset stream 4sho 4sho tp tbtb di cegat anak gizi untuk tes bb tb dll, gue minat krn penasaran sm tinggi badan gue dan ternyata tb gue 159cm… WOW makasih gue jd tau tb gue secara akurat tuh brp centi🙇🏻‍♀️",2,1,['Jijik'],False,identical label duplicate
"pad!
open jastip jogja 👀
dibuka sampai hari sabtu aja~

🍱 makanan / 🛍️ barang
fee start from 8k
minggu malam langsung dikirim ke kos dan free ongkir ✨

boleh req apa aja selama masih waras dan muat dibawa 😭",2,1,['Jijik'],False,identical label duplicate
pad! kata sender kalian wajibb cobain makan di ayam amanah deh 😋 enakk banget dan murah cuy 🤤 teruss kalo makan di tempat bisa free refil nasi dan jukut gorengg 🤩 cus kepoin outletnya di jl caringin bawah setelah apartkost ya guys! https://t.co/cDiaZ1DoQv,2,1,['Jijik'],False,identical label duplicate
padahal banyak web yang nyediain kalkulator gizi gratis 😅,5,1,['Jijik'],False,identical label duplicate
padahal dia cerita dia ga terbiasa dan ga nyaman dengan kalajengking tapi karena ketemu tbtb di loksyut dan kalajengking nya gaada tempat pulang trs taeyong kasian dibawa pulang dipelihara dibeliin rumah dan makanan pula ;( the cutest yet sweet human being 🥹 inilah dunia taeyong,2,1,['Jijik'],False,identical label duplicate
"pagi ini udah abis 40k gara gara beli makan dia kali, karena makanan yg pertama ludes dimakan kucing akhirnya order lagii😞💔",2,1,['Jijik'],False,identical label duplicate
"paham sih wishie makan ayam pop 2 ekor apalagi si rambut pink yushi yushi itu, EMANG ENAK BANGETTTTT 😭😭😭 https://t.co/yOserH3QZ7",2,1,['Jijik'],False,identical label duplicate
"penasarannn, toilet di sekolah atau kampus kalian minim privasi dan layak gak sih buat siswi/mahasiswi yang lagi menstruasi? coba drop ceritanya dong 👇 https://t.co/Gh2jwTkUOt",2,1,['Jijik'],False,identical label duplicate
"pengen banget malem ini ada yang dateng ke kosan, bawa makanan, mam dulu... terus pas mau pulang aku bilang ""jangan dulu"" 😳 f19 hehehe #FWBSolo",2,1,['Jijik'],False,identical label duplicate
"perbaikan gizi dimulai dari masakan my bini gua. thank you, sayang. 🤍",2,1,['Percaya'],False,identical label duplicate
pikirannya gaujauh jauh dari makanan memang😭,2,1,['Percaya'],False,identical label duplicate
"que LOUCURA! 🤯 caíram as taxas da shein e ainda ta com 50% de desconto! 

LC8RU - frete grátis + 50% de desconto
9LQBKWJ - roupas 80%
9UQEJXY - maquiagem 80%
396646T - beleza 90%
9N6NCXU - acessórios 90%

joga na lupa da shein que o desconto já entra! salva o post🩷💌 https://t.co/OCeZXANZy6",2,1,['Netral'],False,identical label duplicate
"rumah ini dulunya kuburan 😪
rumah ini dulunya dapur mbg 😰",3,1,['Jijik'],False,identical label duplicate
"rupiah melemah, terus aktivis juga disiram air keras, acara diskusi dibubarin, nadiem dituntut 18 tahun penjara, sumatera juga belom pulih pulih bgt tuh, belom lagi anak anak keracunan MBG masih banyak.

terus dengan entengg masih ada yang bilang, “Politik nggak ngaruh!” atau “aduh masih sakit hati karena kalah ya?” 

kacaaaau lu sakit🥲🥲",2,1,['Jijik'],False,identical label duplicate
"safe to say minggu ini minggu tercapek physically dan mentally di bulan ini deh. ngegym jadi males, makan berantakan karena craving ini itu, market jelek, presidennya apalagi. cut me some slack, Good Lord🥹",2,1,['Percaya'],False,identical label duplicate
saking sukanya ya gue ama ini makanan 😻 besok mau bikin sendiri di rumah https://t.co/As5VMOBvQE,2,1,['Jijik'],False,identical label duplicate
"salah mesenin gua shopeefood, trs makanan nya dikasih buat abang shopeefood, then dia pesenin yg baru buat gua… 🥹💗 (padahal posisinya bisa dia keep buat dia sendiri or kasih ke adeknya atau temen nya),,,,,,,,, how lucky i am",2,1,['Jijik'],False,identical label duplicate
"salmon biasanya ada di dna, sekarang ada di mbg✨ https://t.co/5W1QKZNQwd",2,1,['Jijik'],False,identical label duplicate
"sebuah funfact dari bimcil bahwa nakula kalau makan suka sambil yapping

🌪️: dia (nakula) kalau makan lama banget, sambil melakukan semua hal kecuali makan, SEBEL BANGET 😡

#BimaOnAir #Bimarchive https://t.co/TRCOJH96kS",2,1,['Jijik'],False,identical label duplicate
"segala puji bagi Allaah yang senantiasa memberikan kemudahan untuk kami mendapatkan makanan nikmat 🥰

kami = aku dan istri 💕hehew",2,1,['Percaya'],False,identical label duplicate
"semenjak @GllsBot  kerja di mbg, tiap ketemu selalu bahas mbg. selalu. tiap dia spill the tea kami punya ekspresi yg sama: 😲😲😲",3,1,['Jijik'],False,identical label duplicate
seminggu wegah piket mbg✋🏻,2,1,['Percaya'],False,identical label duplicate
semua tuh ttg menset kalo mbg itu adalah mobil bangsa garuda kira2 bakal gmn respon nya iya bikin mobil (kendaraan) dari apbn pajak 🙌🤑😇 yakan dibilang kalo mau mbg makan gizi gratis itu dieskpor keluar negeri 🙌🤑😇 nilai tambah nilai tambah,3,1,['Jijik'],False,identical label duplicate
"sepertinya sudah terkena sindrom emak-emak yang kalo anak suka 1 makanan, dimasakin tiap hari. alias aku udah 3 hari masak sup tahu telur soalnya anakku suka 😭😭😭",2,1,['Jijik'],False,identical label duplicate
"serba salah banget jadi fans arsenal, berisik disalahin, sepi disalahin. akusi bodoamat, mau dinyinyirin juara begini begitu, makan tai dah lu semua, kalo juara mah juara aja 😋",2,1,['Tertarik'],False,identical label duplicate
setiap gue melihat makanan yang menggiurkan tag lokasinya selalu bandung 😞,2,1,['Jijik'],False,identical label duplicate
"shift hari minggu ndda yg buka penjual makanan, gojek juga libur karna ada konvoi persib😓😓",2,1,['Jijik'],False,identical label duplicate
"still sleeping on $MBG? 👀

well...we just listed on Bitpanda. Europe has officially entered the chat. 🔥

wake up now or watch from the sidelines 😎
get $MBG on @Bitpanda : 

https://t.co/6klKTNIY0J",2,1,['Percaya'],False,identical label duplicate
"stop ributin kpop guys, nih negara kita udah mau jadi negara mbg.. kalian siap hidup berdampingan dengan ompreng? tuh rupiah lu udah 17.600 per 1 usd 😭",2,1,['Jijik'],False,identical label duplicate
"sumpah gua ngetawain ini dan repnya slm 5 mnt LUCU BNAGET COK 😭😭😭😭😭

konsep mbg lbh sulit dripada econometrics",2,1,['Tertarik'],False,identical label duplicate
t-tiba2 bgt mbg 🥹,3,1,['Percaya'],False,identical label duplicate
tadi aku laper tp ngantuk jaidnya aku bobo dulu eh skrg baru pesen makanan LAMA BANGEG 😔😩,2,1,['Percaya'],False,identical label duplicate
tadinya ga mau mam dulu tp krn sunyong udh lirik lirik pengen jadinya dia makan deh kuenya biar sunyongnya berani comot ikut mam🥰🥰🥰,2,1,['Tertarik'],False,identical label duplicate
"tahun ini belum bisa berbagi ke banyak org, tp aku coba berbagi sedikit. beli jualan org, naik ojol, order makanan delivery biar drivernya dpt juga, berbagi ke sodara dan temen jg walopun ga banyak. alhamdulillah🥹",2,1,['Jijik'],False,identical label duplicate
"tak jarang melihat anak ITB makan di McD Dago 🤣🤣🤣🤣🤣🤣
ada yg jahimnya merah, ada yg ijo, ada yg biru, ada yg pake jakang, ada yg pake jaket UKM-nya",2,1,['Jijik'],False,identical label duplicate
"tante gue belom selesai masak, eh tapi sepupu2 gw dah nyerbu duluan, otomatis ancur deh semua masakan yg belom jadi 😭WKWKWKWK. lagian masakan tante gw mancing2 org buat makan duluan sih sebelum jadi masakannya.",2,1,['Jijik'],False,identical label duplicate
"tapi waktu park shin hye jadi bintang tamu mereka beneran bisa makan enak tiap hari, sampe seojin minta shinhye buat jadi cast tetap 3MAD 😭 https://t.co/yoUPuHgcOp",2,1,['Jijik'],False,identical label duplicate
"tebak ini makanan apaaa?

adaa yg sukaa ini juga nggak?🤤🤤🤤 https://t.co/rCDnWoKJ8i",2,1,['Percaya'],False,identical label duplicate
"temenku bawa bekal, nama makanannya kikil. AKU GA SUKA JIR 😭😭 MAKANAN OPO IKI",2,1,['Percaya'],False,identical label duplicate
"ternyata hidup gapunya hutang itu privilege banget, bayangin nyari duit cuma buat makan dan kebutuhan, kalau sisa bisa ditabung dan buat self reward, pasti hidup jadi tenang karna ga pusing mikir cicilan😔",2,1,['Jijik'],False,identical label duplicate
"terus kalo anak-anaknya sekolah dimana? dengan keadaan seperti ini

di TENDAAAAA! sekali lagi, di tenda!!

panas banget dan ini semua kelas digabung😭💔

buku pelajaran mereka juga hanya satu, karena sisanya hanyut……. https://t.co/Sp8MCE2jj2",2,1,['Jijik'],False,identical label duplicate
"thats wrap for today's lolfanfest! TERIMA KASIHHHHH jimmysea udah always show the best performance everrrr KEREN SEKALIIIII and thank u mbg tadi 🤣✌🏻 masih ada besok sooo take a nice rest yahhh SEE YOU NEXT OMAKASE ANJAIIIIII

 JSCEAN LOVE FULLSPEED

#LOLFanFest2026D2",2,1,['Jijik'],False,identical label duplicate
"tiap liat pinggang carmen selalu amaze😭😭😭😭 se ramping itu…. ini dia cewe yang makanan favoritnya nasi padang, sarapannya mie ayam, suka jajan dadar gulung dan onde onde😭😭😭😭 https://t.co/PhMIi1pd7e",2,1,['Jijik'],False,identical label duplicate
"tiba2 gaji Max keliatan gak ada apa""nya dibanding MBG 😔",2,1,['Jijik'],False,identical label duplicate
"tips makan ayce dari gw yang ga mau rugi

1. usahakan dalam keadaan laper banget.
2. jangan ambil karbo dulu diawal.
3. makan bawang putih bakar agar menetralkan giung.
4. kalo serasa begah boleh diselingin sayur atau yang manjs manis
5. kalo masih begah, ke toilet dulu buat peregangan. kalo pd peregengan di deket meja juga  gpp 
6. minimalisir minum.
7. enjoy makan nya jangan diburu buru😂",2,1,['Jijik'],False,identical label duplicate
"to be honest, i ada experience yang sama masa sekolah form 4 dengan ustaz. Dia siap minta number phone, and mengaku suka, at tht time i was clueless and i thought i like him too. Lepas habis diploma, baru dah stop contact, and dia dah kahwin. Now anak 4 org, kahwin dgn ustazah 🥲",2,1,['Jijik'],False,identical label duplicate
tolong MBG di liburkan dulu biar mas adam yang memasak😹 https://t.co/iMzBmclOG5,4,1,['Jijik'],False,identical label duplicate
"top husbunya bima, hampir kelupaan 1 ternyata...

🌪 ini my mine gweh
💜 wah berantem kita bim
🌪 enak aja! ini punya gweh
🌪 LAKI GWEH NIH LAKI GWEH!!!

itukan my MBG (Murasaki Bara Gweh) 😠 akan w parani lukh!! 😠
#bimarchive https://t.co/iJiGai8Lj0",2,1,['Jijik'],False,identical label duplicate
"trus bingung. tanpa guru, tidak ada murid. tanpa murid &amp; guru, apakah bangunan2 itu namanya masih ""sekolah""?

Tanpa sekolah, MBG gak punya kedok utk ngaku2  MBG adlh program pendidikan. Lalu, jelaslah klo MBG memang bukan program pendidikan. 😵‍💫😅👍",3,1,['Jijik'],False,identical label duplicate
"tutup dapur mbg, biar princess rora yang memasak 😋 https://t.co/PrRdxYqbqj",2,1,['Jijik'],False,identical label duplicate
"ub tahun lalu kan juga gitu, denger denger di dipotong 81M buat MBG 🤪🤟",2,1,['Jijik'],False,identical label duplicate
"ubi cilembu enak bgttt!!! manis, tp manisnya ga giung. suka bgttt sama makanan yg manis tp manisnya ga giung🫠🫠🫠",2,1,['Jijik'],False,identical label duplicate
"udah lama ga jajan makanan aeon, ternyata masih enakk😋 https://t.co/tTvijdEYbf",2,1,['Percaya'],False,identical label duplicate
udah mukbang aja ya wkwk makan yang banyak jewangz😭🫳 https://t.co/cYpvdgZDDX,2,1,['Percaya'],False,identical label duplicate
"undip! kayaknya gue hrs bikin honest review makanan"" di temcy, BCS SOMEHOW semua makanan yg direkomendasiin org org secara overrated (melalui berbagai platform sosmed) tuh GAENAK SEMUA JIR... beda selera tp masa sejelek itu selera lu smua😭😭😭😭",2,1,['Jijik'],False,identical label duplicate
"untung gw udh lulus kuliah ya di jaman mbg ini, ga kebayang berapa banyak makanan yg ga gw makan kalo bentukannya gitu🤢🤢🤢",2,1,['Jijik'],False,identical label duplicate
"video ini bukti bahwa Indonesia di pimpin seorang badut 💩

Media raksasa dunia The Economist baru aja ngeluarin warning keras buat Indonesia! 🚨 Mereka menyoroti rentetan kebijakan populis 1,5 tahun terakhir yang dinilai ""terlalu boros"" mulai dari Makan Bergizi Gratis (MBG), Koperasi Desa, sampai proyek triliunan lainnya. Dampaknya? Laporan tersebut menyoroti defisit yang nyaris menyentuh 3% dan Rupiah yang menembus Rp17.550/USD. Di sisi lain, pemerintah dengan tegas membantah dan memastikan bahwa semua ini adalah investasi jangka panjang untuk anak bangsa dan pemerataan ekonomi, bukan pemborosan.",3,1,['Jijik'],False,identical label duplicate
"wait, this maniac become duta sekolah rakyat? 🤨

he will only share positive result to the boss. the boss become more delutional as well",2,1,['Percaya'],False,identical label duplicate
waktu sekolah pasti banyak yg cie ciein 😭,2,1,['Percaya'],False,identical label duplicate
walau keadaan sange tetep bubarkan mbg 😭😭😭,4,1,['Percaya'],False,identical label duplicate
"walaupun sekolah mereka sudah terendam lumpur karena pascabencana, mereka tetap bahagia dan senyum🥺❤️

apalagi, mereka tetap pakai seragam untuk sekolah sangking semangatnya

hancur hati ngeliat hal seperti ini💔

📍 Desa Reje Payung, Takengon, Aceh Tengah https://t.co/9FhhfEYSMF",2,1,['Jijik'],False,identical label duplicate
weh lapar tapi takde duit nak makan 😔,2,1,['Percaya'],False,identical label duplicate
"yaampun kak 😭 tiap hari nambah 1 karung

ini sih definisi ""panen ga ada abisnya""
di dapur mah kalo liat pucuk ubi seger gitu langsung rebutan
ditumis pake bawang + terasi udah paling bener

indomie + pucuk ubi = upgrade gizi mendadak 😂",2,1,['Tertarik'],False,identical label duplicate
"yg gini aja udh aneh, apalagi cewe yg date sama banyak cowo cuma biar makan gratis 🤣 anak undip pula 🤭",2,1,['Jijik'],False,identical label duplicate
"yuxin versi anak sekolah gemes bgt, masih cocok bgtt 🥹 ingin berteriak JIEJIE JIEJIE JIEJIE https://t.co/cJ2hffd3BH",2,1,['Jijik'],False,identical label duplicate
"~MBG mas Bahlil ganteng🥰
Cover by neeyona
📍https://t.co/tJAN69VmIx

#masbahlilganteng #vtuberid https://t.co/IXZNByiKvD",2,1,['Percaya'],False,identical label duplicate
"¡A por tu plaza de Bomber@ Forestal! 
nuevo grupo el 1 de septiembre con:
✅ Temario, Vídeos y Podcasts.
✅ Físicas en Valencia y Xàtiva.
✅ Psicotécnicos online.
✅ APP exclusiva.
🎁 ¡MATRÍCULA GRATIS si te apuntas ya!
🔗 https://t.co/wEElwaaHYP
#Oposiciones #BomberosForestales https://t.co/BsaLSMsJLp",2,1,['Netral'],False,identical label duplicate
"¡Adiós a las barreras! Honduras ahora accede gratis a sus leyes. 🚀📜
https://t.co/uHHlSlKZ7x",2,1,['Netral'],False,identical label duplicate
"¡Buenos días! 📰☕ Esta es nuestra portada de hoy, miércoles, 13 de mayo de 2026 | Suscríbete gratis: https://t.co/lRkj0tE6qq https://t.co/0tGK71gcjG",2,1,['Marah'],False,identical label duplicate
"¡Están aquí los #PremiosInnovacion #carrefour 2026! 😍😍

➡️ https://t.co/yCIQKvRecm

Es la 12ª edición 🎁🎁",2,1,['Percaya'],False,identical label duplicate
"¡Te comento el último de los #sorteos de #celta! 😍😍

➡️ https://t.co/ix49tZyZJe

Es «Día Sin Prisa» y lo hacen con un sorteo especial para miembros del #clubcelta en el que podrás conseguir un lote de sus productos 🎁🎁

#leche",2,1,['Netral'],False,identical label duplicate
"«La lentitud es el lazarillo de la ternura.»

Enrique García-Máiquez 🇪🇸
@EGMaiquez 

Frase del día gratis en WhatsApp 👉 https://t.co/unAk8EwerK https://t.co/dz6Q8fdSbe",2,1,['Netral'],False,identical label duplicate
"¿Cuánto pagarías por una herramienta que hace esto? Bueno, es gratis y open source 🔬

Imagina tener un asistente de IA que domina genómica, drug discovery, imagenología médica y machine learning científico. Con 135 skills pre-configurados.

Lo mejor: funciona con Cursor, Claude Code, Codex o cualquier agente que soporte el estándar Agent Skills. Copias, pegas, y tu AI ya sabe hacer análisis complejo.

Incluye acceso directo a 78+ bases de datos científicas: PubChem, UniProt, https://t.co/8em9QDuNKi, ChEMBL, COSMIC y más. Sin configuración.

El workflow que antes te tomaba días de research: ahora es cosa de prompts.

1. 135 skills científicos optimizados
2. 100+ bases de datos pre-configuradas
3. Compatible con los principales AI agents del mercado
4. Automatiza análisis genómico, molecular, clínico y más

Instalación en segundos:
npx skills add K-Dense-AI/scientific-agent-skills

Si crees que es útil, dale RT. Ayuda a la comunidad 🔄",2,1,['Netral'],False,identical label duplicate
"Çay içiyorum şekeri unutmuşum gelsene çayıma şeker ol zalımın gızı
🤪🤪😁😁",2,1,['Netral'],False,identical label duplicate
"ᅠ
Makanan enak buat apa diciptakan kalau bukan buat? Dimakan lah masa buat mancing keributan.

Ya udah gitu lah pokoknya. Makan enak dari si paling jaga makan. 😋
ᅠ https://t.co/9VOvUWORXN",2,1,['Jijik'],False,identical label duplicate
"ᅠ
ᅠ
ᅠ
📍 𝗞𝗘𝗗𝗜𝗔𝗠𝗔𝗡 𝗥𝗔𝗛𝗔𝗝𝗘𝗡𝗚 𝗔𝗗𝗬𝗔𝗞𝗦𝗔.
       Minggu, 24 Mei 2026   |   15:30.

Curang banget Oma, yang diajak makan Mas Dirga doang, padahal aku juga laper. 
ᅠ
ᅠ
ᅠ https://t.co/BbeFp2KEk8",2,1,['Tertarik'],False,identical label duplicate
"“KONTOL SAPI”
gue yakin ga semua orang tau itu makanan😭😭",2,1,['Jijik'],False,identical label duplicate
"“Katanya program demi gizi rakyat…
tapi yang kenyang duluan malah anggaran. 😶”
Sertifikatnya halal,
mark-up-nya jangan sampai haram. 💀
Kalau hitung-hitungan ICW benar,
selisih Rp49,5 miliar itu bukan uang receh itu uang rakyat.
#MBG #Korupsi #ICW #KPK 

https://t.co/BXSrN0m7mZ https://t.co/n9HyLjK2oR",2,1,['Jijik'],False,identical label duplicate
"“Kumpulan Cerita Skandal Anak Sekolah”

A THREAD 🍂 https://t.co/JtNPkIVuSk",2,1,['Jijik'],False,identical label duplicate
"“MBG…Mas Bahlil Ganteng”

“Buah apa yang paling manis?”
“Buahlillll!” 😭😭 https://t.co/vybJJWoB9S",2,1,['Percaya'],False,identical label duplicate
"“kasian anak-anak ku kepanasan di tenda sekolah mba”

ucap bu guru di sekolah Desa Reje Payung, Takengon, Aceh Tengah 🥺💔

ini keadaan terkini ya temen-temen…. tadi siang yaa bukan video lama😞 https://t.co/JF8r7z50mm",2,1,['Jijik'],False,identical label duplicate
"“mbg mengurangi stunting”
🤣🤣🤣🤣🤣🤣🤣🤣🤣🤣🤣🤣",2,1,['Percaya'],False,identical label duplicate
"•kdm• spill aktor yg COCOK BGT jd anak sekolahan.
Menjiwai ❌
Emang jiwanya ✅
Sbg anak sekolah🤣☝️ https://t.co/ZWPnXpVWkR",2,1,['Jijik'],False,identical label duplicate
"•kdm•🔥 the legend of kitchen soldier ⚠️

seongjae minah sahabatan dari jaman sekolah. pas lulus seongjae jdi chef tentara &amp; minah jdi reporter tv militer. minah udah lama suka sma seongjae. akankah mereka berjodoh?

soalnya ini reporter x chef 😄
BUKAN reporter x atlet 🙏😂 https://t.co/sL2vB17S4Z",2,1,['Jijik'],False,identical label duplicate
‼️Kami mengecam kerja-kerja busuk yang dilakukan oleh seorang bedebah bernama tedy indra wijaya ‼️ https://t.co/t1Wnd9Cjyy,2,1,['Jijik'],False,identical label duplicate
"⋆. 𐙚˚࿔ #sionfact
💬 IDN : sekarang di depan sekolah Mago (tepat di sebelah tempat lesku) ada Mega Coffee, dan foto SION sama NCT WISH terpampang gede banget di sana. sebagai sesama fans ya meskipun aku multifan, rasanya bangga bgt apalagi sesama anak Mokpo... 🥹 (meee too, akupun bangga bgt sama sion dan wishie nder😭😭💗)

​besok aku mau nonton dia first pitch (lempar bola pertama di baseball), kira2 nih kalo aku cerita gini dia bakal inget gak ya? hehe. semangat terus buat WISHZEN (nama fandom WISH), aku (fans dari fandom lain) dukung kalian terus ya! 🫶🥰

nah op aja yg mulfan bisa support wishie, masa kita yg satu atap gabisa🥹. yukkkk dukung wishie selalu, serius deh bayangin kalo nnti bakal ada cb/konten all unit bakal seseru apa😍😍😍💗",2,1,['Jijik'],False,identical label duplicate
"⋆. 𐙚˚࿔ Cerita masa sekolah Sion yang dapet dari kenalan...

​""Jujur, seneng banget dapet insight soal masa sekolah Sion dari kenalan! 😭✨

💬 ​Jadi, ada temen kenalanku yang punya adik seumuran sama sion. karna mereka tau aku fans berat sion, mereka sempet nanyain gimana sion pas sekolah dulu. 

ternyata adiknya ini sekolah di SMA perempuan deket sekolahnya sion. katanya, sering banget papasan sama Sion dan emang dari dulu udah ganteng banget!!🤭🤭 tapi yang bikin kaget, ternyata pas zaman sekolah tuh sion anaknya tipe yang playful dan aktif banget, beda banget sama image-nya yang sekarang kita liat. katanya dia juga populer banget, anak-anak sekolah lain aja sampe pada tau dia! 🫠 (hmm segacor itu ya si asep ini)

​terrus, ada lagi cerita dari temen yang sekarang masih sekolah di sana. ternyata sekolahnya sion itu guru-gurunya jarang pindah, jadi banyak guru yang masih ngajar dari zaman dia sekolah dulu. pas ditanya, guru-gurunya bilang kalau dulu sion itu nggak cuma ganteng, tapi lebih ke arah pretty dan gemesin gitu mukanya! hahaha😭😍 saking gemesnya, guru-gurunya sering bercanda bilang, 'Nanti gede jadi artis aja ya!', eh beneran jadi artis dong sekarang! Guru-gurunya sampe syok banget pas tau dia beneran debut! 🥺🤏",2,1,['Jijik'],False,identical label duplicate
"⌚️📺 Horario y dónde ver gratis y por TV el Casademont Zaragoza - Valencia de playoffs de LF Endesa

https://t.co/L3B0ukWVEn",2,1,['Netral'],False,identical label duplicate
"☁️ Hai semuanyaaaah
Eca mau kasih MBG, ada yg mau .. nonton? Hehehe, sekalian bertemen yuk? https://t.co/vtg5FaviNB",2,1,['Jijik'],False,identical label duplicate
"☄️ Race to ZERO kembali lagi — sekarang saatnya kejar profit & rebut hadiah GOLD!

✔️ Join event gratis
✔️ Tekan tombol & dapatkan angka sedekat mungkin ke 0
✔️ Naik leaderboard dan menangkan hingga 100g GOLD
✔️ Spin hadiah menarik seperti coupon, hot token, dan lainnya 
Satu tombol. Satu kesempatan menuju GOLD 

➡️ Ikut sekarang:
https://t.co/GHZodrxNQQ

Daftar dan Unduh MEXC
Daftar MEXC https://t.co/gnqgdg6Yxq

Download MEXC APP https://t.co/zzuFKa2P6v

@MEXC @MEXC_ID 
#MEXC #MEXCID #MEXCIndonesia",2,1,['Jijik'],False,identical label duplicate
"☣️ Kubangan lumpur (espepege) di Padarincang, Serang, Banten, telah meracuni 64 (ENAM PULUH EMPAT) pelajar dan guru. Tindakan pengracunan dilakukan pada Rabu, 20 Mei 2026.

☣️ KABAR KERACUNAN EMBEGE ☣️
☣️ KABAR KERACUNAN EMBEGE ☣️
☣️ KABAR KERACUNAN EMBEGE ☣️",2,1,['Jijik'],False,identical label duplicate
"♊️: he called me 'Thun Pho Gem' &amp; Fourth ‘Pho Food' not Fot

// ADIK BENERAN PANGGIL PAPA FOT PHO FOOD… EMANG PAPAMU MAKANAN KAH NHOO? MAKANAN PAPI GEM 🙂‍↕️😂🙂‍↕️😂

GEMINIFOURTH RACE TO LOVE
#LOLFanFest2026D3 https://t.co/qpxWLf1Tat",2,1,['Jijik'],False,identical label duplicate
"⚖️ BALANÇA CORPORAL BIOIMPEDÂNCIA PREMIUM 📱
✅ Visor inteligente + Bluetooth | Mede composição corporal completa | Aplicativo exclusivo
💰 Apenas R$ 29,90
🚚 Frete Grátis em pedidos acima de R$ 49,00
🏆 Top Vendas ⚠️ ÚLTIMAS UNIDADES — Não perca!
👉  https://t.co/pSojJ166sa https://t.co/UPKvZ3KI0f",2,1,['Netral'],False,identical label duplicate
"⚖️ | Stelling: Ik heb liever Van De Perre dan De Cat in mijn ploeg. 🤔🆚

Bekijk het volledige stuk gratis in de DAZN-app! 📲 https://t.co/0EqZzOqn2t",2,1,['Netral'],False,identical label duplicate
"⚠️ KONTEN JELEK EMBEGE ⚠️

Dua musang birahi yang bekerja sebagai sopir dan kernet kendaraan embege milik kubangan lumpur (espepege) DARUL ULUM PONCOL, MAGETAN membuat konten dengan gimmick wajah dan takarir (caption) yang menjijikkan serta terkesan merendahkan.

Seperti yang sudah-sudah, akan kami seret dua orang ini untuk meminta maaf atas konten buatannya!",2,1,['Jijik'],False,identical label duplicate
"⚠️ Kabar Keracunan Embege ⚠️
⚠️ Kabar Keracunan Embege ⚠️
⚠️ Kabar Keracunan Embege ⚠️",2,1,['Jijik'],False,identical label duplicate
⚠️ Pelaksanaan program Makan Bergizi Gratis (MBG) harus dibarengi dengan pengawasan ketat dan standar pengolahan makanan yang benar. https://t.co/sbg6UfMvGp,2,1,['Tertarik'],False,identical label duplicate
"✨Trial Package+Coaching Online
🌟 Fasilitas
-Konsul gizi GRATIS via video call
-Analisis kondisi &amp; status gizi terkini
-Penentuan kebutuhan gizi harian
-Pembagian porsi makan sehari 
-Konsultasi progres tiap 3 hari (3x video call)
-Free meal plan 6x makan (bisa dipakai berulang)",4,1,['Jijik'],False,identical label duplicate
"❓ ga semangat belum ada mbg (abengndut) 😔
💬 plis skrg wajib semangaatt soalnya abengndut udah hadir 3x anjaiii #tellonym  https://t.co/EQDjtU2jsi",3,1,['Tertarik'],False,identical label duplicate
"ㅤㅤㅤㅤ
✎. . . Menu pertama yang diletakkan di bakinya adalah Gohan,Truffle Risotto. Aroma truffle yang mewah sempat membuat siswa di belakangnya menoleh iri. Nasinya lembut, berkilau di bawah lampu Eiken, membawa standar baru bagi makanan sekolah.
ㅤㅤ",3,1,['Jijik'],False,identical label duplicate
"ㅤ️️ ️️
ㅤ️️ ️️
Mbg hari ini apa bub? ☺
 ️️
ㅤ️️",4,1,['Percaya'],False,identical label duplicate
昨日DAIちゃまが行ってたカフェ☕️ https://t.co/tEv2ntlAl2,2,1,['Percaya'],False,identical label duplicate
"誕生日のプレゼント買いに行って【魚deバールzi-co炉BATA】で食べ #薬研堀 #Liberty へ来ました🥃 
#Mariaと乾杯してみたい 🥹 https://t.co/vU4XDGEndO",3,1,['Percaya'],False,identical label duplicate
"️️ ️ ⠀

⠀— tau aja rumah sakit ibu habis melahirkan ini lapar sekali hehehhe.. Makasih makanan nyaa kakakk @ElternHospi mantab emang Eltern ini 

⠀️️ ️ ⠀ https://t.co/IkQZY3dkLT",2,1,['Percaya'],False,identical label duplicate
"𐔌՞. .՞𐦯 gyu day

thankyou kak @wondunge selalu inget sama aku! mbg yg bisa aku terima. masakan bento gyu (chefnya terlalu gemas) &gt;_&lt;
sayang sekali kita belum ketemu2 🥲

thankyou kak cyla @0604ZP fribis dari jauhnya.. totebag gemas dan printilan lainnya bakalan aku pakee 🫶😉 https://t.co/LLNMYXs59w",3,1,['Jijik'],False,identical label duplicate
"𖦹°‧ jurnaling with mbg (my bestie gue) ᯓ ⟡
cc : @seseunseok @sekilokentang @widyans_9 @kurimnida @rhmdanicxxy_ @misswichu ✨️ https://t.co/kDCdvTM4dp",2,1,['Percaya'],False,identical label duplicate
"𝐁𝐢𝐬𝐦𝐢𝐥𝐥𝐚𝐡 ...

🔲 HUKUM MEMAKAN MAKANAN DARI ORANG YANG BERPENGHASILAN HARAM ..??

.

.
🎙️𝐒𝐲𝐚𝐢𝐤𝐡 𝐀𝐝𝐢𝐥 𝐀𝐥- 𝐌𝐮𝐭𝐡𝐨𝐢𝐫𝐚𝐭
𝐇𝐚𝐟𝐢𝐝𝐳𝐚𝐡𝐮𝐥𝐥𝐚𝐡 𝐓𝐚'𝐚𝐥𝐚
________________
𝐒𝐞𝐦𝐨𝐠𝐚 𝐁𝐞𝐫𝐦𝐚𝐧𝐟𝐚𝐚𝐭 https://t.co/lbqLkRXbkv",2,1,['Jijik'],False,identical label duplicate
"🇨🇴🥳 | ¡SOAT GRATIS para miles de moteros!

Paloma Valencia explicó con claridad su propuesta: subsidiar el SOAT para motos de estratos 1, 2 y 3, aliviando el bolsillo de quienes trabajan y madrugan todos los días.

¡Con Paloma, sí hay gobierno para la gente! https://t.co/cP3vJ0fer1",2,1,['Netral'],False,identical label duplicate
"🇨🇴🥳| ¡SOAT GRATIS! Paloma Valencia, explica con absoluta claridad en qué consistiría su propuesta de ofrecer el subsidio al seguro para motos de personas con atrasos 1, 2 y 3:

¡Venga que de eso tan bueno si dan tanto! https://t.co/c7fds40UVc",2,1,['Netral'],False,identical label duplicate
"🇮🇷 ⚡️🇺🇸🇮🇱 Keluarga korban berkumpul di sekolah dasar Minab, Iran, menuntut jawaban atas serangan AS-Israel pada 28 Februari.

“Mereka tak berdaya, tak bersalah… Dosa apa yang telah dilakukan ANAK-ANAK kami?” kata kerabat korban.

-RT https://t.co/FarewNgS4v",2,1,['Jijik'],False,identical label duplicate
"🌟 SPPG POLRI hadir sebagai wujud kepedulian dalam mendukung pemenuhan gizi masyarakat demi menciptakan generasi yang sehat, cerdas, dan berkualitas.

#SPPGPolri
#PolriUntukMasyarakat
#HumasPoldaKepri
#PoldaKepri
#IndonesiaEmas
#GenerasiSehat
#PolriPresisi https://t.co/ZHP9fgpFkA",2,1,['Jijik'],False,identical label duplicate
"🌩️: hari ini chamaiii bawa (poster) wu untuk ditempel di seluruh penjuru sekolah
🩵: seksi ya
🩵: oo bajunya kekecilan ternyata
🌩️: chakaiii, chamaiii badannya mungil kok🤏🏻

hihi imut selalu suka kalo mereka ngobrol &lt;3
#skywongravee #SMYLE https://t.co/DY9gGoPqz3",2,1,['Percaya'],False,identical label duplicate
"🌪 : WOY MAKANAN GWE
#BimaBayusena #Bimajinasi 

Adakah yg bisa menamakan semua pokemon disini~? 😆 https://t.co/sNYDWmRl3e",2,1,['Percaya'],False,identical label duplicate
"🌪: yudis makan takoyaki pake saus sambel guys, aku kecewa bgt

😭maaf bimbul ak jg suka makan takoyaki pke saus sambel
#bimarchive https://t.co/zHx0naDKQB",2,1,['Jijik'],False,identical label duplicate
"🌪:aku jalan"" karna pengen beli minum terus ketemu dia kayak 'WEHHH'
🌪: gatau kno refleknya kayak kaget, abis beli kopi aku balik ke backstage ketemu dia lagi makan
🌪: dia makan takoyaki pake sambel guys aku kecewa bgt

WKWKWKWK ini dia kronologi di cf, lucu #Bimarchive https://t.co/xARNMJuCT1",2,1,['Jijik'],False,identical label duplicate
"🌪️ “aku gemes banget kalo liat mas kula makan ga kelar kelar, aku sebel” 

lucu banget ish 😭",2,1,['Percaya'],False,identical label duplicate
"🌪️kalo ad yg gangguin d sekolah misalnya ngambil kartu pokemon dy, bakal dia liatin foto🥃 sambil ngmong “AKU ADUIN KE AYAH AKU NIH AYAH AKU” https://t.co/gxCxSV3lJi",2,1,['Jijik'],False,identical label duplicate
"🍗✨ DOUBLE CHICKEN VIBES ✨🍗
Ngumpul bareng makin seru cuma di #HokbenAja! 🎉
Kamu bisa nikmati promo-promo dibawah ini lho Friends :
✅ Beli 2 Simple Set Teriyaki + 2 Ocha 👉 GRATIS 1 Hot Deals HokBen Fried Chicken
✅ Beli 3 Simple Set Teriyaki 👉 GRATIS 1 Paket HokBen Fried Chicken 1 pc

📌 Berlaku setiap hari, periode sampai 31 Mei 2026
🥢 Layanan Dine in, Take Away, Delivery, atau Drive Thru.
💰 Pasti hemat banget, harga mulai Rp29ribuan/orang! 🤩

Yuk ajak bestie, keluarga atau teman kantormu buat nikmatin promonya ramean di HokBen sekarang! 🚀",2,1,['Jijik'],False,identical label duplicate
"🍜🍲Semasa perayaan Aidilfitri, terdapat pelbagai jenis makanan dihidangkan kepada para tetamu yang hadir ke rumah terbuka. 

Keselamatan makanan sangat penting ketika menjelang Aidilfitri untuk mengelakkan keracunan makanan. 

Oleh itu, orang ramai dinasihatkan untuk mengikuti tip keselamatan makanan yang dikongsikan agar makanan yang disediakan bersih dan selamat.🍲🍜

Selamat Hari Raya Aidilfitri, Maaf Zahir & Batin! ✨🌙

#KKMPrihatin #SihatBersama #MalaysiaSihat #MADANIBekerja #RancakkanMADANI",2,1,['Jijik'],False,identical label duplicate
"🍩 Tontas, listas o de Santa Clara: disfruta gratis de las auténticas rosquillas de San Isidro en El Ventanal de la Sierra.

#SanIsidro #ColmenarViejo
https://t.co/JNlhUwlsx8",2,1,['Netral'],False,identical label duplicate
"🍱 BUKAN SEKADAR BAGI-BAGI MAKANAN!
Program Makan Bergizi Gratis (MBG) ternyata bukan cuma soal isi piring anak-anak Indonesia. Program ini juga jadi mesin penggerak ekonomi rakyat yang nyata! 💪🇮🇩

#jagaindonesia
#wargajagawarga
#fyp
#foryou
#prabowo https://t.co/4yyY136HsN",3,1,['Netral'],False,identical label duplicate
"🍽️🇮🇩 Dukung MBG 2026

22.000+ dapur UMKM bergerak, gizi anak terjaga.
Cegah stunting, cerdaskan generasi—ini investasi menuju Indonesia Emas 2045.

#MakanBergiziGratis
#MBG2026
#IndonesiaEmas2045
#CegahStunting
#DukungUMKM https://t.co/RgiGnFvBoW",3,1,['Tertarik'],False,identical label duplicate
"🍽️🇮🇩 MBG 2026: Gizi Kuat, Ekonomi Ikut Tumbuh!

Jutaan penerima manfaat, UMKM bergerak, lapangan kerja terbuka.
👉 Gizi terpenuhi, ekonomi daerah ikut meningkat.

#MakanBergiziGratis
#MBG2026
#EkonomiTumbuh
#DukungUMKM
#IndonesiaMaju https://t.co/ORGU1kRADt",3,1,['Jijik'],False,identical label duplicate
"🍿@Cinesa lanza un pasaporte infantil que premia la asistencia a las salas.

Podrán ir canjeando premios que completen su experiencia en las salas, como productos del bar de Cinesa e incluso entradas gratis: https://t.co/en4O5MkPGg https://t.co/Bg2dg5XhBz",2,1,['Netral'],False,identical label duplicate
"🎉 ÚLTIMA HORA: Wan 2.7 y Seedance 2.0 ya están disponibles en GlobalGPT — ¡pruébalos gratis!

Crea videos con IA usando cómics dinámicos, anuncios animados, videos de baile enérgicos y videos de running únicos en diversos estilos, todo impulsado por Happy Horse y Seedance.

Sin límites. Sin barreras regionales. Sin códigos de invitación. 👇",2,1,['Netral'],False,identical label duplicate
"🎉Pelayanan KB Gratis Hari 🎉

Dalam rangka memperingati Hari Ulang Tahun Ikatan Bidan Indonesia (IBI) ke-75, telah dilaksanakan kegiatan Pelayanan KB Gratis di Puskesmas Huta Padang✨
Mari terus dukung keluarga sehat dan berkualitas melalui pelayanan kesehatan❤️ https://t.co/wLKKyIlIh8",2,1,['Jijik'],False,identical label duplicate
"🎉💥 ¡MÍNIMO AMAZON! 🎉❗️
Hidrolimpiadora Espoma 120 Bar, Caudal de 380 l/h

❌ PVP: 799 €
✅ Precio OFERTA: 79,99 €
📦 Envío GRATIS

👉 https://t.co/hlOKZFTxja

🤑⭐️ Más ofertas en https://t.co/zOSsJh4iXE 🚨💰 https://t.co/0SCrEuIcc0",2,1,['Marah'],False,identical label duplicate
"🎥 Ketidakmampuan Komandan CENTCOM untuk Menjawab Mengapa Sekolah dan Rumah Sakit di Iran Dibom

🔸Gillibrand: Kami memiliki data dan informasi yang menunjukkan bahwa 22 sekolah dan puluhan rumah sakit di Iran menjadi sasaran. Apakah Anda mematuhi hukum hak asasi manusia dalam perang?

🔹Komandan CENTCOM: Ya. Mencegah korban sipil adalah perhatian pribadi dan serius saya.

🔸Gillibrand: Jadi bagaimana kita membom 22 sekolah?

🔹Komandan CENTCOM: Tidak ada cara bagi kami untuk mengkonfirmasi hal itu. Tidak ada indikasi.

🔸Gillibrand: Anda tidak memiliki cara untuk mengkonfirmasi atau tidak ada indikasi? Yang mana?

🔹Komandan CENTCOM: Tidak ada indikasi.

🔸Gillibrand: Nah, indikasi ini sama dengan materi yang tersedia di sumber publik. Apakah Anda telah menyelidiki klaim ini?

🔹Komandan CENTCOM: Tidak, kami belum melakukannya.

🔸Gillibrand: Mengapa Anda belum menyelidiki? Itu tidak sesuai dengan klaim Anda bahwa Anda prihatin tentang pencegahan korban sipil. Saya ingin laporan tentang itu.",2,1,['Jijik'],False,identical label duplicate
"🎨 Siang nderr, sender masi open 5 slot chibi cp nih, lagi urgent buat beli alat project sekolah (demos, event sekolah) butuh minimal 200k/300k.  Kalau yang berminat nanti sender dm, sekalian mutualan yukk :) 🌷💕 https://t.co/l5sCiVRYNC",2,1,['Tertarik'],False,identical label duplicate
"🏆 Todavia no formas parte de la MAYOR comunidad de TRADING Argy con 1400 participantes fundada en 2017 ? 

📈 No pierdas mas tiempo es gratis !

😍 Sumate ya al SUPERGRUPO Trading MERVAL Argentina en TELEGRAM !

✅https://t.co/8iaPAqjB7Y https://t.co/Lq95HHrVdm",2,1,['Netral'],False,identical label duplicate
"🏇🏼🗞️ ¡Picks GRATIS para hoy! 🗞️🏇🏼

✅ Delaware Park: https://t.co/lZUxOm52l7 

✅ Delta Downs: https://t.co/kFMH7psDao 

✅ Horseshoe Indianapolis: https://t.co/qYdqxqgPyf 

✅ Thistledown: https://t.co/9KDZKnx6xT",2,1,['Percaya'],False,identical label duplicate
"🐯: Terima kasih makanannya!
🐯: Dyy makan yaa~
👶🏻: Sama-sama, dyy!
👶🏻: Tapi itu belum ada sayulannya.
👶🏻: Ntal bibi siapin dulu ya
👶🏻: Dyy mam aja dulu.
👶🏻: Sayulnya telahil~
🐯: https://t.co/qrR84jMiZo",2,1,['Tertarik'],False,identical label duplicate
"🐶 : “km nanya berat badanku?”
🐶 : “berat badan aku nurun?”
👩🏻 : “iyaaaa”
🐶 : “tapi beneran kok aku ngga diet”
🐶 : “aku beneran masih makan dg lahap”
👩🏻 : “betulan kan???”
🐶 : “betul, aku makan banyak kok 🥹”
👩🏻 : “soalnya kamu keliatan kurusan banget”
👩🏻 : “pipi nya sampe jd kecil gt”
🐶 : “oh emang iya ya??”
👩🏻 : “iya beneran… tp kamu tetep ganteng kok”
🐶 : “oh aku tetep ganteng? 😁👍🏻”

mba op makasi ya uda tanya kehawatiran smwa orang… dd makasi juga uda selalu nenangin coer 🥹",2,1,['Jijik'],False,identical label duplicate
"🐶: “Main di luar, yuk!”
🐱: “MAU MAIN PASIL!”
🐶: “Ssst! Nanti papah ayah denger!”
🐱: “Kakak…. Adek lapel.”
🐶: “Eum mau makan pasir gak?”
🐱: “MAUUU! Tapi tapi dibulet-buletin ya, kakak.”
🐶: “Enak, gak?”
🐱: “Enwak! Uhuk! Kwakwak mawu jugwa? Adwek suwapwin.”
🐶: “Dikit aja….”

🐱: “HUAAAA SAKIT!”
🐶: “Adeek! Sini berdiri dulu.”
🐱: “Huks— sakit kakak lututnya…”
🐶: “Aku gendong deh. Eum tapi kamu berat, gak?”
🐱: “Huks— mau tium….”
🐶: “Emmmmuah!”
🐱: “Hihi lututnya udah gak sakit!”",2,1,['Jijik'],False,identical label duplicate
"🐹 : udah makan nggak?
👤 : belum
🐹 : ahhh 
🐹 : harusnya makan dulu ya 
👤 : siap paham
👤 : kamu juga jangan lupa makan dengan baik!!!

AAAAAA anak baik 😭😭😭🫳🏻 https://t.co/3DkoXKgSRo",2,1,['Jijik'],False,identical label duplicate
"👩🏻: dos pundi nduk?
🐇: ndugi warung buk, tumbas niki terasi kaleh kecap
👩🏻: loh nduk durung maem nopo?
🐇: dereng, ket enjing kulo males maem buk. niku wau pun huwek huwek asam lambung e munggah
👩🏻: duh kok isok males

LAH SAYA JUGA GA TAU BUK KOK BISA SAYA MALAS MAKAN",2,1,['Netral'],False,identical label duplicate
"💆‍♀️: aku abis liat pameran loh
👧: pameran apa?
💆‍♀️: menu mbg 

😭😭😭😭",3,1,['Percaya'],False,identical label duplicate
💚 10 rules MBG 💚 https://t.co/ONmLHfyRfJ,2,1,['Percaya'],False,identical label duplicate
"💚 Brunei nih boss… negara Islam, pajak 0%, sekolah gratis, welfare kuat, gaji guru juga tinggi (bisa 50 jutaan) . tapi lucunya jarang dibahas, orang2 lebih sibuk ngeglorify singapore, korea, etc etc https://t.co/GPmadxnZhZ",2,1,['Jijik'],False,identical label duplicate
"💚 Chat bahas body cewek, ada yang dibilang rata lah, harus dimodif lah, sampai blak2an kalo mrka ng*c*ng kalo liat 1 cewek ini. Tolong up, pihak sekolah sampai sekarang belum bertindak.
https://t.co/rpbnO4wsUu",2,1,['Jijik'],False,identical label duplicate
💚 MBG... Mas Bahl1l Ganteng... buah apa yang paling manis?? ✨️BUAHLIL✨️ my little bolu ketan !,2,1,['Jijik'],False,identical label duplicate
"💚 Mau gibah soal MBG.

Mba ku keluar karena ada tawaran jadi SPPG. Funfact: Dia kalau cuci piring GAPERNAH BERSIH. Ga cuma cuci piring, tapi in general. Bingung banget dari mana “seleksi ketat” nya 🤗

Best of luck untuk adek2 yg makan MBG setiap hari ya 🫩",2,1,['Jijik'],False,identical label duplicate
"💚 Suka sedih ngeliat tempat sampah ada bungkus makanan tapi gaada yang disiain buat aku. Giliran aku yang bawa makanan, selalu minta disisain biar orang rumah pada icip. Makanya kenapa aku lebih sering makan diluar sendirian daripada dirumah🥹 https://t.co/clonOgt3b2",2,1,['Jijik'],False,identical label duplicate
"💚 aku bener bener lagi bu, pengen jualan Frozen food atau makanan yang bisa di promomosiin online apa ya kira kira? kaya promosi via live platform t",2,1,['Jijik'],False,identical label duplicate
"💚 aku udah 2 bulan ga makan seblak, terus kan BM banget ya. pas beberapa waktu lalu beli, eh ada kecoanya, abis kejadian itu seketika jadi eneg liat seblak, walaupun emang makanan beli kita gtau cara olahnya gimana kan 😭",2,1,['Jijik'],False,identical label duplicate
"💚 guys bapak ak umur 64th kurus, kerja capek, makan normal. kalau dibawa ke dokter gizi kira2 biaya nya berapa ya? khawatir bapak aku kurus jd sedib🥲",2,1,['Jijik'],False,identical label duplicate
"💚 istri gua dulu kerjanya di oil rig, berlumpur, nemu binatang, dsb biasa aja. Tapi kalau soal makanan, gua cicipin aja, udah gamau dia. Makanya bocil dari kecil yg bersihin pup, pip, gumoh ya gua. Istri gua mana mau 😅
https://t.co/9ltxnoyZVw https://t.co/p0DlmRG6Yz",2,1,['Jijik'],False,identical label duplicate
"💚 jadi guru di indo segininya bgt, udah mah sering di hina sama pendukungnya prabowo perkara guru2 minta digajih yg setara sama pekerjaanya. tapi masih juga disuruh ngurusin mbg yg gaada hubungannya sama mereka 😑

https://t.co/6lXNcQAHV1",2,1,['Tertarik'],False,identical label duplicate
"💚 kok orang-orang pada selera yah makan makanan dengan warna yg gak normal pada warna makanan yg semestinya, mana ngejreng banget gini. kalian selera gak gaes sama makanan yg punya warna gak lazim? https://t.co/ejW1L59U8l",2,1,['Jijik'],False,identical label duplicate
💚 satu porsi nasi (sekali makan) versi kalian tuh berapa centong sih?,2,1,['Jijik'],False,identical label duplicate
"💚 sender pernah kirim menfess ini. Adek aku jadinya kabur dari rumah😌 bingung banget harus ngapain, soalnya masih ujian sekolah 3 minggu ini. Ada saran buat sender sama ortu sender guys?

https://t.co/VUqIu8PYtf",2,1,['Jijik'],False,identical label duplicate
"💚 wdyt pihak sekolah (pesantren) nahan SEMUA ijazah siswanya biar pada g bisa daftar di tempat lain?

*ijazah SMP, biar g bisa daftar SMA lain.",2,1,['Jijik'],False,identical label duplicate
"💚 well well, saat berita seorang remaja di papua tertembak oleh TNI kalian speakup, namun dimana kalian saat OPM membakar sekolah, merusak faskes, merusak fasum, membunuh guru, dan membunuh warga sipil secara acak di Papua? kalian diam saja kan? https://t.co/94ufnciYFu",2,1,['Jijik'],False,identical label duplicate
"💬 : mirip 🎵 ijo ijo
🐔 : *imutly* ijo dikit 🎵, ijo dikit 🎵 ( ｡ •̀ ⤙ •́ ｡ )
🐔 : kalau saya makan sayur saya makan 🎵?
🐔 : saya makan klepon saya makan 🎵?

#notechick https://t.co/YbOJtKXYlq",2,1,['Percaya'],False,identical label duplicate
"💬 tapi emang sih, kalo makan mie tuh gula darah cepet naiknya!! bibim naengmyeon atau sayuran bisa bikin naiknya agak pelan, tapi makanan kayak pyeongnaeng sama kalguksu kan cuma mie doang!!
🐿️ benerr, ada yang bilang kayak gitu juga
🐿️ jadi katanya sebelum makan pyeongnaeng makan banchan sayuran dulu baru makan mienya
🐿️ tapi kalo pengen ngerasain yang bener-bener pyeongnaeng tuh
🐿️ harus dimakan tanpa makan apa pun lagi
🐿️ rasa pertama dari pyeongnaeng ituloh
🐿️ tauuuu
🐿️ tau nggakk??
💬 gatau
🐿️ ohh gitu...yaa pokoknyaa..gitulahh
🐿️ sedih deh
💬 karna gula darahnya cepet naik ??
🐿️ huumㅋㅋㅋㅋ

jadi cepet ngantuk gituloh kalo abis mam mie tuh, gitu maksudnya",2,1,['Jijik'],False,identical label duplicate
"💰No dejes pasar esta oportunidad de tener la mejor cuenta remunerada de España, y gratis …",2,1,['Marah'],False,identical label duplicate
"💼 1,28 Juta Tenaga Kerja Terserap secara masif di tengah maraknya gelombang PHK nasional!
🏪🇮🇩  #MakananBergiziGratis #EkonomiRakyat #UMKMNaikKelas #InvestasiMasaDepan #GotongRoyong #IndonesiaMaju #KetahananEkonomi https://t.co/hxfcnOhSMC",4,1,['Jijik'],False,identical label duplicate
"📁 Pulang sekolah
https://t.co/5rZyGyZ9or",2,1,['Percaya'],False,identical label duplicate
"📁 Pulang sekolah
https://t.co/JEaWFZpkka",2,1,['Percaya'],False,identical label duplicate
"📈 ¿Quieres más clientes y ventas constantes? Vende con estrategia

 “Marketing y ventas en tu plan de negocio”

📅 25–29 mayo
⏰ 10–14h
📍 @PalmaActiva 
⏳ 20h | Gratis

Crea un sistema para captar clientes, mejorar tu mensaje y hacer crecer tu negocio
🔗 https://t.co/3caI0xKBh8 https://t.co/Vcm9MiPwBa",2,1,['Netral'],False,identical label duplicate
"📌""Trabajar gratis primero y cobrar medio año después"": indignación en Salamanca por los tribunales de oposiciones
https://t.co/qTfQeX6DZc",2,1,['Netral'],False,identical label duplicate
"📜Bolehkah program makanan sekolah meningkatkan kesihatan dan pencapaian pendidikan bagi kanak‐kanak yang mengalami kekurangan sosioekonomi?

🔗https://t.co/4DOPW5IYhx

#ProgramMakananSekolah #Kesihatan #Pendidikan #KanakKanak #KekuranganSosioekonomi #SchoolFeedingProgram #Health https://t.co/V7x8IrQhxL",3,1,['Jijik'],False,identical label duplicate
"📝Estoy pasando de servilleta a papel mi tesis de $INTR. 

Empresa que espero hacerle un bagger como mínimo.

Cuando esté pronta la enviaré por correo.

Si todavía no estás en la lista, te apuntas gratis en mi perfil 👌",2,1,['Netral'],False,identical label duplicate
"📢 ¡OFICIAL! 🎥⚽ Los partidos de la #LevanteCup2026 se verán en directo, gratis y sin registro en @CDeporteTV.

➡️ Categoría por finde:
🗓️ Prebenjamín, Benjamín, Alevín, Infantil y Femenina.

📲 Descarga APP TV o Móvil:
👉🔗 https://t.co/fTDirdaWdj

#LanzamosLaCompetición🚀 https://t.co/0JamWXI1Z6",2,1,['Netral'],False,identical label duplicate
"🔗 Link: https://t.co/GRXfHuAwQc

📌 Si querés acceder a todos los fallos, artículos de doctrinas y normas legales, suscribite a https://t.co/Za62zcoizu | ¡Podés probarlo gratis!
#Jurisprudencia #TasaDeJusticia #Costas #CSJN https://t.co/Ar44JDkkTz",2,1,['Marah'],False,identical label duplicate
"🔛 Comença la teua formació en #IA GRATIS des d'ara mateix.

✅ 100 % en línia
✅ Certificat oficial de @Microsoft
✅ Per a veïnat de #València (a partir de 16 anys)

📍 Com funciona?

1️⃣ Inscriu-te en https://t.co/kblMn4piwO
2️⃣ Fes el curs inicial obligatori. Tens FINS AL 30 DE JUNY! 📅
3️⃣ Una vegada superat, podràs accedir a TOTS els recursos. 🔓
4️⃣ Avança al teu ritme: disposes d'UN ANY per a obtindre la certificació. 🎓

🌍 @vlcinnovation s'unix al programa Microsoft Elevate Skilling per posar la tecnologia al servici de la gent.

🤝 Amb @MicrosoftES, @founderz i @pue_academy.

🚀 El futur ja és ací. El moment és ara.",2,1,['Netral'],False,identical label duplicate
"🔥Link video viral terbaru🔥

BUDAKMALAY anak skolah viral
Yang baru2 viral ini,bukan nya sekolah yang bener ini mah malah☠️☠️....

👇FULL VIDEO 🎥 

https://t.co/oaISm5ZG0A

Minggu BUAHLIL sugar Daddy malming  sumatera konvoi Malut
Pocong Jawa malam☠️☠️ https://t.co/DC1xXPYFHX",2,1,['Jijik'],False,identical label duplicate
"🔥【入荷情報   / New Arrival】🔥
 
    【PSA10】ゴースト [MBG 022/021]
    🟡 最安特価：9,700円（銀行振込のみ）
 
    🛒 通販・店頭販売はこちら / Available online & in-store:
    👉 https://t.co/8STxXImrIk
 
    ✨【PSA10】ゴースト [MBG 022/021]
    💴 Price: 9,700 JPY
    🏪 Ships from Japan / Worldwide shipping available
 
    All listed items are available for purchase.
    Payment methods: WISE or PayPal (+5% handling fee)
    Shipping options: DHL, FedEx, Japan Post, or forwarding services
    Customs and import fees vary by country. Please contact us for details.
    Direct deals via DM are welcome.
 
    #ポケカ #ポケモンカード #PSA10 #ポケカ入荷 #ポケカ販売
    #PokemonCards #PSA10 #PokemonTCG #TCGcommunity #Pokecollect #JapanTCG   #CardCollectors #pokemonsale #pokemoncardsforsale",2,1,['Jijik'],False,identical label duplicate
"🔴 Bayern

⚽ Posesión + apoyos
🧠 Decisión
⚡ Ritmo
🥅 Finalización

Entrena como un PRO

🚨 Webinar GRATIS
👉 https://t.co/OY9MnkDMNw https://t.co/KrWuI76fcC",2,1,['Jijik'],False,identical label duplicate
"🔴Sebagai analoginya utk petani: 
""biasa makan 1 orang 1 piring, sekarang 1 piring dibuat makan untuk 10 orang"".

🔴Sebagai analoginya untuk Presiden,Mentri, DPR, Pejabat Negeri, TNI dan Polri :
""1 piring masih kurang, 2,3,4 dan 5 piring baru bisa kenyang"". https://t.co/Bh1IQ1tMvk",2,1,['Jijik'],False,identical label duplicate
"😂😂😂
adegan sharing hoi jo
🐶oii hoi jo..di restoran ini daging kepiting nya dikit 
adegan makan hoi jo 
🐶oii gak di celupin ke saus plum itu kesalahan ! 

foodies 😂 fokusnya makanan 
#WUTheSeriesEP2 https://t.co/MWl284UqTq",2,1,['Jijik'],False,identical label duplicate
"😂😂😂😂 cuma pamer doang,gw yakin itu duit entar juga ilang di makan maling dalam negerinya,ga bakal turun ke rakyat ,selagi pajak masih tinggi ,harga makanan msh melambung gabusah pamer pencapain Krn itu bullshiiit",2,1,['Tertarik'],False,identical label duplicate
"😇 ""Aku bakal ninggalin 1 kimbab yang belum dipotong""
(Karena Shua suka makan kimbab utuh)

Kecintaan banget kayaknya si Han ini😭
#yoonhong

https://t.co/qfZjXGGgdB",2,1,['Jijik'],False,identical label duplicate
😭😭😭kok bisa sih😭😭😭😭parlemen negara😭😭😭lain😭😭memakzulkan😭😭😭wapresnya😭😭😭pgn jugaaa😭😭😭,2,1,['Percaya'],False,identical label duplicate
😭😭😭😭 ihan ditaksir tongkrongan basis sekolah ini ya https://t.co/viJiplW3Xn,2,1,['Percaya'],False,identical label duplicate
"😭😭😭😭😭 BAYANGIN LAH ANJJJR, lagi ngerasain nikmat nya dunia, malah disuruh disuruh orasi bubar mbg",4,1,['Jijik'],False,identical label duplicate
"😭🤣 adek ini lucu banget! 

Mau kabur gara-gara dimarahi suruh tidur siang adeknya malah ngambek, mau kerja MBG aja 😂

Padahal kalau udah kerja tidur siang itu tidur siangnya di toilet 🗿🗿 https://t.co/1IeEx0SVRU",2,1,['Percaya'],False,identical label duplicate
🙂‍↔️🫶🏻 sampai jumpa di summer ya ! skrng waktunya merasakan mbg yang disediakan ny ibuk✨ &lt;33333🍜🍜🍜 https://t.co/8RgRcFUcOU,3,1,['Percaya'],False,identical label duplicate
"🚨 *L👀KING FOR CLIENT KONSELING GIZI _GRATIS!_*🚨

𝒇𝒓𝒆𝒆-𝒔𝒆𝒔𝒔𝒊𝒐𝒏 .✦ ݁˖  Let's st🅰️rt y🅾️ur he🅰️thy life style with us 🥗𐙚

📩 — free consult, limited slot jends ♡ https://t.co/qn5ojsIApg",4,1,['Jijik'],False,identical label duplicate
"🚨 AINDA TEM DESSE IMPACTANTE
📢 Controle sem fio DualSense® – Edição limitada do Genshin Impact + Frete Grátis 
👉 https://t.co/hSx50Z3mgI
🔥 Por R$567,08 No Pix
🤏🏽 Ou até 10x de R$59,90 SEM JUROS 
(Vendido e Entregue pela Amazon)

💡Outras opções de produtos em promo:
https://t.co/FxARzAb3gg",2,1,['Netral'],False,identical label duplicate
"🚨 AQUI NINGUÉM PASSA FRIO
📢 Bobojaco Masculino Forrado Térmico Capuz Impermeável + Frete Grátis
👉 https://t.co/Wso1Zh5FUG
🏷️ USE O CUPOM: CUPOMPRAMODA
🔥 Por R$73,66 
🤏🏽 Ou em até 12x R$7,23
(Loja MercadoLíder Platinum) https://t.co/UnjYVSV4NA",2,1,['Netral'],False,identical label duplicate
"🚨 CADÊ MEUS ATLETAS?
📢 Óculos De Sol Pace Polarizado Ciclismo Bike Corrida Uv400 Premium Pedal Futevolei Esporte Baixa Grande Masculino Feminino + Frete Grátis
👉 https://t.co/VgmpUihabI
🏷️ USE O CUPOM: CUPOMPRAMODA
🔥 Por R$64,28 
🤏🏽 Ou em até 12x R$6,31
(Loja MercadoLíder Platinum)",2,1,['Netral'],False,identical label duplicate
"🚨 CHEGA DE MEIA FURADA
📢 Kit 6 Pares Meias Lupo Cano Médio Esportivas Academia + Frete Grátis
👉 https://t.co/FxAre0VS3N
🏷️ USE O CUPOM: CUPOMPRAMODA
🔥 Por R$45,02 
🤏🏽 Ou em até 12x R$4,42
(Loja MercadoLíder Platinum) https://t.co/y6xiXe2Atz",2,1,['Netral'],False,identical label duplicate
"🚨 HEBOH! Guru SMP di Bandung Bikin SAYEMBARA Buru Siswa yang Kritik Makanan Sekolah Karena Ada ULAT! 😱 

Ini beneran terjadi di SMP Pasundan 9 Bandung. Siswa nemu ulat di menu Makan Bergizi Gratis (MBG), upload video kritik, eh malah diburu guru dengan 'hadiah' buat yang laporin! Apa ini cara mendidik atau intimidasi?

Ceritanya gini: Program MBG yang katanya buat gizi anak sekolah, tapi siswa SMP ini nemu ulat di 'ompreng' (nasi goreng atau apa ya?).

Dia kritik lewat akun anonim, eh oknum guru malah bikin sayembara di grup: 'Ibu punya sayembara, nanti ada hadiah buat yang nemuin siswa ini.' Tuding akun palsu pula! 

Ini kan program pemerintah, kok malah siswa yang kritis dibungkam? Miris banget!

Bayangin lo siswa, lagi laper makan gratis tapi ada ulat, terus kritik eh diburu guru?

Ini bukan sekolah, ini kayak film horor! 

Hak siswa buat suara kok dianggap musuh? 

Program MBG bagus, tapi kalau kualitasnya begini, gimana anak Indonesia mau sehat? 

Netizen, ini saatnya kita dukung siswa kritis! Jangan biarin intimidasi kayak gini jadi tren. Kalau lo pernah ngalamin hal serupa, share di reply!",3,1,['Jijik'],False,identical label duplicate
"🚨 KERACUNAN MBG LAGI DAN LAGI 

Belasan siswa SDN 01 Demangan, Kota Madiun, diduga mengalami keracunan usai mengonsumsi makanan bergizi gratis (MBG), Kamis (16/4/2026) https://t.co/Hc5XOh96v7",3,1,['Netral'],False,identical label duplicate
"🚨 Microsoft tiene un curso GRATUITO de 12 semanas de IA en GitHub.

46.9K estrellas. 24 lecciones. $0. 

Muchos ""gurús IA"" cobrarían por esto (o peor aún, dirían comenta CURSO y te lo envío)

Yo te lo doy gratis 😉

No solo es teoría, te enseña a construir aplicaciones de IA generativa usando Python o TypeScript.

Cubre desde los fundamentos de los LLMs (Modelos de Lenguaje Extensos) hasta conceptos avanzados como RAG (Generación Aumentada por Recuperación) y UX para IA.

Incluye retos de código y acceso a modelos a través de Azure OpenAI o Hugging Face.

Se trata del curso ""Generative AI for Beginners"" de Microsoft Cloud. 

https://t.co/IBCOQDndKW

Es ideal tanto para quienes están empezando como para desarrolladores que quieren entender cómo integrar la IA en sus flujos de trabajo actuales.",2,1,['Netral'],False,identical label duplicate
"🚨 Mobil operasional program MBG viral terparkir di kawasan hiburan malam Deltamas, Cikarang, saat malam Minggu. Warganet mempertanyakan kenapa kendaraan dinas pengantar makanan sekolah berada di lokasi tersebut. Publik kini menunggu klarifikasi.
#MBGViral #Cikarang #ViralHariIni https://t.co/0varOedPIw",2,1,['Tertarik'],False,identical label duplicate
"🚨 NUEVO: Guía de Hardware 2026/27 🚨

¿Quieres mejorar tu setup de #videoanalysis?

Te recomendamos lo mejor en:

💻 Ordenadores
📷 Cámaras
🎥 Dispositivos de captura
🚁 Drones

Descárgala GRATIS aquí 👇

https://t.co/oL9MPQKZb2 https://t.co/ptNMHlGNOR",2,1,['Marah'],False,identical label duplicate
"🚨 PRA VC AÍ QUE É FÂ DE MARATHON (contando q existe alguém)
📢 PlayStation DualSense® Wireless Controller – Marathon Limited Edition + Frete Grátis 
👉 https://t.co/CgfwpFJ29X
🔥 Por R$557,90 No Pix
🤏🏽 Ou até 10x de R$59,99 SEM JUROS 
(Vendido e Entregue pela Amazon)

💡Outras opções de produtos em promo:
https://t.co/FxARzAb3gg",2,1,['Netral'],False,identical label duplicate
"🚨 Pemerintah memangkas anggaran Program Makan Bergizi Gratis (MBG) pada APBN 2026 dari Rp335 triliun menjadi Rp268 triliun.

Menteri Keuangan Purbaya Yudhi Sadewa mengatakan pemangkasan dilakukan atas instruksi Presiden Prabowo Subianto agar anggaran dapat digunakan lebih efektif dan efisien.

Hingga 30 April 2026, realisasi anggaran MBG telah mencapai Rp75 triliun atau sekitar 22,4% dari pagu awal, dengan program menjangkau 61,96 juta penerima manfaat dan hampir 28 ribu SPPG.

Di sisi lain, defisit APBN per April 2026 tercatat Rp164,4 triliun atau 0,64% terhadap PDB.",3,1,['Jijik'],False,identical label duplicate
"🚨 VC ENCARA UMA 50TONA?
📢 PHILIPS, Smart TV, 50'' 4K UHD, 50PUG7019/78, Google TV, Comando de Voz, HDR + Frete Grátis 
👉 https://t.co/I2thpezhNY
🔥 Por R$1969,00
🤏🏽 Em até 10x R$196,60 SEM JUROS
(Vendido e Entregue pela Amazon)

💡Outras opções de produtos em promo:
https://t.co/FxARzAb3gg",2,1,['Netral'],False,identical label duplicate
"🚨 ÚLTIMA HORA / Barcelona #LaLiga 

❌ De Jong y Fermín fuera de la convocatoria para esta jornada. 😵‍💫 ¿Te afecta en el #Fantasy?

💥 Juega a #MisterFantasy con Clausulazos GRATIS https://t.co/P1paFI0St1 https://t.co/ntnaeWFdcs",2,1,['Marah'],False,identical label duplicate
"🚨BUDDEMEYER É QUALIDADE DEMAIS
📢Jogo De Toalhas Buddemeyer Frape Dots Banho 4 Peças + Frete Grátis 
👉 https://t.co/0XC3Fnr0LR
🏷️ USE O CUPOM: CUPOMPRACASA
🔥De R$219,90 Por R$112,42  
🤏🏽 Em até 4x R$28,11  SEM JUROS
(Loja Oficial) https://t.co/amnP0nY4II",2,1,['Netral'],False,identical label duplicate
"🚨DIFUNDAN. ""Don’t Say You Love Me"" de #JIN y ""Spaghetti"" (ft. #JHOPE) están nominados en la segunda ronda de los Music Awards Japan en la categoria ""Best Of Listeners Choice: International Song"".

TERMINA EL 20 DE MAYO‼️ 

1 voto = cuenta gratis
2 votos = cuenta premium https://t.co/L4izyghTuL",2,1,['Netral'],False,identical label duplicate
"🚨VAI DEIXAR TUDO ORGANIZADINHO
📢Kit 12 Pote Herméticos Empilháveis Porta Mantimento Cozinha Rebirth + Frete Grátis 
👉 https://t.co/miaoY9kJWS
🏷️ USE O CUPOM: CUPOMPRACASA
🔥 Por R$88,42  
🤏🏽 Ou em até 12x R$8,74
(Loja Oficial) https://t.co/sd5xTicBjs",2,1,['Netral'],False,identical label duplicate
"🚨VOLTOU O ARAMIS NO PRECINHO
📢Tênis Masculino Casual Aramis Daily Slip Confortável Moderno + Frete Grátis 
👉 https://t.co/G3NxhF6Ewn
🏷️ USE O CUPOM: CUPOMPRAMODA ou DESCONTOSML
🔥De R$339,90 Por R$131,12  
🤏🏽 Ou em até 12x R$12,96
(Loja Oficial) https://t.co/dUxOcnux8f",2,1,['Netral'],False,identical label duplicate
"🤠👀Indy sabe que para ser el arqueólogo mas molón hay que vestir bien. Y menudo traje tenemos GRATIS para reclamar, jugadores. 

Ya podemos conseguir el traje del Club de Shanghaii 👌👇",2,1,['Netral'],False,identical label duplicate
"🤰 Program Makan Bergizi Gratis (MBG) tidak hanya membantu memenuhi kebutuhan nutrisi ibu hamil, tetapi juga mendorong penerapan pola hidup sehat dalam kehidupan sehari-hari.

#MBG #MakanBergiziGratis #IndonesiaSehat #IndonesiaMaju #Prabowo https://t.co/vWKVGzMS9s",3,1,['Jijik'],False,identical label duplicate
"🤰 Program Makan Bergizi Gratis (MBG) tidak hanya membantu memenuhi kebutuhan nutrisi ibu hamil, tetapi juga mendorong penerapan pola hidup sehat dalam kehidupan sehari-hari. 

#MBG #MakanBergiziGratis #IndonesiaSehat #IndonesiaMaju #Prabowo https://t.co/QLj5jiL2rX",3,1,['Jijik'],False,identical label duplicate
"🥀

Setiap hari banyak makanan yg terbuang
Entah berapa ton makanan terbuang di seluruh Indonesia karena MBG
Setiap hari sisa makanan kek gini, sementara masih banyak masyarakat qt yg mau beli beras aza susah https://t.co/8CntVzt0Qx",2,1,['Jijik'],False,identical label duplicate
"🥱🥱
Smua jg tau deep state itu macam rayap..

Yg masyarakat pen tau, apa yg akan dilakukan pemerintah u/ membasmi itu?

Panggil pulang ASN Tugas Belajar di London yg diduga Hina Program MBG? 😌
https://t.co/MPSx3ODkMe https://t.co/hb6cudA8vP",2,1,['Jijik'],False,identical label duplicate
"🦊🍷: ""banyak yang bilang cantik, emang cantik?""
🦊🍷: ""gila banget dibilang cantik""

MENURUT KM GIN??!?!!! CANTIK BGT INI MAH SOSOK MBG (MY BINI GWEH) 🫠🫳🏻

#GINVER5ARY https://t.co/1mWDwzXKvk",2,1,['Percaya'],False,identical label duplicate
"🧒 : makanan favoritmu opo?
👩 : makanan favoritku sushi, kamu makanan favorite opo?
🧒 : opo wae penting regane dibawah selawe ewu😭",2,1,['Tertarik'],False,identical label duplicate
"🧸💌 

aku... bener bener sayang banget sama beomgyu :c aku tau gyu dari aku masih pakai seragam sekolah sampai sekarang kita sama sama tumbuh makin dewasa, eksistensi dia selalu punya tempat yang paling spesial di hati aku. kalau dipikir yah perjalanan waktu itu ga sebentar – https://t.co/4Ub6Qi7yBS",2,1,['Jijik'],False,identical label duplicate
"🩷 Promo Bundling JSM Kopken by. prada

only 42.000 udah dapet 2 minuman LARGE + 1 makanan 🥳

✅ Berlaku hari Jumat, Sabtu, Minggu
✅ Bebas Pilih menu sesuai di pamflet 
✅ Bisa delivery (+) Ongkir sesuai applikasi
✅ Proses satset
✅ Sabang - merauukeee https://t.co/VDDSQyhH2K",2,1,['Jijik'],False,identical label duplicate
"🫐 : Oma! Oma! Liyat.. Pelut Bae mengandung ☺☺
🧓🏻 : Baeyi tadi habiskan semua makanan, jadinya perut Baeyi besar seperti itu

🐱 : Udah ya kamu ga boleh makan lagi
🫐 : Bae belum mam pudding, Papa 🥺
🐱 : Meledak nanti perut kamu, nak
🧓🏻 : Gapapa. Nanti makan yg kecil aja ☺ https://t.co/a8dsM7fcBE",2,1,['Jijik'],False,identical label duplicate
