Id,Label,Community,Dominant_Emotion,In_Degree,Out_Degree,Total_Degree,Normalized_Degree,Betweenness_Centrality,PageRank,Closeness_Centrality,Communication_Role
ayyubi1127108,@ayyubi1127108,0,disgust,0,1,1,0.001031,0.0,0.000713,0.001375,Peripheral Citizen (Warganet Biasa)
Sekjebn,@Sekjebn,0,neutral,2,0,2,0.002062,2e-06,0.001925,0.002062,Secondary Influencer (Akun Penggerak)
azzundip,@azzundip,1,disgust,0,1,1,0.001031,0.0,0.000713,0.001031,Peripheral Citizen (Warganet Biasa)
cintamiyamin,@cintamiyamin,1,neutral,1,0,1,0.001031,0.0,0.001319,0.001031,Peripheral Citizen (Warganet Biasa)
hapycbyf,@hapycbyf,2,disgust,0,1,1,0.001031,0.0,0.000713,0.001031,Peripheral Citizen (Warganet Biasa)
spicygumbear,@spicygumbear,2,neutral,1,0,1,0.001031,0.0,0.001319,0.001031,Peripheral Citizen (Warganet Biasa)
Giziiii21,@Giziiii21,3,disgust,0,4,4,0.004124,1.3e-05,0.000713,0.004124,Information Broadcaster (Penyebar Wacana)
The911onABC,@The911onABC,3,neutral,1,0,1,0.001031,0.0,0.000864,0.002356,Peripheral Citizen (Warganet Biasa)
katrinrienks,@katrinrienks,4,disgust,0,1,1,0.001031,0.0,0.000713,0.001031,Peripheral Citizen (Warganet Biasa)
denni_sauya,@denni_sauya,4,neutral,1,0,1,0.001031,0.0,0.001319,0.001031,Peripheral Citizen (Warganet Biasa)
bangpoerslalu,@bangpoerslalu,15,disgust,0,2,2,0.002062,0.000185,0.000713,0.014922,Secondary Influencer (Akun Penggerak)
txtdrimedia,@txtdrimedia,15,disgust,1,0,1,0.001031,0.0,0.001016,0.012835,Peripheral Citizen (Warganet Biasa)
levelupyourss,@levelupyourss,6,disgust,0,1,1,0.001031,0.0,0.000713,0.001031,Peripheral Citizen (Warganet Biasa)
abbangz,@abbangz,6,neutral,1,0,1,0.001031,0.0,0.001319,0.001031,Peripheral Citizen (Warganet Biasa)
SussySusanti9,@SussySusanti9,7,disgust,0,2,2,0.002062,2e-06,0.000713,0.002062,Secondary Influencer (Akun Penggerak)
KaZep7,@KaZep7,7,neutral,1,0,1,0.001031,0.0,0.001016,0.001375,Peripheral Citizen (Warganet Biasa)
narkosun,@narkosun,7,disgust,1,0,1,0.001031,0.0,0.001016,0.001375,Peripheral Citizen (Warganet Biasa)
Casagrande10939,@Casagrande10939,8,disgust,0,10,10,0.010309,9.6e-05,0.000713,0.010309,Information Broadcaster (Penyebar Wacana)
SauloLinsFreir1,@SauloLinsFreir1,8,neutral,1,0,1,0.001031,0.0,0.000773,0.005426,Peripheral Citizen (Warganet Biasa)
misteriouspavao,@misteriouspavao,8,neutral,1,0,1,0.001031,0.0,0.000773,0.005426,Peripheral Citizen (Warganet Biasa)
HaileeNicole03,@HaileeNicole03,3,neutral,1,0,1,0.001031,0.0,0.000864,0.002356,Peripheral Citizen (Warganet Biasa)
RyliverUpdates,@RyliverUpdates,3,neutral,1,0,1,0.001031,0.0,0.000864,0.002356,Peripheral Citizen (Warganet Biasa)
DreamItFRR7,@DreamItFRR7,3,neutral,1,0,1,0.001031,0.0,0.000864,0.002356,Peripheral Citizen (Warganet Biasa)
pamcosta21,@pamcosta21,8,neutral,1,0,1,0.001031,0.0,0.000773,0.005426,Peripheral Citizen (Warganet Biasa)
lateniteyap,@lateniteyap,9,disgust,0,1,1,0.001031,0.0,0.000713,0.003368,Peripheral Citizen (Warganet Biasa)
tanyakanrl,@tanyakanrl,9,disgust,5,0,5,0.005155,4e-05,0.003137,0.005613,Target Sink (Akun Rujukan Keluhan)
byryull,@byryull,10,disgust,0,1,1,0.001031,0.0,0.000713,0.001031,Peripheral Citizen (Warganet Biasa)
ryulmaniaz,@ryulmaniaz,10,neutral,1,0,1,0.001031,0.0,0.001319,0.001031,Peripheral Citizen (Warganet Biasa)
preman69691,@preman69691,11,disgust,0,1,1,0.001031,0.0,0.000713,0.001375,Peripheral Citizen (Warganet Biasa)
DudeRafay60339,@DudeRafay60339,11,neutral,2,0,2,0.002062,2e-06,0.001925,0.002062,Secondary Influencer (Akun Penggerak)
junghwcan,@junghwcan,12,disgust,0,1,1,0.001031,0.0,0.000713,0.001031,Peripheral Citizen (Warganet Biasa)
minjeonug,@minjeonug,12,neutral,1,0,1,0.001031,0.0,0.001319,0.001031,Peripheral Citizen (Warganet Biasa)
DianRavi,@DianRavi,13,disgust,0,1,1,0.001031,0.0,0.000713,0.001031,Peripheral Citizen (Warganet Biasa)
kudanielbintik,@kudanielbintik,13,disgust,1,0,1,0.001031,0.0,0.001319,0.001031,Peripheral Citizen (Warganet Biasa)
TKawekas,@TKawekas,14,disgust,0,2,2,0.002062,2e-06,0.000713,0.002062,Secondary Influencer (Akun Penggerak)
daryllno4h,@daryllno4h,14,neutral,1,0,1,0.001031,0.0,0.001016,0.001375,Peripheral Citizen (Warganet Biasa)
Verun_000,@Verun_000,14,neutral,1,0,1,0.001031,0.0,0.001016,0.001375,Peripheral Citizen (Warganet Biasa)
IDeph13,@IDeph13,15,disgust,0,1,1,0.001031,0.0,0.000713,0.017431,Peripheral Citizen (Warganet Biasa)
RaidenKevin17,@RaidenKevin17,15,disgust,2,0,2,0.002062,0.000185,0.001405,0.021519,Secondary Influencer (Akun Penggerak)
camisa10sci,@camisa10sci,8,neutral,1,0,1,0.001031,0.0,0.000773,0.005426,Peripheral Citizen (Warganet Biasa)
Kell_cristineR,@Kell_cristineR,8,neutral,1,0,1,0.001031,0.0,0.000773,0.005426,Peripheral Citizen (Warganet Biasa)
anniestandersen,@anniestandersen,8,neutral,1,0,1,0.001031,0.0,0.000773,0.005426,Peripheral Citizen (Warganet Biasa)
BolsonaroSP,@BolsonaroSP,8,neutral,1,0,1,0.001031,0.0,0.000773,0.005426,Peripheral Citizen (Warganet Biasa)
TheInterceptBr,@TheInterceptBr,8,neutral,1,0,1,0.001031,0.0,0.000773,0.005426,Peripheral Citizen (Warganet Biasa)
4Y4NKZ,@4Y4NKZ,16,disgust,2,15,16,0.016495,0.000161,0.00106,0.016552,Secondary Influencer (Akun Penggerak)
newIding30,@newIding30,16,disgust,1,15,15,0.015464,9.7e-05,0.000773,0.014897,Information Broadcaster (Penyebar Wacana)
bonapasogit24,@bonapasogit24,16,neutral,2,0,2,0.002062,0.0,0.000817,0.009028,Secondary Influencer (Akun Penggerak)
trihhh14,@trihhh14,16,neutral,2,0,2,0.002062,0.0,0.000817,0.009028,Secondary Influencer (Akun Penggerak)
branjangankawat,@branjangankawat,16,neutral,2,0,2,0.002062,0.0,0.000817,0.009028,Secondary Influencer (Akun Penggerak)
tokaidirecycle,@tokaidirecycle,16,neutral,2,0,2,0.002062,0.0,0.000817,0.009028,Secondary Influencer (Akun Penggerak)
DestaMega27,@DestaMega27,16,neutral,2,0,2,0.002062,0.0,0.000817,0.009028,Secondary Influencer (Akun Penggerak)
wiyantokdr54,@wiyantokdr54,16,neutral,2,0,2,0.002062,0.0,0.000817,0.009028,Secondary Influencer (Akun Penggerak)
NusantaraJaya26,@NusantaraJaya26,16,neutral,2,0,2,0.002062,0.0,0.000817,0.009028,Secondary Influencer (Akun Penggerak)
YosAditya61,@YosAditya61,16,neutral,2,0,2,0.002062,0.0,0.000817,0.009028,Secondary Influencer (Akun Penggerak)
HafsaHerma41994,@HafsaHerma41994,16,neutral,2,0,2,0.002062,0.0,0.000817,0.009028,Secondary Influencer (Akun Penggerak)
mikuroQ,@mikuroQ,16,neutral,2,0,2,0.002062,0.0,0.000817,0.009028,Secondary Influencer (Akun Penggerak)
Asuka49043105,@Asuka49043105,16,neutral,2,0,2,0.002062,0.0,0.000817,0.009028,Secondary Influencer (Akun Penggerak)
fahmanSaja,@fahmanSaja,16,neutral,2,0,2,0.002062,0.0,0.000817,0.009028,Secondary Influencer (Akun Penggerak)
riyadisugeng167,@riyadisugeng167,16,neutral,2,0,2,0.002062,0.0,0.000817,0.009028,Secondary Influencer (Akun Penggerak)
Jediimar,@Jediimar,16,neutral,2,0,2,0.002062,0.0,0.000817,0.009028,Secondary Influencer (Akun Penggerak)
fanserine48,@fanserine48,0,disgust,0,1,1,0.001031,0.0,0.000713,0.001375,Peripheral Citizen (Warganet Biasa)
AsliDongo,@AsliDongo,17,disgust,0,1,1,0.001031,0.0,0.000713,0.001031,Peripheral Citizen (Warganet Biasa)
aimr0d,@aimr0d,17,neutral,1,0,1,0.001031,0.0,0.001319,0.001031,Peripheral Citizen (Warganet Biasa)
langitygbiru7,@langitygbiru7,15,disgust,0,1,1,0.001031,0.0,0.000713,0.027435,Peripheral Citizen (Warganet Biasa)
regar_op0sisi,@regar_op0sisi,15,disgust,5,2,7,0.007216,0.004564,0.003152,0.039135,Opinion Broker (Jembatan Diskursus)
JoniStrak01,@JoniStrak01,15,disgust,0,1,1,0.001031,0.0,0.000713,0.027435,Peripheral Citizen (Warganet Biasa)
citogog,@citogog,18,disgust,0,1,1,0.001031,0.0,0.000713,0.001031,Peripheral Citizen (Warganet Biasa)
Duren___,@Duren___,18,neutral,1,0,1,0.001031,0.0,0.001319,0.001031,Peripheral Citizen (Warganet Biasa)
naniesiahidayah,@naniesiahidayah,19,disgust,0,1,1,0.001031,0.0,0.000713,0.001031,Peripheral Citizen (Warganet Biasa)
avocadowaa,@avocadowaa,19,neutral,1,0,1,0.001031,0.0,0.001319,0.001031,Peripheral Citizen (Warganet Biasa)
Hendy74039,@Hendy74039,20,disgust,0,1,1,0.001031,0.0,0.000713,0.001031,Peripheral Citizen (Warganet Biasa)
LexMarteg,@LexMarteg,20,neutral,1,0,1,0.001031,0.0,0.001319,0.001031,Peripheral Citizen (Warganet Biasa)
888MBG,@888MBG,21,disgust,0,3,3,0.003093,6e-06,0.000713,0.003093,Information Broadcaster (Penyebar Wacana)
WesleyHuntTX,@WesleyHuntTX,21,neutral,1,0,1,0.001031,0.0,0.000915,0.001856,Peripheral Citizen (Warganet Biasa)
karimNoo12,@karimNoo12,22,disgust,0,1,1,0.001031,0.0,0.000713,0.001031,Peripheral Citizen (Warganet Biasa)
Y_CynthiaJKT48,@Y_CynthiaJKT48,22,neutral,1,0,1,0.001031,0.0,0.001319,0.001031,Peripheral Citizen (Warganet Biasa)
xquitavee,@xquitavee,15,disgust,1,1,2,0.002062,0.000366,0.001016,0.017741,Secondary Influencer (Akun Penggerak)
Khuhua,@Khuhua,23,disgust,0,1,1,0.001031,0.0,0.000713,0.001375,Peripheral Citizen (Warganet Biasa)
SpacesFolios,@SpacesFolios,23,neutral,2,0,2,0.002062,2e-06,0.001925,0.002062,Secondary Influencer (Akun Penggerak)
Profokiev,@Profokiev,24,disgust,0,1,1,0.001031,0.0,0.000713,0.001031,Peripheral Citizen (Warganet Biasa)
zenitrova,@zenitrova,24,neutral,1,0,1,0.001031,0.0,0.001319,0.001031,Peripheral Citizen (Warganet Biasa)
RekjanS,@RekjanS,25,disgust,0,1,1,0.001031,0.0,0.000713,0.001031,Peripheral Citizen (Warganet Biasa)
FayaAtika,@FayaAtika,25,neutral,1,0,1,0.001031,0.0,0.001319,0.001031,Peripheral Citizen (Warganet Biasa)
anindyabelle,@anindyabelle,26,disgust,0,1,1,0.001031,0.0,0.000713,0.001375,Peripheral Citizen (Warganet Biasa)
danskuss,@danskuss,26,neutral,2,0,2,0.002062,2e-06,0.001925,0.002062,Secondary Influencer (Akun Penggerak)
asbackretack,@asbackretack,27,disgust,0,1,1,0.001031,0.0,0.000713,0.002343,Peripheral Citizen (Warganet Biasa)
Makaryo0,@Makaryo0,27,disgust,3,0,3,0.003093,1.7e-05,0.001925,0.003682,Target Sink (Akun Rujukan Keluhan)
sijidw,@sijidw,27,disgust,0,2,2,0.002062,9e-06,0.000713,0.002864,Secondary Influencer (Akun Penggerak)
rizalxharun,@rizalxharun,27,neutral,1,0,1,0.001031,0.0,0.001016,0.001983,Peripheral Citizen (Warganet Biasa)
menbrrr,@menbrrr,28,disgust,0,1,1,0.001031,0.0,0.000713,0.001031,Peripheral Citizen (Warganet Biasa)
fiif_ardani,@fiif_ardani,28,neutral,1,0,1,0.001031,0.0,0.001319,0.001031,Peripheral Citizen (Warganet Biasa)
_Nikolicious,@_Nikolicious,29,disgust,0,1,1,0.001031,0.0,0.000713,0.001031,Peripheral Citizen (Warganet Biasa)
xongra56latione,@xongra56latione,29,neutral,1,0,1,0.001031,0.0,0.001319,0.001031,Peripheral Citizen (Warganet Biasa)
sabtudepan,@sabtudepan,30,disgust,0,1,1,0.001031,0.0,0.000713,0.001031,Peripheral Citizen (Warganet Biasa)
xAvellesch,@xAvellesch,30,neutral,1,0,1,0.001031,0.0,0.001319,0.001031,Peripheral Citizen (Warganet Biasa)
ziyaay111226212,@ziyaay111226212,31,disgust,0,1,1,0.001031,0.0,0.000713,0.001031,Peripheral Citizen (Warganet Biasa)
Sarangkusayang,@Sarangkusayang,31,neutral,1,0,1,0.001031,0.0,0.001319,0.001031,Peripheral Citizen (Warganet Biasa)
canmenita,@canmenita,32,disgust,0,1,1,0.001031,0.0,0.000713,0.001031,Peripheral Citizen (Warganet Biasa)
kuyngnim,@kuyngnim,32,neutral,1,0,1,0.001031,0.0,0.001319,0.001031,Peripheral Citizen (Warganet Biasa)
040Fitri84093,@040Fitri84093,33,disgust,0,2,2,0.002062,2e-06,0.000713,0.002062,Secondary Influencer (Akun Penggerak)
alwaysNanAd_,@alwaysNanAd_,33,neutral,1,0,1,0.001031,0.0,0.001016,0.001375,Peripheral Citizen (Warganet Biasa)
zynjinie_,@zynjinie_,33,disgust,1,0,1,0.001031,0.0,0.001016,0.001375,Peripheral Citizen (Warganet Biasa)
jjuberockin,@jjuberockin,34,disgust,0,1,1,0.001031,0.0,0.000713,0.001031,Peripheral Citizen (Warganet Biasa)
xxaegle,@xxaegle,34,neutral,1,0,1,0.001031,0.0,0.001319,0.001031,Peripheral Citizen (Warganet Biasa)
punishe98373138,@punishe98373138,15,disgust,0,7,7,0.007216,0.001156,0.000713,0.027914,Opinion Broker (Jembatan Diskursus)
prabowo,@prabowo,15,neutral,15,0,15,0.015464,0.005413,0.007984,0.037481,Target Sink (Otoritas Kebijakan)
DPR_RI,@DPR_RI,15,neutral,1,0,1,0.001031,0.0,0.000799,0.021403,Peripheral Citizen (Warganet Biasa)
MPR,@MPR,15,neutral,1,0,1,0.001031,0.0,0.000799,0.021403,Peripheral Citizen (Warganet Biasa)
Gerindra,@Gerindra,15,neutral,1,0,1,0.001031,0.0,0.000799,0.021403,Peripheral Citizen (Warganet Biasa)
sjafriesjams,@sjafriesjams,15,neutral,2,0,2,0.002062,4.5e-05,0.000886,0.022115,Secondary Influencer (Akun Penggerak)
bang_dasco,@bang_dasco,15,neutral,1,0,1,0.001031,0.0,0.000799,0.021403,Peripheral Citizen (Warganet Biasa)
AriFleischer,@AriFleischer,21,neutral,1,0,1,0.001031,0.0,0.000915,0.001856,Peripheral Citizen (Warganet Biasa)
igt_hast2prast,@igt_hast2prast,35,disgust,0,1,1,0.001031,0.0,0.000713,0.001031,Peripheral Citizen (Warganet Biasa)
otaknyakonslet,@otaknyakonslet,35,neutral,1,0,1,0.001031,0.0,0.001319,0.001031,Peripheral Citizen (Warganet Biasa)
Leifisherman,@Leifisherman,36,disgust,0,1,1,0.001031,0.0,0.000713,0.001031,Peripheral Citizen (Warganet Biasa)
Hidupsebagai62,@Hidupsebagai62,36,neutral,1,0,1,0.001031,0.0,0.001319,0.001031,Peripheral Citizen (Warganet Biasa)
ctrlaltdel_77,@ctrlaltdel_77,37,disgust,0,4,4,0.004124,1.3e-05,0.000713,0.004124,Information Broadcaster (Penyebar Wacana)
naiotnayrad,@naiotnayrad,37,neutral,1,0,1,0.001031,0.0,0.000864,0.002356,Peripheral Citizen (Warganet Biasa)
geofisi21994,@geofisi21994,37,neutral,1,0,1,0.001031,0.0,0.000864,0.002356,Peripheral Citizen (Warganet Biasa)
pamboodi,@pamboodi,37,neutral,1,0,1,0.001031,0.0,0.000864,0.002356,Peripheral Citizen (Warganet Biasa)
Gate_76,@Gate_76,37,neutral,1,0,1,0.001031,0.0,0.000864,0.002356,Peripheral Citizen (Warganet Biasa)
jeymire_,@jeymire_,38,disgust,0,1,1,0.001031,0.0,0.000713,0.001031,Peripheral Citizen (Warganet Biasa)
jahrarubyjaraa,@jahrarubyjaraa,38,neutral,1,0,1,0.001031,0.0,0.001319,0.001031,Peripheral Citizen (Warganet Biasa)
EricLDaugh,@EricLDaugh,21,neutral,1,0,1,0.001031,0.0,0.000915,0.001856,Peripheral Citizen (Warganet Biasa)
EpicRifqi,@EpicRifqi,39,disgust,0,1,1,0.001031,0.0,0.000713,0.001031,Peripheral Citizen (Warganet Biasa)
kompascom,@kompascom,39,disgust,1,0,1,0.001031,0.0,0.001319,0.001031,Peripheral Citizen (Warganet Biasa)
Xint_elvira05,@Xint_elvira05,40,love,0,1,1,0.001031,0.0,0.000713,0.001031,Peripheral Citizen (Warganet Biasa)
vespamatic96,@vespamatic96,40,neutral,1,0,1,0.001031,0.0,0.001319,0.001031,Peripheral Citizen (Warganet Biasa)
Ryan_Ramirez,@Ryan_Ramirez,41,disgust,0,1,1,0.001031,0.0,0.000713,0.001031,Peripheral Citizen (Warganet Biasa)
MiskinTV_,@MiskinTV_,41,disgust,1,0,1,0.001031,0.0,0.001319,0.001031,Peripheral Citizen (Warganet Biasa)
Yurifications_,@Yurifications_,42,disgust,0,1,1,0.001031,0.0,0.000713,0.001031,Peripheral Citizen (Warganet Biasa)
Aqua_Tako,@Aqua_Tako,42,neutral,1,0,1,0.001031,0.0,0.001319,0.001031,Peripheral Citizen (Warganet Biasa)
AvocadomiL,@AvocadomiL,43,disgust,0,1,1,0.001031,0.0,0.000713,0.001031,Peripheral Citizen (Warganet Biasa)
cozyaltruis,@cozyaltruis,43,disgust,1,0,1,0.001031,0.0,0.001319,0.001031,Peripheral Citizen (Warganet Biasa)
MuhamadNasir_79,@MuhamadNasir_79,15,disgust,0,1,1,0.001031,0.0,0.000713,0.027435,Peripheral Citizen (Warganet Biasa)
oelmaoel,@oelmaoel,44,disgust,0,2,2,0.002062,1.1e-05,0.000713,0.002855,Secondary Influencer (Akun Penggerak)
A_LuluJKT48,@A_LuluJKT48,44,neutral,1,0,1,0.001031,0.0,0.001016,0.002062,Peripheral Citizen (Warganet Biasa)
Aho_Serval,@Aho_Serval,45,disgust,1,1,1,0.001031,0.0,0.004573,0.001031,Peripheral Citizen (Warganet Biasa)
Nessss_02,@Nessss_02,45,disgust,1,1,1,0.001031,0.0,0.004573,0.001031,Peripheral Citizen (Warganet Biasa)
Rhym03,@Rhym03,15,disgust,0,2,2,0.002062,0.000366,0.000713,0.026971,Secondary Influencer (Akun Penggerak)
Jelli_cent,@Jelli_cent,15,disgust,1,1,2,0.002062,0.000185,0.001016,0.020954,Secondary Influencer (Akun Penggerak)
jseongnara29,@jseongnara29,46,disgust,0,2,2,0.002062,2e-06,0.000713,0.002062,Secondary Influencer (Akun Penggerak)
lheeseungily_,@lheeseungily_,46,neutral,1,0,1,0.001031,0.0,0.001016,0.001375,Peripheral Citizen (Warganet Biasa)
lopjaywon,@lopjaywon,46,neutral,1,0,1,0.001031,0.0,0.001016,0.001375,Peripheral Citizen (Warganet Biasa)
bicepsmingyu,@bicepsmingyu,47,disgust,0,1,1,0.001031,0.0,0.000713,0.001546,Peripheral Citizen (Warganet Biasa)
wondunge,@wondunge,47,neutral,2,0,2,0.002062,4e-06,0.001622,0.00232,Secondary Influencer (Akun Penggerak)
deelicato,@deelicato,48,disgust,0,2,2,0.002062,6e-06,0.000713,0.002356,Secondary Influencer (Akun Penggerak)
hunter_tnok,@hunter_tnok,48,neutral,2,0,2,0.002062,9e-06,0.001319,0.002749,Secondary Influencer (Akun Penggerak)
Jefferyyyyy,@Jefferyyyyy,48,neutral,1,0,1,0.001031,0.0,0.001016,0.001649,Peripheral Citizen (Warganet Biasa)
zellechao,@zellechao,49,disgust,0,1,1,0.001031,0.0,0.000713,0.001031,Peripheral Citizen (Warganet Biasa)
rsloav,@rsloav,49,neutral,1,0,1,0.001031,0.0,0.001319,0.001031,Peripheral Citizen (Warganet Biasa)
4ssahongsam,@4ssahongsam,50,disgust,0,1,1,0.001031,0.0,0.000713,0.001031,Peripheral Citizen (Warganet Biasa)
13_iwaN,@13_iwaN,50,neutral,1,0,1,0.001031,0.0,0.001319,0.001031,Peripheral Citizen (Warganet Biasa)
aksukadiskon,@aksukadiskon,51,disgust,0,1,1,0.001031,0.0,0.000713,0.001031,Peripheral Citizen (Warganet Biasa)
kimmyexp,@kimmyexp,51,disgust,1,0,1,0.001031,0.0,0.001319,0.001031,Peripheral Citizen (Warganet Biasa)
moonlyheeesunie,@moonlyheeesunie,52,disgust,0,2,2,0.002062,2e-06,0.000713,0.002062,Secondary Influencer (Akun Penggerak)
_ikkeunapp,@_ikkeunapp,52,neutral,1,0,1,0.001031,0.0,0.001016,0.001375,Peripheral Citizen (Warganet Biasa)
Byll_Upg,@Byll_Upg,53,disgust,0,1,1,0.001031,0.0,0.000713,0.001031,Peripheral Citizen (Warganet Biasa)
BarisanPemudaRI,@BarisanPemudaRI,53,neutral,1,0,1,0.001031,0.0,0.001319,0.001031,Peripheral Citizen (Warganet Biasa)
C_OnielJKT48,@C_OnielJKT48,44,neutral,2,0,2,0.002062,1.7e-05,0.001167,0.003711,Secondary Influencer (Akun Penggerak)
IOS_GrizlyWolf,@IOS_GrizlyWolf,26,disgust,0,1,1,0.001031,0.0,0.000713,0.001375,Peripheral Citizen (Warganet Biasa)
baymax911,@baymax911,54,disgust,0,1,1,0.001031,0.0,0.000713,0.001031,Peripheral Citizen (Warganet Biasa)
neesannisaa,@neesannisaa,54,neutral,1,0,1,0.001031,0.0,0.001319,0.001031,Peripheral Citizen (Warganet Biasa)
kelambang,@kelambang,55,disgust,0,1,1,0.001031,0.0,0.000713,0.001031,Peripheral Citizen (Warganet Biasa)
SobatUwu,@SobatUwu,55,neutral,1,0,1,0.001031,0.0,0.001319,0.001031,Peripheral Citizen (Warganet Biasa)
multibank_io,@multibank_io,56,disgust,2,3,5,0.005155,3.8e-05,0.001521,0.005613,Secondary Influencer (Akun Penggerak)
teedubya,@teedubya,56,neutral,1,0,1,0.001031,0.0,0.001144,0.003368,Peripheral Citizen (Warganet Biasa)
Zak_mbg,@Zak_mbg,56,neutral,1,0,1,0.001031,0.0,0.001144,0.003368,Peripheral Citizen (Warganet Biasa)
mbgtoken,@mbgtoken,56,disgust,0,3,3,0.003093,2.3e-05,0.000713,0.004592,Information Broadcaster (Penyebar Wacana)
Bitpanda,@Bitpanda,56,neutral,1,0,1,0.001031,0.0,0.000915,0.002971,Peripheral Citizen (Warganet Biasa)
MultiBankGroup,@MultiBankGroup,56,neutral,1,0,1,0.001031,0.0,0.000915,0.002971,Peripheral Citizen (Warganet Biasa)
juraganasset,@juraganasset,15,disgust,0,1,1,0.001031,0.0,0.000713,0.026612,Peripheral Citizen (Warganet Biasa)
MBGtoken,@MBGtoken,56,neutral,1,0,1,0.001031,0.0,0.001144,0.003368,Peripheral Citizen (Warganet Biasa)
EvoXHQ,@EvoXHQ,57,disgust,0,1,1,0.001031,0.0,0.000713,0.001031,Peripheral Citizen (Warganet Biasa)
pon_beer_mbg,@pon_beer_mbg,57,neutral,1,0,1,0.001031,0.0,0.001319,0.001031,Peripheral Citizen (Warganet Biasa)
bbiiyaya,@bbiiyaya,15,disgust,0,4,4,0.004124,0.000549,0.000713,0.027155,Opinion Broker (Jembatan Diskursus)
kemenkeu,@kemenkeu,15,neutral,1,0,1,0.001031,0.0,0.000864,0.020954,Peripheral Citizen (Warganet Biasa)
bpkri,@bpkri,15,neutral,1,0,1,0.001031,0.0,0.000864,0.020954,Peripheral Citizen (Warganet Biasa)
KejaksaanRI,@KejaksaanRI,15,neutral,1,0,1,0.001031,0.0,0.000864,0.020954,Peripheral Citizen (Warganet Biasa)
0dicta,@0dicta,58,disgust,0,1,1,0.001031,0.0,0.000713,0.002356,Peripheral Citizen (Warganet Biasa)
LambeSahamjja,@LambeSahamjja,58,disgust,4,0,4,0.004124,1.3e-05,0.003137,0.004124,Target Sink (Akun Rujukan Keluhan)
Rooseno16,@Rooseno16,59,disgust,0,2,2,0.002062,4e-06,0.000713,0.00232,Secondary Influencer (Akun Penggerak)
jeanhanji,@jeanhanji,59,neutral,1,0,1,0.001031,0.0,0.001016,0.001546,Peripheral Citizen (Warganet Biasa)
KapudS640,@KapudS640,59,disgust,2,0,2,0.002062,4e-06,0.001622,0.00232,Secondary Influencer (Akun Penggerak)
SusahDicari_01,@SusahDicari_01,60,disgust,0,2,2,0.002062,2e-06,0.000713,0.002062,Secondary Influencer (Akun Penggerak)
PutraMataSatu,@PutraMataSatu,60,neutral,1,0,1,0.001031,0.0,0.001016,0.001375,Peripheral Citizen (Warganet Biasa)
msaid_didu,@msaid_didu,60,neutral,1,0,1,0.001031,0.0,0.001016,0.001375,Peripheral Citizen (Warganet Biasa)
shehzaezen,@shehzaezen,61,disgust,0,1,1,0.001031,0.0,0.000713,0.021065,Peripheral Citizen (Warganet Biasa)
unmagnetism,@unmagnetism,61,disgust,2,0,2,0.002062,0.000185,0.001333,0.027341,Secondary Influencer (Akun Penggerak)
kurniawanaghil,@kurniawanaghil,15,disgust,0,1,1,0.001031,0.0,0.000713,0.026612,Peripheral Citizen (Warganet Biasa)
apatisgelap,@apatisgelap,62,disgust,0,1,1,0.001031,0.0,0.000713,0.001031,Peripheral Citizen (Warganet Biasa)
tuanmudazuhri,@tuanmudazuhri,62,neutral,1,0,1,0.001031,0.0,0.001319,0.001031,Peripheral Citizen (Warganet Biasa)
MBGLucas,@MBGLucas,63,disgust,0,1,1,0.001031,0.0,0.000713,0.001031,Peripheral Citizen (Warganet Biasa)
therealbuni,@therealbuni,63,neutral,1,0,1,0.001031,0.0,0.001319,0.001031,Peripheral Citizen (Warganet Biasa)
mukaikhlas,@mukaikhlas,64,disgust,1,1,2,0.002062,2e-06,0.001319,0.002062,Secondary Influencer (Akun Penggerak)
barcastuff_idn,@barcastuff_idn,64,neutral,1,0,1,0.001031,0.0,0.001834,0.001375,Peripheral Citizen (Warganet Biasa)
xiaotingiee,@xiaotingiee,65,disgust,0,1,1,0.001031,0.0,0.000713,0.001031,Peripheral Citizen (Warganet Biasa)
TllorVenus,@TllorVenus,65,neutral,1,0,1,0.001031,0.0,0.001319,0.001031,Peripheral Citizen (Warganet Biasa)
vanphetamine,@vanphetamine,66,disgust,0,1,1,0.001031,0.0,0.000713,0.001031,Peripheral Citizen (Warganet Biasa)
burjerQUEEN,@burjerQUEEN,66,neutral,1,0,1,0.001031,0.0,0.001319,0.001031,Peripheral Citizen (Warganet Biasa)
real__1993,@real__1993,67,disgust,0,1,1,0.001031,0.0,0.000713,0.001031,Peripheral Citizen (Warganet Biasa)
official_IMETU,@official_IMETU,67,neutral,1,0,1,0.001031,0.0,0.001319,0.001031,Peripheral Citizen (Warganet Biasa)
luckytsar,@luckytsar,15,disgust,0,1,1,0.001031,0.0,0.000713,0.026612,Peripheral Citizen (Warganet Biasa)
grok,@grok,61,disgust,0,42,42,0.043299,0.005941,0.000713,0.038568,Algorithmic Oracle (AI Fact-Checker)
HSoekma23,@HSoekma23,61,neutral,1,0,1,0.001031,0.0,0.000727,0.027155,Peripheral Citizen (Warganet Biasa)
unpwettygurl,@unpwettygurl,68,disgust,0,1,1,0.001031,0.0,0.000713,0.001031,Peripheral Citizen (Warganet Biasa)
naikkaki,@naikkaki,68,neutral,1,0,1,0.001031,0.0,0.001319,0.001031,Peripheral Citizen (Warganet Biasa)
ganjarpranowo,@ganjarpranowo,15,neutral,1,0,1,0.001031,0.0,0.001577,0.017059,Peripheral Citizen (Warganet Biasa)
kirimminji,@kirimminji,69,disgust,0,1,1,0.001031,0.0,0.000713,0.001031,Peripheral Citizen (Warganet Biasa)
haarxto,@haarxto,69,neutral,1,0,1,0.001031,0.0,0.001319,0.001031,Peripheral Citizen (Warganet Biasa)
Choco_CakeGirl,@Choco_CakeGirl,70,disgust,0,1,1,0.001031,0.0,0.000713,0.001031,Peripheral Citizen (Warganet Biasa)
lufcentt,@lufcentt,70,neutral,1,0,1,0.001031,0.0,0.001319,0.001031,Peripheral Citizen (Warganet Biasa)
cecanssizzle,@cecanssizzle,71,disgust,0,1,1,0.001031,0.0,0.000713,0.001031,Peripheral Citizen (Warganet Biasa)
eatsimple_x,@eatsimple_x,71,neutral,1,0,1,0.001031,0.0,0.001319,0.001031,Peripheral Citizen (Warganet Biasa)
UNinIndonesia,@UNinIndonesia,72,disgust,0,1,1,0.001031,0.0,0.000713,0.001031,Peripheral Citizen (Warganet Biasa)
FAO,@FAO,72,neutral,1,0,1,0.001031,0.0,0.001319,0.001031,Peripheral Citizen (Warganet Biasa)
chronictides,@chronictides,73,disgust,0,1,1,0.001031,0.0,0.000713,0.001031,Peripheral Citizen (Warganet Biasa)
JunonYaoi,@JunonYaoi,73,neutral,1,0,1,0.001031,0.0,0.001319,0.001031,Peripheral Citizen (Warganet Biasa)
KRjogjadotcom,@KRjogjadotcom,74,disgust,0,1,1,0.001031,0.0,0.000713,0.001031,Peripheral Citizen (Warganet Biasa)
KemenkesRI,@KemenkesRI,74,neutral,1,0,1,0.001031,0.0,0.001319,0.001031,Peripheral Citizen (Warganet Biasa)
Turu748392,@Turu748392,75,disgust,0,4,4,0.004124,1.3e-05,0.000713,0.004124,Information Broadcaster (Penyebar Wacana)
HaryaWee,@HaryaWee,75,neutral,1,0,1,0.001031,0.0,0.000864,0.002356,Peripheral Citizen (Warganet Biasa)
ANDIJaya490011,@ANDIJaya490011,75,neutral,1,0,1,0.001031,0.0,0.000864,0.002356,Peripheral Citizen (Warganet Biasa)
ren_tonggg,@ren_tonggg,75,neutral,1,0,1,0.001031,0.0,0.000864,0.002356,Peripheral Citizen (Warganet Biasa)
BANGSAygSUJUD,@BANGSAygSUJUD,75,neutral,1,0,1,0.001031,0.0,0.000864,0.002356,Peripheral Citizen (Warganet Biasa)
Arnikaaa7,@Arnikaaa7,76,disgust,0,2,2,0.002062,4e-06,0.000713,0.00232,Secondary Influencer (Akun Penggerak)
mengendog,@mengendog,76,neutral,1,0,1,0.001031,0.0,0.001016,0.001546,Peripheral Citizen (Warganet Biasa)
ARSIPAJA,@ARSIPAJA,76,neutral,2,0,2,0.002062,4e-06,0.001622,0.00232,Secondary Influencer (Akun Penggerak)
keisthoughts,@keisthoughts,77,disgust,0,1,1,0.001031,0.0,0.000713,0.001031,Peripheral Citizen (Warganet Biasa)
Diary7268742469,@Diary7268742469,77,neutral,1,0,1,0.001031,0.0,0.001319,0.001031,Peripheral Citizen (Warganet Biasa)
signewsx,@signewsx,78,disgust,1,1,2,0.002062,0.0,0.004573,0.0,Secondary Influencer (Akun Penggerak)
iz_fad,@iz_fad,15,disgust,0,2,2,0.002062,0.000185,0.000713,0.02679,Secondary Influencer (Akun Penggerak)
ekowboy2,@ekowboy2,15,neutral,1,0,1,0.001031,0.0,0.001016,0.020736,Peripheral Citizen (Warganet Biasa)
yeyonjunm,@yeyonjunm,79,disgust,0,1,1,0.001031,0.0,0.000713,0.001031,Peripheral Citizen (Warganet Biasa)
ppetalscsbn,@ppetalscsbn,79,neutral,1,0,1,0.001031,0.0,0.001319,0.001031,Peripheral Citizen (Warganet Biasa)
qiyukithes,@qiyukithes,80,disgust,0,1,1,0.001031,0.0,0.000713,0.001031,Peripheral Citizen (Warganet Biasa)
kakcaleb,@kakcaleb,80,neutral,1,0,1,0.001031,0.0,0.001319,0.001031,Peripheral Citizen (Warganet Biasa)
meliacomels,@meliacomels,81,disgust,0,1,1,0.001031,0.0,0.000713,0.001031,Peripheral Citizen (Warganet Biasa)
araalfarc,@araalfarc,81,neutral,1,0,1,0.001031,0.0,0.001319,0.001031,Peripheral Citizen (Warganet Biasa)
xxbunitoxx,@xxbunitoxx,82,disgust,0,1,1,0.001031,0.0,0.000713,0.001031,Peripheral Citizen (Warganet Biasa)
hyulryul,@hyulryul,82,neutral,1,0,1,0.001031,0.0,0.001319,0.001031,Peripheral Citizen (Warganet Biasa)
MeIlngar,@MeIlngar,83,disgust,0,3,3,0.003093,6e-06,0.000713,0.003093,Information Broadcaster (Penyebar Wacana)
Aeroleth,@Aeroleth,83,neutral,1,0,1,0.001031,0.0,0.000915,0.001856,Peripheral Citizen (Warganet Biasa)
rosyyzls,@rosyyzls,84,disgust,0,1,1,0.001031,0.0,0.000713,0.001031,Peripheral Citizen (Warganet Biasa)
rosyluluzi,@rosyluluzi,84,neutral,1,0,1,0.001031,0.0,0.001319,0.001031,Peripheral Citizen (Warganet Biasa)
AzureMandsager,@AzureMandsager,85,disgust,0,1,1,0.001031,0.0,0.000713,0.001031,Peripheral Citizen (Warganet Biasa)
chomeiyeo,@chomeiyeo,85,neutral,1,0,1,0.001031,0.0,0.001319,0.001031,Peripheral Citizen (Warganet Biasa)
c0rtisean,@c0rtisean,86,disgust,1,1,2,0.002062,0.0,0.004573,0.0,Secondary Influencer (Akun Penggerak)
kisscatto,@kisscatto,87,disgust,0,1,1,0.001031,0.0,0.000713,0.001031,Peripheral Citizen (Warganet Biasa)
Burgeohn,@Burgeohn,87,neutral,1,0,1,0.001031,0.0,0.001319,0.001031,Peripheral Citizen (Warganet Biasa)
annebolleyn_,@annebolleyn_,88,disgust,0,1,1,0.001031,0.0,0.000713,0.001031,Peripheral Citizen (Warganet Biasa)
norihaya_,@norihaya_,88,neutral,1,0,1,0.001031,0.0,0.001319,0.001031,Peripheral Citizen (Warganet Biasa)
AvelinoGuido28,@AvelinoGuido28,89,disgust,0,1,1,0.001031,0.0,0.000713,0.001031,Peripheral Citizen (Warganet Biasa)
tempodotco,@tempodotco,89,neutral,1,0,1,0.001031,0.0,0.001319,0.001031,Peripheral Citizen (Warganet Biasa)
paulus_pebria,@paulus_pebria,90,disgust,0,1,1,0.001031,0.0,0.000713,0.001031,Peripheral Citizen (Warganet Biasa)
eleanorr234,@eleanorr234,90,neutral,1,0,1,0.001031,0.0,0.001319,0.001031,Peripheral Citizen (Warganet Biasa)
aurahoki9_,@aurahoki9_,91,disgust,0,1,1,0.001031,0.0,0.000713,0.001031,Peripheral Citizen (Warganet Biasa)
henzzid,@henzzid,91,neutral,1,0,1,0.001031,0.0,0.001319,0.001031,Peripheral Citizen (Warganet Biasa)
Natha66962444,@Natha66962444,92,disgust,0,1,1,0.001031,0.0,0.000713,0.001031,Peripheral Citizen (Warganet Biasa)
susno2g,@susno2g,92,neutral,1,0,1,0.001031,0.0,0.001319,0.001031,Peripheral Citizen (Warganet Biasa)
arrahmah,@arrahmah,93,disgust,0,2,2,0.002062,2e-06,0.000713,0.002062,Secondary Influencer (Akun Penggerak)
arrahmahdotid,@arrahmahdotid,93,neutral,1,0,1,0.001031,0.0,0.001016,0.001375,Peripheral Citizen (Warganet Biasa)
arrahmah_id,@arrahmah_id,93,neutral,1,0,1,0.001031,0.0,0.001016,0.001375,Peripheral Citizen (Warganet Biasa)
banten_pemprov,@banten_pemprov,94,disgust,1,4,5,0.005155,6e-06,0.000905,0.003093,Information Broadcaster (Penyebar Wacana)
pemerintahprovinsibanten,@pemerintahprovinsibanten,94,neutral,1,0,1,0.001031,0.0,0.000905,0.001856,Peripheral Citizen (Warganet Biasa)
pemprovbanten,@pemprovbanten,94,neutral,1,0,1,0.001031,0.0,0.000905,0.001856,Peripheral Citizen (Warganet Biasa)
bantenprov,@bantenprov,94,neutral,1,0,1,0.001031,0.0,0.000905,0.001856,Peripheral Citizen (Warganet Biasa)
kudanyeng1r_,@kudanyeng1r_,61,neutral,1,0,1,0.001031,0.0,0.000727,0.027155,Peripheral Citizen (Warganet Biasa)
sosmedkeras,@sosmedkeras,95,disgust,0,1,1,0.001031,0.0,0.000713,0.001031,Peripheral Citizen (Warganet Biasa)
ariessphoto,@ariessphoto,95,neutral,1,0,1,0.001031,0.0,0.001319,0.001031,Peripheral Citizen (Warganet Biasa)
RicKY_KCh,@RicKY_KCh,15,disgust,0,1,1,0.001031,0.0,0.000713,0.026612,Peripheral Citizen (Warganet Biasa)
FaGtng,@FaGtng,15,disgust,0,1,1,0.001031,0.0,0.000713,0.026612,Peripheral Citizen (Warganet Biasa)
KompasTV,@KompasTV,96,disgust,1,1,2,0.002062,0.0,0.004573,0.0,Secondary Influencer (Akun Penggerak)
direktoridosen,@direktoridosen,15,disgust,0,4,4,0.004124,0.001236,0.000713,0.027914,Opinion Broker (Jembatan Diskursus)
dosenkesmas,@dosenkesmas,15,disgust,2,0,2,0.002062,0.000185,0.00147,0.021519,Secondary Influencer (Akun Penggerak)
iPoopBased,@iPoopBased,15,neutral,1,0,1,0.001031,0.0,0.000864,0.021403,Peripheral Citizen (Warganet Biasa)
gibran_tweet,@gibran_tweet,15,neutral,2,0,2,0.002062,0.000543,0.001728,0.021753,Target Sink (Otoritas Kebijakan)
merindukan07,@merindukan07,61,neutral,1,0,1,0.001031,0.0,0.000727,0.027155,Peripheral Citizen (Warganet Biasa)
yaniarsim,@yaniarsim,61,neutral,1,0,1,0.001031,0.0,0.000727,0.027155,Peripheral Citizen (Warganet Biasa)
Biskuitcoklat28,@Biskuitcoklat28,97,love,0,1,1,0.001031,0.0,0.000713,0.001031,Peripheral Citizen (Warganet Biasa)
B3doel___,@B3doel___,97,neutral,1,0,1,0.001031,0.0,0.001319,0.001031,Peripheral Citizen (Warganet Biasa)
rmbantitermul,@rmbantitermul,98,disgust,0,1,1,0.001031,0.0,0.000713,0.001375,Peripheral Citizen (Warganet Biasa)
Txtdariiugm,@Txtdariiugm,98,neutral,2,0,2,0.002062,2e-06,0.001925,0.002062,Secondary Influencer (Akun Penggerak)
wilsonlimaslz,@wilsonlimaslz,8,neutral,1,0,1,0.001031,0.0,0.000773,0.005426,Peripheral Citizen (Warganet Biasa)
reis_dos78287,@reis_dos78287,8,neutral,1,0,1,0.001031,0.0,0.000773,0.005426,Peripheral Citizen (Warganet Biasa)
MariaAlkaff_,@MariaAlkaff_,99,disgust,0,2,2,0.002062,2e-06,0.000713,0.002062,Secondary Influencer (Akun Penggerak)
OmJ_J3Nggott,@OmJ_J3Nggott,99,disgust,1,0,1,0.001031,0.0,0.001016,0.001375,Peripheral Citizen (Warganet Biasa)
Dsxxll5,@Dsxxll5,99,neutral,1,0,1,0.001031,0.0,0.001016,0.001375,Peripheral Citizen (Warganet Biasa)
raraisya_1,@raraisya_1,100,disgust,0,1,1,0.001031,0.0,0.000713,0.001546,Peripheral Citizen (Warganet Biasa)
DivHumas_Polri,@DivHumas_Polri,100,disgust,2,0,2,0.002062,4e-06,0.001622,0.00232,Secondary Influencer (Akun Penggerak)
Jennywasright,@Jennywasright,101,disgust,0,3,3,0.003093,6e-06,0.000713,0.003093,Information Broadcaster (Penyebar Wacana)
Delynn_JKT48,@Delynn_JKT48,101,neutral,1,0,1,0.001031,0.0,0.000915,0.001856,Peripheral Citizen (Warganet Biasa)
Greesel_JKT48,@Greesel_JKT48,101,disgust,1,0,1,0.001031,0.0,0.000915,0.001856,Peripheral Citizen (Warganet Biasa)
Yozgat_gizi,@Yozgat_gizi,102,disgust,0,2,2,0.002062,2e-06,0.000713,0.002062,Secondary Influencer (Akun Penggerak)
yozgatfmtv,@yozgatfmtv,102,neutral,1,0,1,0.001031,0.0,0.001016,0.001375,Peripheral Citizen (Warganet Biasa)
bersucuregurl,@bersucuregurl,103,disgust,1,1,2,0.002062,0.0,0.004573,0.0,Secondary Influencer (Akun Penggerak)
BeYumoi,@BeYumoi,104,disgust,0,1,1,0.001031,0.0,0.000713,0.001031,Peripheral Citizen (Warganet Biasa)
jokowi,@jokowi,104,neutral,1,0,1,0.001031,0.0,0.001319,0.001031,Target Sink (Otoritas Kebijakan)
HimaGiziUhamka,@HimaGiziUhamka,105,disgust,1,3,4,0.004124,2e-06,0.000995,0.002062,Information Broadcaster (Penyebar Wacana)
himagiziuhamka,@himagiziuhamka,105,neutral,1,0,1,0.001031,0.0,0.000995,0.001375,Peripheral Citizen (Warganet Biasa)
efn5645e,@efn5645e,105,neutral,1,0,1,0.001031,0.0,0.000995,0.001375,Peripheral Citizen (Warganet Biasa)
eMbahNyutz,@eMbahNyutz,61,neutral,1,0,1,0.001031,0.0,0.000727,0.027155,Peripheral Citizen (Warganet Biasa)
toniheru,@toniheru,61,neutral,1,0,1,0.001031,0.0,0.000727,0.027155,Peripheral Citizen (Warganet Biasa)
YudhaShanny2,@YudhaShanny2,106,disgust,0,1,1,0.001031,0.0,0.000713,0.001031,Peripheral Citizen (Warganet Biasa)
CakArmuji,@CakArmuji,106,neutral,1,0,1,0.001031,0.0,0.001319,0.001031,Peripheral Citizen (Warganet Biasa)
Siputty1,@Siputty1,15,disgust,0,1,1,0.001031,0.0,0.000713,0.026612,Peripheral Citizen (Warganet Biasa)
Yunusakbaba1905,@Yunusakbaba1905,102,neutral,1,0,1,0.001031,0.0,0.001016,0.001375,Peripheral Citizen (Warganet Biasa)
Navpem,@Navpem,107,disgust,0,1,1,0.001031,0.0,0.000713,0.001031,Peripheral Citizen (Warganet Biasa)
nksthi,@nksthi,107,neutral,1,0,1,0.001031,0.0,0.001319,0.001031,Peripheral Citizen (Warganet Biasa)
afrkml,@afrkml,108,disgust,0,1,1,0.001031,0.0,0.000713,0.001031,Peripheral Citizen (Warganet Biasa)
tingtingtuing_,@tingtingtuing_,108,neutral,1,0,1,0.001031,0.0,0.001319,0.001031,Peripheral Citizen (Warganet Biasa)
daffiriffi,@daffiriffi,15,disgust,0,7,7,0.007216,0.000984,0.000713,0.027721,Opinion Broker (Jembatan Diskursus)
Puspen_TNI,@Puspen_TNI,15,neutral,1,0,1,0.001031,0.0,0.000799,0.021289,Peripheral Citizen (Warganet Biasa)
Puspom_ad,@Puspom_ad,15,neutral,1,0,1,0.001031,0.0,0.000799,0.021289,Peripheral Citizen (Warganet Biasa)
tni_ad,@tni_ad,15,neutral,1,0,1,0.001031,0.0,0.000799,0.021289,Peripheral Citizen (Warganet Biasa)
_TNIAL_,@_TNIAL_,15,neutral,1,0,1,0.001031,0.0,0.000799,0.021289,Peripheral Citizen (Warganet Biasa)
_TNIAU,@_TNIAU,15,neutral,1,0,1,0.001031,0.0,0.000799,0.021289,Peripheral Citizen (Warganet Biasa)
saskiadina7,@saskiadina7,15,disgust,0,1,1,0.001031,0.0,0.000713,0.026612,Peripheral Citizen (Warganet Biasa)
DedynurPalakka,@DedynurPalakka,109,disgust,1,1,1,0.001031,0.0,0.004573,0.001031,Peripheral Citizen (Warganet Biasa)
Arman_topbgt,@Arman_topbgt,109,disgust,1,1,1,0.001031,0.0,0.004573,0.001031,Peripheral Citizen (Warganet Biasa)
markyasoul,@markyasoul,110,disgust,0,1,1,0.001031,0.0,0.000713,0.001031,Peripheral Citizen (Warganet Biasa)
cheettahlee,@cheettahlee,110,neutral,1,0,1,0.001031,0.0,0.001319,0.001031,Peripheral Citizen (Warganet Biasa)
verl0x,@verl0x,111,disgust,0,1,1,0.001031,0.0,0.000713,0.001031,Peripheral Citizen (Warganet Biasa)
bopo_jodhipati,@bopo_jodhipati,111,disgust,1,0,1,0.001031,0.0,0.001319,0.001031,Peripheral Citizen (Warganet Biasa)
idn_app,@idn_app,112,disgust,0,2,2,0.002062,4e-06,0.000713,0.00232,Secondary Influencer (Akun Penggerak)
CErine_JKT48,@CErine_JKT48,112,neutral,2,0,2,0.002062,4e-06,0.001622,0.00232,Secondary Influencer (Akun Penggerak)
Rilly_JKT48,@Rilly_JKT48,112,neutral,1,0,1,0.001031,0.0,0.001016,0.001546,Peripheral Citizen (Warganet Biasa)
txtfrommtiktok,@txtfrommtiktok,113,disgust,0,1,1,0.001031,0.0,0.000713,0.001031,Peripheral Citizen (Warganet Biasa)
UTDFade,@UTDFade,113,neutral,1,0,1,0.001031,0.0,0.001319,0.001031,Peripheral Citizen (Warganet Biasa)
liaasister,@liaasister,114,disgust,0,2,2,0.002062,2e-06,0.000713,0.002062,Secondary Influencer (Akun Penggerak)
P3gEl,@P3gEl,114,disgust,1,0,1,0.001031,0.0,0.001016,0.001375,Peripheral Citizen (Warganet Biasa)
ronnyhenk1,@ronnyhenk1,114,neutral,1,0,1,0.001031,0.0,0.001016,0.001375,Peripheral Citizen (Warganet Biasa)
adskals,@adskals,115,love,0,1,1,0.001031,0.0,0.000713,0.001375,Peripheral Citizen (Warganet Biasa)
tir_mcdohll,@tir_mcdohll,115,neutral,2,0,2,0.002062,2e-06,0.001925,0.002062,Secondary Influencer (Akun Penggerak)
judyopiaa,@judyopiaa,116,disgust,0,1,1,0.001031,0.0,0.000713,0.001031,Peripheral Citizen (Warganet Biasa)
chessefolkss,@chessefolkss,116,neutral,1,0,1,0.001031,0.0,0.001319,0.001031,Peripheral Citizen (Warganet Biasa)
adzakael,@adzakael,117,disgust,0,1,1,0.001031,0.0,0.000713,0.001375,Peripheral Citizen (Warganet Biasa)
wfr3104,@wfr3104,117,neutral,2,0,2,0.002062,2e-06,0.001925,0.002062,Secondary Influencer (Akun Penggerak)
graciasworld_,@graciasworld_,9,disgust,0,2,2,0.002062,1.3e-05,0.000713,0.003886,Secondary Influencer (Akun Penggerak)
rapp_yoongi,@rapp_yoongi,9,neutral,1,0,1,0.001031,0.0,0.001016,0.002659,Peripheral Citizen (Warganet Biasa)
vandelavan,@vandelavan,118,disgust,0,1,1,0.001031,0.0,0.000713,0.001031,Peripheral Citizen (Warganet Biasa)
daybyzak,@daybyzak,118,neutral,1,0,1,0.001031,0.0,0.001319,0.001031,Peripheral Citizen (Warganet Biasa)
IsmauAlim,@IsmauAlim,119,disgust,0,1,1,0.001031,0.0,0.000713,0.001031,Peripheral Citizen (Warganet Biasa)
Gendoet3G,@Gendoet3G,119,neutral,1,0,1,0.001031,0.0,0.001319,0.001031,Peripheral Citizen (Warganet Biasa)
amateurgy,@amateurgy,120,disgust,0,1,1,0.001031,0.0,0.000713,0.001031,Peripheral Citizen (Warganet Biasa)
hiitsteengirl,@hiitsteengirl,120,neutral,1,0,1,0.001031,0.0,0.001319,0.001031,Peripheral Citizen (Warganet Biasa)
rince_life,@rince_life,121,disgust,0,2,2,0.002062,2e-06,0.000713,0.002062,Secondary Influencer (Akun Penggerak)
eLAmaravati,@eLAmaravati,121,neutral,1,0,1,0.001031,0.0,0.001016,0.001375,Peripheral Citizen (Warganet Biasa)
peppreoni,@peppreoni,121,neutral,1,0,1,0.001031,0.0,0.001016,0.001375,Peripheral Citizen (Warganet Biasa)
ranqueenie04,@ranqueenie04,122,disgust,0,1,1,0.001031,0.0,0.000713,0.003093,Peripheral Citizen (Warganet Biasa)
tanyarlfes,@tanyarlfes,122,disgust,5,0,5,0.005155,3e-05,0.00344,0.005302,Target Sink (Akun Rujukan Keluhan)
tresmerveilleux,@tresmerveilleux,123,disgust,0,1,1,0.001031,0.0,0.000713,0.001031,Peripheral Citizen (Warganet Biasa)
cigareaftrdeath,@cigareaftrdeath,123,neutral,1,0,1,0.001031,0.0,0.001319,0.001031,Peripheral Citizen (Warganet Biasa)
martinayosevina,@martinayosevina,124,disgust,0,2,2,0.002062,2e-06,0.000713,0.002062,Secondary Influencer (Akun Penggerak)
FikRiddler,@FikRiddler,124,neutral,1,0,1,0.001031,0.0,0.001016,0.001375,Peripheral Citizen (Warganet Biasa)
adanginyah,@adanginyah,124,disgust,1,0,1,0.001031,0.0,0.001016,0.001375,Peripheral Citizen (Warganet Biasa)
amoebazoa_,@amoebazoa_,125,disgust,0,1,1,0.001031,0.0,0.000713,0.001031,Peripheral Citizen (Warganet Biasa)
Arlecchinio,@Arlecchinio,125,neutral,1,0,1,0.001031,0.0,0.001319,0.001031,Peripheral Citizen (Warganet Biasa)
Capitalisborju,@Capitalisborju,16,disgust,0,2,2,0.002062,3.4e-05,0.000713,0.009311,Secondary Influencer (Akun Penggerak)
kipyiksamgong,@kipyiksamgong,16,neutral,1,0,1,0.001031,0.0,0.001016,0.006207,Peripheral Citizen (Warganet Biasa)
kiyomigummy,@kiyomigummy,126,disgust,0,1,1,0.001031,0.0,0.000713,0.001031,Peripheral Citizen (Warganet Biasa)
Tenszchii,@Tenszchii,126,neutral,1,0,1,0.001031,0.0,0.001319,0.001031,Peripheral Citizen (Warganet Biasa)
babyrfox,@babyrfox,127,love,0,1,1,0.001031,0.0,0.000713,0.001031,Peripheral Citizen (Warganet Biasa)
Hanibon1004,@Hanibon1004,127,neutral,1,0,1,0.001031,0.0,0.001319,0.001031,Peripheral Citizen (Warganet Biasa)
Hearts2INA,@Hearts2INA,128,disgust,0,1,1,0.001031,0.0,0.000713,0.001031,Peripheral Citizen (Warganet Biasa)
Hearts2Hearts,@Hearts2Hearts,128,neutral,1,0,1,0.001031,0.0,0.001319,0.001031,Peripheral Citizen (Warganet Biasa)
susueuno,@susueuno,129,disgust,0,1,1,0.001031,0.0,0.000713,0.001031,Peripheral Citizen (Warganet Biasa)
thessnam,@thessnam,129,neutral,1,0,1,0.001031,0.0,0.001319,0.001031,Peripheral Citizen (Warganet Biasa)
QNisa22,@QNisa22,130,disgust,0,1,1,0.001031,0.0,0.000713,0.001375,Peripheral Citizen (Warganet Biasa)
bckupacc99,@bckupacc99,130,neutral,2,0,2,0.002062,2e-06,0.001925,0.002062,Secondary Influencer (Akun Penggerak)
febrixnx,@febrixnx,131,disgust,0,1,1,0.001031,0.0,0.000713,0.001375,Peripheral Citizen (Warganet Biasa)
G_minton,@G_minton,131,neutral,2,0,2,0.002062,2e-06,0.001925,0.002062,Secondary Influencer (Akun Penggerak)
AryaB1172,@AryaB1172,132,disgust,0,1,1,0.001031,0.0,0.000713,0.001031,Peripheral Citizen (Warganet Biasa)
Astro_Boy020,@Astro_Boy020,132,disgust,1,0,1,0.001031,0.0,0.001319,0.001031,Peripheral Citizen (Warganet Biasa)
duraNOTace,@duraNOTace,133,disgust,0,1,1,0.001031,0.0,0.000713,0.001031,Peripheral Citizen (Warganet Biasa)
sjfi_twider,@sjfi_twider,133,neutral,1,0,1,0.001031,0.0,0.001319,0.001031,Peripheral Citizen (Warganet Biasa)
Callherfray,@Callherfray,134,disgust,0,1,1,0.001031,0.0,0.000713,0.001031,Peripheral Citizen (Warganet Biasa)
Ccookk_,@Ccookk_,134,disgust,1,0,1,0.001031,0.0,0.001319,0.001031,Peripheral Citizen (Warganet Biasa)
flwrm00n,@flwrm00n,135,disgust,0,1,1,0.001031,0.0,0.000713,0.001031,Peripheral Citizen (Warganet Biasa)
bardanslm,@bardanslm,135,disgust,1,0,1,0.001031,0.0,0.001319,0.001031,Peripheral Citizen (Warganet Biasa)
mmelisa0309,@mmelisa0309,136,disgust,0,1,1,0.001031,0.0,0.000713,0.001031,Peripheral Citizen (Warganet Biasa)
hizwani,@hizwani,136,neutral,1,0,1,0.001031,0.0,0.001319,0.001031,Peripheral Citizen (Warganet Biasa)
211_istp,@211_istp,137,disgust,0,1,1,0.001031,0.0,0.000713,0.001031,Peripheral Citizen (Warganet Biasa)
chanheeehnahc,@chanheeehnahc,137,neutral,1,0,1,0.001031,0.0,0.001319,0.001031,Peripheral Citizen (Warganet Biasa)
fishcrman,@fishcrman,138,disgust,0,1,1,0.001031,0.0,0.000713,0.001031,Peripheral Citizen (Warganet Biasa)
galanntis,@galanntis,138,neutral,1,0,1,0.001031,0.0,0.001319,0.001031,Peripheral Citizen (Warganet Biasa)
MFBonX,@MFBonX,139,disgust,0,1,1,0.001031,0.0,0.000713,0.001031,Peripheral Citizen (Warganet Biasa)
Willi301001,@Willi301001,139,neutral,1,0,1,0.001031,0.0,0.001319,0.001031,Peripheral Citizen (Warganet Biasa)
Alarsszz,@Alarsszz,140,disgust,1,1,2,0.002062,2e-06,0.001319,0.002062,Secondary Influencer (Akun Penggerak)
anggraenime,@anggraenime,140,neutral,1,0,1,0.001031,0.0,0.001834,0.001375,Peripheral Citizen (Warganet Biasa)
ira_ndni,@ira_ndni,141,disgust,0,2,2,0.002062,2e-06,0.000713,0.002062,Secondary Influencer (Akun Penggerak)
doublesixbabe,@doublesixbabe,141,neutral,1,0,1,0.001031,0.0,0.001016,0.001375,Peripheral Citizen (Warganet Biasa)
zeegot_,@zeegot_,141,neutral,1,0,1,0.001031,0.0,0.001016,0.001375,Peripheral Citizen (Warganet Biasa)
bebekxpanda,@bebekxpanda,142,disgust,0,1,1,0.001031,0.0,0.000713,0.001031,Peripheral Citizen (Warganet Biasa)
wwwteshow06,@wwwteshow06,142,neutral,1,0,1,0.001031,0.0,0.001319,0.001031,Peripheral Citizen (Warganet Biasa)
notresponding02,@notresponding02,122,disgust,0,1,1,0.001031,0.0,0.000713,0.003093,Peripheral Citizen (Warganet Biasa)
haryfahrain,@haryfahrain,143,disgust,0,2,2,0.002062,6e-06,0.000713,0.002749,Secondary Influencer (Akun Penggerak)
simply_err,@simply_err,143,neutral,1,0,1,0.001031,0.0,0.001016,0.001833,Peripheral Citizen (Warganet Biasa)
itbfess_x,@itbfess_x,143,neutral,3,0,3,0.003093,9e-06,0.002071,0.003299,Target Sink (Akun Rujukan Keluhan)
Iam23853426,@Iam23853426,144,disgust,0,1,1,0.001031,0.0,0.000713,0.001031,Peripheral Citizen (Warganet Biasa)
qrivasiii,@qrivasiii,144,neutral,1,0,1,0.001031,0.0,0.001319,0.001031,Peripheral Citizen (Warganet Biasa)
mn_ji__,@mn_ji__,145,disgust,0,1,1,0.001031,0.0,0.000713,0.001031,Peripheral Citizen (Warganet Biasa)
carbs_racha,@carbs_racha,145,neutral,1,0,1,0.001031,0.0,0.001319,0.001031,Peripheral Citizen (Warganet Biasa)
vouzmoex,@vouzmoex,115,disgust,0,1,1,0.001031,0.0,0.000713,0.001375,Peripheral Citizen (Warganet Biasa)
shavyre,@shavyre,146,love,0,1,1,0.001031,0.0,0.000713,0.001031,Peripheral Citizen (Warganet Biasa)
ocilbetterthing,@ocilbetterthing,146,neutral,1,0,1,0.001031,0.0,0.001319,0.001031,Peripheral Citizen (Warganet Biasa)
duchessutara,@duchessutara,147,disgust,0,1,1,0.001031,0.0,0.000713,0.001031,Peripheral Citizen (Warganet Biasa)
asmaramerona,@asmaramerona,147,disgust,1,0,1,0.001031,0.0,0.001319,0.001031,Peripheral Citizen (Warganet Biasa)
shughani06,@shughani06,148,love,0,1,1,0.001031,0.0,0.000713,0.001031,Peripheral Citizen (Warganet Biasa)
ZS2129,@ZS2129,148,neutral,1,0,1,0.001031,0.0,0.001319,0.001031,Peripheral Citizen (Warganet Biasa)
hellokyeomcute,@hellokyeomcute,9,disgust,0,1,1,0.001031,0.0,0.000713,0.003368,Peripheral Citizen (Warganet Biasa)
hans_thetic,@hans_thetic,149,disgust,0,1,1,0.001031,0.0,0.000713,0.001031,Peripheral Citizen (Warganet Biasa)
deeandra_naya,@deeandra_naya,149,neutral,1,0,1,0.001031,0.0,0.001319,0.001031,Peripheral Citizen (Warganet Biasa)
persetukuan,@persetukuan,150,disgust,0,1,1,0.001031,0.0,0.000713,0.001031,Peripheral Citizen (Warganet Biasa)
nyaw2yawn,@nyaw2yawn,150,neutral,1,0,1,0.001031,0.0,0.001319,0.001031,Peripheral Citizen (Warganet Biasa)
rerawon,@rerawon,151,disgust,0,2,2,0.002062,4e-06,0.000713,0.00232,Secondary Influencer (Akun Penggerak)
frrnbtst246,@frrnbtst246,151,neutral,1,0,1,0.001031,0.0,0.001016,0.001546,Peripheral Citizen (Warganet Biasa)
arieparikesit,@arieparikesit,151,disgust,1,1,2,0.002062,4e-06,0.001016,0.00232,Secondary Influencer (Akun Penggerak)
TengkuDTrace,@TengkuDTrace,117,disgust,0,1,1,0.001031,0.0,0.000713,0.001375,Peripheral Citizen (Warganet Biasa)
tenmaoko,@tenmaoko,152,disgust,0,1,1,0.001031,0.0,0.000713,0.001031,Peripheral Citizen (Warganet Biasa)
pentolanobuu,@pentolanobuu,152,disgust,1,0,1,0.001031,0.0,0.001319,0.001031,Peripheral Citizen (Warganet Biasa)
JhHsCwF4_86,@JhHsCwF4_86,140,disgust,0,1,1,0.001031,0.0,0.000713,0.001375,Peripheral Citizen (Warganet Biasa)
pchu2101,@pchu2101,122,disgust,0,1,1,0.001031,0.0,0.000713,0.003093,Peripheral Citizen (Warganet Biasa)
4evrlostt,@4evrlostt,153,disgust,0,1,1,0.001031,0.0,0.000713,0.001031,Peripheral Citizen (Warganet Biasa)
serenaderealm,@serenaderealm,153,neutral,1,0,1,0.001031,0.0,0.001319,0.001031,Peripheral Citizen (Warganet Biasa)
Toto_B2W,@Toto_B2W,154,disgust,0,1,1,0.001031,0.0,0.000713,0.001031,Peripheral Citizen (Warganet Biasa)
MasMenteri,@MasMenteri,154,neutral,1,0,1,0.001031,0.0,0.001319,0.001031,Peripheral Citizen (Warganet Biasa)
secretciaaa,@secretciaaa,155,disgust,0,1,1,0.001031,0.0,0.000713,0.001031,Peripheral Citizen (Warganet Biasa)
jastipelice,@jastipelice,155,neutral,1,0,1,0.001031,0.0,0.001319,0.001031,Peripheral Citizen (Warganet Biasa)
zagitovaalinaa,@zagitovaalinaa,156,disgust,0,1,1,0.001031,0.0,0.000713,0.001031,Peripheral Citizen (Warganet Biasa)
baseconvo,@baseconvo,156,disgust,1,0,1,0.001031,0.0,0.001319,0.001031,Peripheral Citizen (Warganet Biasa)
rezzahabibie,@rezzahabibie,101,neutral,1,0,1,0.001031,0.0,0.000915,0.001856,Peripheral Citizen (Warganet Biasa)
machalee26,@machalee26,157,disgust,0,1,1,0.001031,0.0,0.000713,0.001031,Peripheral Citizen (Warganet Biasa)
Deliarhyu_,@Deliarhyu_,157,neutral,1,0,1,0.001031,0.0,0.001319,0.001031,Peripheral Citizen (Warganet Biasa)
kukuhya,@kukuhya,158,disgust,0,1,1,0.001031,0.0,0.000713,0.001031,Peripheral Citizen (Warganet Biasa)
ulasanwarga,@ulasanwarga,158,neutral,1,0,1,0.001031,0.0,0.001319,0.001031,Peripheral Citizen (Warganet Biasa)
newwiesbear,@newwiesbear,159,disgust,0,1,1,0.001031,0.0,0.000713,0.001031,Peripheral Citizen (Warganet Biasa)
daysadber,@daysadber,159,neutral,1,0,1,0.001031,0.0,0.001319,0.001031,Peripheral Citizen (Warganet Biasa)
VisinemaID,@VisinemaID,160,disgust,0,1,1,0.001031,0.0,0.000713,0.001031,Peripheral Citizen (Warganet Biasa)
RedaGaudiamo,@RedaGaudiamo,160,neutral,1,0,1,0.001031,0.0,0.001319,0.001031,Peripheral Citizen (Warganet Biasa)
sakuinmypocket,@sakuinmypocket,161,disgust,0,1,1,0.001031,0.0,0.000713,0.001375,Peripheral Citizen (Warganet Biasa)
hrdbacot,@hrdbacot,161,neutral,2,0,2,0.002062,2e-06,0.001925,0.002062,Secondary Influencer (Akun Penggerak)
wolfiesweettalk,@wolfiesweettalk,122,disgust,0,1,1,0.001031,0.0,0.000713,0.003093,Peripheral Citizen (Warganet Biasa)
humeleceed,@humeleceed,162,disgust,0,1,1,0.001031,0.0,0.000713,0.001031,Peripheral Citizen (Warganet Biasa)
kucinghilang_,@kucinghilang_,162,neutral,1,0,1,0.001031,0.0,0.001319,0.001031,Peripheral Citizen (Warganet Biasa)
thranduilion,@thranduilion,163,disgust,0,1,1,0.001031,0.0,0.000713,0.001031,Peripheral Citizen (Warganet Biasa)
azisanoor,@azisanoor,163,neutral,1,0,1,0.001031,0.0,0.001319,0.001031,Peripheral Citizen (Warganet Biasa)
Naandaa27,@Naandaa27,100,disgust,0,2,2,0.002062,4e-06,0.000713,0.00232,Secondary Influencer (Akun Penggerak)
Polres_Kab_Bima,@Polres_Kab_Bima,100,neutral,1,0,1,0.001031,0.0,0.001016,0.001546,Peripheral Citizen (Warganet Biasa)
poerisia,@poerisia,164,disgust,0,1,1,0.001031,0.0,0.000713,0.001031,Peripheral Citizen (Warganet Biasa)
Rickyshenu,@Rickyshenu,164,neutral,1,0,1,0.001031,0.0,0.001319,0.001031,Peripheral Citizen (Warganet Biasa)
PamenangAgro,@PamenangAgro,151,neutral,1,0,1,0.001031,0.0,0.001577,0.001546,Peripheral Citizen (Warganet Biasa)
seMOAloka,@seMOAloka,165,disgust,0,1,1,0.001031,0.0,0.000713,0.001031,Peripheral Citizen (Warganet Biasa)
moa_surabaya,@moa_surabaya,165,neutral,1,0,1,0.001031,0.0,0.001319,0.001031,Peripheral Citizen (Warganet Biasa)
alssskey,@alssskey,166,disgust,0,1,1,0.001031,0.0,0.000713,0.001031,Peripheral Citizen (Warganet Biasa)
dindappd,@dindappd,166,neutral,1,0,1,0.001031,0.0,0.001319,0.001031,Peripheral Citizen (Warganet Biasa)
yourqkitten,@yourqkitten,167,disgust,0,1,1,0.001031,0.0,0.000713,0.001031,Peripheral Citizen (Warganet Biasa)
ElternHospi,@ElternHospi,167,neutral,1,0,1,0.001031,0.0,0.001319,0.001031,Peripheral Citizen (Warganet Biasa)
sungjintsel,@sungjintsel,168,disgust,0,1,1,0.001031,0.0,0.000713,0.001031,Peripheral Citizen (Warganet Biasa)
asteriia_c,@asteriia_c,168,neutral,1,0,1,0.001031,0.0,0.001319,0.001031,Peripheral Citizen (Warganet Biasa)
sebutsaja_avo,@sebutsaja_avo,61,neutral,1,0,1,0.001031,0.0,0.000727,0.027155,Peripheral Citizen (Warganet Biasa)
JefriNachkal,@JefriNachkal,61,neutral,1,0,1,0.001031,0.0,0.000727,0.027155,Peripheral Citizen (Warganet Biasa)
zoelfick,@zoelfick,169,love,0,1,1,0.001031,0.0,0.000713,0.001031,Peripheral Citizen (Warganet Biasa)
NathaliaChaca,@NathaliaChaca,169,neutral,1,0,1,0.001031,0.0,0.001319,0.001031,Peripheral Citizen (Warganet Biasa)
cirengkedut,@cirengkedut,170,disgust,0,1,1,0.001031,0.0,0.000713,0.001031,Peripheral Citizen (Warganet Biasa)
nifar4ngantukZz,@nifar4ngantukZz,170,neutral,1,0,1,0.001031,0.0,0.001319,0.001031,Peripheral Citizen (Warganet Biasa)
masihmuzysian,@masihmuzysian,171,disgust,0,1,1,0.001031,0.0,0.000713,0.001031,Peripheral Citizen (Warganet Biasa)
Roseixnx_,@Roseixnx_,171,neutral,1,0,1,0.001031,0.0,0.001319,0.001031,Peripheral Citizen (Warganet Biasa)
tcroco,@tcroco,172,disgust,0,1,1,0.001031,0.0,0.000713,0.001031,Peripheral Citizen (Warganet Biasa)
Gunuhg,@Gunuhg,172,neutral,1,0,1,0.001031,0.0,0.001319,0.001031,Peripheral Citizen (Warganet Biasa)
NamakuAbby,@NamakuAbby,173,disgust,0,2,2,0.002062,2e-06,0.000713,0.002062,Secondary Influencer (Akun Penggerak)
Kimmy_JKT48,@Kimmy_JKT48,173,neutral,1,0,1,0.001031,0.0,0.001016,0.001375,Peripheral Citizen (Warganet Biasa)
GROVY_ID,@GROVY_ID,173,neutral,1,0,1,0.001031,0.0,0.001016,0.001375,Peripheral Citizen (Warganet Biasa)
abuyahany,@abuyahany,174,disgust,0,1,1,0.001031,0.0,0.000713,0.001031,Peripheral Citizen (Warganet Biasa)
IRGC__Iran,@IRGC__Iran,174,neutral,1,0,1,0.001031,0.0,0.001319,0.001031,Peripheral Citizen (Warganet Biasa)
kogjiro,@kogjiro,175,love,0,1,1,0.001031,0.0,0.000713,0.001031,Peripheral Citizen (Warganet Biasa)
unthomasnt,@unthomasnt,175,neutral,1,0,1,0.001031,0.0,0.001319,0.001031,Peripheral Citizen (Warganet Biasa)
aaowdih,@aaowdih,176,disgust,0,1,1,0.001031,0.0,0.000713,0.001031,Peripheral Citizen (Warganet Biasa)
gawincaskey,@gawincaskey,176,neutral,1,0,1,0.001031,0.0,0.001319,0.001031,Peripheral Citizen (Warganet Biasa)
tattyhassan,@tattyhassan,177,disgust,0,1,1,0.001031,0.0,0.000713,0.001031,Peripheral Citizen (Warganet Biasa)
yeidd4656,@yeidd4656,177,neutral,1,0,1,0.001031,0.0,0.001319,0.001031,Peripheral Citizen (Warganet Biasa)
DewTeeID,@DewTeeID,178,disgust,0,1,1,0.001031,0.0,0.000713,0.001031,Peripheral Citizen (Warganet Biasa)
dew_jsu,@dew_jsu,178,neutral,1,0,1,0.001031,0.0,0.001319,0.001031,Peripheral Citizen (Warganet Biasa)
lararstudentens,@lararstudentens,179,disgust,0,1,1,0.001031,0.0,0.000713,0.001031,Peripheral Citizen (Warganet Biasa)
FredrikHjelm4,@FredrikHjelm4,179,neutral,1,0,1,0.001031,0.0,0.001319,0.001031,Peripheral Citizen (Warganet Biasa)
arguwz,@arguwz,180,disgust,0,2,2,0.002062,2e-06,0.000713,0.002062,Secondary Influencer (Akun Penggerak)
natadexox,@natadexox,180,neutral,1,0,1,0.001031,0.0,0.001016,0.001375,Peripheral Citizen (Warganet Biasa)
jempqut,@jempqut,180,neutral,1,0,1,0.001031,0.0,0.001016,0.001375,Peripheral Citizen (Warganet Biasa)
sneuperdokkum,@sneuperdokkum,181,disgust,0,2,2,0.002062,2e-06,0.000713,0.002062,Secondary Influencer (Akun Penggerak)
BartNijman,@BartNijman,181,neutral,1,0,1,0.001031,0.0,0.001016,0.001375,Peripheral Citizen (Warganet Biasa)
Johvsinderen,@Johvsinderen,181,neutral,1,0,1,0.001031,0.0,0.001016,0.001375,Peripheral Citizen (Warganet Biasa)
AtencionYoSoy,@AtencionYoSoy,182,disgust,0,1,1,0.001031,0.0,0.000713,0.001031,Peripheral Citizen (Warganet Biasa)
josueda34524490,@josueda34524490,182,neutral,1,0,1,0.001031,0.0,0.001319,0.001031,Peripheral Citizen (Warganet Biasa)
mariolrh,@mariolrh,183,disgust,0,1,1,0.001031,0.0,0.000713,0.001833,Peripheral Citizen (Warganet Biasa)
PalomaValenciaL,@PalomaValenciaL,183,neutral,2,0,2,0.002062,6e-06,0.001521,0.002749,Secondary Influencer (Akun Penggerak)
eisbedog,@eisbedog,184,disgust,0,4,4,0.004124,1.6e-05,0.000713,0.004296,Information Broadcaster (Penyebar Wacana)
meridian_agent,@meridian_agent,184,neutral,2,0,2,0.002062,3e-06,0.001167,0.003222,Secondary Influencer (Akun Penggerak)
0xyunss,@0xyunss,184,neutral,2,0,2,0.002062,3e-06,0.001167,0.003222,Secondary Influencer (Akun Penggerak)
EvilPanda,@EvilPanda,184,neutral,1,0,1,0.001031,0.0,0.000864,0.002577,Peripheral Citizen (Warganet Biasa)
MeteoraIDN,@MeteoraIDN,184,neutral,1,0,1,0.001031,0.0,0.000864,0.002577,Peripheral Citizen (Warganet Biasa)
mulhersonhador,@mulhersonhador,185,disgust,0,1,1,0.001031,0.0,0.000713,0.001031,Peripheral Citizen (Warganet Biasa)
PacorPo89343,@PacorPo89343,185,neutral,1,0,1,0.001031,0.0,0.001319,0.001031,Peripheral Citizen (Warganet Biasa)
yvette_yvette19,@yvette_yvette19,186,disgust,0,2,2,0.002062,2e-06,0.000713,0.002062,Secondary Influencer (Akun Penggerak)
renepaas,@renepaas,186,neutral,1,0,1,0.001031,0.0,0.001016,0.001375,Peripheral Citizen (Warganet Biasa)
Gemeente_Pekela,@Gemeente_Pekela,186,neutral,1,0,1,0.001031,0.0,0.001016,0.001375,Peripheral Citizen (Warganet Biasa)
kodohutu,@kodohutu,187,love,0,3,3,0.003093,6e-06,0.000713,0.003093,Information Broadcaster (Penyebar Wacana)
mbgnetworkfnf,@mbgnetworkfnf,187,neutral,1,0,1,0.001031,0.0,0.000915,0.001856,Peripheral Citizen (Warganet Biasa)
GuarEmperor,@GuarEmperor,187,neutral,1,0,1,0.001031,0.0,0.000915,0.001856,Peripheral Citizen (Warganet Biasa)
setyamickala,@setyamickala,187,neutral,1,0,1,0.001031,0.0,0.000915,0.001856,Peripheral Citizen (Warganet Biasa)
opiyannn,@opiyannn,188,disgust,0,1,1,0.001031,0.0,0.000713,0.001031,Peripheral Citizen (Warganet Biasa)
fajrek1,@fajrek1,188,neutral,1,0,1,0.001031,0.0,0.001319,0.001031,Peripheral Citizen (Warganet Biasa)
rolicein,@rolicein,189,disgust,0,1,1,0.001031,0.0,0.000713,0.001031,Peripheral Citizen (Warganet Biasa)
shctngstar,@shctngstar,189,neutral,1,0,1,0.001031,0.0,0.001319,0.001031,Peripheral Citizen (Warganet Biasa)
VivianRojas_13,@VivianRojas_13,190,disgust,0,1,1,0.001031,0.0,0.000713,0.001031,Peripheral Citizen (Warganet Biasa)
monfleuur,@monfleuur,190,neutral,1,0,1,0.001031,0.0,0.001319,0.001031,Peripheral Citizen (Warganet Biasa)
SorSarna_n1,@SorSarna_n1,191,disgust,0,1,1,0.001031,0.0,0.000713,0.001031,Peripheral Citizen (Warganet Biasa)
daniesdsk,@daniesdsk,191,neutral,1,0,1,0.001031,0.0,0.001319,0.001031,Peripheral Citizen (Warganet Biasa)
AlterTimeSK,@AlterTimeSK,192,disgust,1,1,2,0.002062,0.0,0.004573,0.0,Secondary Influencer (Akun Penggerak)
boschettoman,@boschettoman,193,disgust,0,1,1,0.001031,0.0,0.000713,0.001031,Peripheral Citizen (Warganet Biasa)
samson_samsen,@samson_samsen,193,neutral,1,0,1,0.001031,0.0,0.001319,0.001031,Peripheral Citizen (Warganet Biasa)
ebo_hoekstra,@ebo_hoekstra,194,disgust,0,1,1,0.001031,0.0,0.000713,0.001031,Peripheral Citizen (Warganet Biasa)
FritstenHove,@FritstenHove,194,neutral,1,0,1,0.001031,0.0,0.001319,0.001031,Peripheral Citizen (Warganet Biasa)
xena940769,@xena940769,195,disgust,0,1,1,0.001031,0.0,0.000713,0.001031,Peripheral Citizen (Warganet Biasa)
Zayniezmoon,@Zayniezmoon,195,neutral,1,0,1,0.001031,0.0,0.001319,0.001031,Peripheral Citizen (Warganet Biasa)
ojitosdebolillo,@ojitosdebolillo,196,disgust,0,1,1,0.001031,0.0,0.000713,0.001031,Peripheral Citizen (Warganet Biasa)
AlexBaks82,@AlexBaks82,196,disgust,1,0,1,0.001031,0.0,0.001319,0.001031,Peripheral Citizen (Warganet Biasa)
marcomout,@marcomout,197,disgust,0,3,3,0.003093,6e-06,0.000713,0.003093,Information Broadcaster (Penyebar Wacana)
rtvnoord,@rtvnoord,197,neutral,1,0,1,0.001031,0.0,0.000915,0.001856,Peripheral Citizen (Warganet Biasa)
dvhn_nl,@dvhn_nl,197,neutral,1,0,1,0.001031,0.0,0.000915,0.001856,Peripheral Citizen (Warganet Biasa)
groningen,@groningen,197,neutral,1,0,1,0.001031,0.0,0.000915,0.001856,Peripheral Citizen (Warganet Biasa)
ovacionweb,@ovacionweb,198,disgust,1,1,2,0.002062,0.0,0.004573,0.0,Secondary Influencer (Akun Penggerak)
ByViral24,@ByViral24,199,disgust,0,1,1,0.001031,0.0,0.000713,0.001031,Peripheral Citizen (Warganet Biasa)
ABDELAESPRIELLA,@ABDELAESPRIELLA,199,disgust,1,0,1,0.001031,0.0,0.001319,0.001031,Peripheral Citizen (Warganet Biasa)
bender_great_83,@bender_great_83,200,disgust,0,2,2,0.002062,2e-06,0.000713,0.002062,Secondary Influencer (Akun Penggerak)
YilmazTim,@YilmazTim,200,neutral,1,0,1,0.001031,0.0,0.001016,0.001375,Peripheral Citizen (Warganet Biasa)
Ohmann77,@Ohmann77,200,neutral,1,0,1,0.001031,0.0,0.001016,0.001375,Peripheral Citizen (Warganet Biasa)
andreamatalinar,@andreamatalinar,201,disgust,0,3,3,0.003093,6e-06,0.000713,0.003093,Information Broadcaster (Penyebar Wacana)
IraciHassler,@IraciHassler,201,neutral,1,0,1,0.001031,0.0,0.000915,0.001856,Peripheral Citizen (Warganet Biasa)
Contraloriacl,@Contraloriacl,201,neutral,1,0,1,0.001031,0.0,0.000915,0.001856,Peripheral Citizen (Warganet Biasa)
GobiernodeChile,@GobiernodeChile,201,neutral,1,0,1,0.001031,0.0,0.000915,0.001856,Peripheral Citizen (Warganet Biasa)
Pierrot0Fatui,@Pierrot0Fatui,202,disgust,0,1,1,0.001031,0.0,0.000713,0.001031,Peripheral Citizen (Warganet Biasa)
haloaeven,@haloaeven,202,neutral,1,0,1,0.001031,0.0,0.001319,0.001031,Peripheral Citizen (Warganet Biasa)
sentiCrysalis,@sentiCrysalis,203,disgust,0,2,2,0.002062,2e-06,0.000713,0.002062,Secondary Influencer (Akun Penggerak)
LalooHF,@LalooHF,203,neutral,1,0,1,0.001031,0.0,0.001016,0.001375,Peripheral Citizen (Warganet Biasa)
jwidemi,@jwidemi,203,neutral,1,0,1,0.001031,0.0,0.001016,0.001375,Peripheral Citizen (Warganet Biasa)
Ana63490092,@Ana63490092,204,disgust,0,1,1,0.001031,0.0,0.000713,0.001031,Peripheral Citizen (Warganet Biasa)
Academica2021,@Academica2021,204,neutral,1,0,1,0.001031,0.0,0.001319,0.001031,Peripheral Citizen (Warganet Biasa)
JohnSmithMason,@JohnSmithMason,205,love,0,1,1,0.001031,0.0,0.000713,0.001031,Peripheral Citizen (Warganet Biasa)
Chucho324789,@Chucho324789,205,neutral,1,0,1,0.001031,0.0,0.001319,0.001031,Peripheral Citizen (Warganet Biasa)
SaGo_S7,@SaGo_S7,206,disgust,0,2,2,0.002062,2e-06,0.000713,0.002062,Secondary Influencer (Akun Penggerak)
hey_timor,@hey_timor,206,neutral,1,0,1,0.001031,0.0,0.001016,0.001375,Peripheral Citizen (Warganet Biasa)
vocalissima,@vocalissima,206,neutral,1,0,1,0.001031,0.0,0.001016,0.001375,Peripheral Citizen (Warganet Biasa)
AdriRM33,@AdriRM33,207,disgust,0,1,1,0.001031,0.0,0.000713,0.001031,Peripheral Citizen (Warganet Biasa)
latigoserrano,@latigoserrano,207,neutral,1,0,1,0.001031,0.0,0.001319,0.001031,Peripheral Citizen (Warganet Biasa)
beautyfulifee,@beautyfulifee,208,disgust,0,1,1,0.001031,0.0,0.000713,0.001031,Peripheral Citizen (Warganet Biasa)
busanonni,@busanonni,208,disgust,1,0,1,0.001031,0.0,0.001319,0.001031,Peripheral Citizen (Warganet Biasa)
KiraAyunda73114,@KiraAyunda73114,9,disgust,0,2,2,0.002062,1.3e-05,0.000713,0.003886,Secondary Influencer (Akun Penggerak)
bim_need,@bim_need,9,neutral,1,0,1,0.001031,0.0,0.001016,0.002659,Peripheral Citizen (Warganet Biasa)
susan_amelia46,@susan_amelia46,122,disgust,0,2,2,0.002062,1.1e-05,0.000713,0.003711,Secondary Influencer (Akun Penggerak)
artelierlee,@artelierlee,209,disgust,0,1,1,0.001031,0.0,0.000713,0.001031,Peripheral Citizen (Warganet Biasa)
diszonnect,@diszonnect,209,neutral,1,0,1,0.001031,0.0,0.001319,0.001031,Peripheral Citizen (Warganet Biasa)
crespo_val20160,@crespo_val20160,210,disgust,0,3,3,0.003093,6e-06,0.000713,0.003093,Information Broadcaster (Penyebar Wacana)
GuillermoRocaf1,@GuillermoRocaf1,210,neutral,1,0,1,0.001031,0.0,0.000915,0.001856,Peripheral Citizen (Warganet Biasa)
Fale1495220,@Fale1495220,210,neutral,1,0,1,0.001031,0.0,0.000915,0.001856,Peripheral Citizen (Warganet Biasa)
policia,@policia,210,neutral,1,0,1,0.001031,0.0,0.000915,0.001856,Peripheral Citizen (Warganet Biasa)
deluxe_melissa,@deluxe_melissa,211,disgust,1,5,6,0.006186,1.3e-05,0.000859,0.004124,Information Broadcaster (Penyebar Wacana)
MyDirtyRelatio1,@MyDirtyRelatio1,211,neutral,1,0,1,0.001031,0.0,0.000859,0.002356,Peripheral Citizen (Warganet Biasa)
MDHRelaciones,@MDHRelaciones,211,neutral,1,0,1,0.001031,0.0,0.000859,0.002356,Peripheral Citizen (Warganet Biasa)
mydirtyhobbyen,@mydirtyhobbyen,211,neutral,1,0,1,0.001031,0.0,0.000859,0.002356,Peripheral Citizen (Warganet Biasa)
MDHRelationship,@MDHRelationship,211,neutral,1,0,1,0.001031,0.0,0.000859,0.002356,Peripheral Citizen (Warganet Biasa)
Eb68098,@Eb68098,212,disgust,0,3,3,0.003093,6e-06,0.000713,0.003093,Information Broadcaster (Penyebar Wacana)
Jc_Monroym,@Jc_Monroym,212,neutral,1,0,1,0.001031,0.0,0.000915,0.001856,Peripheral Citizen (Warganet Biasa)
NancyAntonio14,@NancyAntonio14,212,neutral,1,0,1,0.001031,0.0,0.000915,0.001856,Peripheral Citizen (Warganet Biasa)
PedroLopzRamos,@PedroLopzRamos,212,neutral,1,0,1,0.001031,0.0,0.000915,0.001856,Peripheral Citizen (Warganet Biasa)
24710withNuna,@24710withNuna,9,disgust,0,1,1,0.001031,0.0,0.000713,0.003368,Peripheral Citizen (Warganet Biasa)
Zettart314,@Zettart314,213,disgust,0,1,1,0.001031,0.0,0.000713,0.001031,Peripheral Citizen (Warganet Biasa)
YisusSen,@YisusSen,213,neutral,1,0,1,0.001031,0.0,0.001319,0.001031,Peripheral Citizen (Warganet Biasa)
SoyLuisMiGL,@SoyLuisMiGL,214,disgust,0,1,1,0.001031,0.0,0.000713,0.001031,Peripheral Citizen (Warganet Biasa)
_alanpicks99,@_alanpicks99,214,neutral,1,0,1,0.001031,0.0,0.001319,0.001031,Peripheral Citizen (Warganet Biasa)
moy_qmac,@moy_qmac,215,disgust,0,1,1,0.001031,0.0,0.000713,0.001031,Peripheral Citizen (Warganet Biasa)
OfficiaLillyPad,@OfficiaLillyPad,215,neutral,1,0,1,0.001031,0.0,0.001319,0.001031,Peripheral Citizen (Warganet Biasa)
Yezan135,@Yezan135,216,disgust,0,1,1,0.001031,0.0,0.000713,0.001031,Peripheral Citizen (Warganet Biasa)
EddyMugward,@EddyMugward,216,neutral,1,0,1,0.001031,0.0,0.001319,0.001031,Peripheral Citizen (Warganet Biasa)
CaBsCrypto,@CaBsCrypto,217,disgust,0,1,1,0.001031,0.0,0.000713,0.001031,Peripheral Citizen (Warganet Biasa)
The_Beacon_GG,@The_Beacon_GG,217,neutral,1,0,1,0.001031,0.0,0.001319,0.001031,Peripheral Citizen (Warganet Biasa)
perez_ivan737,@perez_ivan737,218,love,0,1,1,0.001031,0.0,0.000713,0.001031,Peripheral Citizen (Warganet Biasa)
Frdagv21,@Frdagv21,218,neutral,1,0,1,0.001031,0.0,0.001319,0.001031,Peripheral Citizen (Warganet Biasa)
castingdlmex,@castingdlmex,219,disgust,0,1,1,0.001031,0.0,0.000713,0.001031,Peripheral Citizen (Warganet Biasa)
CGDLMC,@CGDLMC,219,neutral,1,0,1,0.001031,0.0,0.001319,0.001031,Peripheral Citizen (Warganet Biasa)
alvaromorapy,@alvaromorapy,220,disgust,0,1,1,0.001031,0.0,0.000713,0.001031,Peripheral Citizen (Warganet Biasa)
nanduti,@nanduti,220,neutral,1,0,1,0.001031,0.0,0.001319,0.001031,Peripheral Citizen (Warganet Biasa)
Juanctpy,@Juanctpy,221,disgust,0,1,1,0.001031,0.0,0.000713,0.001031,Peripheral Citizen (Warganet Biasa)
IPSParaguay,@IPSParaguay,221,neutral,1,0,1,0.001031,0.0,0.001319,0.001031,Peripheral Citizen (Warganet Biasa)
FamilieB3,@FamilieB3,222,disgust,0,2,2,0.002062,2e-06,0.000713,0.002062,Secondary Influencer (Akun Penggerak)
cdavandaag,@cdavandaag,222,neutral,1,0,1,0.001031,0.0,0.001016,0.001375,Peripheral Citizen (Warganet Biasa)
BartvdBrink,@BartvdBrink,222,neutral,1,0,1,0.001031,0.0,0.001016,0.001375,Peripheral Citizen (Warganet Biasa)
AlientoGratis,@AlientoGratis,183,disgust,0,3,3,0.003093,1.1e-05,0.000713,0.003299,Information Broadcaster (Penyebar Wacana)
IvanCepedaCast,@IvanCepedaCast,183,neutral,1,0,1,0.001031,0.0,0.000915,0.002062,Peripheral Citizen (Warganet Biasa)
PajaritoDeIvan,@PajaritoDeIvan,183,neutral,1,0,1,0.001031,0.0,0.000915,0.002062,Peripheral Citizen (Warganet Biasa)
BernardoPicks,@BernardoPicks,223,disgust,0,1,1,0.001031,0.0,0.000713,0.001031,Peripheral Citizen (Warganet Biasa)
AguilaPick,@AguilaPick,223,neutral,1,0,1,0.001031,0.0,0.001319,0.001031,Peripheral Citizen (Warganet Biasa)
picks_online2,@picks_online2,224,disgust,0,1,1,0.001031,0.0,0.000713,0.001031,Peripheral Citizen (Warganet Biasa)
1,@1,224,neutral,1,0,1,0.001031,0.0,0.001319,0.001031,Peripheral Citizen (Warganet Biasa)
ULTIMAHORAENX,@ULTIMAHORAENX,225,disgust,1,1,2,0.002062,0.0,0.004573,0.0,Secondary Influencer (Akun Penggerak)
Capitana_espana,@Capitana_espana,226,disgust,0,1,1,0.001031,0.0,0.000713,0.001031,Peripheral Citizen (Warganet Biasa)
JupolNacional,@JupolNacional,226,neutral,1,0,1,0.001031,0.0,0.001319,0.001031,Peripheral Citizen (Warganet Biasa)
Miguel_layun,@Miguel_layun,227,disgust,0,1,1,0.001031,0.0,0.000713,0.001031,Peripheral Citizen (Warganet Biasa)
layvtime,@layvtime,227,neutral,1,0,1,0.001031,0.0,0.001319,0.001031,Peripheral Citizen (Warganet Biasa)
iannzits,@iannzits,228,disgust,0,2,2,0.002062,2e-06,0.000713,0.002062,Secondary Influencer (Akun Penggerak)
shiinabr,@shiinabr,228,neutral,1,0,1,0.001031,0.0,0.001016,0.001375,Peripheral Citizen (Warganet Biasa)
hypex,@hypex,228,neutral,1,0,1,0.001031,0.0,0.001016,0.001375,Peripheral Citizen (Warganet Biasa)
besoccer_ES,@besoccer_ES,229,disgust,0,1,1,0.001031,0.0,0.000713,0.001031,Peripheral Citizen (Warganet Biasa)
valenciacf,@valenciacf,229,neutral,1,0,1,0.001031,0.0,0.001319,0.001031,Peripheral Citizen (Warganet Biasa)
msbb_id,@msbb_id,230,disgust,1,2,3,0.003093,0.0,0.00124,0.001031,Secondary Influencer (Akun Penggerak)
altperfumery,@altperfumery,230,neutral,1,0,1,0.001031,0.0,0.00124,0.001031,Peripheral Citizen (Warganet Biasa)
voz_populi,@voz_populi,231,disgust,1,2,3,0.003093,6e-06,0.001319,0.003093,Secondary Influencer (Akun Penggerak)
crcozar,@crcozar,231,neutral,1,0,1,0.001031,0.0,0.001274,0.001856,Peripheral Citizen (Warganet Biasa)
JJHerz7,@JJHerz7,231,neutral,1,0,1,0.001031,0.0,0.001274,0.001856,Peripheral Citizen (Warganet Biasa)
GradaBpro,@GradaBpro,231,disgust,0,1,1,0.001031,0.0,0.000713,0.001856,Peripheral Citizen (Warganet Biasa)
AnaliticaId,@AnaliticaId,232,disgust,1,1,2,0.002062,0.0,0.004573,0.0,Secondary Influencer (Akun Penggerak)
awa17___,@awa17___,233,disgust,0,1,1,0.001031,0.0,0.000713,0.001031,Peripheral Citizen (Warganet Biasa)
flyPAL,@flyPAL,233,neutral,1,0,1,0.001031,0.0,0.001319,0.001031,Peripheral Citizen (Warganet Biasa)
Like4star,@Like4star,234,disgust,1,1,2,0.002062,0.0,0.004573,0.0,Secondary Influencer (Akun Penggerak)
sup_formacion,@sup_formacion,235,disgust,0,1,1,0.001031,0.0,0.000713,0.001031,Peripheral Citizen (Warganet Biasa)
Todopolicia,@Todopolicia,235,neutral,1,0,1,0.001031,0.0,0.001319,0.001031,Peripheral Citizen (Warganet Biasa)
PPBurgosCiudad,@PPBurgosCiudad,236,disgust,0,1,1,0.001031,0.0,0.000713,0.001031,Peripheral Citizen (Warganet Biasa)
VOXBurgosAyto,@VOXBurgosAyto,236,neutral,1,0,1,0.001031,0.0,0.001319,0.001031,Peripheral Citizen (Warganet Biasa)
silviaPiriz17,@silviaPiriz17,237,disgust,0,2,2,0.002062,2e-06,0.000713,0.002062,Secondary Influencer (Akun Penggerak)
secawards,@secawards,237,neutral,1,0,1,0.001031,0.0,0.001016,0.001375,Peripheral Citizen (Warganet Biasa)
mancusochiaraok,@mancusochiaraok,237,neutral,1,0,1,0.001031,0.0,0.001016,0.001375,Peripheral Citizen (Warganet Biasa)
muziekcafe_,@muziekcafe_,238,disgust,0,3,3,0.003093,6e-06,0.000713,0.003093,Information Broadcaster (Penyebar Wacana)
driejs,@driejs,238,neutral,1,0,1,0.001031,0.0,0.000915,0.001856,Peripheral Citizen (Warganet Biasa)
TAPETOY,@TAPETOY,238,neutral,1,0,1,0.001031,0.0,0.000915,0.001856,Peripheral Citizen (Warganet Biasa)
deVorstin,@deVorstin,238,neutral,1,0,1,0.001031,0.0,0.000915,0.001856,Peripheral Citizen (Warganet Biasa)
mrhitchcok,@mrhitchcok,239,disgust,0,1,1,0.001031,0.0,0.000713,0.001031,Peripheral Citizen (Warganet Biasa)
merbi2,@merbi2,239,neutral,1,0,1,0.001031,0.0,0.001319,0.001031,Peripheral Citizen (Warganet Biasa)
Universo970py,@Universo970py,240,disgust,0,1,1,0.001031,0.0,0.000713,0.001031,Peripheral Citizen (Warganet Biasa)
SomosGEN,@SomosGEN,240,neutral,1,0,1,0.001031,0.0,0.001319,0.001031,Peripheral Citizen (Warganet Biasa)
Vigoalminuto,@Vigoalminuto,241,disgust,0,2,2,0.002062,2e-06,0.000713,0.002062,Secondary Influencer (Akun Penggerak)
depo_es,@depo_es,241,neutral,1,0,1,0.001031,0.0,0.001016,0.001375,Peripheral Citizen (Warganet Biasa)
LuisaSanchzVigo,@LuisaSanchzVigo,241,neutral,1,0,1,0.001031,0.0,0.001016,0.001375,Peripheral Citizen (Warganet Biasa)
TwipsX,@TwipsX,242,disgust,0,1,1,0.001031,0.0,0.000713,0.001031,Peripheral Citizen (Warganet Biasa)
aveai_id,@aveai_id,242,neutral,1,0,1,0.001031,0.0,0.001319,0.001031,Peripheral Citizen (Warganet Biasa)
CDeporteTV,@CDeporteTV,243,disgust,1,1,2,0.002062,0.0,0.004573,0.0,Secondary Influencer (Akun Penggerak)
RaiolaNetworks,@RaiolaNetworks,244,disgust,0,1,1,0.001031,0.0,0.000713,0.001031,Peripheral Citizen (Warganet Biasa)
seoboxclub,@seoboxclub,244,neutral,1,0,1,0.001031,0.0,0.001319,0.001031,Peripheral Citizen (Warganet Biasa)
skyundocean,@skyundocean,245,disgust,0,1,1,0.001031,0.0,0.000713,0.001031,Peripheral Citizen (Warganet Biasa)
txtdarigajelas,@txtdarigajelas,245,neutral,1,0,1,0.001031,0.0,0.001319,0.001031,Peripheral Citizen (Warganet Biasa)
RevistaRubik,@RevistaRubik,246,disgust,0,1,1,0.001031,0.0,0.000713,0.001031,Peripheral Citizen (Warganet Biasa)
Cinesa,@Cinesa,246,neutral,1,0,1,0.001031,0.0,0.001319,0.001031,Peripheral Citizen (Warganet Biasa)
cryptondo,@cryptondo,247,disgust,0,2,2,0.002062,2e-06,0.000713,0.002062,Secondary Influencer (Akun Penggerak)
MEXC,@MEXC,247,neutral,1,0,1,0.001031,0.0,0.001016,0.001375,Peripheral Citizen (Warganet Biasa)
MEXC_ID,@MEXC_ID,247,neutral,1,0,1,0.001031,0.0,0.001016,0.001375,Peripheral Citizen (Warganet Biasa)
ClubChesterton,@ClubChesterton,248,disgust,0,1,1,0.001031,0.0,0.000713,0.001031,Peripheral Citizen (Warganet Biasa)
EGMaiquez,@EGMaiquez,248,neutral,1,0,1,0.001031,0.0,0.001319,0.001031,Peripheral Citizen (Warganet Biasa)
aquatalan,@aquatalan,249,disgust,0,1,1,0.001031,0.0,0.000713,0.001031,Peripheral Citizen (Warganet Biasa)
cobraxrod,@cobraxrod,249,neutral,1,0,1,0.001031,0.0,0.001319,0.001031,Peripheral Citizen (Warganet Biasa)
pcastellary,@pcastellary,250,disgust,0,1,1,0.001031,0.0,0.000713,0.001031,Peripheral Citizen (Warganet Biasa)
PalmaActiva,@PalmaActiva,250,neutral,1,0,1,0.001031,0.0,0.001319,0.001031,Peripheral Citizen (Warganet Biasa)
Oekoenergie_Red,@Oekoenergie_Red,251,disgust,0,2,2,0.002062,2e-06,0.000713,0.002062,Secondary Influencer (Akun Penggerak)
Renexpo,@Renexpo,251,neutral,1,0,1,0.001031,0.0,0.001016,0.001375,Peripheral Citizen (Warganet Biasa)
oekoenergie,@oekoenergie,251,neutral,1,0,1,0.001031,0.0,0.001016,0.001375,Peripheral Citizen (Warganet Biasa)
HumanAI_Tech,@HumanAI_Tech,252,disgust,1,1,2,0.002062,0.0,0.004573,0.0,Secondary Influencer (Akun Penggerak)
AjuntamentVLC,@AjuntamentVLC,253,disgust,0,5,5,0.005155,2.1e-05,0.000713,0.005155,Information Broadcaster (Penyebar Wacana)
Microsoft,@Microsoft,253,neutral,1,0,1,0.001031,0.0,0.000834,0.002864,Peripheral Citizen (Warganet Biasa)
vlcinnovation,@vlcinnovation,253,neutral,1,0,1,0.001031,0.0,0.000834,0.002864,Peripheral Citizen (Warganet Biasa)
MicrosoftES,@MicrosoftES,253,neutral,1,0,1,0.001031,0.0,0.000834,0.002864,Peripheral Citizen (Warganet Biasa)
founderz,@founderz,253,neutral,1,0,1,0.001031,0.0,0.000834,0.002864,Peripheral Citizen (Warganet Biasa)
pue_academy,@pue_academy,253,neutral,1,0,1,0.001031,0.0,0.000834,0.002864,Peripheral Citizen (Warganet Biasa)
SofyanpanjiA,@SofyanpanjiA,184,disgust,0,2,2,0.002062,1e-06,0.000713,0.002577,Secondary Influencer (Akun Penggerak)
AytoParla,@AytoParla,254,disgust,0,2,2,0.002062,2e-06,0.000713,0.002062,Secondary Influencer (Akun Penggerak)
CulturaParla,@CulturaParla,254,neutral,1,0,1,0.001031,0.0,0.001016,0.001375,Peripheral Citizen (Warganet Biasa)
GemaGmagt,@GemaGmagt,254,neutral,1,0,1,0.001031,0.0,0.001016,0.001375,Peripheral Citizen (Warganet Biasa)
PremPrem484186,@PremPrem484186,15,disgust,0,1,1,0.001031,0.0,0.000713,0.027435,Peripheral Citizen (Warganet Biasa)
wonwourideul,@wonwourideul,255,disgust,0,1,1,0.001031,0.0,0.000713,0.001031,Peripheral Citizen (Warganet Biasa)
luvingmaiboys,@luvingmaiboys,255,neutral,1,0,1,0.001031,0.0,0.001319,0.001031,Peripheral Citizen (Warganet Biasa)
chrysantheana,@chrysantheana,256,disgust,0,1,1,0.001031,0.0,0.000713,0.001031,Peripheral Citizen (Warganet Biasa)
babu_jabberwock,@babu_jabberwock,256,neutral,1,0,1,0.001031,0.0,0.001319,0.001031,Peripheral Citizen (Warganet Biasa)
jeyiyosamaz,@jeyiyosamaz,257,disgust,0,1,1,0.001031,0.0,0.000713,0.001031,Peripheral Citizen (Warganet Biasa)
sweetdsr_,@sweetdsr_,257,neutral,1,0,1,0.001031,0.0,0.001319,0.001031,Peripheral Citizen (Warganet Biasa)
jazbie15,@jazbie15,258,disgust,0,2,2,0.002062,2e-06,0.000713,0.002062,Secondary Influencer (Akun Penggerak)
Vintagesoulc,@Vintagesoulc,258,neutral,1,0,1,0.001031,0.0,0.001016,0.001375,Peripheral Citizen (Warganet Biasa)
allygarchy,@allygarchy,258,neutral,1,0,1,0.001031,0.0,0.001016,0.001375,Peripheral Citizen (Warganet Biasa)
dbdbidip,@dbdbidip,259,disgust,0,13,13,0.013402,0.000166,0.000713,0.013402,Information Broadcaster (Penyebar Wacana)
greeniefloo,@greeniefloo,259,neutral,1,0,1,0.001031,0.0,0.000759,0.006969,Peripheral Citizen (Warganet Biasa)
renregalia,@renregalia,259,neutral,1,0,1,0.001031,0.0,0.000759,0.006969,Peripheral Citizen (Warganet Biasa)
dearluchen,@dearluchen,259,neutral,1,0,1,0.001031,0.0,0.000759,0.006969,Peripheral Citizen (Warganet Biasa)
chubbyneoguri,@chubbyneoguri,259,neutral,1,0,1,0.001031,0.0,0.000759,0.006969,Peripheral Citizen (Warganet Biasa)
separuhpuding,@separuhpuding,259,neutral,1,0,1,0.001031,0.0,0.000759,0.006969,Peripheral Citizen (Warganet Biasa)
anhwho_,@anhwho_,259,neutral,1,0,1,0.001031,0.0,0.000759,0.006969,Peripheral Citizen (Warganet Biasa)
PlT_A_PAT,@PlT_A_PAT,259,neutral,1,0,1,0.001031,0.0,0.000759,0.006969,Peripheral Citizen (Warganet Biasa)
ratiotangerang,@ratiotangerang,259,neutral,1,0,1,0.001031,0.0,0.000759,0.006969,Peripheral Citizen (Warganet Biasa)
Ashtrea23,@Ashtrea23,259,neutral,1,0,1,0.001031,0.0,0.000759,0.006969,Peripheral Citizen (Warganet Biasa)
xoxuchanx,@xoxuchanx,259,neutral,1,0,1,0.001031,0.0,0.000759,0.006969,Peripheral Citizen (Warganet Biasa)
Einohaato,@Einohaato,259,neutral,1,0,1,0.001031,0.0,0.000759,0.006969,Peripheral Citizen (Warganet Biasa)
niki_exe0,@niki_exe0,259,neutral,1,0,1,0.001031,0.0,0.000759,0.006969,Peripheral Citizen (Warganet Biasa)
mik0chn,@mik0chn,259,neutral,1,0,1,0.001031,0.0,0.000759,0.006969,Peripheral Citizen (Warganet Biasa)
Marshabeara9x2,@Marshabeara9x2,260,disgust,0,5,5,0.005155,2.1e-05,0.000713,0.005155,Information Broadcaster (Penyebar Wacana)
hexvanl_,@hexvanl_,260,neutral,1,0,1,0.001031,0.0,0.000834,0.002864,Peripheral Citizen (Warganet Biasa)
si_pengecutbngt,@si_pengecutbngt,260,neutral,1,0,1,0.001031,0.0,0.000834,0.002864,Peripheral Citizen (Warganet Biasa)
Toothlessjaywon,@Toothlessjaywon,260,neutral,1,0,1,0.001031,0.0,0.000834,0.002864,Peripheral Citizen (Warganet Biasa)
yemayo0o,@yemayo0o,260,neutral,1,0,1,0.001031,0.0,0.000834,0.002864,Peripheral Citizen (Warganet Biasa)
woniebeez_,@woniebeez_,260,neutral,1,0,1,0.001031,0.0,0.000834,0.002864,Peripheral Citizen (Warganet Biasa)
diora_anr,@diora_anr,261,disgust,0,1,1,0.001031,0.0,0.000713,0.001031,Peripheral Citizen (Warganet Biasa)
KASTxyz,@KASTxyz,261,neutral,1,0,1,0.001031,0.0,0.001319,0.001031,Peripheral Citizen (Warganet Biasa)
kesetrump,@kesetrump,262,disgust,0,1,1,0.001031,0.0,0.000713,0.001031,Peripheral Citizen (Warganet Biasa)
lemcn,@lemcn,262,disgust,1,0,1,0.001031,0.0,0.001319,0.001031,Peripheral Citizen (Warganet Biasa)
gastronusa,@gastronusa,263,disgust,0,1,1,0.001031,0.0,0.000713,0.001031,Peripheral Citizen (Warganet Biasa)
SusiloWidodo24,@SusiloWidodo24,263,neutral,1,0,1,0.001031,0.0,0.001319,0.001031,Peripheral Citizen (Warganet Biasa)
luvdysh_,@luvdysh_,264,disgust,0,9,9,0.009278,7.7e-05,0.000713,0.009278,Information Broadcaster (Penyebar Wacana)
helloyosh_,@helloyosh_,264,neutral,1,0,1,0.001031,0.0,0.00078,0.004912,Peripheral Citizen (Warganet Biasa)
ayiurswoo,@ayiurswoo,264,neutral,1,0,1,0.001031,0.0,0.00078,0.004912,Peripheral Citizen (Warganet Biasa)
yoshirocloud,@yoshirocloud,264,neutral,1,0,1,0.001031,0.0,0.00078,0.004912,Peripheral Citizen (Warganet Biasa)
dominocivic,@dominocivic,264,neutral,1,0,1,0.001031,0.0,0.00078,0.004912,Peripheral Citizen (Warganet Biasa)
szzyoxx,@szzyoxx,264,neutral,1,0,1,0.001031,0.0,0.00078,0.004912,Peripheral Citizen (Warganet Biasa)
dongpyourlove,@dongpyourlove,264,neutral,1,0,1,0.001031,0.0,0.00078,0.004912,Peripheral Citizen (Warganet Biasa)
wooriebear,@wooriebear,264,neutral,1,0,1,0.001031,0.0,0.00078,0.004912,Peripheral Citizen (Warganet Biasa)
shinoyaa55_,@shinoyaa55_,264,neutral,1,0,1,0.001031,0.0,0.00078,0.004912,Peripheral Citizen (Warganet Biasa)
_yorinor1,@_yorinor1,264,neutral,1,0,1,0.001031,0.0,0.00078,0.004912,Peripheral Citizen (Warganet Biasa)
ShandyTrida,@ShandyTrida,265,disgust,0,2,2,0.002062,2e-06,0.000713,0.002062,Secondary Influencer (Akun Penggerak)
pintu_id,@pintu_id,265,neutral,1,0,1,0.001031,0.0,0.001016,0.001375,Peripheral Citizen (Warganet Biasa)
maxone_lens,@maxone_lens,265,neutral,1,0,1,0.001031,0.0,0.001016,0.001375,Peripheral Citizen (Warganet Biasa)
cursedkidd,@cursedkidd,266,disgust,0,1,1,0.001031,0.0,0.000713,0.001031,Peripheral Citizen (Warganet Biasa)
KedaiMamun,@KedaiMamun,266,neutral,1,0,1,0.001031,0.0,0.001319,0.001031,Peripheral Citizen (Warganet Biasa)
KariSharl,@KariSharl,267,disgust,0,1,1,0.001031,0.0,0.000713,0.001031,Peripheral Citizen (Warganet Biasa)
_Akarex,@_Akarex,267,neutral,1,0,1,0.001031,0.0,0.001319,0.001031,Peripheral Citizen (Warganet Biasa)
sikayarayaaa,@sikayarayaaa,268,disgust,0,1,1,0.001031,0.0,0.000713,0.001375,Peripheral Citizen (Warganet Biasa)
bingungtrs_,@bingungtrs_,268,disgust,2,0,2,0.002062,2e-06,0.001925,0.002062,Secondary Influencer (Akun Penggerak)
gmusic95,@gmusic95,269,disgust,0,1,1,0.001031,0.0,0.000713,0.001031,Peripheral Citizen (Warganet Biasa)
A_VirgiJKT48,@A_VirgiJKT48,269,neutral,1,0,1,0.001031,0.0,0.001319,0.001031,Peripheral Citizen (Warganet Biasa)
dirtyfingerpunk,@dirtyfingerpunk,270,disgust,0,1,1,0.001031,0.0,0.000713,0.001031,Peripheral Citizen (Warganet Biasa)
txtdrjkt,@txtdrjkt,270,neutral,1,0,1,0.001031,0.0,0.001319,0.001031,Peripheral Citizen (Warganet Biasa)
pangerancode,@pangerancode,61,neutral,1,0,1,0.001031,0.0,0.000727,0.027155,Peripheral Citizen (Warganet Biasa)
The25thSykes,@The25thSykes,61,disgust,1,0,1,0.001031,0.0,0.000727,0.027155,Peripheral Citizen (Warganet Biasa)
anaketigaaa_,@anaketigaaa_,61,neutral,1,0,1,0.001031,0.0,0.000727,0.027155,Peripheral Citizen (Warganet Biasa)
kinnpatuhikaru,@kinnpatuhikaru,61,neutral,1,0,1,0.001031,0.0,0.000727,0.027155,Peripheral Citizen (Warganet Biasa)
AkamuAd,@AkamuAd,61,neutral,1,0,1,0.001031,0.0,0.000727,0.027155,Peripheral Citizen (Warganet Biasa)
bucin_pocky,@bucin_pocky,61,neutral,1,0,1,0.001031,0.0,0.000727,0.027155,Peripheral Citizen (Warganet Biasa)
skanayaneko,@skanayaneko,61,neutral,1,0,1,0.001031,0.0,0.000727,0.027155,Peripheral Citizen (Warganet Biasa)
NdoroTedjo,@NdoroTedjo,61,neutral,1,0,1,0.001031,0.0,0.000727,0.027155,Peripheral Citizen (Warganet Biasa)
piruinuy,@piruinuy,61,neutral,1,0,1,0.001031,0.0,0.000727,0.027155,Peripheral Citizen (Warganet Biasa)
AiphNday,@AiphNday,61,neutral,1,0,1,0.001031,0.0,0.000727,0.027155,Peripheral Citizen (Warganet Biasa)
americanoaddctd,@americanoaddctd,61,disgust,1,0,1,0.001031,0.0,0.000727,0.027155,Peripheral Citizen (Warganet Biasa)
BangBib4,@BangBib4,61,neutral,1,0,1,0.001031,0.0,0.000727,0.027155,Peripheral Citizen (Warganet Biasa)
momodisinii,@momodisinii,61,neutral,1,0,1,0.001031,0.0,0.000727,0.027155,Peripheral Citizen (Warganet Biasa)
reedifuser,@reedifuser,61,neutral,1,0,1,0.001031,0.0,0.000727,0.027155,Peripheral Citizen (Warganet Biasa)
elegibumi,@elegibumi,61,neutral,1,0,1,0.001031,0.0,0.000727,0.027155,Peripheral Citizen (Warganet Biasa)
Bulanwangi05,@Bulanwangi05,61,neutral,1,0,1,0.001031,0.0,0.000727,0.027155,Peripheral Citizen (Warganet Biasa)
tamika47488,@tamika47488,61,neutral,1,0,1,0.001031,0.0,0.000727,0.027155,Peripheral Citizen (Warganet Biasa)
IkhwanRidhoni,@IkhwanRidhoni,61,neutral,1,0,1,0.001031,0.0,0.000727,0.027155,Peripheral Citizen (Warganet Biasa)
luckysurprising,@luckysurprising,61,neutral,1,0,1,0.001031,0.0,0.000727,0.027155,Peripheral Citizen (Warganet Biasa)
markizusss,@markizusss,61,neutral,1,0,1,0.001031,0.0,0.000727,0.027155,Peripheral Citizen (Warganet Biasa)
anjirbodor,@anjirbodor,61,neutral,1,0,1,0.001031,0.0,0.000727,0.027155,Peripheral Citizen (Warganet Biasa)
JuanJulianto2,@JuanJulianto2,61,disgust,1,0,1,0.001031,0.0,0.000727,0.027155,Peripheral Citizen (Warganet Biasa)
R_naraeth7,@R_naraeth7,61,neutral,1,0,1,0.001031,0.0,0.000727,0.027155,Peripheral Citizen (Warganet Biasa)
steIIamora,@steIIamora,61,neutral,1,0,1,0.001031,0.0,0.000727,0.027155,Peripheral Citizen (Warganet Biasa)
Dmadiw,@Dmadiw,61,neutral,1,0,1,0.001031,0.0,0.000727,0.027155,Peripheral Citizen (Warganet Biasa)
Fannyaclara,@Fannyaclara,61,neutral,1,0,1,0.001031,0.0,0.000727,0.027155,Peripheral Citizen (Warganet Biasa)
saptaipb,@saptaipb,61,neutral,1,0,1,0.001031,0.0,0.000727,0.027155,Peripheral Citizen (Warganet Biasa)
Chelsdays_,@Chelsdays_,61,neutral,1,0,1,0.001031,0.0,0.000727,0.027155,Peripheral Citizen (Warganet Biasa)
CityzensIDN,@CityzensIDN,61,neutral,1,0,1,0.001031,0.0,0.000727,0.027155,Peripheral Citizen (Warganet Biasa)
_Hrst,@_Hrst,61,disgust,1,0,1,0.001031,0.0,0.000727,0.027155,Peripheral Citizen (Warganet Biasa)
FajriGrahaArtha,@FajriGrahaArtha,61,neutral,1,0,1,0.001031,0.0,0.000727,0.027155,Peripheral Citizen (Warganet Biasa)
Appraiser008,@Appraiser008,61,neutral,1,0,1,0.001031,0.0,0.000727,0.027155,Peripheral Citizen (Warganet Biasa)
FahreziBenzima5,@FahreziBenzima5,271,disgust,0,1,1,0.001031,0.0,0.000713,0.001031,Peripheral Citizen (Warganet Biasa)
AM_EllaJKT48,@AM_EllaJKT48,271,neutral,1,0,1,0.001031,0.0,0.001319,0.001031,Peripheral Citizen (Warganet Biasa)
ohwatermark,@ohwatermark,272,disgust,0,1,1,0.001031,0.0,0.000713,0.001031,Peripheral Citizen (Warganet Biasa)
Ceysaaaaaaa,@Ceysaaaaaaa,272,neutral,1,0,1,0.001031,0.0,0.001319,0.001031,Peripheral Citizen (Warganet Biasa)
hilmy_ii,@hilmy_ii,273,disgust,0,1,1,0.001031,0.0,0.000713,0.001031,Peripheral Citizen (Warganet Biasa)
L_MarshaJKT48,@L_MarshaJKT48,273,neutral,1,0,1,0.001031,0.0,0.001319,0.001031,Peripheral Citizen (Warganet Biasa)
chocomatchazx,@chocomatchazx,274,love,0,1,1,0.001031,0.0,0.000713,0.001031,Peripheral Citizen (Warganet Biasa)
_glimpseeofus,@_glimpseeofus,274,neutral,1,0,1,0.001031,0.0,0.001319,0.001031,Peripheral Citizen (Warganet Biasa)
Hokben03,@Hokben03,275,disgust,0,2,2,0.002062,2e-06,0.000713,0.002062,Secondary Influencer (Akun Penggerak)
TumanMarchel17,@TumanMarchel17,275,neutral,1,0,1,0.001031,0.0,0.001016,0.001375,Peripheral Citizen (Warganet Biasa)
MusuhMisuh2,@MusuhMisuh2,275,neutral,1,0,1,0.001031,0.0,0.001016,0.001375,Peripheral Citizen (Warganet Biasa)
rebahaninaja,@rebahaninaja,276,disgust,0,1,1,0.001031,0.0,0.000713,0.001375,Peripheral Citizen (Warganet Biasa)
yappingfess,@yappingfess,276,disgust,2,0,2,0.002062,2e-06,0.001925,0.002062,Secondary Influencer (Akun Penggerak)
athallaseeu,@athallaseeu,277,disgust,0,1,1,0.001031,0.0,0.000713,0.001031,Peripheral Citizen (Warganet Biasa)
M_MikaelaJKT48,@M_MikaelaJKT48,277,neutral,1,0,1,0.001031,0.0,0.001319,0.001031,Peripheral Citizen (Warganet Biasa)
KimJeffrii,@KimJeffrii,278,disgust,0,1,1,0.001031,0.0,0.000713,0.001031,Peripheral Citizen (Warganet Biasa)
A_FionyJKT48,@A_FionyJKT48,278,neutral,1,0,1,0.001031,0.0,0.001319,0.001031,Peripheral Citizen (Warganet Biasa)
galvynox_,@galvynox_,112,disgust,0,1,1,0.001031,0.0,0.000713,0.001546,Peripheral Citizen (Warganet Biasa)
Deviiiyyyyy,@Deviiiyyyyy,279,disgust,0,1,1,0.001031,0.0,0.000713,0.001031,Peripheral Citizen (Warganet Biasa)
Ekin_JKT48,@Ekin_JKT48,279,neutral,1,0,1,0.001031,0.0,0.001319,0.001031,Peripheral Citizen (Warganet Biasa)
tengklengklewer,@tengklengklewer,131,disgust,0,1,1,0.001031,0.0,0.000713,0.001375,Peripheral Citizen (Warganet Biasa)
sorejhvi,@sorejhvi,280,disgust,0,1,1,0.001031,0.0,0.000713,0.001031,Peripheral Citizen (Warganet Biasa)
guesswho1333,@guesswho1333,280,neutral,1,0,1,0.001031,0.0,0.001319,0.001031,Peripheral Citizen (Warganet Biasa)
esomeprazole__,@esomeprazole__,281,disgust,0,1,1,0.001031,0.0,0.000713,0.001031,Peripheral Citizen (Warganet Biasa)
foulshades,@foulshades,281,neutral,1,0,1,0.001031,0.0,0.001319,0.001031,Peripheral Citizen (Warganet Biasa)
abakadabrahh,@abakadabrahh,268,disgust,0,1,1,0.001031,0.0,0.000713,0.001375,Peripheral Citizen (Warganet Biasa)
milkteand1nnn_,@milkteand1nnn_,282,disgust,0,1,1,0.001031,0.0,0.000713,0.001031,Peripheral Citizen (Warganet Biasa)
Gardenie13,@Gardenie13,282,neutral,1,0,1,0.001031,0.0,0.001319,0.001031,Peripheral Citizen (Warganet Biasa)
stymulous__,@stymulous__,283,disgust,0,1,1,0.001031,0.0,0.000713,0.001031,Peripheral Citizen (Warganet Biasa)
junseokbnuy,@junseokbnuy,283,neutral,1,0,1,0.001031,0.0,0.001319,0.001031,Peripheral Citizen (Warganet Biasa)
pecintaanabul,@pecintaanabul,284,disgust,1,1,2,0.002062,4e-06,0.001016,0.00232,Secondary Influencer (Akun Penggerak)
thejenniegala,@thejenniegala,284,neutral,1,0,1,0.001031,0.0,0.001577,0.001546,Peripheral Citizen (Warganet Biasa)
Isalajg3348591,@Isalajg3348591,285,disgust,0,1,1,0.001031,0.0,0.000713,0.001031,Peripheral Citizen (Warganet Biasa)
ardynshufi,@ardynshufi,285,disgust,1,0,1,0.001031,0.0,0.001319,0.001031,Peripheral Citizen (Warganet Biasa)
Kerikilbangsa,@Kerikilbangsa,286,disgust,0,1,1,0.001031,0.0,0.000713,0.001031,Peripheral Citizen (Warganet Biasa)
afinasyif,@afinasyif,286,disgust,1,0,1,0.001031,0.0,0.001319,0.001031,Peripheral Citizen (Warganet Biasa)
kenzowijay46299,@kenzowijay46299,44,disgust,0,4,4,0.004124,2.6e-05,0.000713,0.004124,Information Broadcaster (Penyebar Wacana)
ninjahattoriii_,@ninjahattoriii_,44,neutral,1,0,1,0.001031,0.0,0.000864,0.002651,Peripheral Citizen (Warganet Biasa)
C_IndahJKT48,@C_IndahJKT48,44,neutral,1,0,1,0.001031,0.0,0.000864,0.002651,Peripheral Citizen (Warganet Biasa)
M_OlineJKT48,@M_OlineJKT48,44,neutral,1,0,1,0.001031,0.0,0.000864,0.002651,Peripheral Citizen (Warganet Biasa)
eldiablobenak,@eldiablobenak,287,disgust,0,1,1,0.001031,0.0,0.000713,0.001031,Peripheral Citizen (Warganet Biasa)
tentangbola123,@tentangbola123,287,neutral,1,0,1,0.001031,0.0,0.001319,0.001031,Peripheral Citizen (Warganet Biasa)
ppapa2972,@ppapa2972,288,disgust,0,1,1,0.001031,0.0,0.000713,0.001031,Peripheral Citizen (Warganet Biasa)
scorttyz,@scorttyz,288,neutral,1,0,1,0.001031,0.0,0.001319,0.001031,Peripheral Citizen (Warganet Biasa)
pinnatly,@pinnatly,289,disgust,0,1,1,0.001031,0.0,0.000713,0.001031,Peripheral Citizen (Warganet Biasa)
txtdaritng,@txtdaritng,289,neutral,1,0,1,0.001031,0.0,0.001319,0.001031,Peripheral Citizen (Warganet Biasa)
Aemer_,@Aemer_,290,disgust,0,3,3,0.003093,6e-06,0.000713,0.003093,Information Broadcaster (Penyebar Wacana)
ed8trb,@ed8trb,290,neutral,1,0,1,0.001031,0.0,0.000915,0.001856,Peripheral Citizen (Warganet Biasa)
UdaShafiq,@UdaShafiq,290,neutral,1,0,1,0.001031,0.0,0.000915,0.001856,Peripheral Citizen (Warganet Biasa)
bearsejuk,@bearsejuk,290,neutral,1,0,1,0.001031,0.0,0.000915,0.001856,Peripheral Citizen (Warganet Biasa)
widyaprasapta,@widyaprasapta,291,disgust,0,1,1,0.001031,0.0,0.000713,0.001031,Peripheral Citizen (Warganet Biasa)
BERSANDlWARA,@BERSANDlWARA,291,neutral,1,0,1,0.001031,0.0,0.001319,0.001031,Peripheral Citizen (Warganet Biasa)
iyaudah_iyadeh,@iyaudah_iyadeh,48,disgust,0,2,2,0.002062,6e-06,0.000713,0.002356,Secondary Influencer (Akun Penggerak)
MunchMunc_21,@MunchMunc_21,48,neutral,1,0,1,0.001031,0.0,0.001016,0.001649,Peripheral Citizen (Warganet Biasa)
terustouring,@terustouring,161,disgust,0,1,1,0.001031,0.0,0.000713,0.001375,Peripheral Citizen (Warganet Biasa)
vernandaaokt,@vernandaaokt,276,disgust,0,1,1,0.001031,0.0,0.000713,0.001375,Peripheral Citizen (Warganet Biasa)
aibikh,@aibikh,27,disgust,0,2,2,0.002062,9e-06,0.000713,0.002864,Secondary Influencer (Akun Penggerak)
Holan_Siregar,@Holan_Siregar,27,neutral,1,0,1,0.001031,0.0,0.001016,0.001983,Peripheral Citizen (Warganet Biasa)
kumparan,@kumparan,292,disgust,0,1,1,0.001031,0.0,0.000713,0.001031,Peripheral Citizen (Warganet Biasa)
smansaptk,@smansaptk,292,neutral,1,0,1,0.001031,0.0,0.001319,0.001031,Peripheral Citizen (Warganet Biasa)
msiera_274,@msiera_274,293,disgust,0,1,1,0.001031,0.0,0.000713,0.001031,Peripheral Citizen (Warganet Biasa)
icharis,@icharis,293,neutral,1,0,1,0.001031,0.0,0.001319,0.001031,Peripheral Citizen (Warganet Biasa)
galileomaknyuzz,@galileomaknyuzz,294,disgust,0,1,1,0.001031,0.0,0.000713,0.001031,Peripheral Citizen (Warganet Biasa)
vieraspace,@vieraspace,294,neutral,1,0,1,0.001031,0.0,0.001319,0.001031,Peripheral Citizen (Warganet Biasa)
HermanSporty7,@HermanSporty7,295,disgust,0,2,2,0.002062,2e-06,0.000713,0.002062,Secondary Influencer (Akun Penggerak)
JoeBiden,@JoeBiden,295,neutral,1,0,1,0.001031,0.0,0.001016,0.001375,Peripheral Citizen (Warganet Biasa)
Trump,@Trump,295,neutral,1,0,1,0.001031,0.0,0.001016,0.001375,Peripheral Citizen (Warganet Biasa)
budihar81350991,@budihar81350991,59,disgust,0,1,1,0.001031,0.0,0.000713,0.001546,Peripheral Citizen (Warganet Biasa)
panoramaindomie,@panoramaindomie,296,disgust,0,2,2,0.002062,2e-06,0.000713,0.002062,Secondary Influencer (Akun Penggerak)
rian_onava,@rian_onava,296,neutral,1,0,1,0.001031,0.0,0.001016,0.001375,Peripheral Citizen (Warganet Biasa)
intersectlife_,@intersectlife_,296,neutral,1,0,1,0.001031,0.0,0.001016,0.001375,Peripheral Citizen (Warganet Biasa)
worksfess,@worksfess,122,neutral,1,0,1,0.001031,0.0,0.001016,0.002474,Peripheral Citizen (Warganet Biasa)
gmail_great,@gmail_great,297,disgust,0,1,1,0.001031,0.0,0.000713,0.001031,Peripheral Citizen (Warganet Biasa)
kevinsebast_,@kevinsebast_,297,disgust,1,0,1,0.001031,0.0,0.001319,0.001031,Peripheral Citizen (Warganet Biasa)
100hyun_byun,@100hyun_byun,298,disgust,0,1,1,0.001031,0.0,0.000713,0.001375,Peripheral Citizen (Warganet Biasa)
fleursbee,@fleursbee,298,neutral,2,0,2,0.002062,2e-06,0.001925,0.002062,Secondary Influencer (Akun Penggerak)
itsurboihyl,@itsurboihyl,299,disgust,0,1,1,0.001031,0.0,0.000713,0.001031,Peripheral Citizen (Warganet Biasa)
ikhwanuddin,@ikhwanuddin,299,neutral,1,0,1,0.001031,0.0,0.001319,0.001031,Peripheral Citizen (Warganet Biasa)
mentally_eels_,@mentally_eels_,300,disgust,0,2,2,0.002062,2e-06,0.000713,0.002062,Secondary Influencer (Akun Penggerak)
caloniburt,@caloniburt,300,neutral,1,0,1,0.001031,0.0,0.001016,0.001375,Peripheral Citizen (Warganet Biasa)
empty__core,@empty__core,300,neutral,1,0,1,0.001031,0.0,0.001016,0.001375,Peripheral Citizen (Warganet Biasa)
crystvals,@crystvals,301,disgust,0,1,1,0.001031,0.0,0.000713,0.001031,Peripheral Citizen (Warganet Biasa)
zakkafm,@zakkafm,301,neutral,1,0,1,0.001031,0.0,0.001319,0.001031,Peripheral Citizen (Warganet Biasa)
hendriany1234,@hendriany1234,302,disgust,0,1,1,0.001031,0.0,0.000713,0.001031,Peripheral Citizen (Warganet Biasa)
KoonDeexoxo,@KoonDeexoxo,302,neutral,1,0,1,0.001031,0.0,0.001319,0.001031,Peripheral Citizen (Warganet Biasa)
imran_ansyari77,@imran_ansyari77,130,disgust,0,1,1,0.001031,0.0,0.000713,0.001375,Peripheral Citizen (Warganet Biasa)
nyinteee,@nyinteee,143,disgust,1,2,2,0.002062,0.0,0.00124,0.002356,Secondary Influencer (Akun Penggerak)
initial_LS,@initial_LS,143,love,1,2,2,0.002062,0.0,0.00124,0.002356,Secondary Influencer (Akun Penggerak)
xtzmou,@xtzmou,284,disgust,0,2,2,0.002062,4e-06,0.000713,0.00232,Secondary Influencer (Akun Penggerak)
gmnajgy,@gmnajgy,284,neutral,1,0,1,0.001031,0.0,0.001016,0.001546,Peripheral Citizen (Warganet Biasa)
Aerlangga333,@Aerlangga333,303,disgust,0,1,1,0.001031,0.0,0.000713,0.001031,Peripheral Citizen (Warganet Biasa)
olinpsych,@olinpsych,303,neutral,1,0,1,0.001031,0.0,0.001319,0.001031,Peripheral Citizen (Warganet Biasa)
Syrl_Zrlly23,@Syrl_Zrlly23,304,disgust,0,1,1,0.001031,0.0,0.000713,0.001031,Peripheral Citizen (Warganet Biasa)
thisiskieshaa,@thisiskieshaa,304,neutral,1,0,1,0.001031,0.0,0.001319,0.001031,Peripheral Citizen (Warganet Biasa)
rubiee_xx,@rubiee_xx,298,disgust,0,1,1,0.001031,0.0,0.000713,0.001375,Peripheral Citizen (Warganet Biasa)
corcuriosus,@corcuriosus,305,disgust,0,2,2,0.002062,2e-06,0.000713,0.002062,Secondary Influencer (Akun Penggerak)
Charlotte841097,@Charlotte841097,305,neutral,1,0,1,0.001031,0.0,0.001016,0.001375,Peripheral Citizen (Warganet Biasa)
nebulasoull,@nebulasoull,305,neutral,1,0,1,0.001031,0.0,0.001016,0.001375,Peripheral Citizen (Warganet Biasa)
xihuanese,@xihuanese,306,disgust,0,1,1,0.001031,0.0,0.000713,0.001031,Peripheral Citizen (Warganet Biasa)
ilyksjthv,@ilyksjthv,306,neutral,1,0,1,0.001031,0.0,0.001319,0.001031,Peripheral Citizen (Warganet Biasa)
sgnture,@sgnture,307,disgust,0,1,1,0.001031,0.0,0.000713,0.001031,Peripheral Citizen (Warganet Biasa)
incheonte,@incheonte,307,neutral,1,0,1,0.001031,0.0,0.001319,0.001031,Peripheral Citizen (Warganet Biasa)
eddesign_,@eddesign_,11,disgust,0,1,1,0.001031,0.0,0.000713,0.001375,Peripheral Citizen (Warganet Biasa)
chaeyeson,@chaeyeson,23,disgust,0,1,1,0.001031,0.0,0.000713,0.001375,Peripheral Citizen (Warganet Biasa)
Panurotto,@Panurotto,58,disgust,0,1,1,0.001031,0.0,0.000713,0.002356,Peripheral Citizen (Warganet Biasa)
menuembegejelek,@menuembegejelek,308,disgust,0,1,1,0.001031,0.0,0.000713,0.001031,Peripheral Citizen (Warganet Biasa)
pln_123,@pln_123,308,neutral,1,0,1,0.001031,0.0,0.001319,0.001031,Peripheral Citizen (Warganet Biasa)
XOPwibu,@XOPwibu,309,disgust,0,1,1,0.001031,0.0,0.000713,0.001031,Peripheral Citizen (Warganet Biasa)
inaho_vt,@inaho_vt,309,neutral,1,0,1,0.001031,0.0,0.001319,0.001031,Peripheral Citizen (Warganet Biasa)
ngopizx,@ngopizx,310,disgust,0,1,1,0.001031,0.0,0.000713,0.001031,Peripheral Citizen (Warganet Biasa)
kuronamic,@kuronamic,310,neutral,1,0,1,0.001031,0.0,0.001319,0.001031,Peripheral Citizen (Warganet Biasa)
hanichaan28,@hanichaan28,311,disgust,0,2,2,0.002062,4e-06,0.000713,0.00232,Secondary Influencer (Akun Penggerak)
emmarrch,@emmarrch,311,neutral,1,0,1,0.001031,0.0,0.001016,0.001546,Peripheral Citizen (Warganet Biasa)
naturemood_,@naturemood_,311,neutral,2,0,2,0.002062,4e-06,0.001622,0.00232,Secondary Influencer (Akun Penggerak)
aniesbaswedan,@aniesbaswedan,15,neutral,1,0,1,0.001031,0.0,0.002053,0.027435,Peripheral Citizen (Warganet Biasa)
nurul_feb42,@nurul_feb42,311,disgust,0,1,1,0.001031,0.0,0.000713,0.001546,Peripheral Citizen (Warganet Biasa)
ReynaCatherine7,@ReynaCatherine7,64,disgust,0,1,1,0.001031,0.0,0.000713,0.001375,Peripheral Citizen (Warganet Biasa)
HooyaSs,@HooyaSs,52,neutral,1,0,1,0.001031,0.0,0.001016,0.001375,Peripheral Citizen (Warganet Biasa)
sydneyzw,@sydneyzw,312,disgust,0,1,1,0.001031,0.0,0.000713,0.001031,Peripheral Citizen (Warganet Biasa)
MuhammadTuhasan,@MuhammadTuhasan,312,neutral,1,0,1,0.001031,0.0,0.001319,0.001031,Peripheral Citizen (Warganet Biasa)
TheFesnuk,@TheFesnuk,76,disgust,0,1,1,0.001031,0.0,0.000713,0.001546,Peripheral Citizen (Warganet Biasa)
mBg_JK,@mBg_JK,313,disgust,0,8,8,0.008247,6e-05,0.000713,0.008247,Information Broadcaster (Penyebar Wacana)
TezmenEmre,@TezmenEmre,313,neutral,1,0,1,0.001031,0.0,0.000789,0.004399,Peripheral Citizen (Warganet Biasa)
basknlikdivani,@basknlikdivani,313,neutral,1,0,1,0.001031,0.0,0.000789,0.004399,Peripheral Citizen (Warganet Biasa)
thealpsss0,@thealpsss0,313,neutral,1,0,1,0.001031,0.0,0.000789,0.004399,Peripheral Citizen (Warganet Biasa)
esreffsahin,@esreffsahin,313,neutral,1,0,1,0.001031,0.0,0.000789,0.004399,Peripheral Citizen (Warganet Biasa)
2727mmg2727,@2727mmg2727,313,neutral,1,0,1,0.001031,0.0,0.000789,0.004399,Peripheral Citizen (Warganet Biasa)
htcbicer,@htcbicer,313,neutral,1,0,1,0.001031,0.0,0.000789,0.004399,Peripheral Citizen (Warganet Biasa)
Besiktas,@Besiktas,313,neutral,1,0,1,0.001031,0.0,0.000789,0.004399,Peripheral Citizen (Warganet Biasa)
teraholding,@teraholding,313,neutral,1,0,1,0.001031,0.0,0.000789,0.004399,Peripheral Citizen (Warganet Biasa)
eixyr,@eixyr,314,disgust,0,1,1,0.001031,0.0,0.000713,0.001031,Peripheral Citizen (Warganet Biasa)
dluxlah,@dluxlah,314,neutral,1,0,1,0.001031,0.0,0.001319,0.001031,Peripheral Citizen (Warganet Biasa)
_Haris_Srg,@_Haris_Srg,15,disgust,0,1,1,0.001031,0.0,0.000713,0.026612,Peripheral Citizen (Warganet Biasa)
mandosxyz,@mandosxyz,315,disgust,0,1,1,0.001031,0.0,0.000713,0.001031,Peripheral Citizen (Warganet Biasa)
FreyaAddict1,@FreyaAddict1,315,neutral,1,0,1,0.001031,0.0,0.001319,0.001031,Peripheral Citizen (Warganet Biasa)
masaya_npm,@masaya_npm,316,disgust,0,2,2,0.002062,2e-06,0.000713,0.002062,Secondary Influencer (Akun Penggerak)
isxmu__,@isxmu__,316,neutral,1,0,1,0.001031,0.0,0.001016,0.001375,Peripheral Citizen (Warganet Biasa)
shiotsuki_32,@shiotsuki_32,316,neutral,1,0,1,0.001031,0.0,0.001016,0.001375,Peripheral Citizen (Warganet Biasa)
SetiakuDandi,@SetiakuDandi,58,disgust,0,1,1,0.001031,0.0,0.000713,0.002356,Peripheral Citizen (Warganet Biasa)
Milantoon,@Milantoon,58,disgust,0,1,1,0.001031,0.0,0.000713,0.002356,Peripheral Citizen (Warganet Biasa)
RhodesHills,@RhodesHills,317,disgust,0,1,1,0.001031,0.0,0.000713,0.001031,Peripheral Citizen (Warganet Biasa)
solaceinrua,@solaceinrua,317,neutral,1,0,1,0.001031,0.0,0.001319,0.001031,Peripheral Citizen (Warganet Biasa)
PUTRY_NUSANTARA,@PUTRY_NUSANTARA,318,disgust,0,1,1,0.001031,0.0,0.000713,0.001031,Peripheral Citizen (Warganet Biasa)
kylemur_,@kylemur_,318,neutral,1,0,1,0.001031,0.0,0.001319,0.001031,Peripheral Citizen (Warganet Biasa)
elfasza,@elfasza,319,disgust,0,2,2,0.002062,2e-06,0.000713,0.002062,Secondary Influencer (Akun Penggerak)
gentarsedikit,@gentarsedikit,319,neutral,1,0,1,0.001031,0.0,0.001016,0.001375,Peripheral Citizen (Warganet Biasa)
mazzini_gsp,@mazzini_gsp,319,neutral,1,0,1,0.001031,0.0,0.001016,0.001375,Peripheral Citizen (Warganet Biasa)
yafiirah,@yafiirah,320,disgust,0,1,1,0.001031,0.0,0.000713,0.001031,Peripheral Citizen (Warganet Biasa)
zalkad,@zalkad,320,neutral,1,0,1,0.001031,0.0,0.001319,0.001031,Peripheral Citizen (Warganet Biasa)
txtkaumurban,@txtkaumurban,321,disgust,0,1,1,0.001031,0.0,0.000713,0.001031,Peripheral Citizen (Warganet Biasa)
bersuwara_,@bersuwara_,321,neutral,1,0,1,0.001031,0.0,0.001319,0.001031,Peripheral Citizen (Warganet Biasa)
K7_m0en,@K7_m0en,322,disgust,0,1,1,0.001031,0.0,0.000713,0.001031,Peripheral Citizen (Warganet Biasa)
HumorJonTampan,@HumorJonTampan,322,neutral,1,0,1,0.001031,0.0,0.001319,0.001031,Peripheral Citizen (Warganet Biasa)
onpredictabel,@onpredictabel,83,neutral,1,0,1,0.001031,0.0,0.000915,0.001856,Peripheral Citizen (Warganet Biasa)
richbricad,@richbricad,83,neutral,1,0,1,0.001031,0.0,0.000915,0.001856,Peripheral Citizen (Warganet Biasa)
ijuvw,@ijuvw,323,disgust,0,1,1,0.001031,0.0,0.000713,0.001031,Peripheral Citizen (Warganet Biasa)
sugondese6666,@sugondese6666,323,disgust,1,0,1,0.001031,0.0,0.001319,0.001031,Peripheral Citizen (Warganet Biasa)
ohoxnya2,@ohoxnya2,324,disgust,0,1,1,0.001031,0.0,0.000713,0.001031,Peripheral Citizen (Warganet Biasa)
RagilSemar,@RagilSemar,324,disgust,1,0,1,0.001031,0.0,0.001319,0.001031,Peripheral Citizen (Warganet Biasa)
suamrembulan13,@suamrembulan13,325,disgust,0,1,1,0.001031,0.0,0.000713,0.001031,Peripheral Citizen (Warganet Biasa)
RaenLy11643,@RaenLy11643,325,neutral,1,0,1,0.001031,0.0,0.001319,0.001031,Peripheral Citizen (Warganet Biasa)
Geusan1,@Geusan1,326,disgust,0,1,1,0.001031,0.0,0.000713,0.001031,Peripheral Citizen (Warganet Biasa)
Jakartalk,@Jakartalk,326,neutral,1,0,1,0.001031,0.0,0.001319,0.001031,Peripheral Citizen (Warganet Biasa)
acaakaduut,@acaakaduut,327,disgust,0,1,1,0.001031,0.0,0.000713,0.001031,Peripheral Citizen (Warganet Biasa)
keonhoklepon,@keonhoklepon,327,neutral,1,0,1,0.001031,0.0,0.001319,0.001031,Peripheral Citizen (Warganet Biasa)
tissue_______,@tissue_______,328,disgust,0,1,1,0.001031,0.0,0.000713,0.001031,Peripheral Citizen (Warganet Biasa)
ardisatriawan,@ardisatriawan,328,disgust,1,0,1,0.001031,0.0,0.001319,0.001031,Peripheral Citizen (Warganet Biasa)
Catatan_ali7,@Catatan_ali7,329,disgust,0,1,1,0.001031,0.0,0.000713,0.001031,Peripheral Citizen (Warganet Biasa)
idextratime,@idextratime,329,disgust,1,0,1,0.001031,0.0,0.001319,0.001031,Peripheral Citizen (Warganet Biasa)
Bellannieth,@Bellannieth,56,disgust,0,1,1,0.001031,0.0,0.000713,0.003368,Peripheral Citizen (Warganet Biasa)
masjawa76,@masjawa76,330,disgust,0,1,1,0.001031,0.0,0.000713,0.001031,Peripheral Citizen (Warganet Biasa)
Brajamusti_YK,@Brajamusti_YK,330,neutral,1,0,1,0.001031,0.0,0.001319,0.001031,Peripheral Citizen (Warganet Biasa)
bapassamarinda,@bapassamarinda,331,disgust,0,1,1,0.001031,0.0,0.000713,0.001031,Peripheral Citizen (Warganet Biasa)
pinterpolitik,@pinterpolitik,331,neutral,1,0,1,0.001031,0.0,0.001319,0.001031,Peripheral Citizen (Warganet Biasa)
SECSundayShow,@SECSundayShow,332,disgust,0,3,3,0.003093,6e-06,0.000713,0.003093,Information Broadcaster (Penyebar Wacana)
BoardGeniuses,@BoardGeniuses,332,neutral,1,0,1,0.001031,0.0,0.000915,0.001856,Peripheral Citizen (Warganet Biasa)
FromSluggo,@FromSluggo,332,neutral,1,0,1,0.001031,0.0,0.000915,0.001856,Peripheral Citizen (Warganet Biasa)
SEC,@SEC,332,neutral,1,0,1,0.001031,0.0,0.000915,0.001856,Peripheral Citizen (Warganet Biasa)
165Hati,@165Hati,333,disgust,0,1,1,0.001031,0.0,0.000713,0.001031,Peripheral Citizen (Warganet Biasa)
PDI_Perjuangan,@PDI_Perjuangan,333,neutral,1,0,1,0.001031,0.0,0.001319,0.001031,Peripheral Citizen (Warganet Biasa)
ryookaasan,@ryookaasan,334,disgust,0,6,6,0.006186,3.2e-05,0.000713,0.006186,Information Broadcaster (Penyebar Wacana)
seseunseok,@seseunseok,334,neutral,1,0,1,0.001031,0.0,0.000814,0.003374,Peripheral Citizen (Warganet Biasa)
sekilokentang,@sekilokentang,334,neutral,1,0,1,0.001031,0.0,0.000814,0.003374,Peripheral Citizen (Warganet Biasa)
widyans_9,@widyans_9,334,neutral,1,0,1,0.001031,0.0,0.000814,0.003374,Peripheral Citizen (Warganet Biasa)
kurimnida,@kurimnida,334,neutral,1,0,1,0.001031,0.0,0.000814,0.003374,Peripheral Citizen (Warganet Biasa)
rhmdanicxxy_,@rhmdanicxxy_,334,neutral,1,0,1,0.001031,0.0,0.000814,0.003374,Peripheral Citizen (Warganet Biasa)
misswichu,@misswichu,334,neutral,1,0,1,0.001031,0.0,0.000814,0.003374,Peripheral Citizen (Warganet Biasa)
_jnwonwoo,@_jnwonwoo,47,disgust,0,2,2,0.002062,4e-06,0.000713,0.00232,Secondary Influencer (Akun Penggerak)
0604ZP,@0604ZP,47,neutral,1,0,1,0.001031,0.0,0.001016,0.001546,Peripheral Citizen (Warganet Biasa)
carvingcitta_76,@carvingcitta_76,335,disgust,0,1,1,0.001031,0.0,0.000713,0.001031,Peripheral Citizen (Warganet Biasa)
pssleman,@pssleman,335,neutral,1,0,1,0.001031,0.0,0.001319,0.001031,Peripheral Citizen (Warganet Biasa)
ks0mbg9C4Btqww5,@ks0mbg9C4Btqww5,336,love,0,1,1,0.001031,0.0,0.000713,0.001031,Peripheral Citizen (Warganet Biasa)
mami_na0617,@mami_na0617,336,neutral,1,0,1,0.001031,0.0,0.001319,0.001031,Peripheral Citizen (Warganet Biasa)
cheseeerz,@cheseeerz,337,disgust,0,1,1,0.001031,0.0,0.000713,0.001031,Peripheral Citizen (Warganet Biasa)
GllsBot,@GllsBot,337,neutral,1,0,1,0.001031,0.0,0.001319,0.001031,Peripheral Citizen (Warganet Biasa)
jorjimut,@jorjimut,338,disgust,0,1,1,0.001031,0.0,0.000713,0.001031,Peripheral Citizen (Warganet Biasa)
3363sites,@3363sites,338,neutral,1,0,1,0.001031,0.0,0.001319,0.001031,Peripheral Citizen (Warganet Biasa)
txtdariyelllow,@txtdariyelllow,98,disgust,0,1,1,0.001031,0.0,0.000713,0.001375,Peripheral Citizen (Warganet Biasa)
WisdomByDhika,@WisdomByDhika,15,disgust,0,1,1,0.001031,0.0,0.000713,0.017431,Peripheral Citizen (Warganet Biasa)
Dbay0402,@Dbay0402,339,disgust,0,1,1,0.001031,0.0,0.000713,0.001031,Peripheral Citizen (Warganet Biasa)
exmutradezone,@exmutradezone,339,neutral,1,0,1,0.001031,0.0,0.001319,0.001031,Peripheral Citizen (Warganet Biasa)
zhouxihyu,@zhouxihyu,340,disgust,0,1,1,0.001031,0.0,0.000713,0.001031,Peripheral Citizen (Warganet Biasa)
chaehyuna,@chaehyuna,340,neutral,1,0,1,0.001031,0.0,0.001319,0.001031,Peripheral Citizen (Warganet Biasa)
M4s_B4y,@M4s_B4y,341,disgust,0,1,1,0.001031,0.0,0.000713,0.001031,Peripheral Citizen (Warganet Biasa)
TaliUdeng,@TaliUdeng,341,disgust,1,0,1,0.001031,0.0,0.001319,0.001031,Peripheral Citizen (Warganet Biasa)
noctalura00,@noctalura00,5,disgust,0,1,1,0.001031,0.0,0.000713,0.001031,Peripheral Citizen (Warganet Biasa)
Nopawel1,@Nopawel1,5,neutral,1,0,1,0.001031,0.0,0.001319,0.001031,Peripheral Citizen (Warganet Biasa)
