processed_text,y_true,y_pred
done yachhhh ig ak yng sylveaj,Percaya,Jijik
awal telor urus jadi panjang,Jijik,Jijik
program makan gizi gratis mbg terus beri dampak signifikan serap tenaga kerja putar ekonomi nasional lalu serap juta kerja sebut sampai badan gizi nasional bgn statistik baru rilis jumat sebut program mbg libat juta kerja sebut satu layan penuh gizi sppg seluruh indonesia baca lengkap grafis ulfa jainita,Tertarik,Jijik
this is one of the best pictures i have ever seen,Percaya,Percaya
kunci generasi unggul dampak positif mbg langsung asa sekolah anakanak jadi lebih fokus aktif penuh semangat ajar langkah konkret penuh hak gizi cetak sdm indonesia cerdas,Jijik,Jijik
iyo gizi nya tinggi kuwi,Percaya,Jijik
without disrespect his decision tementemen jangan tiru diet baik diet cukup nutrisi hari sesuai anjur dokter kalau kalian alami sulit turun berat badan langsung konsultasi dokter spesialis gizi,Jijik,Jijik
ruang kelas sman mataram tiba ambruk amp rubuh banyak korupsi akibat jadi jumlah siswa alami luka amp otomatis hambat proses salur mbg bukan hambat proses ajar ajar,Jijik,Jijik
bana gurban ol dedim olmadn bende gurban almaya geldim zalmn gz,Netral,Percaya
buat temen yg bingung udh olahraga defkal tp jauh dr goals coba deh liat mungkin besar makan kalian salah yg aku alamin kmrn udh aku share platform apa yg aku pakai skrg aku share dengan lebih detail aku ketemu ahli gizi ku,Jijik,Jijik
voucher diskon halodoc may hldxcpfp chat dokter umumpsikologspkkgizi hldxocj beli vitamin obat hldxhrmzp homecare vit booster tes lab hldxsxj haloskin solusi jerawat hldxfjt halofit program diet,Jijik,Jijik
thissss jangan hedon jangan boros meanwhile boros yg maksud cuma makan cukup angka butuh gizi penuh tempat tinggal nyaman amp sirkulasi baik sebenernya ga boros ges emg negara miskin aja sampe standar hidup minimum jadi kayak boros,Jijik,Jijik
voucher diskon halodoc may hldxcpfp chat dokter umumpsikologspkkgizi hldxocj beli vitamin obat hldxhrmzp homecare vit booster tes lab hldxsxj haloskin solusi jerawat hldxfjt halofit program diet,Jijik,Jijik
anime edit aura api paling brutal minggu nonton video video ada bio buahlil layan gizi indonesia malming pocong persib,Jijik,Jijik
why does this outfit remind me of baby harry,Percaya,Percaya
kecam kerjakerja busuk laku orang bedebah nama tedy indra wijaya,Jijik,Jijik
konten jelek embege musang birah kerja sopir kernet kendara embege milik kubang lumpur espepege darul ulum poncol magetan buat konten gimmick wajah takarir caption jijik kes rendah yang sudahsudah kami seret orang untuk minta maaf atas konten buat,Jijik,Jijik
mbgmas bahlil ganteng buah apa paling manis buahlillll,Percaya,Jijik
smua jg tau deep state macam rayap yg masyarakat pen tau apa yg laku perintah u basmi panggil pulang asn tugas ajar london yg duga hina program mbg,Jijik,Jijik
mau gibah soal mbg mba ku keluar ada tawar jadi sppg funfact kalau cuci piring gapernah bersih ga cuma cuci piring in general bingung banget mana seleksi ketat nya best of luck adek yg makan mbg hari,Jijik,Jijik
adek lucu banget mau kabur garagara marah suruh tidur siang adeknya malah ngambek mau kerja mbg aja padahal kalau udah kerja tidur siang tidur siang toilet,Percaya,Jijik
isi fyp tiktok gw sekarang lagu mbgmas bahlil gantengsemakin gw g suka lagu malah makin sering fyp gila,Jijik,Jijik
no wonder barbie screamed the hell out of her lungs in that car,Percaya,Netral
hmmm mendem betul bukan culik kasih mbg,Percaya,Jijik
mbg mas bahlil ganteng buah apa paling manis buahlil,Jijik,Jijik
mbg mas bahlil ganteng lagu enak anjir,Percaya,Percaya
nyata kamuuuu tp aku mau makasih batsu ku mbg soal wkwkwk,Jijik,Percaya
nikah yuk sayang urus makan minta mbg,Percaya,Percaya
fyi pskc cimahi promosi liga jadi siluman mbg fc,Jijik,Jijik
oceh gaek ko ka sebocorlaparsdaending nyo mbgcuma beda ruang panggung baka nya jgn diksh mic,Jijik,Jijik
siapa ngide bikin lagu mbg alias mas bahlil ganteng gue tanyaaaa gw udah mulai hapal jingaaaan my little bolu ketan fakkk pecah ketawa gw,Jijik,Jijik
mbgmas bahlil ganteng buah buah affh nyang manizzbuahlih syaland ngiang ngiang tuchh lagukasih taw gweh siaffh ffenciptanya,Jijik,Jijik
isi otak gue skrg mbg mas bahlil ganteng buah apa paling manis buahlil nambah ganteng aja my little bolu ketan,Jijik,Jijik
meet up with mbg my bebeb gue jangan kapok kapok main sama ak kak,Percaya,Percaya
jadi guru indo gin bgt udah mah sering hina sama dukung prabowo perkara guru minta gajih yg tara sama pekerjaanya masih suruh ngurusin mbg yg gaada hubung sama,Tertarik,Jijik
morninggg mbg mas bahlil ganteng buah apa paling manis buah lil tambah ganteng aja my little bolu ketan,Percaya,Jijik
kadang suka sedih sdm keren kasih makan mbg,Percaya,Percaya
another mbg dri shopee makasih pi,Percaya,Percaya
mbg mas bahlil ganteng buah apa paling manis buahlil woy lah siapa ngide bikin lagu begini,Jijik,Jijik
owh teman yg cowok switch career koperasi desa merah putih amp mbg padahal semester lalu storiesnya masih ngajar kok,Jijik,Jijik
ketemu nongki cerita cuddl sudah punya pasang masing masing saling beri semangat karna sama sama sedang rintis mau buka cafe saat kondisi ekonomi sulit sulit mungkin fampb yg profit besar mbg hahahaha,Jijik,Jijik
bujet apal banget lagu mbg mas bahlil ganteng buah apa yg paling manis buahlil,Jijik,Jijik
asupan mbg,Percaya,Percaya
mbg mas bahlil ganteng my dubai chewy cookies my little bolu ketan,Percaya,Jijik
mbg mas bahlil ganteng buah apa paling manis buahlil tambah ganteng aja my little bolu ketan anjir mana gw apal,Jijik,Jijik
mbg yg my budhe guweh,Percaya,Percaya
apa anj,Jijik,Jijik
graduate with gravt sdh resmi tdk terima mbg,Jijik,Percaya
anding cakep bangeettt gitsu jugaaaaaa yaudah ak bneran goyang mbg,Jijik,Percaya
mati gw bneran goyang mbg anjeerrrr,Jijik,Percaya
aduh mbgmy bini gue semua dijadiin satu frame,Percaya,Percaya
kasus mbg ikn mangkrak orang pada hidup tentram what a dzalim country,Jijik,Percaya
untung ngga bawa angin buah lil sarap mbg,Jijik,Jijik
thats wrap for todays lolfanfest terima kasihhhhh jimmysea udah always show the best performance everrrr keren sekaliiiii and thank u mbg tadi ada besok sooo take a nice rest yahhh see you next omakase anjaiiiiii jscean love fullspeed,Jijik,Percaya
yang ngikutin dorohedoro ngga sumpah minbege demen banget sama karakter,Jijik,Jijik
in this economy aku punya usaha tanah abang jual batik tenun dari awal tahun sekarang sepi bukan main ken nangiiiiiiiis plis lah gak peduli dolar naik rebu lebih kalian bilang gak dampak mbg dampak a mat sangat dampak kami umkm ccthreadkarrimatulizzah,Jijik,Jijik
negara bayar karyawan mbg karyawan kdmp napi mbg ga bayar gaji guru juta guru bakal jadi anggur cipta lapang kerja baru tpi mati lapang kerja yg ada negara sungguh cerdas,Netral,Jijik
apbn per hari triliun untuk mbg makan racun gratis mbg maling kedok gizi,Tertarik,Tertarik
evox apex team jp member recruitment open contact,Percaya,Jijik
shes literally mbg,Percaya,Percaya
gakuat bgt klo dah dress model cakep kali lipat tara dana thn mbg,Jijik,Jijik
racun mbg adel,Jijik,Jijik
anggap beli mahal beli nggak perlu apa kabar yg beli kaos kaki mbg ber milyar milyar,Jijik,Jijik
ini my mbg,Percaya,Percaya
mau pamer sera sini cakep bgt mbg my bini gw dijajanin commis sama orang hehe makasih kak,Tertarik,Percaya
shiiiiittt jelas mbg real bgt cantum pasal triliun sehariiiij rugi uang negata ekonomi negara tp ngelesnya bukti gdp grow sumber foto whatsaupidonesia,Percaya,Jijik
covid gt vaksin gt bill gates datang gt mbg gt kdmp gt supply chain makan pokok asai elite gt populasi mudah kontrol semua makin masuk akal,Jijik,Jijik
kok tuh santai banget sih negara mata uang rendah dunia bekas jadi kota paling racun di dunia rupiah di angka rp total ajar racun mbg and the list still go on were not angry enough,Jijik,Jijik
wakil ketua majelis musyawarat rakyat mpr eddy soeparno apresiasi langkah presiden prabowo subianto evaluasi program makan gizi gratis mbg baca lengkap ll,Netral,Tertarik
curhatan serang anak wakil bagi besar anak berangkat sekolah dgn sarap ada bahkan sarap ajar dlm ada lapar program mbg memang sangat langsung rasa manfaat nya anak anak sekolah yang bubar mbg banyak tua bangke,Jijik,Jijik
sadly ace iya,Percaya,Jijik
emak gw frekuensi sm supir grab anying malah bahas mbg,Jijik,Jijik
komitmen presiden prabowo subianto jelas program mbg rata seluruh indonesia anak sekolah santri hingga daerah pencil dapat akses gizi sama perata bukan slogan kerja nyata,Tertarik,Tertarik
maloe banget temen aing nanya sebutin yang gua stop maksud stop lakuin in a trend tiktok way terus gua jawab mbg,Jijik,Jijik
ngucapin sih ngucapin ga sampe mbg prabowo sebut ga sihkelakuan sangat syududu,Jijik,Jijik
jangan lupa nonton drakor mbg guys hari,Percaya,Jijik
mbg mangat boys amp guuurrrllssss,Percaya,Jijik
apa acara mbg solusi,Jijik,Jijik
bagus kalau iya banyaaak mahasiswa amp mahasiswi mati mati racun para dosen mati dapur mbg cara bunuh yg bisa hukum bahaya dapur mbg ipb rindu pikir sajogyo hariadi kartodiharjo,Jijik,Jijik
salah satu anak tiap hari makan mbg mental kuat clavariapedia,Jijik,Percaya
makanya mbg nyata prabowo ngikutin jejak iblis wkowkowkowkow,Tertarik,Percaya
memang lebih untung jadi pegawai sppg harap orangorang kan begini guru gak perlu yg penting ompreng mbg,Tertarik,Jijik
sumpah bandung tuh bukan ruko mbg yg banyak tp lapang padel jirr mana mana,Jijik,Jijik
vai ficar parecendo um milk shake whey protein crush concentrado under labz coenzima q por r no pix ou r em at x sem juros,Netral,Netral
bingung kalo udah milih makan apa kek anak umur butuh mbg kek biar surprise tiap hari beda menu,Jijik,Jijik
woi hiu mbg,Percaya,Percaya
happy mothers day to all the real mothers out here not just cause you pushed a baby out im not talking to all yall just the real mothers enjoy your day,Percaya,Jijik
or massaging her,Percaya,Jijik
jujur titik muakk dg mbg kalau banyak sisa masalah banyaj murid yg mulai bodan gak doyann,Tertarik,Jijik
agit sekarang udah libur lepas masa sekolah gue diwajibin masuk sekolah cuma buat ambil mbg pulang jam normal llagi,Percaya,Jijik
maacii buat mbg my boyfriend gua thanks bby bujuk kata mau traktir sushi semangat aku ajar thank you for always says to me whatever the results is youll always love me,Percaya,Percaya
heeeereee weeee goooooooo,Percaya,Jijik
besok gakmau makan mbg soal udah kenyang sama boynextdoor masak sedap knock knock boynextdoor bnd comeback home,Jijik,Jijik
mbg my bini gw,Percaya,Percaya
rumah dulunya kubur rumah dulunya dapur mbg,Jijik,Percaya
uang kas perintah bi tinggal t mbg kek setan jalan terus ga ngerti dah,Tertarik,Jijik
ekonomi hancur presiden lu prabowo wapres lu gibran orangorang perintah korupsi nepotisme mbg tetap jalan udah ga tau mau ngomong apa wassalamualaikum wr wb,Jijik,Jijik
legi cinta banget sama mbg my bini gue nahnul,Percaya,Percaya
mbg yg gue trim cmn yunah,Jijik,Jijik
rahmat,Percaya,Jijik
mbg libur dulu biar mas adam masak,Jijik,Percaya
kalo xd bisa tebak lah naeun featuring lelaki mbg lagi,Percaya,Jijik
siapa yg buat woyy bubar kan mbg,Percaya,Jijik
mbg kantor dulu mostly nasi padang jakarta udah dicobain rendang paling enak pagi sore ayam pop paling enak garuda,Percaya,Jijik
ui kalah saing salah mbg kampus kalah saing salah sendiri punya faktor tunjang busuk,Sedih,Jijik
jumpa summer skrng waktu rasa mbg sedia ny ibuk lt,Percaya,Percaya
kata gua mah mending mbg nya ganti sm buku seragam sekolah dripada anak org racun,Jijik,Jijik
gua tau dosen gua sekaligus dekan kalo ui hilang m kit garagara mbg jadi tutup dana sebut apaapa dinaikin apaala sewa bukan salah ui sepenuh salah mbg,Jijik,Jijik
racun mbg jakarta timur ratus siswa sdn cakung timur sdn ujung menteng sdn ujung menteng lapor tumbang scr sama smp hrs lari bbrp tempat puskesmas cakung timur jumlah rumah sakit besar penuh pasien anakanak datang gelombang rs citra harap bekas situasi bahkan sempat sangat padat hingga beberapa siswa paksa bagi satu tempat tidur dua akibat batas kapasitas ruang awat itu korban lari rs sukapura rs firdaus rs pondok kopi rs kerja rs resti hingga rs ananda bekas anggap sepele,Jijik,Jijik
dapet surat cinta langsung marfen anak kelas v mi sidoarjo si adek terima kasih bgt dapet makan gizi gratis tiap hari sekolah emang asupan nutrisi hak anak indonesia biar makin pinter,Jijik,Jijik
makan gizi gratis,Percaya,Tertarik
gizi gratis anak bangsa pintar program makan gizi gratis dukung tumbuh optimal anak indonesia saji lezat kaya protein bentuk generasi emas cerdas sehat penuh potensi sama bangun masa depan lebih baik,Tertarik,Jijik
benar protein apa saji menu mbg ternak ayam telur keluh kurang serap telur program makan gizi gratis mbg anggap salah satu picu anjlok harga situasi makin parah harga pakan naik kali lipat akibat nilai tukar rupiah lemah,Jijik,Jijik
video bukti indonesia pimpin orang badut media raksasa dunia the economist baru aja ngeluarin warning keras buat indonesia sorot rentet bijak populis tahun akhir nilai terlalu boros mulai makan gizi gratis mbg koperasi desa proyek triliun lain dampak lapor sebut sorot defisit nyaris sentuh rupiah tembus rpusd sisi perintah tegas ban pasti semua adalah investasi jangka panjang anak bangsa perata ekonomi bukan boros,Jijik,Jijik
hah mbg masuk kampus program makan gizi gratis mbg mulai dorong guru tinggi libat satu layan penuh gizi sppg picu banyak tolak anggap geser fokus utama kampus ruang akademik mbg sendiri simpan banyak masalah mulai kasus racun makan jumlah daerah kualitas gizi tanya potensi korupsi kelola anggar limbah makan akibat distribusi tidak tepat libat militer struktur jabat sppg isu bagibagi jabat struktur kelola program program besar ini jalan awas jauh matang sisi guru tinggi masih simpan banyak soal uang kuliah tunggal ukt terus naik fasilitas didik rata keras seksual lingkung kampus masih sering jadi hingga sejahtera dosen kerja kampus kerap abai soal dasar program mbg maupun guru tinggi belum selesai perintah justru dorong kampus ikut libat urus operasional negara muncul khawatir kampus hilang posisi kritis mulai libat langsung laksana program perintah jangan ruang akademik ubah jadi sekadar panjang tangan kuasa,Jijik,Jijik
pagi rupiah resmi tembus rp per dolar as positif thinking aja mungkin rupiah otw mau nyamain jumlah kalori porsi makan gizi gratis biar gampang ngitungnya konsisten banget merosot kayak akhlak netizen pas ngomentari pidato prabowo,Jijik,Jijik
putar uang ratus miliar tiap hari pemkab sumedang gerak cepat optimal program makan gizi gratis mbg gak cuma bikin anakanak sehat fokus juga dongkrak ekonomi lokal masif keren pis,Netral,Jijik
tawa anakanak pagi jadi bukti nyata program makan gizi gratis bukan sekadar soal makan tentang semangat ajar tumbuh sejak pagi anakanak sambut mbg wajah ceria penuh antusias,Tertarik,Tertarik
harap program makan gizi gratis tetap jalan maksimal aman benarbenar manfaat buat ajar indonesia baca langkap sini,Tertarik,Jijik
baru kali liat fans protes krn yg share menu makan sekolah,Jijik,Jijik
mobil operasional program mbg viral parkir kawasan hibur malam deltamas cikarang malam minggu warganet tanya kendara dinas antar makan sekolah ada lokasi sebut publik kini tunggu klarifikasi,Tertarik,Jijik
korea ada yg nama atur laksana udangundang makan siang sekolah cara hukum bahan makan kandung gizi makan sekolah wajib hukum publikasi krn klo ga publikasi arti anggap langgar hukum mbg mana bisaaa,Jijik,Jijik
kira makan sekolah korea umum kali,Jijik,Jijik
tarik pak kalau salah food portion estimation via ai pakai beberapa negara monitoring gizi sekolah cukup foto makan dan makan ai hitung kalori masuk protein karbohidrat verifikasi bas data visual objektif dukung governance yg mantul beeuhh,Jijik,Jijik
mbg simpang jalan program makan gizi gratis mbg mulai oleng hadap tantang ganda satu sisi gejolak ekonomi global ancam stabilitas global sugiono menlu buruk kok panjang sejarah,Netral,Jijik
rumania bisa naik bus gratis bisa laku x squats upaya sederhana nan heibat perintah rumania sehat masyarakat bukan omon kosong mahal soal segala gizi gratis negara kuat masyarakat yg sehat,Jijik,Jijik
iyaakan kak kyanya makan ber gizi gratis tpi beberapa malah gizi gatau dri mana,Tertarik,Jijik
utang negara keluar negeri subsidi bbm semua pake dollar pak kok lamalama jadi asa kuping masalah waktu mayday buruh teriak ga manfaat bapak malah ngebahas manfaat mbg penting mbg dari calon kemarin gw ga ngerasa bagus nyata gw pilih yang buruk,Jijik,Jijik
prabowo tegas program mbg terus evaluasi baik penting rakyat program bagus jaga sama awas sama tertib manfaat benarbenar ke masyarakat butuh,Jijik,Jijik
pahlawan gizi kini lebih lindung berkat kolaborasi bgn amp bpjs ketenagakerjaan kerja sppg jamin celaka sehat hingga beasiswa anak kerja keras harga amp sejahtera adalah prioritas terima kasih,Jijik,Jijik
nyata yg gin yg paling benci kaum dukung koruptor mafia tanda ajah komen nya akan mentololtololkan presiden nyambungin program yg cemas nanti,Tertarik,Jijik
mbg hadir energi baru generasi indonesia satu porsi hari adalah investasi besar masa depan negeri anak sehat ajar semangat indonesia kuat gizi hebat generasi kuat indonesia maju,Jijik,Jijik
sinergi luar biasa sumenep distribusi program makan gizi gratis mbg kawal ketat rekanrekan tnibabinsa senang lihat semua pihak bahumembahu pasti jatah gizi ke tangan tepat aman,Jijik,Tertarik
dulu mikir diet mahal sekarang negara bilang makan gratis harus gizi plot twist bikin perut bahagia mbg makan gizi gratis aku akhir makan sehat harus lihat saldo dulu,Jijik,Jijik
program makan gizi gratis mbg tetap aman jalan sesuai anggar laku efisiensi tata kelola rapi cegah bocor dana negara,Tertarik,Jijik
yakin menang bismillah allah bantu,Percaya,Percaya
naur mbg makan gizi gratis more than crucial didik sehat bukan prioritas utama indonesia indonesia lebih butuh makan pintar sehat,Tertarik,Jijik
mbg mas bahlil ganteng buah apa paling ganteng buahlil tambah ganteng aja my little bolu ketan,Jijik,Jijik
kakak celana pendek,Percaya,Percaya
ciyus mie ayam huhuhu aku jadi lama aku neng banget,Percaya,Jijik
wakil ketua komisi x dpr ri lalu hadrian irfani minta perintah jelas alas libat kampus kelola dapur program makan gizi gratis mbg tuai tolak jumlah pihak senin ard,Jijik,Jijik
brigjen mayjen letjen jenderal persib,Marah,Jijik
kamu tahu mbg bukan makan gizi gratis bukti nyata petinggi badan gizi nasional tak adasatupun ahli gizi,Tertarik,Percaya
yuk dukung program makan gizi gratis makan sehat buat lebih kuat ceria kabar baik perintah kita semua,Tertarik,Tertarik
ferry latuhihin angkat suara soal program mbg makan gizi gratis turut kalau selidik program mbg jadi kasus korupsi gilagilaan ferry pernah kata ketua mbg potensial jadi sangka program sendiri habis puluh triliun follow us telegram twitter whatsapp channel tiktok youtube raih amal shalih sebar,Netral,Jijik
dapur mbg disuspend badan gizi nasional bgn henti operasional satu layan penuh gizi sppg program makan gizi gratis mbg banyak dapur kurang porsi kualitas makan raup untung lebih besar contoh ekor ayam harus potong bagi malah potong jadi bagi ukur lauk seperti lele kecil nilai gizi anak turun kepala bappisus aris marsudiyanto nyata bentuk serius perintah jaga standar mbg dapur disuspend baik dulu kalau bisa cabut izin permanen pesan perintah program mbg bukan sekadar jumlah kualitas porsi sesuai standar awas terus laku apa dapat kalian awas cukup ketat masih perlu kuat,Jijik,Jijik
ajak ngedate asosiasi usaha kelola dapur makan gizi gratis apembasi guru honorer,Tertarik,Jijik
syarat jadi jabat sekarang pandai bual sabang smp merauke aja blm nyambung kepala badan kendali bangun investigasi khusus aries marsudiyanto bilang kalau program makan gizi gratis mbg jalan terima jumlah lebih dr juta dg jumlah terima aries bilang ada miliar saji yg hidang terima bahkan aries nyebut ompreng mbg jejer waktu tahun panjang hampir satu lingkar bumi,Jijik,Jijik
mbg mas bahlil ganteng buah apa paling manis buah lil tambah ganteng aja my little bolu ketan,Jijik,Jijik
haha iya bener kok lauk mbg biasa protein ayamtempe sayur nasi biar gizi imbang sesuai program makan gizi gratis liat enak kan kalau mau ganti lauk atau tambah bilang aja,Tertarik,Jijik
makan siang gratis bijak dasar ylbhi resmi gugat anggar makan gizi gratis mbg uu apbn mahkamah konstitusi m isnur ylbhi bongkar bobrok balik dasar hukum bijak sukasuka muncul tibatiba,Netral,Tertarik
beberapa porsi makan gizi gratis mbg tampak konsumsi salur para siswa mereka butuh nopppsaja via instagram aksi jadi bukti kalau nilai harga bukan cuma angka rapor juga besar rasa empati peduli sama,Jijik,Jijik
program makan gizi gratis makin luas lewat satu layan gizi seluruh negeri perintah kucur rp triliun pasti anakanak indonesia asupan nutrisi baik masa depan lebih cerah,Tertarik,Tertarik
duga racun massal jadi program makan gizi gratis mbg rembang puluh siswa desa balongmulyo lapor pusing sesak napas usai konsumsi susu kemas orang tua korban kecewa insiden rupa sebut ulang salah satu wali murid bahkan minta prabowo subianto tinjau ulang program standar aman jamin ini kandung susu selidik para siswa rawat puskesmas desa evaluasi total hingga tutup layan kait mulai muncul program bagus bareng awas ketat selamat anakanak tak taruh kamu perlu henti atau cukup evaluasi,Jijik,Jijik
awas program makan gizi gratis kuat banten perintah provinsi banten kuat awas laksana program makan gizi gratis mbg gubernur banten andra soni tegas libat perintah daerah jadi kunci hasil program awas perlu program jalan optimal tepat sasar ujar juta anak banten terima manfaat mbg hari sekolah perintah daerah jalan sendiri dukung pusat kata andra soni deputi bidang pantau awas bgn dadang hendrayudha tekan awas laku seluruh mulai dapur produksi hingga distribusi sekolah ujar bgn dorong guna sistem digital pantau laksana program lalu sistem ini kepala daerah pantau data langsung kata itu bahan baku program arah asal potensi lokal tani laku usaha daerah ikut rasa manfaat ujar dadang direktur wilayah ii bgn albertus dony dewantoro sampai tindak langgar sppg banten henti karena penuh standar kata bgn tetap standar ketat kait higienitas kualitas gizi operasional dapur utama kualitas gizi bukan sekadar kenyang ujar dadang informasi putar pemprov banten bisa akses lalu website facebook youtube tiktok email pemerintahprovinsibantengoid,Jijik,Jijik
anggota dpr ri bawa acara surya utama uya kuya sebut renovasi rumah yang dulu selesai kini hadap isu hoaks kena milik dapur makan gizi gratis mbg baca lengkap am,Tertarik,Jijik
makin manfaat program makan gizi gratis ntt tlah jangkau ribu terima mampu serap lebih ribu tenaga kerja luar biasa,Tertarik,Jijik
bingung sikat semir sepatu bgn rp miliar buat sikat amp semir sepatu program makan gizi gratis tanya semir sepatu makan apa baru kali denger menu sepatu kinclong gizi prioritas bikin bengong,Jijik,Jijik
sekolah rakyat lengkap asrama putri asrama putra bebas buku paket semua alat tulis menulisgratis makan gizi kali hari gratis semua tanggung negara kok aku jadi ingat pak ganjarmmd kalau tak salah ingat program unggul dengan slogan satu keluarga miskin satu sarjana entah benar entah tidaknyajika program sekolah rakyat wujud program unggul ganjarmmd alangkah legowonya sikap presiden tak arogan mau sudi terima realisasi program baik saing masa pilpres untuk sejahtera hidup rakyat yg kurang mampu respect kagum,Jijik,Jijik
viral ompreng mbg kembali fakta benar ratus ompreng makan gizi gratis mbg sman kerinci jambi sempat viral sebut tolak siswa banyak warganet kecewa nilai menu bosan fakta sederhana pihak sppg mekar jaya tegas makan siap sesuai standar gizi anggar perintah bahkan temu tolak langsung siswa bagi sebut sempat ambil fokus giat sekolah program mbg sendiri memang rancang intervensi gizi bukan sekadar soal selera era viral sekarang satu potong video bentuk opini penting lihat fakta utuh nilai jadi kamu gimana,Jijik,Jijik
rame banget nih soal wacana copot kepala bgn sorot publik muncul rencana ada ribu lebih motor listrik program makan gizi gratis mbg jadi polemik ikut pantau kpk sektor ada memang rawan praktik korupsi banyak khawatir gaduh bisa ganggu fokus program harus sasar gizi rakyat makanya muncul dorong publik jaga percaya bersihin polemik langkah tegas copot kepala bgn mulai anggap relevan bukan soal personal soal jaga integritas program negara biar tetap percaya rakyat lo gimana,Jijik,Jijik
anggar program besar rinciannya ke kaos kaki rp ribu prof mahfud md sorot penting efisiensi transparansi program makan gizi gratis mbg jangan niat baik rakyat kecil malah beban rincian tidak perlu,Tertarik,Jijik
haha oke request terima bro bayangin aja sekarang pino cr futsal pake seragam khaki pegawai mbg sppg logo bgn dada siap distribusi makan gizi gratis tendang bola ronaldo malah thumbs up bilang makan gizi dulu baru goal mantap nih vibenya,Jijik,Jijik
makan gizi gratis keren banget bikin semua sehat yuk manfaatin sempat untuk jaga sehat bareng,Percaya,Tertarik
mbg karanganyar terus kuat wabup pimpin rakor evaluasi karanganyar perintah kabupaten karanganyar terus kuat laksana program makan gizi gratis mbg lalu rapat koordinasi rakor evaluasi rencana gelar kamis,Jijik,Jijik
makan gizi gratis yes please yuk manfaatin sempat biar sehat kantong tetap aman maju terus perintah,Jijik,Tertarik
dagang jeruk pasar gede solo raup cuan sejak mbg program makan gizi gratis mbg dorong tingkat signifikan jual buah pasar gede hardjonagoro solo dagang jeruk jeffri sembiring aku kini mampu jual hingga tujuh ton jeruk per hari jumlah belum butuh waktu hari jual lonjak minta utama asal butuh dapur mbg satu layan penuh gizi sppg dagang usman bahkan layan hingga dapur mbg catat tingkat jual buah lokal jeruk salak buah impor kelengkeng apel fuji tingkat omzet dagang program juga dampak naik harga buah untung tani buka lapang kerja baru dagang harap program mbg terus lanjut nilai mampu dorong ekonomi sekaligus penuh butuh gizi masyarakat,Jijik,Jijik
mbg mbg insiden kejut jadi smp negeri kota jambi kamis pagi tiga orang guru lapor alami gejala racun cicip menu program makan gizi gratis mbg baru tiba sekolah,Tertarik,Jijik
viral temu cacing makan program makan gizi gratis sukabumi,Jijik,Tertarik
uji coba makan gizi gratis sistem prasmanan sekolah malang jalan lancar siswa antusias menu lebih variatif kualitas makan tetap jaga konsep tarik kembang lebih luas,Jijik,Jijik
awal nya kasi ama merekatapi abis liat yg di saku anak nya aku mala jadi kasi ama diri sendiri src tt muhdadzrul tag senin sriwijaya ngasih dana hibah program makan gizi gratis pulih aceh tamiang,Jijik,Jijik
rapat catat jumlah isu strategis yg perlu bahas lanjut lain mekanisme sesuai distribusi program makan gizi gratis apabila jadi ubah pola hadir siswa sekolah gtapapun masalah mbg tetap depan,Jijik,Jijik
hai sobat kemendukbanggabkkbn kaltim tim damping keluarga tpk terus peran aktif dukung laksana program mbg b makan gizi gratis ibu hamil ibu susu amp baduta non paud provinsi kalimantan timur kalimantan utara,Jijik,Jijik
nah baru bagus bantu penuh gizi siswa nyata nilai didik karakter anak sekolah jadi ajar hidup lebih tertib peduli pagi sumatera,Jijik,Jijik
baca caption org kalo cinta harus asam lambung km ga naik iyaya taun kemarin aku sampe kaya kurang gizi aslam cinta mas mas arab umur gamaw,Jijik,Jijik
keren banget sih program jalur beneran nyentuh warga tempat pencil inti jelas semua jalan buat layan gizi indonesia adil rata,Jijik,Jijik
dpr dokter gizi tanya kandung gizi program makan gratis anak jadi gandeng bgn ketua bgn langsung nunjuk rekan konco e si bos bokap anak sekarang kacau alihin salah ke orang jenius si,Jijik,Jijik
rencana luas dapur mbg libat guru tinggi kampus tuai pro kontra rektor yang dukung ada yang tolak belum lapor badan gizi nasional usul tiap kampus diri minimal satu satu layan penuh gizi sppg dapur makan gizi gratis mbg bagaimana respon akademisi kampus talk pakar didik universitas negeri jakarta unj dewan pakar himpun didik guru pg prof rakhmat hidayat streaming,Jijik,Jijik
umum menang lomba selamat semua menang untung tetap semangat terus ajar kejar mimpi nanti kami terima kasih semua yang telah partisipasi lomba nfu,Jijik,Jijik
geceyi aydnlatan yamur ve imek eliinde ihtiyacm var bu ehreee,Tertarik,Netral
nyanyi asal tulungagung dona lady rocker labrak wanita yg duga goda suami lewat dm buah area parkir dona rasa geram lantar wanita tsb coba rayu suami lalu dm medsos suami udah dihantem mbak,Jijik,Jijik
napi perlu baik gizi kacaukacau mania,Jijik,Percaya
loker jogja sppg bantul pendowoharjo butuh aslap asisten lapang ahli gizi smasmk d s tahun alam bantul lihat lengkap,Jijik,Jijik
gavurun gz hari herkese gnaydn hayrl sabahlar ampiyon cim bom bom,Tertarik,Tertarik
hai open jokislot kosong bimbing tutor fk fkg fkh farmasi gizi manajeman akuntansi hukum biologi sisfor ilpol psikologi pgsd didik kesmas biologi bantu sampe semprosemhas yuk wa tjasa jokitugasakhir zonauang bimbing,Jijik,Jijik
haha mantap usulane bro picoez kolab karo witwitan lan sayurmayur arti gizi langsung sumber alami pas banget dukung umkm tani sehat bawah dad picoez combo jadi paket lengkap ahli gizi taneman sehat lu dukung full picoez gas cerita lebih dalem piye konsep,Jijik,Jijik
mirip si muda kurang gizi perlu kasih dapur mbg nih,Jijik,Jijik
ayo lihat media sosial di instagram line x youtube hima gizi uhamka tiktok website,Percaya,Jijik
tatl olsun kasl olsun yakkl olsun espritel olsun karizmatik olsun zengin olsun toplama bilgisayar m alyon zalmn gz,Jijik,Percaya
butuh loker gizi tpi gmw mbg,Jijik,Percaya
calling for volunteers himagi abdi halo calon abdi muda pernah pikir gimana rasa ilmu gizi kita ajar kelas langsung manfaat buat masyarakat luas ini saat,Jijik,Jijik
sppg polri hadir wujud peduli dukung penuh gizi masyarakat cipta generasi sehat cerdas kualitas,Jijik,Jijik
dokter spesialis gizi klinik dr dr a yasmin syauki spgkk mhpe bagi jumlah tips jamaah haji tetap aman hindar ganggu sehat aktivitas luar ruang tengah cuaca panas ekstrem tanah suci baca lengkap grafis ulfa jainita,Jijik,Jijik
siswa racun wakil wali kota bilang semua baik standar baik buat siapa buat jabat buat anakanak tumbang nyawa siswa bukan bahan eksperimen gizi kalau langgar sop gak pidana,Jijik,Jijik
ben duygusal bir manyam dikkat edin,Percaya,Netral
dokter spesialis gizi klinik dr pande putu agus mahendra mgizi spgk ingat jamaah haji waspada risiko dehidrasi heatstroke sengat panas tengah cuaca panas ekstrem lama jalan ibadah tanah suci baca lengkap,Tertarik,Jijik
once again siapa gak baper kalau bilang kamu cocok tau jadi ahli gizi terus kalau aku banyak uang aku bakal modalin usaha kamu,Jijik,Jijik
voucher halodoc baru chat dokter spkk psikolog gizi obgyn hldxcrza beli obat vitamin skincare hldxove homecare lab vaksin mcu hldxhkcrq haloskin jerawat antiaging hldxsbk halofit utk program diet halofitaffg,Jijik,Jijik
hai open jokislot kosong bimbing tutor fk fkg fkh farmasi gizi manajeman akuntansi hukum biologi sisfor ilpol psikologi pgsd didik kesmas biologi bantu sampe semprosemhas yuk wa tjasa jokitugasakhir zonauang bimbing,Jijik,Jijik
dewa gizi united banten,Jijik,Jijik
voucher halodoc tercuan mei chat dokter spkk psikolog gizi obgyn hldxcrza beli obat vitamin hldxove homecare lab vaksin mcu hldxhkcrq haloskin jerawat antiaging hldxsbk halofit utk program diet halofitaffg,Jijik,Jijik
lanjut bang percuma profit kalo rumah aja duit banyak gizi buruk gabaik tw yuk wd dulu walletmu,Jijik,Jijik
voucher halodoc baru chat dokter spkk psikolog gizi obgyn hldxcrza beli obat vitamin skincare hldxove homecare lab vaksin mcu hldxhkcrq haloskin jerawat antiaging hldxsbk halofit utk program diet halofitaffg,Jijik,Jijik
dah ah mau tidur wkwk ngantuks anw pagi temen temen jangan lupa sarap karna rindu berat jadi butuh asupan gizi,Jijik,Jijik
baik gizi,Percaya,Percaya
seeen aksn sen ilk gz armsn sen ampiyonsun tebrikler aslanlar,Marah,Tertarik
riiillll aku nyari loker ahli gizi rs jadi susah karna info loker isi sppg semua,Jijik,Jijik
voucher diskon halodoc mei konsul dokter spkkpsikologgizidll hldxcrza tebusbeli obatskincarevitamin hldxove haloskin utk jerawatampkulit kusam hldxsbk homecare vaksin hpvinfluenzamcu hldxhkcrq halofit diet halofitaffg,Jijik,Jijik
baru sadar buah privilege ekonomi ini punya pilih ga berkarir mbg koperasi merah putih aku kasi sama temantemanku ahli gizi yg ga punya pilih padahal kerja mbg jg penuh tekan cuma kerja ga ikut korupsi,Jijik,Jijik
saatler sonra ampiyon cimbom yazdracaz,Percaya,Jijik
aksi nekat begal bkt bekas yg laku siang hari hasil gagal warga laku tangkap amp ajak olahraga jantung tipis,Netral,Jijik
keren banget limbah minyak jelantah dapur mbg gak bakal buang percuma lewat kolaborasi pertamina amp bgn limbah bakal olah jadi bahan bakar pesawat ramah lingkung saf gizi anak penuh lingkung makin jaga,Jijik,Jijik
akhir era gizi buruk investasi sdm unggul indonesia emas,Jijik,Jijik
badan gizi nasionalis tegas masyarakat ingin jadi rawan mbg ada batas usia,Tertarik,Jijik
voucher halodoc baru chat dokter spkk psikolog gizi obgyn hldxcrza beli obat vitamin skincare hldxove homecare lab vaksin mcu hldxhkcrq haloskin jerawat antiaging hldxsbk halofit utk program diet halofitaffg,Jijik,Jijik
aku tida ikhlas duit negara buat mbg walaupun baik tuju buat baik gizi anak masih hal lebih penting itu jadi malah kayak hambur,Jijik,Jijik
habis waktu hari tempat kerja buat atur gizi jadi faktor krusial produktivitas sehat,Tertarik,Jijik
voucher promo halodoc mei konsul dokter spkkpsikologgizidll hldxcrza tebusbeli obatskincarevitamin hldxove haloskin utk jerawatampkulit kusam hldxsbk homecare vaksin hpvinfluenzamcu hldxhkcrq halofit diet halofitaffg,Jijik,Jijik
voucher halodoc baru chat dokter spkk psikolog gizi obgyn hldxcrza beli obat vitamin skincare hldxove homecare lab vaksin mcu hldxhkcrq haloskin jerawat antiaging hldxsbk halofit utk program diet halofitaffg,Jijik,Jijik
gak usah banyak cincong bpom amp bgn udah gerak pastiin standar lab buat makan gizi gratis masih nyinyir mending minggir soal masa depan gizi anak bangsa gak tawar lawan mafia pangan pagi william chenle sings next verse,Jijik,Jijik
eker gibiyiz ama doru ay bulamadk,Percaya,Jijik
komitmen kualitas perintah tutup ribu sppg langgar sop evaluasi total program mbg laku pasti aman standar gizi baik anak sekolah aman pangan prioritas utama,Tertarik,Jijik
komitmen kualitas perintah tutup ribu sppg langgar sop evaluasi total program mbg laku pasti aman standar gizi baik anak sekolah aman pangan prioritas utama,Tertarik,Jijik
press release sinar gizi vol ilmagi sinergi aspirasi advokasi gizi sinar gizi rupa salah satu program kerja departemen isu advokasi ikat lembaga mahasiswa gizi indonesia ilmagi tuju himpun aspirasi ide rekomendasi,Jijik,Jijik
fix corong bakom target penuh gizi anak ukur hindar racun mbg,Jijik,Jijik
benim huzur bulduum her gn ykandm dere bence su olmadan hi birey olmaz bu dere sayesine meyve yetitiriyorum sebze yetitiriyorum ykanyorum ve derenin sin dinleyerek huzur buluyorum da banda alvarl kyl yrk kz huzurlu insandan uzak,Netral,Netral
voucher diskon halodoc may konsul dokter spkkpsikologgizidll hldxcrza tebusbeli obatskincarevitamin hldxove haloskin utk jerawatampkulit kusam hldxsbk homecare vaksin hpvinfluenzamcu hldxhkcrq halofit diet halofitaffg,Jijik,Jijik
istidraj kata kata ga vip ribu rumah mei rabu pagiii guanlin king mu gizi indonesia sama pangan jaga final ucl arsenal makro nakaquotes,Jijik,Jijik
hai open jokislot kosong bimbing tutor fk fkg fkh farmasi gizi manajeman akuntansi hukum biologi sisfor ilpol psikologi pgsd didik kesmas biologi bantu sampe semprosemhas yuk wa tjasa jokitugasakhir zonauang bimbing,Jijik,Jijik
loker jogja baru hari dari jayaland amp tata boga x sppg badan gizi nasional admin admin logistik awas lapang manager ahli gizi juru masak lengkap rekrutmen gratis biaya apa,Jijik,Jijik
insan her eye sahip olduunu sanr lm gir adn bile senden skp alr,Tertarik,Jijik
usir mamake gegara kalo pulang cuma minta makan awowkwk lah apa kalo masakan enak kalo masak sendiri paling mi telor sama sosis baik gizi yak,Jijik,Jijik
presiden hari buruh mbg sangat penting gizi anak ekonomi rakyat mbg manfaat atas stunting bantu ibu hamil amp keluarga gerak ekonomi tani nelayan umkm kuat sejahtera rakyat mbg gas pol,Jijik,Jijik
cegah stunting wujud generasi sehat stunting kondisi kurang gizi kronis dampak tumbuh cerdas anak yuk laku langkah abcde aktif minum ttd bumil periksa rutin min x cukup protein hewani datang posyandu,Jijik,Jijik
open joki gizi bisaa cek testimonial sini yg paling lengkap instagram yaa,Percaya,Percaya
turut dukung program baik gizi fritzy beri permen kualitas,Jijik,Jijik
edukasi sehat terus kuat lpp bengkulu ikut suluh anemia tingkat paham warga bina penting pola hidup sehat konsumsi gizi imbang cegah anemia,Tertarik,Jijik
giat wajib anak cewek satu satu nya kalau weekend masakin makan buat ayah simple simple aja gais susundaan because aku pure blood teteh sunda,Jijik,Jijik
lepas ni kalau datang terengganu for sure repeat stay hotel ni selesa ruang besar amp wangiii je lobi ke bilik makan breakfast tukar hari nasi dagang nasi minyak nasi lemak pulut kuning rendang masyaallah semua sedap penting tak seram,Jijik,Jijik
judul nya makan sisa karna kemarin kan aku bikin bakso trus bihun nya nyisa dikit seledri nya nyisa bakso nya nyisa biji jadi eksekusi jdi bihun goreng,Jijik,Jijik
tomoro buy get diskon k laku order sama open jasa order makananminuman harga lebih murah aplikasi trusted amanah tag kopken fore tomoro janji jiwa katalog jasdor,Jijik,Jijik
in this economy makan kampung homemade jadi solusi sender klo klean rencana makan malam pake apa nich,Jijik,Jijik
atur benar abuabu banyak resto larang bawa makananminuman luar masuk air putih jadi saran beli aja yg sedia resto atau abis makan baru beli minum di luar,Jijik,Jijik
baru dapet info kalo pas nikah gw maling makan jadi gerombol orang uninvited masuk gapake qr gaada yg kenal terus ngambilin catering gw amp dimasukin banyak tupperwarewkwkwk,Jijik,Jijik
bang fadil aku keluarga makan aku ya,Percaya,Percaya
makan pempek mau bayar berapa mas tadi pempek porsi es teh sama singkong rebus singkong rebus nya gausah mas makan dibawain istri maaf bang sumpah malu bgt,Tertarik,Jijik
iya sepuh banget juga ngambil nya buat beli beras gak makan,Jijik,Jijik
garagara minum ti kemarin sekarang radang tenggorok info makan cocok buat kena radang,Jijik,Jijik
tanah rusak hutan adat mrk kini hilang sumber air yg mrk minum tlh ering hutan hasil makan amp obat buat mkr uda rata dgn tanah lalu pertanyaanya pergi kayu yg tebang tak sedikit sisa utk mrk,Jijik,Jijik
mungkin perlu rasa bulur tu macam mana sedih tengok makan dibazir begini cadang suatu bentuk denda kena atas serta program bazirkan makan ini denda kpd katerer makan tak capai mutu tetap,Jijik,Jijik
lawat dapur sedia makan jemaah haji malaysia alhamdulillah sempat tinjau sendiri dapur sedia makan buat jemaah haji malaysia ada dapur sangat bersih atur patuh standard bersih tinggi semua tugas turut tunjuk komitmen amat baik pasti sedia makan ada tahap baik makan sedia bukan sahaja alit malah tepat cita rasa jemaah malaysia istimewa chef alam kedah turut pasti hidang penuh standard tetap kebaji selesa dhuyufurrahman sentiasa jadi utama usaha baik pasti jemaah haji malaysia ibadah tenang sempurna shafiq media ybm hea,Jijik,Jijik
lucu sih jadi gubernur malu utara sherly tjoanda kunjung rumah ashanty ashanty asyik cerita bu sherly malah sibuk ngelihatin makan yg saji depan akhir bu sherly nyomot makan amp langsung hap dimasukin mulut,Jijik,Jijik
patah hati salah satu makan favorite sender minimal bgt minggu sekali beli sini dr ramadhan tempat kaya lg dibenerin aku kira cm renovasi nyata krn makan enak bgt jd favorite krn sana bersiiiih bgt rapi ramah,Jijik,Jijik
bantu aku guys aku bayarin rb gpp punya makan gambar baby shark banget rangka penuh ingin perempuan tolak makan perkara bungkus ga sesuai dia mau,Jijik,Jijik
hai myplli jangan lupa temujanji riah sambut hari eunho hashtag attack pm myt hari amp esok jangan lupa serta sila post ucapangambar makan penuh kasih sayang untuk cwk,Jijik,Jijik
dulu banyak makan nggak gua suka akhir beberapa makan gua cobain jadi doyan cuma durian gua kecil udah pernah gua cobain sampe gua gede gua cobain semua akhir mau muntah kalo bilang ah lu mah nyobain kali makanya bilang ga suka gua ga suka durian keluarga gua pesta durian rumah gua nginep rumah temen gua sampe bau ilang temen temen gua makan durian gua liatin jauh eneg sama bau gua ga milih milih emang ga suka sama bau dan rasa dalem mulut tuh kayak ada tai tiap nyobain durian,Jijik,Jijik
pln babi emang kasi usaha umkm allah yg usaha pake eskrim cair dagang busuk makan basi dasar perintah dzalim gue doain balas allah dunia akhirat aamiin,Jijik,Jijik
poin mym rewards ubah jadi voucher hotel untung udah download aplikasi mcdonalds bukan cuma banyak promo makan juga bagai reward tarik mulai voucher hotel tiket pesawat amp banyak,Jijik,Jijik
terimakasih banyak orang baik udah kirim makan hehehehhee,Jijik,Jijik
bnr jg sih lempeng aja rasa kek makan garem ga gurih tp terlalu liku jg uras energi bgt inti paham kapan rasa hubung mulai asa anyep kapan malah asa terlalu bumbu karna perempuan lbh sering guna asa,Jijik,Jijik
kkondaehee tiga kali eyyy ayo makan santai aja siapa yang peduli soal adukmengaduk makan anggap aja ini keluarga iya bener eh tunggu keluarga bukankah marga kim siapa aku marga kwon ooh juhoon,Jijik,Jijik
acara reuni papa acara rumah sendiri anak siapa anak pak tante enak punya anak cewe bantubantu emang kalau laki gabisa bantu pdhl cuma mindahin makan dr wadah aja sama sajiin depan emg kalau acara kumpul gitu laki tuh ga pernah bantu resin di belakang,Jijik,Jijik
makan pagi,Percaya,Percaya
emang sih kalo makan mie tuh gula darah cepet naik bibim naengmyeon sayur bikin naik pelan makan kayak pyeongnaeng sama kalguksu kan cuma mie doang benerr bilang kayak gitu jadi kata makan pyeongnaeng makan banchan sayur dulu baru makan mienya kalo ken ngerasain yang benerbener pyeongnaeng tuh makan makan apa lagi rasa pertama pyeongnaeng ituloh tauuuu tau nggakk gatau ohh gituyaa pokoknyaagitulahh sedih deh karna gula darah cepet naik huum jadi cepet ngantuk gituloh kalo abis mam mie tuh gitu maksud,Jijik,Jijik
bahkan gua paling kritik banget soal makan banget kudu ngasih tau emaknya masakin sayur,Jijik,Jijik
krn hari minggu anak lanang minta buat segabeti ala londo mix ceker pedas manis buat nonton netflix lah padu makan kompeni jowo mania simbok,Tertarik,Jijik
bisa kak makanya bawa lauk sendiri kentang mustofa abon makan kaleng cukup guna sekali,Jijik,Jijik
kalian ga punya akal sbg manusia perkara sulit dapet sen makan aja ga mikir ga jalan manja kan udah beri himbauan ada antisipasi utk raya juara persib kan siapa segala sesuatu utk hari sabtu minggu yaa ampun,Jijik,Jijik
kalo makan fav gue coba,Percaya,Jijik
lah baru tau acara kek gin tuh emang makan gizi sangat tinggi,Tertarik,Jijik
kyehoon setting makan meja botol soda nya senggol hampir nyembur,Jijik,Jijik
lagi ngomongin onu kata tuh berat badan tambah aka makin chubby gembuy mbuy gimana his jibsaram aja perhati soal makan min bilang kalo bakal masak apa even semangkuk ramen with lot care tweet rps,Jijik,Jijik
dear little devils pastiin malam kalian mam dulu makan yg enak mandi beli snack yg mau mam kopi yg ngopiii harus kondisi baikkk mlmnya pasti jd tissu yg kena aer perthsanta chequered flag,Jijik,Jijik
kak strechmarks normal banyak orang ada gantung kulit elastis apa engga rang banyak konsumsi makan kandung kolagen pake lotion hilang strechmarks tetep pd aja aku ada strechmarks kok,Jijik,Jijik
tapi emang susah sih nolak makan gratis gitu,Percaya,Jijik
makan enak yg lihat hari di x barakallah,Jijik,Jijik
aku aja yg udh jadi istri jdi bagi keluarga ga berani nyicip makan adek ipar mau ken apa aku tahan beli sendiri telah ko kamu berani bgt minta nyicip makan adek pacar klian deket bgt smpe kamu ga malu kaya gitu,Jijik,Jijik
minum satu sedot makan dibukain perut dieluselus nempel terus fix sih,Jijik,Jijik
hari tiap stream klau makan makan anggurin tengah makan habis selesai stream,Sedih,Jijik
analogi sederhana nadiem ibarat pasien jamdatun dokter pasien konsultasi dokter kena menu makan harus konsumsi dokter tau turut rekam medis pasien sebut milik gejala diabetes dasar timbang sebut dokter saran pasien lagi konsumsi gula tebu ganti gula daun stevia pasien rasa diri sehat indah sara dokter tetap konsumsi gula tebu tahun lalu pasien mulai rasa ubah drastis tubuh alami disfungsi ereksi muncul bercak hitam area lipat tubuh leher ketiak jadi tanda resistensi insulin ubah sebut tahu istri si pasien paksa suami pergi rs periksa sehat hasil medical check up tunjuk kadar gula darah pasien tingkat lebih ambang batas sebab rusak pankreas dokter saran pasien jalan awat pasien tolak justru balik salah dokter alas sudah pernah konsultasi dokter kan aneh banget pasien begitu kirakira yg jadi nadiem dia memang pernah konsultasi jamdatun minta saran kait rencana bijak beli laptop jamdatun tahu usaha gojek milik nadiem pernah suntik investasi google tahun itu nadiem lantik jadi menteri dasar fakta sebut cegah jadi konflik penting program ada laptop jamdatun buat garis merah saran beli laptop bas windows dapat saran sebut nadiem malah ngeyel dam kekueh beli laptop chromebook akhir kini libat kasus hukum nadiem anggap t kaya korporasi nadiem gak terima lalu coba raih simpati masyarakat sebar isu balik bijak ambil selalu konsultasi jamdatun tidak jelas dalam ambil putus diri sama sekali tak mau ikut saran jamdatun konsultasi laku nadiem cuma formalitas belaka legitimasi putus telah tetap jauh dia jabat menteri begitu modus coba sembunyi nadiem perhati publik,Jijik,Jijik
suami berangkat ngantor aku mampir point ya bilang gimana yg rasarasa gitu mau beliin pak rahmat wkwkwkwk abis pamer terus mau beliin buat nyicipin sama aja ternyataa bapakbapak kalo urus makan suka pamer temennyaa,Jijik,Jijik
ngga rela banget its kalau kuliner indo nya dapet kuliner ngga enak ngga higenis dengan modal dollar aja udah makan makan bersih enak kenyang itu ngga bikin kantong kering,Jijik,Jijik
away india gimana soal makan hotel,Jijik,Jijik
bukan simpel aja yak ngabisin makan yg emang porsi gt normal bukan rakus kalo ga sanggup ngabisin gt minta take away bawa plastik rumah bungkuss jujur baru tau banyak yg dapat ngabisin makan rakus,Jijik,Jijik
i love kantor skrng dulu buat nyemil aja sembunyi pindah kesini justru tiap hari ain makan buat nyemil,Jijik,Jijik
yg paling bikin kesal dunia kpop enih tau si lu suruh diet jgn dijatohin lah bjir sayang bgt makan buang masa letoy bgt bawa kue aja gakuat udh paling bener si tresur kue selalu makan,Jijik,Jijik
btw kalian cobain makan apa aja fesbud kemaren,Percaya,Jijik
aku pernah mimpi jadi makan tp lupa jadi apa aku teriak pas mau masuk mulut lepas kan lepas kan,Jijik,Jijik
kamu emang gak beli makan pake dollar bahan makan kamu makan di import luar packaging makan di import luar biaya operasional kaya bahan bakar itu di import luar,Jijik,Jijik
buat makan buat garwo embegeh buat mz yg ttp masuk duty nikmat pagi pagi santuy,Jijik,Jijik
gue sempet mikir gin jepang harga makan emang jadi x indo gaji x indo,Jijik,Jijik
hehe tau aja makan favorit aku terima kasih suami,Percaya,Percaya
makan unik buat batu ayo siapa mau,Jijik,Jijik
coba sebut mana asal harus sebut nama tempat cukup sebut ciri khas makan khas nanti ku tebak,Tertarik,Jijik
iyasih badge hampir k bersih ina anggep aja k dpt makan gopud or makan kenyang naspad gitu sana harga minum kopi take away bungkus snack kering,Percaya,Jijik
betuuul maksud ethan guys kemarin aku ngeributin makan kantor lupa nama kalo magelang nyebutnya sih godril kalo jogja kemarin nyebutnya apa gitu lupa wkwkwk di mau si pamil yang kilo oren gin,Jijik,Jijik
kapan yaa gue rasain makan normal,Percaya,Percaya
klo makan semua tanggung negara kapan sekolah kapan punya jalan bagus transportasi bagus makan makan yg korup padahal daun singkong telor sama terasi ge bikin sendiri lebih milih makan asbun gajelas lu semuaaaaaaaaabangal,Jijik,Jijik
ph b makan khas vietnam upa mie kuah pake daging sapi isi biasa mie beras iris daging sapi tauge daundaunan terus siram kuah kaldu sapi masak lama pake rempah kayak kayu manis bunga lawang jahe sama cengkeh bikin khas tuh kuah gurih tetep ringan wangi rempah asa banget vietnam sendiri ph b sering makan buat sarap sebenernya enak makan kapan aja pas cuaca dingin lagi cape hari pict pinterest,Jijik,Jijik
aku lupa mikirin makan buat hari h uda gapapa nyenek aja,Percaya,Jijik
baru banget beres kantor dept hr lembur semua wkwkwk orang ber makan lembur udah kek kampung apa aja pes,Jijik,Jijik
part lanjut makan lagi kali xia dimsum hidup jkt taun gue baru sadar nyata makan di malang murah semua total cuma ribu,Jijik,Jijik
satru apa si orang jawa tpi gw ga tau apa satru satru yg gw tau cuma makan dri beras tumbuk halus,Jijik,Jijik
funfact makan tau ga klo telur rebus nyata lebih kenyang telur goreng meski kalori lebih rendah loh smua krn protein lebih mudah cerna tubuh jd kalian suka telur masak gimana rebus dadar orakarik,Jijik,Jijik
hello vtuber suka bikin konten makan sila bikin konten makan apa kalau mau sebizarre apa asal jangan pakai makan kadaluarsa udah lama jangan nekat nyoba makan bikin alergi kalian kambuh berapa kalian didonate viewer risiko banding jangan nekat nyoba makan jadi pantang sakit kalian berapa kalian didonate viewer risiko banding know your stomach capacity nb saja tementemen vtuber yang bikin konten soal makan udah punya timbang masingmasing and i respect that semangat ngontennya guys,Jijik,Jijik
makan pajang diposting bikin orang ngiler tidak nikmat kurang berkat makan tsb itu makanya kurangkurangi posting makan,Tertarik,Jijik
baru hari nyoba duaduanya aku baru sadar affiliate makan beda banget affiliate barang orang mikir dulu affiliate makan liat enak laper checkout kalo udah laper emang lebih gampang kalap wkwk kalian tipe gampang checkout kalau lihat konten makan ga,Jijik,Jijik
masak yaudah bagus gabisa masak yauda beli makan ingat guru pernah cakap letak nikmat makan tu cuma seruas jari lewat lidah masuk kerongkongan dah ilang rasa tu inti rejeki engkau makan makan usah ribut perihal ni single kau hantam segala rupa makan tiba meni kau tuntut anak orang lihai masak bisa masak bagus gabisa masak makan apa bisa buat korang hidup wkwkwkwkkw apa payah,Jijik,Jijik
tuju kalau ransum jadi makan darurat bencana turut makan ransum sangat layakselain tahan lama gizi tinggi rasa enak loh,Jijik,Jijik
bagindaa ga mood makan raja langsung pikir makan rakyat semua suka,Percaya,Jijik
star bnd mabar pubg terus tes nanya strategi woonhak ehh woonhak nya malah scroll makan aduh dede pikir makan terus,Jijik,Jijik
harga makan kucing lebih mahal porsi embegehhhhhh bu babu oyen mencret nyantap makan murah,Jijik,Jijik
air listrik terus apa ikut makan nah gue risetriset kalau udah lengkap info gue share ya nyalain notif aja biar lewat mulai makan kadaluwarsanya lama sampe teknik awet makan vacuum ransum nanem sendiri tanah pake teknik hidroponik soon yaa,Jijik,Jijik
yang pernah kewanawatu yogyakarta coffeeshop ala bal outdoornya nyaman bgt ga panas banyak spot foto makan amp minum enak harga bukan kaum dang mending karna ukur jogja bilang mahal yaa sekal bgt mampir kesini,Jijik,Jijik
freebies makan konser aneh gk si makan pempek palembang,Jijik,Percaya
terima kasih atas support system upa makan lama uji ini asa diperhatiin hari,Percaya,Jijik
gw yg gabisa bedain makan basi be like lanjur,Percaya,Jijik
anjengggg masuk nb atur ga bawa masuk makan luar dalam sekolah beli,Percaya,Jijik
makan anak running man nantiwkwkwkwkwkwkwkwkw dicengin abis rill,Jijik,Jijik
seumurumur makan strawberry pernah nemu rasa mirip makan rasa strawberry nemunya asem semua mau beli tempat rekreasi atau mall buah hokky,Jijik,Jijik
sedih rasa nak beli makan tak mampu canne eh hidup orang betul betul susah sakit rasa tengok makan sedap mampu tengok je,Jijik,Jijik
maybe renang jalan wo yg ringan makan juga atur selalu minum air putih kata fav nya,Jijik,Jijik
segala puji allaah senantiasa beri mudah dapat makan nikmat kami aku istri hehew,Percaya,Jijik
hari aja gw panik gak tolong gw langsung check out makan lebih mahal wangi pernah ganti pakan x nyata bosen sama yang lama allah kucing incess memang gitu sifat,Jijik,Jijik
back again with the baddies yg gabut nungguin makan who miss us,Percaya,Jijik
makan kalo ken jajan pas ngirit,Jijik,Jijik
entah makan dubai chewy cookie malah keinget makan,Jijik,Jijik
makan enak buat apa cipta kalau bukan buat makan lah masa buat mancing ribut udah gitu lah pokok makan enak si paling jaga makan,Jijik,Jijik
diet nyata bukan ga cocok sama makan la,Percaya,Jijik
gak pernah kaget liat manusia ngambil makan acara orang permisi gw udh tau emang tipe gitu gak pernah kaget bisa pikir ngorek panci orang,Jijik,Jijik
malam kemarin mabok miras malam mabok makan manis gigi giung,Percaya,Jijik
makan makan enak sehat olahraga tuju sehat istirahat cukup tentu jadi batu,Netral,Jijik
kamu tuh bukan makan salah cuma timing makan aja zonk makan sama kalau makan waktu beda efek beda banget bikin enteng berat energik malah kembung cuma atur jam makan respon badan kamu ubah total picture by asi,Netral,Jijik
deres bgt ujannya makan spfoodku blm dateng,Percaya,Percaya
kalau makan mau lucu bngt allah semangat buat temennya,Jijik,Percaya
pencet keclick amp typo kayak udah jadi makan hari gw heran kan maluuu,Percaya,Jijik
f here bisnis trip medan yg medan ga fm mau aku ajak makan ramen orizuru kalo ga dimsum nelayan males makan sendiri ga temen ngobrolnya wkwkwkwk ada rekomendasi makan enak medan reply please altr,Jijik,Jijik
knp sih ibu ibu sen makan banyak banget endingnya aku yg suruh ngabisin,Jijik,Jijik
rl saran makan ga sih kalian kasih tau aku malam makan apaa aku bosen banget kemaren sen makan ayam goreng bebek goreng pokok ayam bebek terus,Jijik,Jijik
heran sama user iphone rm fancy foto makan iphonenya kudu bgt ikut foto trs balik biar liat logo moto malah pake android bentuk validasi ga sih,Jijik,Jijik
blusukan pasar yaa tetep cari makan nih sego jagung tadi siang jadi ga sayur tetep enak mantap peyek,Jijik,Jijik
tibatiba diinvite grup tele bdsm isi random luar nalar sekali yang mau mejuhin makan mb lah yang minta diisep loker fampl lah,Jijik,Jijik
mau cerita dikit soal makan suka rupa makan khas kota asal nama bakso nyuknyang bukan sembarang bakso kuliner khas makassar udah zaman nenek moyang sampe sekarang bikin nagih abis oke pertama nama nyuknyang jadi nyuknyang sebenernya asal dari kata dialek lokal makassar arti kirakira kenyalkenyal tekstur bouncy banget emang gambar bakso sekali gigit langsung ngerti nama gitu nah paling bikin tagih kuah kuah nyuknyang bening jangan salah rasa kaya banget rebus lama banget pakai tulang sapi rempah pilih sedikit rasa gurih warmth bikin perut langsung nyaman literally comfort food level dewa cara makan ada seni orang makassar biasa makan nyuknyang pakai sambal kuning pedas nendang kecap pala suka manis peras jeruk nipis biar segar nyuknyang bukti kuliner sederhana yang buat bahan bagus resep turuntemurun itu selalu menang ga perlu fancy ga perlu viral dulu buat jadi enak udah enak sejak dulu bakal terus enak kapan udah pernah coba nyuknyang malah baru tau sekarang drop reply dong dan kalau ada orang makassar warung nyuknyang favorit ta,Jijik,Jijik
sumpah makan di daerah kutek or kukel bisa delivery bukan lewat gojek grab ainna,Percaya,Jijik
banyak sempat aku review belum konten makan cafe beberapa lain,Percaya,Percaya
kalau tinggal malaysia mmg paling rindu bab makan jumpa sipi sama kat luar tak sama dgn yg asal bahan import lebih kurang drpd philippines indonesia still tak sama ironi kdg rasa nasi arab better yg kat malaysia drpd negara arab sendiri,Jijik,Jijik
pagi amp mlm makan makan diet siang makan kya biasa worth it tpi sekarang ndakk aslam gue kumat,Tertarik,Jijik
sering nyimpen makan buat besok nanti tp ni orang lupa kalo gampang lupaaa,Percaya,Jijik
aku boros buat beli makan lah bukan boros atuh nama menuhin butuh tubuh seharihari mah,Jijik,Jijik
ilmu putih mam bukan racun sih hehe backingan tuhan langsung sih mam titik hidup gni emg berat berat mam jadi yah deket sama tuhan aja mam klo pke racun racun makan sama minum gtu kurang level nya maap,Jijik,Jijik
promo diskon shopeefood rekomendasi april jajan voucher deals k gaco k dominos domino pizza k sushi yay k phd k kopken,Jijik,Jijik
malem minggu tahu campur lamongan pak pri,Jijik,Jijik
hihiii makan akuu malam iniii gtlt selamat makaaan semuanyaa jangan lupa mam enak,Percaya,Percaya
apa bpom hai berapa kenal kamu tugas fungsi badan awas obat makan republik indonesia yuk ikut tanya jawab uji tahu aman obat makan kosmetik jadi konsumen cerdas wajib,Jijik,Jijik
kulit goreng crispy tuh emang makan yg enak buat pake nasi langsung dicemilin ada tantang nih kalian lebih pilih mana usus crispy jamur crispy,Jijik,Jijik
weverse comment btw capcay makan khas mana ken makan capcay tengkyu translation btw where is capcay originally from i want to eat capcay thank you,Jijik,Percaya
random fav things traveling reading eksperimen campur makan peach americano extra shots petting random catsdogs,Jijik,Jijik
makan makan enak bikin sendiri,Jijik,Jijik
ibarat dominique puncak rantai makan agz atas ada aagz kalo dominique ratu iblis aagz asmodeus aka raja iblis,Jijik,Jijik
kurang besar paman orang introvert ketika beli makananminuman kalo tawar itu jawab iya iya aja efek jadi pas bayar mahal mau batal ga enak ga batal saldo ga enak,Jijik,Jijik
hidup makan makan tahan hidup,Percaya,Jijik
skip aku gasuka makan rumah gitu tp yg masak bukan ibu mau naspad pagi sore sekalipun gasuka,Jijik,Jijik
jatos td siang penuh bgt busett kek senangor ngumpul situ semua dah sampe aku ga sanggup ngantri beli makan krn antri tempat makan udh kaga ngotak panjang betulll liat udh capek duluan,Tertarik,Jijik
sama plus my dad jenis masak amp buat kerja rumah dgn mak samasama amp semua anak laki perempuan mak bambu kalau tak buat so now bila makanmakan apa takde la lelaki duduk tunggu makan hidang je,Jijik,Jijik
yahh makan lebaran gw abis anjir sisa bakso,Jijik,Jijik
makan gw buat nang diri sendiri anak orang,Jijik,Jijik
abis telpon sama atas diskusi trus ada ngomong dulu tuh orang g ngambil cuti karna g gw bales kayak aku dia ketawa sama komen kalo gw g ngomong apa apa deh la cuma nyogok lu pake makan,Jijik,Jijik
makan apa yg klo makan lgsg keinget irul gw laper banget trs bosen makan bakso samrat mau yg mohon saran,Tertarik,Jijik
jelajah nikmat makan enak,Percaya,Jijik
dekk makan mu ambill dekkk baca taipei x ks,Percaya,Percaya
klarna har nu medlemskap vad sgs om rabatterade resor en gratis tur i mnaden med klarna medlemskap klarnas erbjudande blir mer attraktivt fler betalar med klarna och betalar fr medelemskap voi fr fler terkommande kare kade intkter per scooter mvh,Netral,Jijik
hai guys yuk spill freelance yuk trusted gratis ga ribet,Percaya,Jijik
wie kan mij helpen heeft een goede tip ik zoek gratis autoroutes en of een gratis app echt alles is betaald of de bestanden openen niet of deels in google maps ik wil morgen de lauwerslandroute rijden alsvast dank graag rt voor een groter bereik,Netral,Netral
somos inversores los que hemos invertido en esta promocin de viviendas en dub el principal motivo es que el promotor nos regala una financiacin post entrega de aos sin intereses ni papeleos dinero gratis tu inquilino te paga el del inmueble,Netral,Netral
doncs el renfebus pratst vicen no est gens malament minutets ha trigat i gratis,Marah,Netral
le ocupan la casa con aos y se la recupera gratis y se la reforma gratis el tipo ms grande de espaa al que la izquierda tacha de nazi ste es dan,Netral,Netral
hari gila teror darso sang badut gendong segera teror bioskop aman tiket sekarang promo beli gratis habis,Jijik,Jijik
j assinaram aproveitem os meses grtis spotify hackeado no pode pois seu stream no contabiliza,Netral,Jijik
hagamos esta dinmica todos los que acierten el marcador exacto en la final de ida entre cruz azul y pumas se ganan el acceso gratis la vikingoneta de lo que resta del mes de mayo y todo el mes de junio gratis en la dinmica pasada ganaron de ustedes hubo ms de comentarios a ver cuntos ganan hoy ojo solo puedes comentar una vez participar,Netral,Netral
pp musim hujan jebak bau apek kering serahin aja papa laundry biar kamu tetap wangi rapi ribet gratis antar jemput mesin langgan lebih higienis hari jadi express ada mulai rbkg aja promo hemat cuci x gratis x jl taman siswa,Jijik,Jijik
chat gpt gratiss sebulann guys ada sama kayak aku tiba dapet tawar chat gpt gratis aku dapet rupiah webnya chat gpt langsung coba cek guys siapa tau kalian dapet,Percaya,Jijik
fakirleince byk markalar yalan oldu tabii o yzden gratis indiriminde deli gibi ierikforml tarayp unlar almaya karar verdim hepsi lira tuttu buna da kr tabii,Netral,Jijik
amanecer con billete amores primeros en registrarse se llevan pesos gratis,Marah,Netral
in groningen het leukste creatiefste en leerzaamste kunstfestival oops i made art groot succes in gratis georganiseerd door mijn peetdochter hanna en haar vriendin mijn oude werkgever den,Netral,Netral
pues estamos de vuelta y el reto mustang est de vuelta recuerden es totalmente gratis y el chiste es convertir en mas de medio milln un mustang quien se une,Netral,Netral
bot trading crypto gratis opensource support dex web cex besar cocok buat hft market making bot rancang highfrequency trading market making lintas ekosistem cex dex kode opensource bisa audit aman mendeploy langsung server,Jijik,Jijik
otra vez la vieja poltica usando a las vctimas atacar a abelardo la verdad es simple tom el caso de rosa elvira cely gratis logr la condena del asesino y ese caso impuls la ley de feminicidio en colombia hoy quieren reescribir la historia por politiquera compartan el video donde la propia familia agradeca pblicamente a y a su firma,Netral,Netral
y si le quieren agregar un detector de humo ideal viviendas con hogar o salamandras le agregan ste link y por tos de tienen ambos con envo gratis,Netral,Netral
pensou que era valerefeio vitalcio homem acusado de comer todos os dias e sair sem pagar em restaurante pelo visto ele criou o rodzio grtis na prpria cabea segundo o comerciante o cidado aparecia todos os dias comia tomava refrigerante suco e na hora de pagar fazia o movimento mais rpido do mundo levantava e sumia quando algum questionava ele metia o clssico u eu j paguei,Netral,Netral
empfehle groflchigen reizgaseinsatz mit anschlieender gratis busfahrt zur feststellung aller personalien ich bin so etwas wie grner,Netral,Percaya
y tambin parece que reducieron la altura del escenario adems los fans que fueron a los primeros shows y que tuvieron una vista restringida fueron contactados ofrecerles boletos gratis algn otro show que quisieran asistir cinemarri,Netral,Netral
joo cancelo gratis alessandro bastoni m julin lvarez m marcus rashford m podramos estar hablando del mejor mercado de fichajes del bara en la ltima dcada,Netral,Netral
la pelcula en discord es pasar un momento agradable entre ella y su comunidad no que le falten el respeto ante todo lmites gente que clase de humor es ese donde se ofende a la persona de gratis entonces se ofende si les hacen igual,Netral,Netral
nuevo limited gratis en la experiencia plushie survive stock mision abre cofres epicos completa misiones semanales completa misiones diarias,Netral,Jijik
biar enggak waktu sedih sibuk ngejar impresi m kak gratis hibur dr tweet recehreceh cenblue,Percaya,Jijik
nuevo limited gratis en la experiencia glitched avatar hub stock mision encuentra el secreto oculto dentro del juego obtenerlo,Marah,Netral
hi guys still looking for host chatting talent bahasa mandarinenglish nilai wanita single umur friendly suka chatting easygoing no job punya banyak waktu luang mau apply tanya dm aja telegram aku idnya gratis,Jijik,Jijik
beneran nyata terima kasih informasi kak biar netizen lebih aware amp gak sembarang buat jadi orang sosok panutanidola pdhl influncer yg ilmu manfaat terus gratis banyak socmed tuh kurang up ajh miris bgt reizuka,Jijik,Jijik
voten por freeeeeeeen pueden hacerlo gratis con sus cuentas de google y facebook link,Netral,Netral
nu blir sossepropagandan i nya aftonbladet gratis fr unga nda fram till valet i september,Jijik,Jijik
vikingo negro bomba,Percaya,Jijik
estoy tratando de abrir telegram en mi otro celular poder crear mi grupo gratis pero no me deja ni pagando,Netral,Netral
grupo gratis fersita,Percaya,Netral
nuevo video gratis solo aqu,Marah,Netral
mein geiler pfingstsonntag mega bonus wartet jetzt auf dich hole dir auf alles von uhr fette gratis coins ausserdem geht ein neues top video online und du bekommst bis uhr zustzlichen dirty pfingst bonus auf alle blowjob und dirtytalk videos und bilder bist du dirty dann gnn dir das besondere bei mir,Netral,Jijik
ei nao voc sabia que pedir uma brahma gada vira investimento no mengo alm disso sciotorcedor nao maraca tem cupons de frete grtis todo ms e sciotorcedor nao sem fronteiras tem do valor da sua mensalidade convertida em cupons no app do z aproveitar simples basta se cadastrar no app do z delivery com o mesmo email de sciotorcedor e selecionar o cupom na hora do pagamento app proibido tores de anos,Netral,Netral
anlisis main roland garros primera ronda domingo dej tu like si te sirven los anlisis y todava estn a tiempo de sumarse al canal exclusivo de roland garros pidan acceso por dm es gratis link canal gratuito,Netral,Netral
tipster cobra vip partido kia tigers vs ssg landers kia tigers over carreras cuota deporte bisbol competicin kbo,Jijik,Jijik
este es el hardware que suelen usar los cheaters hacer trampas en valorant puede llegar a costar podra describir el nivel intelectual de alguien que se deja un nal sentirse superior matando muequitos en un juego gratis pero creo que se define solo,Netral,Netral
getroude poesie is net so soet en sag dink jy nie sien meer van jou gunsteling sa hotwife hier suidafrikaanse hotwife milf slegs sluit nou aan amp kry afslag plus n gratis inhoudspakket geen ppv nie,Netral,Netral
amigos por qu la gente se arde porque uno vende sus cosas lo vend en mxn con envo gratis de zapopan hasta cdmx creo que est en precio al cliente le pareci buen precio pero nunca falta el pendejete que piensa que la vida debe ser como su mente la concibe,Netral,Netral
te gustan las nalgonas mexicanas el mejor canal donde podrs ver a las mas culonas son amateur y es gratis,Netral,Netral
casting una seguidora me contact comenzar su carrera como actriz porno y vaya que tiene talento no te pierdas de esta rica escena solo en mi telegram vip entrar envame un mensaje directo o a mi telegram contacto grupo gratis,Netral,Netral
mamaley a mxn del vikingo negro gt es un momiazo iniciamos tempranito,Netral,Netral
juntos por la prevencin del consumo de drogas este de junio del te invitamos al festival atltico tu decides k una fiesta deportiva de integracin familiar y comunitaria por el futuro mediante la actividad fsica inscrbete gratis,Netral,Netral
sper oferta disney lorcana tcg into the inklands illumineers trove en amazon precio en oferta antes ahorras con envo gratis tambin es su precio mnimo histrico,Netral,Jijik
orgulloso de ser del equipo del barrio obrero,Percaya,Netral
oficialmente en racha con de los ltimas collabs cobradas y de pasada un funbet de mbapp todo gratis en el canal de telegram,Netral,Netral
cuntos activos y sale la madrugadora del faran,Percaya,Netral
bomba gallito vip,Percaya,Jijik
precios actuales de cataratas antes del aumento de junio que se viene ahora entradas argentinos estudiantes extranjeros gran aventura comer adentro opciones desde aprox agua el gratis tren a la garganta gratis,Netral,Netral
da perfecto el premium es gratis manda dm tabasco ml oaxaca ml un sultanes puebla ml si ests en mi barco si te quieres unir escrbeme,Netral,Netral
qu dicen los expertos de nba,Percaya,Netral
el cangrejo que salv a su pareja y gan cena gratis lealtad que ni los humanos igualan sigue mas actualizaciones un cangrejo vio cmo un pescador atrapaba a su hembra con unas pinzas y no dud sali de su escondite la envolvi con sus pinzas y se aferr con fuerza el pescador impresionado por el gesto solt a los dos y les regal un pescado de premio el video de segundos muestra el momento exacto bajo el agua el macho no suelta ni un segundo y mina con su pareja a salvo ms una comida gratis la escena acumula millones de vistas y comentarios de pura ternura fuentes mario nawfal serkan tanyildizi videoninja zachsscubashack mademesmile reddit,Netral,Netral
sper oferta the art of naruto uzumaki pasta dura en amazon precio en oferta antes ahorras con envo gratis,Jijik,Jijik
mega mamaley maanero del koala a mxn gt si me dejan pasar todas sus jugadas del domingo,Netral,Netral
cela direndahrendahkan diam dihinahina juga diam siang tegas saya akan siomay siomay serba an lokasi babarsari telur udah k yg penting parkir gratis,Jijik,Jijik
que no sea porque no puedes las finales ida y vuelta podrs verlas desde casa tu coche el transporte pblico taxi trabajo literalmente donde ests totalmente en vivo y gratis las trae todo el pueblo en nuestros canales de youtube facebook tiktok y twitch quieren los enlaces,Netral,Netral
vino hace meses porque est enferma y quiere que todos nosotros paguemos sus tratamientos espaa no construy un sistema de sanidad pblica curar gratis a todos los pobres del mundo a costa de los espaoles no es racismo es supervivencia,Netral,Netral
as como trates esta imagen te va tratar esta mana,Marah,Netral
yang mau test toefl prediction gratis ga guys ielts btw komen guys entar ku ketuk dm kamu,Tertarik,Jijik
rapat yg mau parfum gratis cara follow like rt tweet dan thread bawah reply mau parfum alt manners maketh plis gampang kaaan gampang dong good luck,Jijik,Jijik
florentino prez amenaza el negocio de movistar y orange uefa y real madrid negocian el ftbol gratis en europa te informan carlos czar y joaqun hernndez,Netral,Netral
uy gan snchez cuando vemos a alditus chillar lo mismo desde el es que el candidato que l odia va ganar el mejor publicista de jpp y gratis,Netral,Netral
cazetv est revolucionando el mercado de transmisiones de ftbol en brasil compr los derechos de los siguientes torneos transmitirlos gratis por youtube todo el toda la ligue francia toda laliga de espaa un partido por jornada de la serie a un partido por jornada del brasileiro un partido por jornada de la bundesliga qu es cazetv es un canel de youtiube creado por el streamer brasileo casimiro miguel junto con la agencia livemode,Netral,Netral
que rico se goza en cdmx mi telegram gratis,Jijik,Netral
una amiga de anas andaloussi se cree el supuesto bug cenar gratis en el mcdonalds usando las mquinas de autoservicio s hombre estoy flipando anas me ha parecido el mejor hack del mundo,Netral,Netral
anies ganjar nawarin sekolah kuliah gratis lu pilih nasi situ aja lu udah aneh ccthreadsyktyuka,Jijik,Jijik
movieron acarreados hicieron escndalo gastaron una fortuna y aun as terminaron dejndole a maru campos la mejor campaa de gratis que he visto de verdad todo lo que tocan les sale al revs,Netral,Netral
por qu nadie est hablando de esto nvidia est regalando acceso gratis va api a ms de modelos de hosted modelos incluidos minimax m glm kim deepseek gptossb sarvamm y muchos ms funciona directo con cursor zed opencode hermes openclaude etc cmo configurarlo en segundos consigue tu api key gratis base url elige el model id ej minimaxaiminimaxm si ests prototipando o experimentando con esto es inferencia gratis la mayora de builders an no lo sabe me das las gracias despues,Netral,Netral
anthropic tiene su propia academia de gt cursos oficiales gt con certificado incluido gt gratis sin pagar nada te comparto los ms tiles empezar hoy gurdalo lo agradecers,Netral,Netral
guys aku mau minta buat isiin kuisioner teliti temen aku boleh tanya gampang kok insyaallah menit selesai ada saldo gratis yang untung sbg bentuk apresiasi shes very kind to me jadi aku pngn bantu heheelt,Jijik,Jijik
pernah main rumah seleb yg jual brownies juta amp suruh incip gratis puas baik bgttt rasa emg beneran enak mau nang,Jijik,Jijik
caf y con sus valkirias energa la tarde deja tu comentario y like en youtube comparte y suscrbete al canales gratis,Netral,Netral
br ofertas todos os dias r abaixo da mdia no menor preo recente se deixar acabar j era link por r frete grtis headset gamer sem fio logitech g dolby surround blue voce rgb lightsync preto amazon headset,Jijik,Jijik
promoes br do eleve seu setup ver aqui por r frete grtis couse mousepad desk pad couro ecolgico xcm preto premium amazon mouse pad,Jijik,Jijik
promoes br do oferta forte r off melhor faixa de preo recente se curtir garanta j ver aqui por r em at x sem juros frete grtis monitor acer cby led ips hz pcr adaptivesync piv energy star amazon monitor,Jijik,Netral
processador amd ryzen g box am amazon r no pix r em at x frete grtis,Jijik,Jijik
promoes br do capture momentos incrveis com potncia mxima ver aqui por r frete grtis samsung galaxy s ultra g gb gb ram cmera qudrupla mp tela titnio preto amazon smartphone,Jijik,Jijik
br ofertas todos os dias potncia e velocidade na palma da mo link por r em at x sem juros frete grtis apple macbook pro m pro ncleos gb gb prateado amazon notebook,Jijik,Netral
promoes br do garanta j o seu ver aqui cupom smart por r frete grtis apple iphone gb rosa cupom amazon smartphone,Jijik,Jijik
teclado mecnico gamer redragon olaf kggrgb switch marrom amazon r em at x frete grtis,Jijik,Jijik
promoes br do seu apple watch hoje com desconto exclusivo apple watch series gps alumnio preto brilhante mm pulseira esportiva preta mg por r em at x sem juros frete grtis amazon smartwatch,Jijik,Netral
br ofertas todos os dias caiu r abaixo da mdia preo bem abaixo do normal pega antes que acabe acesse amd ryzen ghz turbo ghz mb cache am box por r frete grtis amazon processador,Netral,Netral
processa mais que advogado multiprocessador compacto bmpp plus v britania frete grtis frete grtis ative o cupom de r off na pgina do produto ou use primemaio no pagamento por r em at x r sem juros vendido e entregue pela amazon outras opes de produtos em promo,Netral,Netral
promoes br do curta a festa com som potente e luzes incrveis ver aqui por r frete grtis jbl caixa de som partybox club bluetooth w rms show de luzes prova de respingos branca amazon caixa de som,Netral,Netral
amazon mouse logitech g lightsync preto r vista frete grtis prime,Jijik,Jijik
br ofertas todos os dias cozinhe saudvel e rpido experimente j acesse electrolux forno air fryer digital grafite experience l w v eaf por r em at x sem juros frete grtis amazon fritadeira eltrica,Jijik,Jijik
vamos a seguir votando hs voto x es gratis y puedes votar las veces que quieras,Netral,Netral
br ofertas todos os dias explore o limite com estilo e tecnologia gue j por r em at x sem juros frete grtis apple watch ultra gps celular titnio preto mm pulseira alpine preta m amazon smartwatch,Jijik,Netral
los que estn estudiando la carrera de derecho urge que aprendan a usar y la teng como materia obligatoria los ms vulnerables en el mercado laboral son ellos a quien le interese le dejo liga cursos gratis,Netral,Netral
komende zaterdag hebben we weer een mooie lineup met en je kunt de uitzending gratis bijwonen vanuit,Netral,Netral
br ofertas todos os dias acelere seus games com potncia mxima gue j por r frete grtis msi geforce rtx ti ventus x oc gb gddr ray tracing dlss dual fan amazon placa de vdeo,Jijik,Jijik
bora fazer um upgrade cxb monitor gamer philips evnia mnl ips hz ms cor preto frete grtis ative o cupom de r off na pgina do produto por r no pix ou em at x r sem juros loja oficial,Netral,Netral
promoes br do domine seus jogos com potncia mxima acer predator phnmy intel core i hx gerao gb tb ssd rtx windows home por r em at x sem juros frete grtis amazon notebook,Jijik,Jijik
br ofertas todos os dias garanta j o seu por r frete grtis cupom gimbal apple iphone pro gb azul intenso cupom amazon smartphone,Jijik,Jijik
br ofertas todos os dias abaixo da mdia r melhor janela de preo agora vale correr por r em at x sem juros frete grtis mimo style conjunto de panelas peas induo cor creme amazon panelas e frigideiras,Netral,Netral
promoes br do garanta j o seu iphone amarelo aproveite abrir por r em at x sem juros frete grtis apple iphone plus gb amarelo amazon smartphone,Jijik,Jijik
br ofertas todos os dias garanta seu iphone air cupom smart por r frete grtis apple iphone air gb douradoclaro cupom amazon smartphone,Jijik,Jijik
master collection vol desconto na finalizao metal gear solid master collection vol playstation frete grtis por r em at x r sem juros vendido por gamerhut e entregue pela amazon outras opes de produtos que aceitam o cupom,Netral,Netral
promoes br do potencialize seu pc gamer agora abrir por r frete grtis asus tuf gaming bmplus placa me amd am ddr matx amazon placame,Jijik,Jijik
promoes br do oferta forte r off melhor faixa de preo recente se curtir garanta j apple iphone pro max gb azul intenso cupom por r frete grtis cupom gimbal amazon smartphone,Netral,Netral
br ofertas todos os dias capture momentos incrveis com potncia mxima gue j samsung galaxy s ultra g gb gb ram cmera qudrupla mp tela titnio preto por r frete grtis amazon smartphone,Jijik,Jijik
br ofertas todos os dias explore o futuro com velocidade g e cmeras incrveis por r frete grtis samsung galaxy a g smartphone gb gb ram cmera mp ip super amoled preto amazon smartphone,Jijik,Jijik
promoes br do descubra o poder em suas mos ver aqui por r frete grtis apple ipad pro wifi cellular gb prateado m amazon tablet,Netral,Netral
promoes br do seu apple watch hoje com desconto exclusivo apple watch series gps alumnio preto brilhante mm pulseira esportiva preta mg por r em at x sem juros frete grtis amazon smartwatch,Jijik,Netral
promoes br do garanta j o seu ver aqui cupom smart por r frete grtis apple iphone gb rosa cupom amazon smartphone,Jijik,Jijik
promoes br do curta a festa em qualquer lugar com som potente abrir por r frete grtis jbl partybox onthego altofalante bluetooth com microfone ipx h reproduo luz dinmica amazon caixa de som,Netral,Netral
br ofertas todos os dias capture aventuras picas com qualidade incrvel link por r frete grtis gopro hero black mini cmera de ao k prova dgua at m cupom cupom gimbal amazon cmera,Netral,Netral
yuk ikut rasa kisah cinta shaka ocel ajak sahabat keluarga nonton bareng film sedang tayang bioskop beli tiket sekarang dapat promo beli gratis tiket lalu aplikasi mtix cgv cepol tix id,Jijik,Jijik
promoes br do treine seco e com estilo abrir por r em at x sem juros frete grtis sandrini kit camisas dryfit masculinas academia uv amazon calados roupas e acessrios,Netral,Netral
promoes br do complete seu lbum ver aqui por r frete grtis fifa lbum de figurinhas capa dura copa do mundo lbum amazon,Marah,Marah
link si quers acceder a todos los fallos artculos de doctrinas y normas legales suscribite a pods probarlo gratis,Marah,Netral
br ofertas todos os dias som potente em qualquer lugar confira por r frete grtis jbl boombox speaker bluetooth porttil ip h grave reforado azul amazon caixa de som,Jijik,Netral
ein nba spieler stirbt und das erste was carlo fordert ist eine gratis brandon clarke invincible karte,Netral,Jijik
br ofertas todos os dias r abaixo do preo mdio piso de preo nos ltimos dias corre antes que suba link samsung smartwatch galaxy watch lte mm grafite por r frete grtis amazon smartwatch,Netral,Netral
alumnimahasiswa belum daftar shopee vip bulan gratiss buru daftar guys pake email kampus dapet benefit point coffee gratis roti o gpt plus voc k mantep bangettt,Jijik,Jijik
voltou o aram no precinho tnis masculino casual aram daily slip confortvel moderno frete grtis use o cupom cupompramoda ou descontosml de r por r ou em at x r loja oficial,Netral,Netral
vc encara uma tona philips smart tv k uhd pug google tv comando de voz hdr frete grtis por r em at x r sem juros vendido e entregue pela amazon outras opes de produtos em promo,Netral,Netral
br ofertas todos os dias conforto smart lg agora lg ar condicionado split hi wall inverter smart voice ai btus frio v r por r frete grtis amazon arcondicionado,Jijik,Jijik
ova reenica od ranije poznata policiji zvui skoro kao da imaju program vjernosti jo malo pa kartica za bodove i deseti privoenje gratis,Netral,Netral
no ha aprendido nada mordiendo la mano que le da de comer dice que la entrevista en hola fue gratis a cambio de promocin del libro y habla muy mal de sus ex compaeros dice que no la ham llamado ninguna tv etc,Netral,Netral
br ofertas todos os dias descubra o poder em suas mos acesse por r frete grtis apple ipad pro gb wifi cellular preto sideral m amazon tablet,Jijik,Jijik
br ofertas todos os dias cozinhe rpido e com estilo electrolux microondas l inox espelhado grill painel blue touch v mex por r frete grtis amazon microondas,Jijik,Jijik
promoes br do conforto smart lg agora comprar agora por r frete grtis lg ar condicionado split hi wall inverter smart voice ai btus frio v r amazon arcondicionado,Jijik,Jijik
anak kos gw baik banget ngasih ikan cupang gratis,Percaya,Jijik
que loucura caram as taxas da shein e ainda ta com de desconto lcru frete grtis de desconto lqbkwj roupas uqejxy maquiagem t beleza nncxu acessrios joga na lupa da shein que o desconto j entra salva o post,Netral,Netral
promoes br do capture cada momento em com qualidade incrvel comprar agora por r em at x sem juros frete grtis gopro max cmera prova dgua k mp tela touch estabilizao hypersmooth mic cupom gimbal amazon cmera,Netral,Netral
promoes br do descubra o poder e a elegncia agora ver aqui por r em at x sem juros frete grtis apple ipad pro wifi gb prateado m amazon tablet,Netral,Netral
br ofertas todos os dias aproveite a super oferta e garanta j o seu gue j samsung galaxy a g gb gb mp tela azul por r frete grtis amazon smartphone,Jijik,Jijik
promoes br do corra mais longe e monitore seu ritmo cupom compre abrir por r em at x sem juros frete grtis garmin relgio forerunner com gps e monitor cardaco mm preto cupom amazon smartwatch,Jijik,Netral
br ofertas todos os dias r abaixo do preo mdio piso de preo nos ltimos dias corre antes que suba gue j rayban culos de sol rb dourado lente verde tam por r em at x sem juros frete grtis amazon calados roupas e acessrios,Netral,Netral
promoes br do oferta forte r off melhor faixa de preo recente se curtir garanta j comprar agora por r frete grtis asus placame bmayw wifi matx am ddr pcie wifi amazon placame,Netral,Netral
promoes br do eleve seu setup ver aqui por r frete grtis couse mousepad desk pad couro ecolgico xcm preto premium amazon mouse pad,Jijik,Jijik
lanza un pasaporte infantil que premia la asistencia a las salas podrn ir canjeando premios que completen su experiencia en las salas como productos del bar de cinesa e incluso entradas gratis,Netral,Netral
promoes br do oferta forte r off melhor faixa de preo recente se curtir garanta j abrir por r em at x sem juros frete grtis amd ryzen x box processador ncleos ghz mb cache radeon am sem cooler amazon processador,Netral,Netral
race to zero lagi sekarang saat kejar profit rebut hadiah gold join event gratis tekan tombol dapat angka dekat mungkin naik leaderboard menang hingga g gold spin hadiah tarik coupon hot token lain satu tombol satu sempat tuju gold ikut sekarang daftar unduh mexc daftar mexc download mexc app,Jijik,Jijik
balana corporal bioimpedncia premium visor inteligente bluetooth mede composio corporal completa aplicativo exclusivo apenas r frete grtis em dos acima de r top vendas ltimas unidades no perca,Netral,Netral
cepeett sorex gratis urut harga rendah,Percaya,Jijik
after forever la plata hoy desde las hs nueva edicin del ciclo de en bocanada gira completo otro da en el planeta tierra de intoxicados set vinilos de rockpopfunkhip hop gratis,Netral,Netral
layan kb gratis hari rangka ingat hari ulang tahun ikat bidan indonesia ibi telah laksana giat layan kb gratis puskesmas huta padang terus dukung keluarga sehat kualitas lalu layan sehat,Jijik,Jijik
set de sartenes bra signature solo envo gratis comparte el chollo con tus amigos,Netral,Netral
confirmada una nueva explosin de conciertos gratis en el puerto de vigo estos son los artistas y conciertos que llegarn con el nuevo festival sonampmar vigo,Netral,Netral
utul ugm udah makin deket misal minca buka to gratis ada butuh gak reply butuh min kalo banyak minca buka deh,Jijik,Jijik
te comento el ltimo de los de es da sin prisa y lo hacen con un sorteo especial miembros del en el que podrs conseguir un lote de sus productos,Netral,Netral
estn aqu los es la edicin,Percaya,Netral
bayern posesin apoyos decisin ritmo finalizacin entrena como un pro webinar gratis,Jijik,Netral
double chicken vibes ngumpul bareng makin seru cuma kamu nikmat promopromo bawah lho friends beli simple set teriyaki ocha gratis hot deals hokben fried chicken beli simple set teriyaki gratis paket hokben fried chicken pc laku hari periode mei layan dine in take away delivery drive thru hemat banget harga mulai rpribuanorang yuk ajak bestie keluarga teman kantor buat nikmatin promonya ramean hokben sekarang,Jijik,Jijik
buenos das esta es nuestra portada de hoy mircoles de mayo de suscrbete gratis,Marah,Netral
anjayy cuma mau bikin konten kok ngusir orang makan,Percaya,Jijik
anying pernah makan sate padang sini,Percaya,Percaya
kalian kerja apa bisa makan ayam risches orang diri doain aku nyusul wishlist ku aku cuma andalin diri sendiri,Jijik,Jijik
in this economy lebih rela nahan seret bahkan pedes pas makan direstonya banding beli minum sana wkwk dasar aku si kaum dang mending emg aneh bgt ga mesen minum pas makan yg penting g bawa minum luar kan,Jijik,Jijik
kalo gk punya duit jangan ngedate anjirr lu bawa anak orang kasih makan angin gitu,Jijik,Jijik
trades gifts thank youu semua udah mau trade kemarinnn yg snack uda aku makan jd maaf ga kedisplay,Percaya,Jijik
kenyang habis makan siang,Percaya,Percaya
kali nyoba beli padang grab pake kartu nyata cuma hehe aku save usdt ya kalau pake speend rasa iya cuma gin di di convert lumayan banget kalian makan apa siang,Jijik,Jijik
menu makan siang hari,Percaya,Percaya
emang ya orang mabuk makan tape,Percaya,Jijik
makan teman teman akuhhhh,Percaya,Jijik
kalo tahu susu cocok nya makan sama saus cabe ato mayo,Tertarik,Jijik
kalian makan siang pake apa nichh,Percaya,Jijik
apa tumis babi etc etc gitulah bener ya jelasin kocagg malah manggut manggut doang kek lele aku gatau sayang aku tau makan doang besok deh daftar les masak,Jijik,Jijik
kaget makan luar tbtb denger uyeahh hehe tays cinta,Percaya,Percaya
yup sini gue ngopi aja biasa baca sketch foto apa bisa makan siang sini ada banyak tenant coba jalan jalan explore the place,Jijik,Jijik
mahal kalo bandingin harga lele kkg dapet ekor buat makan keluarga,Jijik,Jijik
hari gak masak aku beli ayam dkriuk terus bikin sambal geprek sendiri kalian makan siang apa,Jijik,Jijik
salah satu alas aku adopsi pinter kalau panggil manut klw org makan bodoamat gak ngerecokin klw bau sete ayam cuma ampirin duduk depan diem aja ga heboh gitu jujur aku tuh bukan cat lover niat adopsi cino jg awal ga tapi minggu gamau pergi kebun malah prove it kalau layak adopsi dgn cara buru tikus depan pintu aja gak heboh minta masuk rumah malah gulung gemes ngerayu gak ndusel kek uda tau dulu aku gamau nyentuh karena jamur meski ujung aku kena ringwarm jg wkkw karena aku luluh,Jijik,Jijik
makan siang ala ala japan lokasi warteg jaya bahari rhea,Jijik,Jijik
haram najis berat kau tu islam kau jaga kau dah gila apa benda kau makan ini suara sumbang yg amat biasa aku terima ni bukan xde otak mcm merekakami tahu hadampbatasannyaso harammaka dpt dosa kalau x makan,Jijik,Jijik
harihari isi otak w overthinking besok wajib makan ayam nashville nya hot side story,Jijik,Jijik
hukum halal mubah bahkan sunnah kalau laper jam gin indomie rebus telur gitu emang juara liat gurih gaspol aja selamat makan bro,Tertarik,Jijik
eh imriffs gaji jtbulan hidup sehat kok asal atur prioritas budget realistis makan rbjt masak sendiri beli pasartelurtahutempeikan kos listrikair jtjt transport misc rb sisa nabung cicil sepatu lari pelanpelan tips sehat hemat lari tamanjalanan dulu perlu sepatu jt workout bodyweight youtube gratis minum air putih tidur cukup jajan jarang bisa banget sehat boros,Jijik,Jijik
buah buni antidesma bunius alias bignay kecilkecil hitam gerombol tangkai hijau panjang khas pohon tropis indonesia rasa asammanis sepat biasa makan langsung buat rujak jus pernah makan,Jijik,Jijik
bunga ketul ajeran nama ilmiah bidens pilosa bunga liar keluarga asteraceae sering tumbuh pekarang pinggir jalan belakang rumah bagus banget buat ambil gitu pas makan es cemil,Jijik,Jijik
macam ni rupa influencer buat review makan ni tak makan semua belakon je lebih dah la luah kalau kau tak makan apasalahnya tolak no wonder pegi makan kedai org review ni hampeh,Jijik,Jijik
pas ngobrol iseng sama sepupu pernah cetus ide bagaimana kalo rumah mbah gak usah sedia menu rendang opor santansantanan jadi khusus rumah mbah sedia bakarbakaran alias ngegrill tinggal modal ayam sama daging sudah dimarinasi tamu tinggal bakarin menu sedia mie rebus pake telor mie goreng nugget jadi menu usul buat prinsip dasar ide sederhana kalo lebaran rumah kerabat suruh mampir lauk sedia yaa ituitu aja benar opor sayur labu krecek rekanrekannya kalo jateng ga pulang kalo makan jadi pernah ada masa gua makan lima kali waktu yang sangat dekat emang paksa makan minta bapak ibu biar ikut makan ga enak kalo nolak makan nah hadir menu tak biasa rumah mbah tadi otomatis bakal jadi oase tengah kepung opor kawankawan yak ide tolak mentahmentah meski baru tahap obrol rencana tindak lanjut serius,Jijik,Jijik
nak makan ayam gepuk la rasa nanti perut jem hahahah,Jijik,Jijik
makan rumah yuk kakak ada utang masakin kamu kan kalo kamu gamau ketemu heri masak rumah yg supaya heri gatau bisa kali gitu pem,Jijik,Jijik
makan tuh fancam,Percaya,Percaya
otsunaraa habis mau cari makan buat sarap hehe ednignya karaoke lagu yuru camp seruu pankpn d,Jijik,Jijik
jadi santap buat makan siang,Percaya,Jijik
aku gemes banget kalo liat mas kula makan ga kelar kelar aku sebel lucu banget ish,Percaya,Percaya
nemu thread cowo makan sampe nang kirain lebay doang tau emg beneran tipu ulung pedes bgt bjirr kaga manis manis,Percaya,Jijik
imagine kasih begini kucing indo lu pikir gua ngeong lucu gua nagih makan hari hey babu gua laper makan gua mana jangan pegang perut gua sembarang anjir lu kerja capekcapek tiap hari buat beli whiskas gua iya gua sengaja jatuhin barang lu terus,Jijik,Jijik
kemarin ngabarin nih kata kangen sovely ngabarin kalo makan,Jijik,Jijik
met siang muts ku sayangg mff akhir aku jarang jbjbdan aku minggu depan mau izin rest dulu badan kurang fit have a nice day guys jangan lupa makan yg enakk yaan jangan lupa jaga kesehatannn,Jijik,Percaya
hashtagnya random banget cowokcowok yg jelas contoh cowok good vibes rekomendasi tempat makan idol buat park jaebom,Jijik,Jijik
lelaki makan memang nampak kesi masuk leizi,Percaya,Percaya
terimakasih kerja keras nya hari jangan lupa makan istirahat cukup yaa hari kamu kerennn banget,Percaya,Jijik
weh lapar takde duit nak makan,Percaya,Jijik
genz fbdg here today domisili bdg mau main ga nonton ya ngobrol sekali cari makan enak ayoo sekali mau cari mutualan bru teman baru xixi domisili mana aja bebas aku yang ada moon aku ketuk dm nyaw,Jijik,Jijik
next month mcm nk pegi sunway lagoon couple nk join tak mcm seronok naik ride sama sama makan sama sama f sama sama eh,Jijik,Percaya
aku jalan karna ken beli minum terus ketemu kayak wehhh gatau kno refleknya kayak kaget abis beli kopi aku balik backstage ketemu lagi makan makan takoyaki pake sambel guys aku kecewa bgt wkwkwkwk dia kronologi cf lucu,Jijik,Jijik
aku dulu ngerasa ga nyaman tiap dibayarin cowo jiwa provider aku sugar sister beneran luka gak kasih makan ego sampe akhir sering mokondo aku punya temen deket nama a awal jalan lgsg bilang rin all me lemme pay treat aku sering banget jemput aku tempat kerja lama ninggalin helm motor parkir gatau berapa kali bawa aku night ride muter lagu lana del rey bernadya sometimes tetep kasih makan ego letme pay transfer diemdiem beneran bikin aku ajar terima dibayarin pelanpelan dua waktu aku jalan sama b tegas bilang bub aku cowo kamu harus kasih makan ego nyata ego jiwa provider tetep perlu kasih makan rasa andal perlu kasih makan papa he gimme the money aku bayar kasir mungkin ini yang bikin aku jadi biasa ngebayarin jadi kalo kamu dibayarin ajar terima girls as provider cuma ken kamu neng bahagia kok perihal reimburse perlu aja buat kasih makan rasa andal apa moga temu yang tara baik dari pikir maupun ada ekonomi yaaa,Netral,Jijik
main luar yuk mau main pasil ssst papah ayah denger kakak adek lapel eum mau makan pasir gak mauuu dibuletbuletin kakak enak gak enwak uhuk kwakwak mawu jugwa adwek suwapwin dikit aja huaaaa sakit adeek sini diri dulu huks sakit kakak lutut aku gendong deh eum tapi kamu berat gak huks mau tium emmmmuah hihi lutut udah gak sakit,Jijik,Jijik
cerita bimbul lama makan bareng pdvv cf aku gemes banget liat mas kula makan lama banget ngobrol makan dijadiin pajang bawa bawa makan tangan dia laku semua kecuali makan,Jijik,Jijik
bilang manja boros skill issue ga nabung gue udah ngalami semua bahkan pilih makan dngn katering lbh affordable banding makan ayam geprek bilang boros hidup ala gen z anjirrr,Jijik,Jijik
daftar lagu jkt personal meet and greet festival love dream passion performance session malam m andai ku bukan idola m sakura makan sama m musim lanjut m dekat jauh m bel akhir bunyi m wakaka people m jkt festival m seconds m boleh peluk m orang m ponytail shushu,Jijik,Jijik
salah ga si sender negur teman kurang kurang lah kamu pake ai soal apaapa nanya ai kayak bingung mau makan apa nanya ai,Percaya,Jijik
junseo nih beneran ngasih makan semua shippernya wkwk canda guys emng dr pas wei sering selca bareng member bentuk kasih sayang dia emng suka foto buat kenang ya juns jadi yg bilang junseo up foto selca bareng member caper ken pamor doang kalian jahat banget,Jijik,Jijik
lucu sih mahasiswa marahmarah gak makan garagara gak driver yg ambil sen online foodnya padahal manusia teh cipta akal beri otak pasang kaki tinggal mikir lamun euweuh nu nganterkeun arti ngikreuh da di hutan,Tertarik,Jijik
denger rasa kayak makan beling,Jijik,Jijik
mana ortunya kaya tambah anak tunggal yang nama harta gak bakal habis makan tujuh turun ken tag emaknya jennie minta angkat jadi anak tiri nya gak yah,Jijik,Jijik
negara mana perintah nya usaha sejahtera rakyat lah ko balik nya kayak gak mau gitu lihat rakyat sejahtera yg penting kasih makan terus negara ko malah saing rakyat sendiri,Jijik,Jijik
sama plushie lucu gemas semua makan tempat bagi udh jual rasa banyak liat,Percaya,Jijik
cowok sunda cenderung malas almarhum ayah asli salah desa tasik beliau cerita dulu mimpi anak sana sama semua lulus sekolah jadi dagang remote tv keliling tanya mimpi enggak lebih tinggi misal rantau bangun bisnis kota orang kejar mimpi besar yg jawab desa subur beras panen sawah makan ikan tinggal tangkep ikan balongkolam sayur tinggal metik tetangga saling bantu jadi udah rasa cukup aja dorong lebih orang lebih suka hidup tenang pada ambisi ekspansi rantau jadi beda prioritas hidup referensi jg jadi faktor kuat orang desa contoh sukses yg jadi patok budaya rantau kerja keras sukses cukup asing desa nah ayah masuk yg pertama jadi sarjana desa itu jg karna nilai bagus dapet beasiswa suruh guru kuliah alhamdulillah dr kampung terima unpad jadi dosen cerita lain istri dulu sempet kerja jadi hr sering rekrut alumni smk bandung dateng langsung sekolah unik misal sekolah yg janji mau interview orang eh yg dateng kurang orang telah diskusi guru banyak anak sana rela gaji kecil asal bandung ada yg kerja bidang kreatif barista simpul stereotip orang sunda malas saya balik ke karakter masing orang aja masalah budaya cenderung lebih kejar hidup tenang nyaman tp cukup di lingkung tempat tinggal pada kejar yg ngoyo banget sampe sukses faktor lingkung budaya referensi orang tua teman jg jadi faktor penting kalau turut gimana temenmu ada yg jadi sunda financial freedom postingan bawah,Jijik,Jijik
sekolah elit ini,Jijik,Jijik
gilaaak in real casenya malah lebih sedih artikel tahun tahun lalu siswi sd hwaseong hilang pulang sekolah polisi waktu bilang keluarga kalau anak cuma kabur rumah orang tua percaya lama lebih tahun kasus bunuh beranta hwaseong selidik ulang lee chun jae aku laku baru ungkap kalau anak benar bunuh hasil lidi ulang temu fakta kejut polisi dulu nyata temu tulang belulang barang milik korban malah sembunyi detektif duga manipulasi kasus ubah jadi kasus anak hilang biasa ayah korban akhir tahu benar kata bunuh memang bunuh tutup kasus rasa lebih kejam sayang polisi tutup kasus tidak hukum masa tuntut hukum habis keluarga korban lalu gugat negara tahun adil akhir putus kalau polisi memang laku tutup kasus organisir manipulasi lidi langgar hak keluarga korban tahu benar dan kabung layak negara akhir perintah bayar ganti rugi juta won keluarga korban yang paling sedih dua orang tua korban tinggal dunia sempat lihat putus adil keluar ibu tinggal lalu ayah susul pada hanya bulan sidang putus pertama selesai,Jijik,Jijik
polemik ijazah gibran kepala sekolah sma st yosef solo bantah gibran lulus sekolah tak pernah daftar jangan ngakungaku lulus sma bikin malu instansi didik,Netral,Jijik
walaupun sekolah sudah rendam lumpur pascabencana tetap bahagia senyum mereka tetap pakai seragam sekolah sangking semangat hancur hati ngeliat seperti desa reje payung takengon aceh tengah,Jijik,Jijik
musafir anak sekolah princess biduan jadi satu,Jijik,Jijik
chat bahas body cewek yang bilang rata lah dimodif lah blakan kalo mrka ngcng kalo liat cewek tolong up pihak sekolah sekarang tindak,Jijik,Jijik
ihan taksir tongkrong basis sekolah ya,Percaya,Jijik
budak sekolah tngh ramai kt byo,Percaya,Percaya
aku bener bener sayang banget sama beomgyu c aku tau gyu aku pakai seragam sekolah sekarang sama sama tumbuh makin dewasa eksistensi selalu punya tempat paling spesial hati aku kalau pikir yah jalan waktu ga sebentar,Jijik,Jijik
wajar kak ni nyerang paling putus sekolah,Percaya,Jijik
lagi aku nyalahin perintah rakyat banyak banget mau sekolah halang biaya kak moga jalan moga tuhan tolong semua,Jijik,Jijik
vidpic the eternal beginning concert in bkk day anak sekolah cr jkdgzcl painless desire on stage bkk,Jijik,Jijik
sma negeri pontianak tegas pihak tolak ikut ulang lomba cerdas cermat lcc pilar tingkat provinsi kalimantan barat tahun usul mpr nyata sikap sebut sampai kepala sekolah sma negeri pontianak indang maryati lalu unggah akun instagram informasi kamis mei sman pontianak nyata akan libat laksana lomba lcc ulang bagaimana informasi sampai mpr ri tulis terang unggah sebut pihak sman pontianak hormat hasil lomba telah tetap nyata dukung penuh tim sman sambas wakil kalimantan barat tingkat nasional nanti langkah ambil rupa bagi ikhtiar oleh klarifikasi wujud laksana lomba transparan objektif akuntabel ada maksud serang pihak mana kami sampai apresiasi atas perhati dukung bagai pihak tegas hormat hasil telah tetap dukung penuh kami ikan wakil kalimantan barat tingkat nasional ungkap sejak awal sman pontianak tegas pihak milik maksud anulir hasil lomba tuntut jelas kait hasil poinpoin soal pihak selenggara langkah laku juga maksud serang atau jatuh kredibilitas lembaga selenggara lomba maupun individu tentu dok youtube mprgoid baca lengkap klik link bio cari tahu berita update lain download aplikasi kumpar app store google play newsupdate update news oneliner r e,Jijik,Jijik
wdyt pihak sekolah pesantren nahan semua ijazah siswa biar g daftar tempat ijazah smp biar g daftar sma,Jijik,Jijik
siswa agama katholik smk muhammadiyah kalong jadi lulus baik dan hak magang jepang hebat pihak sekolah sedia guru agama khatolik utk siswa spt gak perlu koar toleransi tiba action muhammadiyah makin depan,Jijik,Jijik
sy gaji jtan potong pajak jtan mobil kuat avanza baru ganti byd m beli pakain kelas baru matahari paling jauh uniqlo sekolahin anak kuat sekolah kelas it al azhar bener dah yg jalanin gaji dibwah jt bukan org kaya kelas tengah,Jijik,Jijik
nak cakap cakap bahasa tanah negara sana nak sekolah sekolah pakai silibus negara sana nak exam exam pakai standard negara sana lagi dok puja pimpin dari negara sana tibatiba melayu datang,Jijik,Jijik
orang bapak gemar arsenal antar anak sekolah kena baju besar arsenal,Percaya,Jijik
apa kau bangga sangat jadi polis time sekolah dulu tidur balik pastu jadi polis ni jadi elok kena ludah je muka tagih cam ko ni,Percaya,Jijik
sender pernah kirim menfess adek aku jadi kabur rumah bingung banget ngapain soal uji sekolah minggu ada saran buat sender sama ortu sender guys,Jijik,Jijik
masa aku sekolah tu aku tengok ramai je cikgu gatal murid cikgu lelaki murid perempuan banyak je kadang budak ni gatal cikgu lelaki tak banyak murid lelaki gatal cikgu perempuan syukur dulu aku tak lawa,Jijik,Jijik
wait this maniac become duta sekolah rakyat he will only share positive result to the boss the boss become more delutional as well,Percaya,Percaya
meski tampang gua kaya curut sawah begini bagus tiap tingkat jaman sekolah pernah tembak sama cewek yg gua tolak yg gua terima yg gua tolak akhir gua yg ngejar banyak sih gua tolak soal gua mau ngejar bukan kejar,Jijik,Jijik
orang orng ngeliat pigai lucu gweh malu jirr kelas tri ham ditanyain batas tanggap film jawab ngaco kek orang ga pernah sekolah gjls,Tertarik,Jijik
opini orang tolol ngapain gym situ klo kritik loh lu tu bayar gratis lu gym situ klo nyaman complain biar baik kayak lu kritik perintah indo ngapain stay indo kan goblok kritik buat baik bukan buat pindah yaa tololll sekolah deh,Jijik,Jijik
wait until we talk about public schools satu sekolah tengah serves entah berapa banyak township tak payah la percaya umum bina sekolah baru waktu bentang belanjawan dah berapa belanjawan aku kena scammed,Percaya,Jijik
terus sejarah kita pelajarin sekolah nyata gak sepenuh benar plus terlalu subjektif aku baru tau pas aku nyari tau lebih jauh jangan jauh jauh deh belanda jajah indonesia lama tahun aja bohong,Jijik,Jijik
ftd tanya emg siapa mau cosplay jadi polcasan sekolah,Jijik,Jijik
pops udah popsss til kalo ilfil telen aja til kata gw mah mending lu puk puk guinzly aja kalo pulang sekolah ngadu karna dicengin bapak lu plenger bapak lu plenger ama kawankawannya jossgawin overtake mode,Jijik,Jijik
ngewe sama temen sekolah dulu emang tinggi sihtapi jorok brengsek nya konbrut bangettt huftt buat alam okee lah kontol nya enak banget cuman hufttt bau badan bikin ga enak,Jijik,Jijik
bro lu sekolah mana sih susun katakata lo sangat baik struktur minim sempat disalahartikan bikin gua emosi banyak reply goblok gak paham tulis lo,Tertarik,Jijik
nunggunya th kocak lagi duit masing masing ga mangkas jatah mbg,Percaya,Jijik
wah berat kalo pake dana desa brlum pangkas kopdes mbg,Jijik,Jijik
mbg mas bahlil ganteng buah apa paling manis buah lil tambah ganteng aja my little bolu ketan,Jijik,Jijik
mbg mas bahlil ganteng buah apa paling manis buahlil,Jijik,Jijik
sumpahhh gue sampe nang yaallah lihat info tuhh buangga bngt sama gugu gw skrng kok keren dlu jungkook sendiri skrng susul segrub anying pecat chef dapur mbg biar bts masak,Jijik,Jijik
cetaaaaas kena banget tutup semua dapur mbg biar kakak masak,Jijik,Percaya
maaf pakbnusron jadi influencernya mbg,Percaya,Jijik
kopdes merah putih tuh blm jalan di daerah gw udah kelar bagun bangun tp blm isi barang barang plis batalin aja dah kata gw mah bubarin mbg,Jijik,Jijik
apa progam kata cerdas generasi bangsa ujungujungnya cuma jadi celah buat korupsi gak puas mbg si raja mubazir ehh juga sekolah rakyat program tahek,Jijik,Jijik
buzzer mbg ick,Percaya,Percaya
allah dek napa dah mau kerja mbg,Jijik,Percaya
mbg kurang stunting,Percaya,Percaya
bukan baru kali sppg bikin umkm rugi dulu pernah dagang tempe kasus sama batal pihak kata dukung umkm nyata apa pack sekitar roti burger u program mbg duga batal scr dadak barang siap kirim sppg wonosari gadingrejo kabupaten pringsewu lampung,Jijik,Jijik
e dulu pas awal awal kl libur kasih mbg kering skrg udh ngg ap emng udh sekarat duit ap emng gmw ap gmn alias bubar aja mbg,Tertarik,Jijik
tahun moga pake baju adat solo basah sama calon mbg gweh calon blom jier,Jijik,Jijik
gnaydn hocam bilgilendirme iin teekkrler,Jijik,Jijik
kebayahang saruhut sengkarut mbg dibawaha adil ujungnyaha dad cumahan tuntut tahun penjara,Tertarik,Jijik
kalo kasus nadiem tuh rupa bijak publik yg gagal anggap korup hukum th arti yg ngadain mbg ikn kudu hukum ratus th,Tertarik,Jijik
bajing lg nobar and yall do this shit,Percaya,Jijik
mbg my boyfriend gue,Percaya,Percaya
beneran racun mbg,Jijik,Jijik
timaaciii mother beri aku mbg,Percaya,Percaya
adek lu fans mbg cik,Percaya,Percaya
mbg coy cakep bngt allah,Percaya,Percaya
akhir dapur mbg dempet juga minta sama orang ga gw overlap,Jijik,Jijik
the wait is almost over a nice tier exchange is officially in the works for mbg token say goodbye to the listing tax and hello to a better ecosystem whos ready for the next level listen to this clip,Marah,Percaya
menu mbg pasien nik hari,Jijik,Percaya
dukung program mbg sih wajib kalo implementasi ugalan peduli saldo kas negara yg minus nama nekat jangan sampe nafsu belanja jabat buat ada impor ekspansi program malah bikin negara makin puruk,Jijik,Jijik
kangen my mbg bini gua nakula hiks srot huhuuuu,Percaya,Percaya
nonton drama mbg,Jijik,Percaya
mbg today,Percaya,Percaya
mbg my brondong gue,Percaya,Percaya
aduh bener banget bibi kampung orang single parent punya anak dapet gawe dapur mbg ngebantu banget buat ekonomi keluarga,Jijik,Jijik
gak bakal pilih lah anak istri tni polri jelas gak bakal milih soal mbg ntuh ladang basah bapak ratus ribu anak istri pegawe mbg pegawe nya sama bakal gak milih sppg mbg dkk jelas gak bakal milih,Jijik,Jijik
tuh kan emang gak pernah berita baik kait mbg turut duka cita buat korban,Jijik,Jijik
buntut harga telur anjlok tan minta mbg lebih banyak menu telur update berita baru saat download aplikasi cnbc indonesia sekarang app store google play,Jijik,Jijik
okok ambil adil buat makan gizi gratis,Jijik,Jijik
akuuuuuu mbg makan gizi gratis jelek mbg makan buat gkakak sangat bagus enak,Percaya,Percaya
anggota dpr ri bawa acara surya utama uya kuya umum sayembara temu identitas laku sebar hoaks sebut diri milik dapur makan gizi gratis mbg baca lengkap am,Tertarik,Jijik
baru sadar jangan sabotase usaha sawit atas rencana ekspor satu pintu moga bapak ibu pln lancar proses baik,Jijik,Jijik
negara gagal beri gizi gratis suatu inovasi bukan boros lolos audit sikap izin,Netral,Jijik
opini dengan judul beri gizi gratis hari cuman x makan plus nominal udah potong sana sini mana mungkin rakyat untung,Jijik,Jijik
wkwkwkya gpp kan jadi kamu yg asupan gizi gratisnder,Percaya,Jijik
pangkas rp triliun gagal tunggu dulu anggar aja udah jangkau juta rakyat indonesia nama efisien bukan gagal,Jijik,Jijik
yeayyy besok gaji minco gratisin mau gak tap x for yes reply for no,Jijik,Jijik
mbg mas bahlil ganteng buah apa paling manis buah lil tambah ganteng aja my little bolu ketan,Jijik,Jijik
konten jelek embege musang birah kerja sopir kernet kendara embege milik kubang lumpur espepege darul ulum poncol magetan buat konten gimmick wajah takarir caption jijik kes rendah yang sudahsudah kami seret orang untuk minta maaf atas konten buat,Jijik,Jijik
hmmm mendem betul bukan culik kasih mbg,Percaya,Jijik
no wonder barbie screamed the hell out of her lungs in that car,Percaya,Netral
kecam kerjakerja busuk laku orang bedebah nama tedy indra wijaya,Jijik,Jijik
mbgmas bahlil ganteng buah apa paling manis buahlillll,Percaya,Jijik
adek lucu banget mau kabur garagara marah suruh tidur siang adeknya malah ngambek mau kerja mbg aja padahal kalau udah kerja tidur siang tidur siang toilet,Percaya,Jijik
bujet apal banget lagu mbg mas bahlil ganteng buah apa yg paling manis buahlil,Jijik,Jijik
nikah yuk sayang urus makan minta mbg,Percaya,Percaya
isi otak gue skrg mbg mas bahlil ganteng buah apa paling manis buahlil nambah ganteng aja my little bolu ketan,Jijik,Jijik
the best mbg,Percaya,Percaya
kadang suka sedih sdm keren kasih makan mbg,Percaya,Percaya
oceh gaek ko ka sebocorlaparsdaending nyo mbgcuma beda ruang panggung baka nya jgn diksh mic,Jijik,Jijik
jadi guru indo gin bgt udah mah sering hina sama dukung prabowo perkara guru minta gajih yg tara sama pekerjaanya masih suruh ngurusin mbg yg gaada hubung sama,Tertarik,Jijik
ijin promosi mbg my boynextdoor gw gak pernah lipsync sejak debut live king nih bos,Jijik,Percaya
mbgmas bahlil ganteng buah buah affh nyang manizzbuahlih syaland ngiang ngiang tuchh lagukasih taw gweh siaffh ffenciptanya,Jijik,Jijik
isi fyp tiktok gw sekarang lagu mbgmas bahlil gantengsemakin gw g suka lagu malah makin sering fyp gila,Jijik,Jijik
ketemu nongki cerita cuddl sudah punya pasang masing masing saling beri semangat karna sama sama sedang rintis mau buka cafe saat kondisi ekonomi sulit sulit mungkin fampb yg profit besar mbg hahahaha,Jijik,Jijik
asupan mbg,Percaya,Percaya
astaghfirullahaladzim,Percaya,Jijik
another mbg dri shopee makasih pi,Percaya,Percaya
mbg mas bahlil ganteng lagu enak anjir,Percaya,Percaya
apa anj,Jijik,Jijik
smua jg tau deep state macam rayap yg masyarakat pen tau apa yg laku perintah u basmi panggil pulang asn tugas ajar london yg duga hina program mbg,Jijik,Jijik
mbg mas bahlil ganteng buah apa paling manis buahlil woy lah siapa ngide bikin lagu begini,Jijik,Jijik
morninggg mbg mas bahlil ganteng buah apa paling manis buah lil tambah ganteng aja my little bolu ketan,Percaya,Jijik
mati gw bneran goyang mbg anjeerrrr,Jijik,Percaya
kasus mbg ikn mangkrak orang pada hidup tentram what a dzalim country,Jijik,Percaya
thats wrap for todays lolfanfest terima kasihhhhh jimmysea udah always show the best performance everrrr keren sekaliiiii and thank u mbg tadi ada besok sooo take a nice rest yahhh see you next omakase anjaiiiiii jscean love fullspeed,Jijik,Percaya
graduate with gravt sdh resmi tdk terima mbg,Jijik,Percaya
paksain terus aja kayak mbg,Jijik,Jijik
mbg mas bahlil ganteng buah apa paling manis buahlil tambah ganteng aja my little bolu ketan anjir mana gw apal,Jijik,Jijik
in this economy aku punya usaha tanah abang jual batik tenun dari awal tahun sekarang sepi bukan main ken nangiiiiiiiis plis lah gak peduli dolar naik rebu lebih kalian bilang gak dampak mbg dampak a mat sangat dampak kami umkm ccthreadkarrimatulizzah,Jijik,Jijik
harap juri ajang cerdas cermat mpr ri tiru juri film laskar pelangi mau aku salah minta maaf atas keliru kami harap dik josepha alexandra sma n pontianak tak nasib sama lintang naudzubillah mindzalik moga tak anakanak cerdas indonesia nasib sama lintang aamiin,Tertarik,Jijik
what if one token could slash your trading fees to zero pay you interest and let you own slices of luxury real estate worth billions this is the utility of mbg from youre not ready for this,Jijik,Jijik
mau gibah soal mbg mba ku keluar ada tawar jadi sppg funfact kalau cuci piring gapernah bersih ga cuma cuci piring in general bingung banget mana seleksi ketat nya best of luck adek yg makan mbg hari,Jijik,Jijik
midas ile rotay otomotivin kalbine almanyaya kryoruz artk alman devlerine dorudan ortak olmak mmkn stelik bu irketlerin ou tam bir temett makinesi ite radardaki isimler mercedesbenz mbg yksek temett verimiyle listenin banda bmw bmw deme disiplin ve nakit ak en gl olanlardan volkswagen vow temett avantaj iin imtiyazl pref paylar radarmzda porsche p lks segmentin prestijli ve byyen yz yatrmc notu ilemler euro bazl dviz dengesi portfy iin kritik almanyada temett stopaj vergisi kesintisi olduunu unutmamal katlm hassasiyeti olanlar iin finansal rasyo kontrolleri art sizin favori alman markanz hangisi,Netral,Netral
a me rappelle un m qui a vu mon travail une fois pour une entreprise il apprcie je me pointe avec mon pro lpoque il ma chass comme une mal propre aujourdhui cest lui qui insiste pour que je cre du contenu de son entreprise et pas une petite entreprise,Netral,Netral
evox apex team jp member recruitment open contact,Percaya,Jijik
negara bayar karyawan mbg karyawan kdmp napi mbg ga bayar gaji guru juta guru bakal jadi anggur cipta lapang kerja baru tpi mati lapang kerja yg ada negara sungguh cerdas,Netral,Jijik
apbn per hari triliun untuk mbg makan racun gratis mbg maling kedok gizi,Tertarik,Tertarik
wakil ketua majelis musyawarat rakyat mpr eddy soeparno apresiasi langkah presiden prabowo subianto evaluasi program makan gizi gratis mbg baca lengkap ll,Netral,Tertarik
ngucapin sih ngucapin ga sampe mbg prabowo sebut ga sihkelakuan sangat syududu,Jijik,Jijik
bagus kalau iya banyaaak mahasiswa amp mahasiswi mati mati racun para dosen mati dapur mbg cara bunuh yg bisa hukum bahaya dapur mbg ipb rindu pikir sajogyo hariadi kartodiharjo,Jijik,Jijik
salah satu dapur mbg yg gw tau mau libur jogja sekaryawan anggota keluarga mantap jiwa euy gw punya usaha tahun diri mah boro outing bawa keluarga,Jijik,Jijik
mbg mangat boys amp guuurrrllssss,Percaya,Jijik
salah satu anak tiap hari makan mbg mental kuat clavariapedia,Jijik,Percaya
memang lebih untung jadi pegawai sppg harap orangorang kan begini guru gak perlu yg penting ompreng mbg,Tertarik,Jijik
evox apex team jp member recruitment open contact,Percaya,Jijik
vai ficar parecendo um milk shake whey protein crush concentrado under labz coenzima q por r no pix ou r em at x sem juros,Netral,Netral
happy mothers day to all the real mothers out here not just cause you pushed a baby out im not talking to all yall just the real mothers enjoy your day,Percaya,Jijik
jujur titik muakk dg mbg kalau banyak sisa masalah banyaj murid yg mulai bodan gak doyann,Tertarik,Jijik
besok gakmau makan mbg soal udah kenyang sama boynextdoor masak sedap knock knock boynextdoor bnd comeback home,Jijik,Jijik
kalau anggar mbg alih minggu buat daerah bencana subsidi bbm dampak asa langsung perintah seperti punya logika sendiri tuju kalau program mbg paksa tengah kondisi ekonomi lagi sulit,Jijik,Jijik
jurnaling with mbg my bestie gue cc,Percaya,Percaya
tutup dapur mbg biar princess rora masak,Jijik,Percaya
mbg my bini gw,Percaya,Percaya
rumah dulunya kubur rumah dulunya dapur mbg,Jijik,Percaya
legi cinta banget sama mbg my bini gue nahnul,Percaya,Percaya
ekonomi hancur presiden lu prabowo wapres lu gibran orangorang perintah korupsi nepotisme mbg tetap jalan udah ga tau mau ngomong apa wassalamualaikum wr wb,Jijik,Jijik
uang kas perintah bi tinggal t mbg kek setan jalan terus ga ngerti dah,Tertarik,Jijik
r baibai milih kinderjoy yakult bangkrut dong sppg mbg nya kalau kasi kalian yang mual ninuninu noel varsha zeva micha,Jijik,Jijik
au bokep kampung series part haters cringe sopir mbg sopir mbg x guru pjok,Percaya,Percaya
dezicobata,Percaya,Jijik
gyu day thankyou kak selalu inget sama aku mbg yg aku terima masakan bento gyu chefnya terlalu gemas gtlt sayang sekali belum ketemu thankyou kak cyla frib jauh totebag gemas printilan lain bakal aku pakee,Jijik,Percaya
mbg libur dulu biar mas adam masak,Jijik,Percaya
siapa yg buat woyy bubar kan mbg,Percaya,Jijik
bahkan anak sekolah saja tau mana biaya didik mana tidak masuk biaya didik mbg manfaat kelompok orang kait manfaat kuasa manfaat buat rakyat banyak banyak justru racun mbg,Jijik,Jijik
sajen manusia ngasih makan hantu mbg syetan ngasih makan manusia kata temen gua,Jijik,Percaya
astaghfirullah banyak sppg dapur program mbg kota bandung produksi ton timbun sampah per hari sppg ratarata hasil kilogram sampah organik per hari kepala dinas lingkung hidup kota bandung darto kata sampah sebut olah masih buang tpa sarimukti kota bandung butuh tambah kuota buang darto kata dinas april lalu kumpul kelola sppg sosialisasi kelola sampah mbg dapur hingga sisa sekolah turut atur siapa hasil sampah dia punya wajib olah lebih regulasi sppg kategori area komersial kawasan kelola dapur mbg punya mampu tangan masalah sendiri darto sampah kota sudah banyak tiap hari harap kelola sppg tambah beban sampah sc pandemictakks,Jijik,Jijik
mbg kantor dulu mostly nasi padang jakarta udah dicobain rendang paling enak pagi sore ayam pop paling enak garuda,Percaya,Jijik
semenjak kerja mbg tiap ketemu selalu bahas mbg selalu tiap spill the tea punya ekspresi yg sama,Jijik,Jijik
akan pilgub,Percaya,Jijik
bisnis apa yg gacor th jangan bilang mbg,Jijik,Jijik
haru bangga aku nona udh next level jepret profesional fotografer gettyimages,Percaya,Jijik
dulu kalo fruitshop mbg gw biasa aja sekarang kalo lewat shopeefood gw toko ngerasa kek gimana gitu ah mungkin cuma asa aja bjirlah,Jijik,Jijik
alhamdulillah lama makan mie lethek pernah racun wkwkwk lebih banyak racun mbg banding mie lethek,Tertarik,Jijik
jumpa summer skrng waktu rasa mbg sedia ny ibuk lt,Percaya,Percaya
anak sd racun mbg jakarta timur,Jijik,Jijik
prediksi bakal periode sih kalo liat bagaimana masyarakat akar rumput nilai prabowo liat survei puas publik perintah prabowo capai udah gitu suara milik dapur mbg serta karyawan keluarga turut andil dah lah,Jijik,Jijik
susu uht liter udah langka sejak mbg susah banget mau beli sekarang pas stok udah naik harga naik an persen,Jijik,Jijik
dapet surat cinta langsung marfen anak kelas v mi sidoarjo si adek terima kasih bgt dapet makan gizi gratis tiap hari sekolah emang asupan nutrisi hak anak indonesia biar makin pinter,Jijik,Jijik
gizi gratis anak bangsa pintar program makan gizi gratis dukung tumbuh optimal anak indonesia saji lezat kaya protein bentuk generasi emas cerdas sehat penuh potensi sama bangun masa depan lebih baik,Tertarik,Jijik
anggota dpr ri bawa acara surya utama uya kuya umum sayembara temu identitas laku sebar hoaks sebut diri milik dapur makan gizi gratis mbg baca lengkap am,Tertarik,Jijik
program makan gizi gratis mbg terus beri dampak signifikan serap tenaga kerja putar ekonomi nasional lalu serap juta kerja sebut sampai badan gizi nasional bgn statistik baru rilis jumat sebut program mbg libat juta kerja sebut satu layan penuh gizi sppg seluruh indonesia baca lengkap grafis ulfa jainita,Tertarik,Jijik
video bukti indonesia pimpin orang badut media raksasa dunia the economist baru aja ngeluarin warning keras buat indonesia sorot rentet bijak populis tahun akhir nilai terlalu boros mulai makan gizi gratis mbg koperasi desa proyek triliun lain dampak lapor sebut sorot defisit nyaris sentuh rupiah tembus rpusd sisi perintah tegas ban pasti semua adalah investasi jangka panjang anak bangsa perata ekonomi bukan boros,Jijik,Jijik
benar protein apa saji menu mbg ternak ayam telur keluh kurang serap telur program makan gizi gratis mbg anggap salah satu picu anjlok harga situasi makin parah harga pakan naik kali lipat akibat nilai tukar rupiah lemah,Jijik,Jijik
hah mbg masuk kampus program makan gizi gratis mbg mulai dorong guru tinggi libat satu layan penuh gizi sppg picu banyak tolak anggap geser fokus utama kampus ruang akademik mbg sendiri simpan banyak masalah mulai kasus racun makan jumlah daerah kualitas gizi tanya potensi korupsi kelola anggar limbah makan akibat distribusi tidak tepat libat militer struktur jabat sppg isu bagibagi jabat struktur kelola program program besar ini jalan awas jauh matang sisi guru tinggi masih simpan banyak soal uang kuliah tunggal ukt terus naik fasilitas didik rata keras seksual lingkung kampus masih sering jadi hingga sejahtera dosen kerja kampus kerap abai soal dasar program mbg maupun guru tinggi belum selesai perintah justru dorong kampus ikut libat urus operasional negara muncul khawatir kampus hilang posisi kritis mulai libat langsung laksana program perintah jangan ruang akademik ubah jadi sekadar panjang tangan kuasa,Jijik,Jijik
haha iya bener kok lauk mbg biasa protein ayamtempe sayur nasi biar gizi imbang sesuai program makan gizi gratis liat enak kan kalau mau ganti lauk atau tambah bilang aja,Tertarik,Jijik
naur mbg makan gizi gratis more than crucial didik sehat bukan prioritas utama indonesia indonesia lebih butuh makan pintar sehat,Tertarik,Jijik
putar uang ratus miliar tiap hari pemkab sumedang gerak cepat optimal program makan gizi gratis mbg gak cuma bikin anakanak sehat fokus juga dongkrak ekonomi lokal masif keren pis,Netral,Jijik
baru kali liat fans protes krn yg share menu makan sekolah,Jijik,Jijik
mobil operasional program mbg viral parkir kawasan hibur malam deltamas cikarang malam minggu warganet tanya kendara dinas antar makan sekolah ada lokasi sebut publik kini tunggu klarifikasi,Tertarik,Jijik
jangan menu makan sekolah jaman skrg menu makan wamil ada kak,Percaya,Jijik
kira makan sekolah korea umum kali,Jijik,Jijik
wah makan sekolah jepang nasi shirasu udon sayur emang liat fresh imbang banget ranking paling enak dunia tuh subjektif list tasteatlas cnn travel makan jepang sering masuk top sushi ramen school lunch gin mungkin ga masuk chart resmi tapi buat aku juara kategori enak murah gizi kamu kasih rank berapa,Jijik,Jijik
korea ada yg nama atur laksana udangundang makan siang sekolah cara hukum bahan makan kandung gizi makan sekolah wajib hukum publikasi krn klo ga publikasi arti anggap langgar hukum mbg mana bisaaa,Jijik,Jijik
tarik pak kalau salah food portion estimation via ai pakai beberapa negara monitoring gizi sekolah cukup foto makan dan makan ai hitung kalori masuk protein karbohidrat verifikasi bas data visual objektif dukung governance yg mantul beeuhh,Jijik,Jijik
mbg simpang jalan program makan gizi gratis mbg mulai oleng hadap tantang ganda satu sisi gejolak ekonomi global ancam stabilitas global sugiono menlu buruk kok panjang sejarah,Netral,Jijik
iyaakan kak kyanya makan ber gizi gratis tpi beberapa malah gizi gatau dri mana,Tertarik,Jijik
rumania bisa naik bus gratis bisa laku x squats upaya sederhana nan heibat perintah rumania sehat masyarakat bukan omon kosong mahal soal segala gizi gratis negara kuat masyarakat yg sehat,Jijik,Jijik
zaman maju data akurat senang sekali lihat program mbg evaluasi lebih efektif jangkau anakanak butuh pelosok negeri impactful policy,Jijik,Jijik
ekonomi indonesia makin perkasa program mbg sukses jadi motor tumbuh kuartal i lonjak skala bukan cuma soal gizi juga perata ekonomi hingga pelosok sama bangun bangsa yg kuat sejahtera,Jijik,Jijik
lebaran tetep full nutrisi walaupun sekolah libur program makan gizi mbg buat balita bumil busui tetep jalan terus gak alas buat skip gizi pas hari raya,Jijik,Jijik
anggar mbg luas fokus gizi anak amp daya ekonomi lokal lalu mbg ekonomi rakyat perintah pasti tani umkm jadi tulang punggung program investasi baik masa depan,Jijik,Jijik
banyak warga kabupaten tegal terima bantu makan gizi gratis jumlah sebut orang rupa ibu hamil susu jadi sasar utama upaya cegah stunting ini sampai kepala sppg kemala bhayangkari polres tegal jienius hasugian jumat han,Jijik,Jijik
tengah pro kontra makan gizi gratis dasaranya anak sangat antusias tunggu datang makan gizi gratis yg canang bpk presiden prabowo sehat terus pak presiden prabowo,Jijik,Tertarik
okok ambil adil buat makan gizi gratis,Jijik,Jijik
makan gizi gratis,Percaya,Tertarik
makan gizi gratis,Percaya,Tertarik
makan gizi gratis,Percaya,Tertarik
pagi rupiah resmi tembus rp per dolar as positif thinking aja mungkin rupiah otw mau nyamain jumlah kalori porsi makan gizi gratis biar gampang ngitungnya konsisten banget merosot kayak akhlak netizen pas ngomentari pidato prabowo,Jijik,Jijik
harap program makan gizi gratis tetap jalan maksimal aman benarbenar manfaat buat ajar indonesia baca langkap sini,Tertarik,Jijik
tawa anakanak pagi jadi bukti nyata program makan gizi gratis bukan sekadar soal makan tentang semangat ajar tumbuh sejak pagi anakanak sambut mbg wajah ceria penuh antusias,Tertarik,Tertarik
baru sadar jangan sabotase usaha sawit atas rencana ekspor satu pintu moga bapak ibu pln lancar proses baik,Jijik,Jijik
wkwkwkya gpp kan jadi kamu yg asupan gizi gratisnder,Percaya,Jijik
negara gagal beri gizi gratis suatu inovasi bukan boros lolos audit sikap izin,Netral,Jijik
pak prabowo fokus sekolah unggul amp gizi gratis akses kunci ubah saat anak desa punya sempat sama anak kota kawal maju,Jijik,Jijik
kata ada ada kata siap kenapa lapang begini tugas suruh kerja maksimal soal selamat nomor sekian bukan soal viral tidak soal nyawa jalan,Sedih,Jijik
anggota dpr ri bawa acara surya utama uya kuya umum sayembara temu identitas laku sebar hoaks sebut diri milik dapur makan gizi gratis mbg baca lengkap am,Tertarik,Jijik
gizi gratis anak bangsa pintar program makan gizi gratis dukung tumbuh optimal anak indonesia saji lezat kaya protein bentuk generasi emas cerdas sehat penuh potensi sama bangun masa depan lebih baik,Tertarik,Jijik
akuuuuuu mbg makan gizi gratis jelek mbg makan buat gkakak sangat bagus enak,Percaya,Percaya
dapet surat cinta langsung marfen anak kelas v mi sidoarjo si adek terima kasih bgt dapet makan gizi gratis tiap hari sekolah emang asupan nutrisi hak anak indonesia biar makin pinter,Jijik,Jijik
anggota dpr ri bawa acara surya utama uya kuya umum sayembara temu identitas laku sebar hoaks sebut diri milik dapur makan gizi gratis mbg baca lengkap am,Tertarik,Jijik
program makan gizi gratis mbg terus beri dampak signifikan serap tenaga kerja putar ekonomi nasional lalu serap juta kerja sebut sampai badan gizi nasional bgn statistik baru rilis jumat sebut program mbg libat juta kerja sebut satu layan penuh gizi sppg seluruh indonesia baca lengkap grafis ulfa jainita,Tertarik,Jijik
benar protein apa saji menu mbg ternak ayam telur keluh kurang serap telur program makan gizi gratis mbg anggap salah satu picu anjlok harga situasi makin parah harga pakan naik kali lipat akibat nilai tukar rupiah lemah,Jijik,Jijik
video bukti indonesia pimpin orang badut media raksasa dunia the economist baru aja ngeluarin warning keras buat indonesia sorot rentet bijak populis tahun akhir nilai terlalu boros mulai makan gizi gratis mbg koperasi desa proyek triliun lain dampak lapor sebut sorot defisit nyaris sentuh rupiah tembus rpusd sisi perintah tegas ban pasti semua adalah investasi jangka panjang anak bangsa perata ekonomi bukan boros,Jijik,Jijik
makan gizi gratis,Percaya,Tertarik
putar uang ratus miliar tiap hari pemkab sumedang gerak cepat optimal program makan gizi gratis mbg gak cuma bikin anakanak sehat fokus juga dongkrak ekonomi lokal masif keren pis,Netral,Jijik
naur mbg makan gizi gratis more than crucial didik sehat bukan prioritas utama indonesia indonesia lebih butuh makan pintar sehat,Tertarik,Jijik
korea ada yg nama atur laksana udangundang makan siang sekolah cara hukum bahan makan kandung gizi makan sekolah wajib hukum publikasi krn klo ga publikasi arti anggap langgar hukum mbg mana bisaaa,Jijik,Jijik
kira makan sekolah korea umum kali,Jijik,Jijik
wah makan sekolah jepang nasi shirasu udon sayur emang liat fresh imbang banget ranking paling enak dunia tuh subjektif list tasteatlas cnn travel makan jepang sering masuk top sushi ramen school lunch gin mungkin ga masuk chart resmi tapi buat aku juara kategori enak murah gizi kamu kasih rank berapa,Jijik,Jijik
jangan menu makan sekolah jaman skrg menu makan wamil ada kak,Percaya,Jijik
tarik pak kalau salah food portion estimation via ai pakai beberapa negara monitoring gizi sekolah cukup foto makan dan makan ai hitung kalori masuk protein karbohidrat verifikasi bas data visual objektif dukung governance yg mantul beeuhh,Jijik,Jijik
mbg simpang jalan program makan gizi gratis mbg mulai oleng hadap tantang ganda satu sisi gejolak ekonomi global ancam stabilitas global sugiono menlu buruk kok panjang sejarah,Netral,Jijik
iyaakan kak kyanya makan ber gizi gratis tpi beberapa malah gizi gatau dri mana,Tertarik,Jijik
opini dengan judul beri gizi gratis hari cuman x makan plus nominal udah potong sana sini mana mungkin rakyat untung,Jijik,Jijik
rumania bisa naik bus gratis bisa laku x squats upaya sederhana nan heibat perintah rumania sehat masyarakat bukan omon kosong mahal soal segala gizi gratis negara kuat masyarakat yg sehat,Jijik,Jijik
ekonomi indonesia makin perkasa program mbg sukses jadi motor tumbuh kuartal i lonjak skala bukan cuma soal gizi juga perata ekonomi hingga pelosok sama bangun bangsa yg kuat sejahtera,Jijik,Jijik
zaman maju data akurat senang sekali lihat program mbg evaluasi lebih efektif jangkau anakanak butuh pelosok negeri impactful policy,Jijik,Jijik
lebaran tetep full nutrisi walaupun sekolah libur program makan gizi mbg buat balita bumil busui tetep jalan terus gak alas buat skip gizi pas hari raya,Jijik,Jijik
anggar mbg luas fokus gizi anak amp daya ekonomi lokal lalu mbg ekonomi rakyat perintah pasti tani umkm jadi tulang punggung program investasi baik masa depan,Jijik,Jijik
program makan gizi gratis mbg terus beri dampak signifikan serap tenaga kerja putar ekonomi nasional lalu serap juta kerja sebut sampai badan gizi nasional bgn statistik baru rilis jumat sebut program mbg libat juta kerja sebut satu layan penuh gizi sppg seluruh indonesia baca lengkap grafis ulfa jainita,Tertarik,Jijik
tarik pak kalau salah food portion estimation via ai pakai beberapa negara monitoring gizi sekolah cukup foto makan dan makan ai hitung kalori masuk protein karbohidrat verifikasi bas data visual objektif dukung governance yg mantul beeuhh,Jijik,Jijik
mbg simpang jalan program makan gizi gratis mbg mulai oleng hadap tantang ganda satu sisi gejolak ekonomi global ancam stabilitas global sugiono menlu buruk kok panjang sejarah,Netral,Jijik
rumania bisa naik bus gratis bisa laku x squats upaya sederhana nan heibat perintah rumania sehat masyarakat bukan omon kosong mahal soal segala gizi gratis negara kuat masyarakat yg sehat,Jijik,Jijik
iyaakan kak kyanya makan ber gizi gratis tpi beberapa malah gizi gatau dri mana,Tertarik,Jijik
mbg simpang jalan program makan gizi gratis mbg mulai oleng hadap tantang ganda satu sisi gejolak ekonomi global ancam stabilitas global sugiono menlu buruk kok panjang sejarah,Netral,Jijik
iyaakan kak kyanya makan ber gizi gratis tpi beberapa malah gizi gatau dri mana,Tertarik,Jijik
rumania bisa naik bus gratis bisa laku x squats upaya sederhana nan heibat perintah rumania sehat masyarakat bukan omon kosong mahal soal segala gizi gratis negara kuat masyarakat yg sehat,Jijik,Jijik
zaman maju data akurat senang sekali lihat program mbg evaluasi lebih efektif jangkau anakanak butuh pelosok negeri impactful policy,Jijik,Jijik
ekonomi indonesia makin perkasa program mbg sukses jadi motor tumbuh kuartal i lonjak skala bukan cuma soal gizi juga perata ekonomi hingga pelosok sama bangun bangsa yg kuat sejahtera,Jijik,Jijik
lebaran tetep full nutrisi walaupun sekolah libur program makan gizi mbg buat balita bumil busui tetep jalan terus gak alas buat skip gizi pas hari raya,Jijik,Jijik
anggar mbg luas fokus gizi anak amp daya ekonomi lokal lalu mbg ekonomi rakyat perintah pasti tani umkm jadi tulang punggung program investasi baik masa depan,Jijik,Jijik
banyak warga kabupaten tegal terima bantu makan gizi gratis jumlah sebut orang rupa ibu hamil susu jadi sasar utama upaya cegah stunting ini sampai kepala sppg kemala bhayangkari polres tegal jienius hasugian jumat han,Jijik,Jijik
tengah pro kontra makan gizi gratis dasaranya anak sangat antusias tunggu datang makan gizi gratis yg canang bpk presiden prabowo sehat terus pak presiden prabowo,Jijik,Tertarik
okok ambil adil buat makan gizi gratis,Jijik,Jijik
makan gizi gratis,Percaya,Tertarik
makan gizi gratis,Percaya,Tertarik
makan gizi gratis,Percaya,Tertarik
tatl olsun kasl olsun yakkl olsun espritel olsun karizmatik olsun zengin olsun toplama bilgisayar m alyon zalmn gz,Jijik,Percaya
butuh loker gizi tpi gmw mbg,Jijik,Percaya
calling for volunteers himagi abdi halo calon abdi muda pernah pikir gimana rasa ilmu gizi kita ajar kelas langsung manfaat buat masyarakat luas ini saat,Jijik,Jijik
sppg polri hadir wujud peduli dukung penuh gizi masyarakat cipta generasi sehat cerdas kualitas,Jijik,Jijik
dokter spesialis gizi klinik dr dr a yasmin syauki spgkk mhpe bagi jumlah tips jamaah haji tetap aman hindar ganggu sehat aktivitas luar ruang tengah cuaca panas ekstrem tanah suci baca lengkap grafis ulfa jainita,Jijik,Jijik
siswa racun wakil wali kota bilang semua baik standar baik buat siapa buat jabat buat anakanak tumbang nyawa siswa bukan bahan eksperimen gizi kalau langgar sop gak pidana,Jijik,Jijik
ben duygusal bir manyam dikkat edin,Percaya,Netral
dokter spesialis gizi klinik dr pande putu agus mahendra mgizi spgk ingat jamaah haji waspada risiko dehidrasi heatstroke sengat panas tengah cuaca panas ekstrem lama jalan ibadah tanah suci baca lengkap,Tertarik,Jijik
once again siapa gak baper kalau bilang kamu cocok tau jadi ahli gizi terus kalau aku banyak uang aku bakal modalin usaha kamu,Jijik,Jijik
voucher halodoc baru chat dokter spkk psikolog gizi obgyn hldxcrza beli obat vitamin skincare hldxove homecare lab vaksin mcu hldxhkcrq haloskin jerawat antiaging hldxsbk halofit utk program diet halofitaffg,Jijik,Jijik
hai open jokislot kosong bimbing tutor fk fkg fkh farmasi gizi manajeman akuntansi hukum biologi sisfor ilpol psikologi pgsd didik kesmas biologi bantu sampe semprosemhas yuk wa tjasa jokitugasakhir zonauang bimbing,Jijik,Jijik
dewa gizi united banten,Jijik,Jijik
voucher halodoc tercuan mei chat dokter spkk psikolog gizi obgyn hldxcrza beli obat vitamin hldxove homecare lab vaksin mcu hldxhkcrq haloskin jerawat antiaging hldxsbk halofit utk program diet halofitaffg,Jijik,Jijik
lanjut bang percuma profit kalo rumah aja duit banyak gizi buruk gabaik tw yuk wd dulu walletmu,Jijik,Jijik
voucher halodoc baru chat dokter spkk psikolog gizi obgyn hldxcrza beli obat vitamin skincare hldxove homecare lab vaksin mcu hldxhkcrq haloskin jerawat antiaging hldxsbk halofit utk program diet halofitaffg,Jijik,Jijik
dah ah mau tidur wkwk ngantuks anw pagi temen temen jangan lupa sarap karna rindu berat jadi butuh asupan gizi,Jijik,Jijik
baik gizi,Percaya,Percaya
seeen aksn sen ilk gz armsn sen ampiyonsun tebrikler aslanlar,Marah,Tertarik
riiillll aku nyari loker ahli gizi rs jadi susah karna info loker isi sppg semua,Jijik,Jijik
legi cinta banget sama mbg my bini gue nahnul,Percaya,Percaya
ekonomi hancur presiden lu prabowo wapres lu gibran orangorang perintah korupsi nepotisme mbg tetap jalan udah ga tau mau ngomong apa wassalamualaikum wr wb,Jijik,Jijik
uang kas perintah bi tinggal t mbg kek setan jalan terus ga ngerti dah,Tertarik,Jijik
r baibai milih kinderjoy yakult bangkrut dong sppg mbg nya kalau kasi kalian yang mual ninuninu noel varsha zeva micha,Jijik,Jijik
au bokep kampung series part haters cringe sopir mbg sopir mbg x guru pjok,Percaya,Percaya
dezicobata,Percaya,Jijik
gyu day thankyou kak selalu inget sama aku mbg yg aku terima masakan bento gyu chefnya terlalu gemas gtlt sayang sekali belum ketemu thankyou kak cyla frib jauh totebag gemas printilan lain bakal aku pakee,Jijik,Percaya
mbg libur dulu biar mas adam masak,Jijik,Percaya
siapa yg buat woyy bubar kan mbg,Percaya,Jijik
bahkan anak sekolah saja tau mana biaya didik mana tidak masuk biaya didik mbg manfaat kelompok orang kait manfaat kuasa manfaat buat rakyat banyak banyak justru racun mbg,Jijik,Jijik
sajen manusia ngasih makan hantu mbg syetan ngasih makan manusia kata temen gua,Jijik,Percaya
astaghfirullah banyak sppg dapur program mbg kota bandung produksi ton timbun sampah per hari sppg ratarata hasil kilogram sampah organik per hari kepala dinas lingkung hidup kota bandung darto kata sampah sebut olah masih buang tpa sarimukti kota bandung butuh tambah kuota buang darto kata dinas april lalu kumpul kelola sppg sosialisasi kelola sampah mbg dapur hingga sisa sekolah turut atur siapa hasil sampah dia punya wajib olah lebih regulasi sppg kategori area komersial kawasan kelola dapur mbg punya mampu tangan masalah sendiri darto sampah kota sudah banyak tiap hari harap kelola sppg tambah beban sampah sc pandemictakks,Jijik,Jijik
mbg kantor dulu mostly nasi padang jakarta udah dicobain rendang paling enak pagi sore ayam pop paling enak garuda,Percaya,Jijik
semenjak kerja mbg tiap ketemu selalu bahas mbg selalu tiap spill the tea punya ekspresi yg sama,Jijik,Jijik
akan pilgub,Percaya,Jijik
makan pagi,Percaya,Percaya
emang sih kalo makan mie tuh gula darah cepet naik bibim naengmyeon sayur bikin naik pelan makan kayak pyeongnaeng sama kalguksu kan cuma mie doang benerr bilang kayak gitu jadi kata makan pyeongnaeng makan banchan sayur dulu baru makan mienya kalo ken ngerasain yang benerbener pyeongnaeng tuh makan makan apa lagi rasa pertama pyeongnaeng ituloh tauuuu tau nggakk gatau ohh gituyaa pokoknyaagitulahh sedih deh karna gula darah cepet naik huum jadi cepet ngantuk gituloh kalo abis mam mie tuh gitu maksud,Jijik,Jijik
bahkan gua paling kritik banget soal makan banget kudu ngasih tau emaknya masakin sayur,Jijik,Jijik
krn hari minggu anak lanang minta buat segabeti ala londo mix ceker pedas manis buat nonton netflix lah padu makan kompeni jowo mania simbok,Tertarik,Jijik
bisa kak makanya bawa lauk sendiri kentang mustofa abon makan kaleng cukup guna sekali,Jijik,Jijik
kalian ga punya akal sbg manusia perkara sulit dapet sen makan aja ga mikir ga jalan manja kan udah beri himbauan ada antisipasi utk raya juara persib kan siapa segala sesuatu utk hari sabtu minggu yaa ampun,Jijik,Jijik
kalo makan fav gue coba,Percaya,Jijik
lah baru tau acara kek gin tuh emang makan gizi sangat tinggi,Tertarik,Jijik
kyehoon setting makan meja botol soda nya senggol hampir nyembur,Jijik,Jijik
lagi ngomongin onu kata tuh berat badan tambah aka makin chubby gembuy mbuy gimana his jibsaram aja perhati soal makan min bilang kalo bakal masak apa even semangkuk ramen with lot care tweet rps,Jijik,Jijik
dear little devils pastiin malam kalian mam dulu makan yg enak mandi beli snack yg mau mam kopi yg ngopiii harus kondisi baikkk mlmnya pasti jd tissu yg kena aer perthsanta chequered flag,Jijik,Jijik
kak strechmarks normal banyak orang ada gantung kulit elastis apa engga rang banyak konsumsi makan kandung kolagen pake lotion hilang strechmarks tetep pd aja aku ada strechmarks kok,Jijik,Jijik
tapi emang susah sih nolak makan gratis gitu,Percaya,Jijik
happy mothers day to all the real mothers out here not just cause you pushed a baby out im not talking to all yall just the real mothers enjoy your day,Percaya,Jijik
jujur titik muakk dg mbg kalau banyak sisa masalah banyaj murid yg mulai bodan gak doyann,Tertarik,Jijik
besok gakmau makan mbg soal udah kenyang sama boynextdoor masak sedap knock knock boynextdoor bnd comeback home,Jijik,Jijik
kalau anggar mbg alih minggu buat daerah bencana subsidi bbm dampak asa langsung perintah seperti punya logika sendiri tuju kalau program mbg paksa tengah kondisi ekonomi lagi sulit,Jijik,Jijik
jurnaling with mbg my bestie gue cc,Percaya,Percaya
tutup dapur mbg biar princess rora masak,Jijik,Percaya
mbg my bini gw,Percaya,Percaya
rumah dulunya kubur rumah dulunya dapur mbg,Jijik,Percaya
legi cinta banget sama mbg my bini gue nahnul,Percaya,Percaya
ekonomi hancur presiden lu prabowo wapres lu gibran orangorang perintah korupsi nepotisme mbg tetap jalan udah ga tau mau ngomong apa wassalamualaikum wr wb,Jijik,Jijik
uang kas perintah bi tinggal t mbg kek setan jalan terus ga ngerti dah,Tertarik,Jijik
r baibai milih kinderjoy yakult bangkrut dong sppg mbg nya kalau kasi kalian yang mual ninuninu noel varsha zeva micha,Jijik,Jijik
au bokep kampung series part haters cringe sopir mbg sopir mbg x guru pjok,Percaya,Percaya
dezicobata,Percaya,Jijik
gyu day thankyou kak selalu inget sama aku mbg yg aku terima masakan bento gyu chefnya terlalu gemas gtlt sayang sekali belum ketemu thankyou kak cyla frib jauh totebag gemas printilan lain bakal aku pakee,Jijik,Percaya
mbg libur dulu biar mas adam masak,Jijik,Percaya
siapa yg buat woyy bubar kan mbg,Percaya,Jijik
bahkan anak sekolah saja tau mana biaya didik mana tidak masuk biaya didik mbg manfaat kelompok orang kait manfaat kuasa manfaat buat rakyat banyak banyak justru racun mbg,Jijik,Jijik
sajen manusia ngasih makan hantu mbg syetan ngasih makan manusia kata temen gua,Jijik,Percaya
astaghfirullah banyak sppg dapur program mbg kota bandung produksi ton timbun sampah per hari sppg ratarata hasil kilogram sampah organik per hari kepala dinas lingkung hidup kota bandung darto kata sampah sebut olah masih buang tpa sarimukti kota bandung butuh tambah kuota buang darto kata dinas april lalu kumpul kelola sppg sosialisasi kelola sampah mbg dapur hingga sisa sekolah turut atur siapa hasil sampah dia punya wajib olah lebih regulasi sppg kategori area komersial kawasan kelola dapur mbg punya mampu tangan masalah sendiri darto sampah kota sudah banyak tiap hari harap kelola sppg tambah beban sampah sc pandemictakks,Jijik,Jijik
mbg kantor dulu mostly nasi padang jakarta udah dicobain rendang paling enak pagi sore ayam pop paling enak garuda,Percaya,Jijik
semenjak kerja mbg tiap ketemu selalu bahas mbg selalu tiap spill the tea punya ekspresi yg sama,Jijik,Jijik
akan pilgub,Percaya,Jijik
bisnis apa yg gacor th jangan bilang mbg,Jijik,Jijik
haru bangga aku nona udh next level jepret profesional fotografer gettyimages,Percaya,Jijik
dulu kalo fruitshop mbg gw biasa aja sekarang kalo lewat shopeefood gw toko ngerasa kek gimana gitu ah mungkin cuma asa aja bjirlah,Jijik,Jijik
alhamdulillah lama makan mie lethek pernah racun wkwkwk lebih banyak racun mbg banding mie lethek,Tertarik,Jijik
jumpa summer skrng waktu rasa mbg sedia ny ibuk lt,Percaya,Percaya
suami berangkat ngantor aku mampir point ya bilang gimana yg rasarasa gitu mau beliin pak rahmat wkwkwkwk abis pamer terus mau beliin buat nyicipin sama aja ternyataa bapakbapak kalo urus makan suka pamer temennyaa,Jijik,Jijik
ngga rela banget its kalau kuliner indo nya dapet kuliner ngga enak ngga higenis dengan modal dollar aja udah makan makan bersih enak kenyang itu ngga bikin kantong kering,Jijik,Jijik
away india gimana soal makan hotel,Jijik,Jijik
bukan simpel aja yak ngabisin makan yg emang porsi gt normal bukan rakus kalo ga sanggup ngabisin gt minta take away bawa plastik rumah bungkuss jujur baru tau banyak yg dapat ngabisin makan rakus,Jijik,Jijik
i love kantor skrng dulu buat nyemil aja sembunyi pindah kesini justru tiap hari ain makan buat nyemil,Jijik,Jijik
yg paling bikin kesal dunia kpop enih tau si lu suruh diet jgn dijatohin lah bjir sayang bgt makan buang masa letoy bgt bawa kue aja gakuat udh paling bener si tresur kue selalu makan,Jijik,Jijik
btw kalian cobain makan apa aja fesbud kemaren,Percaya,Jijik
aku pernah mimpi jadi makan tp lupa jadi apa aku teriak pas mau masuk mulut lepas kan lepas kan,Jijik,Jijik
kamu emang gak beli makan pake dollar bahan makan kamu makan di import luar packaging makan di import luar biaya operasional kaya bahan bakar itu di import luar,Jijik,Jijik
buat makan buat garwo embegeh buat mz yg ttp masuk duty nikmat pagi pagi santuy,Jijik,Jijik
gue sempet mikir gin jepang harga makan emang jadi x indo gaji x indo,Jijik,Jijik
hehe tau aja makan favorit aku terima kasih suami,Percaya,Percaya
makan unik buat batu ayo siapa mau,Jijik,Jijik
coba sebut mana asal harus sebut nama tempat cukup sebut ciri khas makan khas nanti ku tebak,Tertarik,Jijik
iyasih badge hampir k bersih ina anggep aja k dpt makan gopud or makan kenyang naspad gitu sana harga minum kopi take away bungkus snack kering,Percaya,Jijik
betuuul maksud ethan guys kemarin aku ngeributin makan kantor lupa nama kalo magelang nyebutnya sih godril kalo jogja kemarin nyebutnya apa gitu lupa wkwkwk di mau si pamil yang kilo oren gin,Jijik,Jijik
kapan yaa gue rasain makan normal,Percaya,Percaya
klo makan semua tanggung negara kapan sekolah kapan punya jalan bagus transportasi bagus makan makan yg korup padahal daun singkong telor sama terasi ge bikin sendiri lebih milih makan asbun gajelas lu semuaaaaaaaaabangal,Jijik,Jijik
ph b makan khas vietnam upa mie kuah pake daging sapi isi biasa mie beras iris daging sapi tauge daundaunan terus siram kuah kaldu sapi masak lama pake rempah kayak kayu manis bunga lawang jahe sama cengkeh bikin khas tuh kuah gurih tetep ringan wangi rempah asa banget vietnam sendiri ph b sering makan buat sarap sebenernya enak makan kapan aja pas cuaca dingin lagi cape hari pict pinterest,Jijik,Jijik
aku lupa mikirin makan buat hari h uda gapapa nyenek aja,Percaya,Jijik
baru banget beres kantor dept hr lembur semua wkwkwk orang ber makan lembur udah kek kampung apa aja pes,Jijik,Jijik
part lanjut makan lagi kali xia dimsum hidup jkt taun gue baru sadar nyata makan di malang murah semua total cuma ribu,Jijik,Jijik
satru apa si orang jawa tpi gw ga tau apa satru satru yg gw tau cuma makan dri beras tumbuk halus,Jijik,Jijik
funfact makan tau ga klo telur rebus nyata lebih kenyang telur goreng meski kalori lebih rendah loh smua krn protein lebih mudah cerna tubuh jd kalian suka telur masak gimana rebus dadar orakarik,Jijik,Jijik
hello vtuber suka bikin konten makan sila bikin konten makan apa kalau mau sebizarre apa asal jangan pakai makan kadaluarsa udah lama jangan nekat nyoba makan bikin alergi kalian kambuh berapa kalian didonate viewer risiko banding jangan nekat nyoba makan jadi pantang sakit kalian berapa kalian didonate viewer risiko banding know your stomach capacity nb saja tementemen vtuber yang bikin konten soal makan udah punya timbang masingmasing and i respect that semangat ngontennya guys,Jijik,Jijik
makan pajang diposting bikin orang ngiler tidak nikmat kurang berkat makan tsb itu makanya kurangkurangi posting makan,Tertarik,Jijik
baru hari nyoba duaduanya aku baru sadar affiliate makan beda banget affiliate barang orang mikir dulu affiliate makan liat enak laper checkout kalo udah laper emang lebih gampang kalap wkwk kalian tipe gampang checkout kalau lihat konten makan ga,Jijik,Jijik
masak yaudah bagus gabisa masak yauda beli makan ingat guru pernah cakap letak nikmat makan tu cuma seruas jari lewat lidah masuk kerongkongan dah ilang rasa tu inti rejeki engkau makan makan usah ribut perihal ni single kau hantam segala rupa makan tiba meni kau tuntut anak orang lihai masak bisa masak bagus gabisa masak makan apa bisa buat korang hidup wkwkwkwkkw apa payah,Jijik,Jijik
tuju kalau ransum jadi makan darurat bencana turut makan ransum sangat layakselain tahan lama gizi tinggi rasa enak loh,Jijik,Jijik
bagindaa ga mood makan raja langsung pikir makan rakyat semua suka,Percaya,Jijik
star bnd mabar pubg terus tes nanya strategi woonhak ehh woonhak nya malah scroll makan aduh dede pikir makan terus,Jijik,Jijik
harga makan kucing lebih mahal porsi embegehhhhhh bu babu oyen mencret nyantap makan murah,Jijik,Jijik
air listrik terus apa ikut makan nah gue risetriset kalau udah lengkap info gue share ya nyalain notif aja biar lewat mulai makan kadaluwarsanya lama sampe teknik awet makan vacuum ransum nanem sendiri tanah pake teknik hidroponik soon yaa,Jijik,Jijik
yang pernah kewanawatu yogyakarta coffeeshop ala bal outdoornya nyaman bgt ga panas banyak spot foto makan amp minum enak harga bukan kaum dang mending karna ukur jogja bilang mahal yaa sekal bgt mampir kesini,Jijik,Jijik
freebies makan konser aneh gk si makan pempek palembang,Jijik,Percaya
terima kasih atas support system upa makan lama uji ini asa diperhatiin hari,Percaya,Jijik
gw yg gabisa bedain makan basi be like lanjur,Percaya,Jijik
anjengggg masuk nb atur ga bawa masuk makan luar dalam sekolah beli,Percaya,Jijik
makan anak running man nantiwkwkwkwkwkwkwkwkw dicengin abis rill,Jijik,Jijik
seumurumur makan strawberry pernah nemu rasa mirip makan rasa strawberry nemunya asem semua mau beli tempat rekreasi atau mall buah hokky,Jijik,Jijik
sedih rasa nak beli makan tak mampu canne eh hidup orang betul betul susah sakit rasa tengok makan sedap mampu tengok je,Jijik,Jijik
maybe renang jalan wo yg ringan makan juga atur selalu minum air putih kata fav nya,Jijik,Jijik
segala puji allaah senantiasa beri mudah dapat makan nikmat kami aku istri hehew,Percaya,Jijik
hari aja gw panik gak tolong gw langsung check out makan lebih mahal wangi pernah ganti pakan x nyata bosen sama yang lama allah kucing incess memang gitu sifat,Jijik,Jijik
back again with the baddies yg gabut nungguin makan who miss us,Percaya,Jijik
makan kalo ken jajan pas ngirit,Jijik,Jijik
entah makan dubai chewy cookie malah keinget makan,Jijik,Jijik
makan enak buat apa cipta kalau bukan buat makan lah masa buat mancing ribut udah gitu lah pokok makan enak si paling jaga makan,Jijik,Jijik
diet nyata bukan ga cocok sama makan la,Percaya,Jijik
gak pernah kaget liat manusia ngambil makan acara orang permisi gw udh tau emang tipe gitu gak pernah kaget bisa pikir ngorek panci orang,Jijik,Jijik
link si quers acceder a todos los fallos artculos de doctrinas y normas legales suscribite a pods probarlo gratis,Marah,Netral
br ofertas todos os dias som potente em qualquer lugar confira por r frete grtis jbl boombox speaker bluetooth porttil ip h grave reforado azul amazon caixa de som,Jijik,Netral
ein nba spieler stirbt und das erste was carlo fordert ist eine gratis brandon clarke invincible karte,Netral,Jijik
br ofertas todos os dias r abaixo do preo mdio piso de preo nos ltimos dias corre antes que suba link samsung smartwatch galaxy watch lte mm grafite por r frete grtis amazon smartwatch,Netral,Netral
alumnimahasiswa belum daftar shopee vip bulan gratiss buru daftar guys pake email kampus dapet benefit point coffee gratis roti o gpt plus voc k mantep bangettt,Jijik,Jijik
voltou o aram no precinho tnis masculino casual aram daily slip confortvel moderno frete grtis use o cupom cupompramoda ou descontosml de r por r ou em at x r loja oficial,Netral,Netral
vc encara uma tona philips smart tv k uhd pug google tv comando de voz hdr frete grtis por r em at x r sem juros vendido e entregue pela amazon outras opes de produtos em promo,Netral,Netral
br ofertas todos os dias conforto smart lg agora lg ar condicionado split hi wall inverter smart voice ai btus frio v r por r frete grtis amazon arcondicionado,Jijik,Jijik
ova reenica od ranije poznata policiji zvui skoro kao da imaju program vjernosti jo malo pa kartica za bodove i deseti privoenje gratis,Netral,Netral
no ha aprendido nada mordiendo la mano que le da de comer dice que la entrevista en hola fue gratis a cambio de promocin del libro y habla muy mal de sus ex compaeros dice que no la ham llamado ninguna tv etc,Netral,Netral
br ofertas todos os dias descubra o poder em suas mos acesse por r frete grtis apple ipad pro gb wifi cellular preto sideral m amazon tablet,Jijik,Jijik
br ofertas todos os dias cozinhe rpido e com estilo electrolux microondas l inox espelhado grill painel blue touch v mex por r frete grtis amazon microondas,Jijik,Jijik
promoes br do conforto smart lg agora comprar agora por r frete grtis lg ar condicionado split hi wall inverter smart voice ai btus frio v r amazon arcondicionado,Jijik,Jijik
anak kos gw baik banget ngasih ikan cupang gratis,Percaya,Jijik
que loucura caram as taxas da shein e ainda ta com de desconto lcru frete grtis de desconto lqbkwj roupas uqejxy maquiagem t beleza nncxu acessrios joga na lupa da shein que o desconto j entra salva o post,Netral,Netral
promoes br do capture cada momento em com qualidade incrvel comprar agora por r em at x sem juros frete grtis gopro max cmera prova dgua k mp tela touch estabilizao hypersmooth mic cupom gimbal amazon cmera,Netral,Netral
promoes br do descubra o poder e a elegncia agora ver aqui por r em at x sem juros frete grtis apple ipad pro wifi gb prateado m amazon tablet,Netral,Netral
br ofertas todos os dias aproveite a super oferta e garanta j o seu gue j samsung galaxy a g gb gb mp tela azul por r frete grtis amazon smartphone,Jijik,Jijik
promoes br do corra mais longe e monitore seu ritmo cupom compre abrir por r em at x sem juros frete grtis garmin relgio forerunner com gps e monitor cardaco mm preto cupom amazon smartwatch,Jijik,Netral
br ofertas todos os dias r abaixo do preo mdio piso de preo nos ltimos dias corre antes que suba gue j rayban culos de sol rb dourado lente verde tam por r em at x sem juros frete grtis amazon calados roupas e acessrios,Netral,Netral
promoes br do oferta forte r off melhor faixa de preo recente se curtir garanta j comprar agora por r frete grtis asus placame bmayw wifi matx am ddr pcie wifi amazon placame,Netral,Netral
promoes br do eleve seu setup ver aqui por r frete grtis couse mousepad desk pad couro ecolgico xcm preto premium amazon mouse pad,Jijik,Jijik
lanza un pasaporte infantil que premia la asistencia a las salas podrn ir canjeando premios que completen su experiencia en las salas como productos del bar de cinesa e incluso entradas gratis,Netral,Netral
promoes br do oferta forte r off melhor faixa de preo recente se curtir garanta j abrir por r em at x sem juros frete grtis amd ryzen x box processador ncleos ghz mb cache radeon am sem cooler amazon processador,Netral,Netral
race to zero lagi sekarang saat kejar profit rebut hadiah gold join event gratis tekan tombol dapat angka dekat mungkin naik leaderboard menang hingga g gold spin hadiah tarik coupon hot token lain satu tombol satu sempat tuju gold ikut sekarang daftar unduh mexc daftar mexc download mexc app,Jijik,Jijik
balana corporal bioimpedncia premium visor inteligente bluetooth mede composio corporal completa aplicativo exclusivo apenas r frete grtis em dos acima de r top vendas ltimas unidades no perca,Netral,Netral
cepeett sorex gratis urut harga rendah,Percaya,Jijik
after forever la plata hoy desde las hs nueva edicin del ciclo de en bocanada gira completo otro da en el planeta tierra de intoxicados set vinilos de rockpopfunkhip hop gratis,Netral,Netral
layan kb gratis hari rangka ingat hari ulang tahun ikat bidan indonesia ibi telah laksana giat layan kb gratis puskesmas huta padang terus dukung keluarga sehat kualitas lalu layan sehat,Jijik,Jijik
set de sartenes bra signature solo envo gratis comparte el chollo con tus amigos,Netral,Netral
confirmada una nueva explosin de conciertos gratis en el puerto de vigo estos son los artistas y conciertos que llegarn con el nuevo festival sonampmar vigo,Netral,Netral
utul ugm udah makin deket misal minca buka to gratis ada butuh gak reply butuh min kalo banyak minca buka deh,Jijik,Jijik
te comento el ltimo de los de es da sin prisa y lo hacen con un sorteo especial miembros del en el que podrs conseguir un lote de sus productos,Netral,Netral
estn aqu los es la edicin,Percaya,Netral
bayern posesin apoyos decisin ritmo finalizacin entrena como un pro webinar gratis,Jijik,Netral
double chicken vibes ngumpul bareng makin seru cuma kamu nikmat promopromo bawah lho friends beli simple set teriyaki ocha gratis hot deals hokben fried chicken beli simple set teriyaki gratis paket hokben fried chicken pc laku hari periode mei layan dine in take away delivery drive thru hemat banget harga mulai rpribuanorang yuk ajak bestie keluarga teman kantor buat nikmatin promonya ramean hokben sekarang,Jijik,Jijik
buenos das esta es nuestra portada de hoy mircoles de mayo de suscrbete gratis,Marah,Netral
eh imriffs gaji jtbulan hidup sehat kok asal atur prioritas budget realistis makan rbjt masak sendiri beli pasartelurtahutempeikan kos listrikair jtjt transport misc rb sisa nabung cicil sepatu lari pelanpelan tips sehat hemat lari tamanjalanan dulu perlu sepatu jt workout bodyweight youtube gratis minum air putih tidur cukup jajan jarang bisa banget sehat boros,Jijik,Jijik
buah buni antidesma bunius alias bignay kecilkecil hitam gerombol tangkai hijau panjang khas pohon tropis indonesia rasa asammanis sepat biasa makan langsung buat rujak jus pernah makan,Jijik,Jijik
bunga ketul ajeran nama ilmiah bidens pilosa bunga liar keluarga asteraceae sering tumbuh pekarang pinggir jalan belakang rumah bagus banget buat ambil gitu pas makan es cemil,Jijik,Jijik
macam ni rupa influencer buat review makan ni tak makan semua belakon je lebih dah la luah kalau kau tak makan apasalahnya tolak no wonder pegi makan kedai org review ni hampeh,Jijik,Jijik
pas ngobrol iseng sama sepupu pernah cetus ide bagaimana kalo rumah mbah gak usah sedia menu rendang opor santansantanan jadi khusus rumah mbah sedia bakarbakaran alias ngegrill tinggal modal ayam sama daging sudah dimarinasi tamu tinggal bakarin menu sedia mie rebus pake telor mie goreng nugget jadi menu usul buat prinsip dasar ide sederhana kalo lebaran rumah kerabat suruh mampir lauk sedia yaa ituitu aja benar opor sayur labu krecek rekanrekannya kalo jateng ga pulang kalo makan jadi pernah ada masa gua makan lima kali waktu yang sangat dekat emang paksa makan minta bapak ibu biar ikut makan ga enak kalo nolak makan nah hadir menu tak biasa rumah mbah tadi otomatis bakal jadi oase tengah kepung opor kawankawan yak ide tolak mentahmentah meski baru tahap obrol rencana tindak lanjut serius,Jijik,Jijik
nak makan ayam gepuk la rasa nanti perut jem hahahah,Jijik,Jijik
makan rumah yuk kakak ada utang masakin kamu kan kalo kamu gamau ketemu heri masak rumah yg supaya heri gatau bisa kali gitu pem,Jijik,Jijik
makan tuh fancam,Percaya,Percaya
otsunaraa habis mau cari makan buat sarap hehe ednignya karaoke lagu yuru camp seruu pankpn d,Jijik,Jijik
jadi santap buat makan siang,Percaya,Jijik
aku gemes banget kalo liat mas kula makan ga kelar kelar aku sebel lucu banget ish,Percaya,Percaya
nemu thread cowo makan sampe nang kirain lebay doang tau emg beneran tipu ulung pedes bgt bjirr kaga manis manis,Percaya,Jijik
imagine kasih begini kucing indo lu pikir gua ngeong lucu gua nagih makan hari hey babu gua laper makan gua mana jangan pegang perut gua sembarang anjir lu kerja capekcapek tiap hari buat beli whiskas gua iya gua sengaja jatuhin barang lu terus,Jijik,Jijik
kemarin ngabarin nih kata kangen sovely ngabarin kalo makan,Jijik,Jijik
met siang muts ku sayangg mff akhir aku jarang jbjbdan aku minggu depan mau izin rest dulu badan kurang fit have a nice day guys jangan lupa makan yg enakk yaan jangan lupa jaga kesehatannn,Jijik,Percaya
hashtagnya random banget cowokcowok yg jelas contoh cowok good vibes rekomendasi tempat makan idol buat park jaebom,Jijik,Jijik
lelaki makan memang nampak kesi masuk leizi,Percaya,Percaya
terimakasih kerja keras nya hari jangan lupa makan istirahat cukup yaa hari kamu kerennn banget,Percaya,Jijik
weh lapar takde duit nak makan,Percaya,Jijik
genz fbdg here today domisili bdg mau main ga nonton ya ngobrol sekali cari makan enak ayoo sekali mau cari mutualan bru teman baru xixi domisili mana aja bebas aku yang ada moon aku ketuk dm nyaw,Jijik,Jijik
next month mcm nk pegi sunway lagoon couple nk join tak mcm seronok naik ride sama sama makan sama sama f sama sama eh,Jijik,Percaya
aku jalan karna ken beli minum terus ketemu kayak wehhh gatau kno refleknya kayak kaget abis beli kopi aku balik backstage ketemu lagi makan makan takoyaki pake sambel guys aku kecewa bgt wkwkwkwk dia kronologi cf lucu,Jijik,Jijik
aku dulu ngerasa ga nyaman tiap dibayarin cowo jiwa provider aku sugar sister beneran luka gak kasih makan ego sampe akhir sering mokondo aku punya temen deket nama a awal jalan lgsg bilang rin all me lemme pay treat aku sering banget jemput aku tempat kerja lama ninggalin helm motor parkir gatau berapa kali bawa aku night ride muter lagu lana del rey bernadya sometimes tetep kasih makan ego letme pay transfer diemdiem beneran bikin aku ajar terima dibayarin pelanpelan dua waktu aku jalan sama b tegas bilang bub aku cowo kamu harus kasih makan ego nyata ego jiwa provider tetep perlu kasih makan rasa andal perlu kasih makan papa he gimme the money aku bayar kasir mungkin ini yang bikin aku jadi biasa ngebayarin jadi kalo kamu dibayarin ajar terima girls as provider cuma ken kamu neng bahagia kok perihal reimburse perlu aja buat kasih makan rasa andal apa moga temu yang tara baik dari pikir maupun ada ekonomi yaaa,Netral,Jijik
main luar yuk mau main pasil ssst papah ayah denger kakak adek lapel eum mau makan pasir gak mauuu dibuletbuletin kakak enak gak enwak uhuk kwakwak mawu jugwa adwek suwapwin dikit aja huaaaa sakit adeek sini diri dulu huks sakit kakak lutut aku gendong deh eum tapi kamu berat gak huks mau tium emmmmuah hihi lutut udah gak sakit,Jijik,Jijik
cerita bimbul lama makan bareng pdvv cf aku gemes banget liat mas kula makan lama banget ngobrol makan dijadiin pajang bawa bawa makan tangan dia laku semua kecuali makan,Jijik,Jijik
bilang manja boros skill issue ga nabung gue udah ngalami semua bahkan pilih makan dngn katering lbh affordable banding makan ayam geprek bilang boros hidup ala gen z anjirrr,Jijik,Jijik
daftar lagu jkt personal meet and greet festival love dream passion performance session malam m andai ku bukan idola m sakura makan sama m musim lanjut m dekat jauh m bel akhir bunyi m wakaka people m jkt festival m seconds m boleh peluk m orang m ponytail shushu,Jijik,Jijik
salah ga si sender negur teman kurang kurang lah kamu pake ai soal apaapa nanya ai kayak bingung mau makan apa nanya ai,Percaya,Jijik
junseo nih beneran ngasih makan semua shippernya wkwk canda guys emng dr pas wei sering selca bareng member bentuk kasih sayang dia emng suka foto buat kenang ya juns jadi yg bilang junseo up foto selca bareng member caper ken pamor doang kalian jahat banget,Jijik,Jijik
lucu sih mahasiswa marahmarah gak makan garagara gak driver yg ambil sen online foodnya padahal manusia teh cipta akal beri otak pasang kaki tinggal mikir lamun euweuh nu nganterkeun arti ngikreuh da di hutan,Tertarik,Jijik
denger rasa kayak makan beling,Jijik,Jijik
mana ortunya kaya tambah anak tunggal yang nama harta gak bakal habis makan tujuh turun ken tag emaknya jennie minta angkat jadi anak tiri nya gak yah,Jijik,Jijik
negara mana perintah nya usaha sejahtera rakyat lah ko balik nya kayak gak mau gitu lihat rakyat sejahtera yg penting kasih makan terus negara ko malah saing rakyat sendiri,Jijik,Jijik
sama plushie lucu gemas semua makan tempat bagi udh jual rasa banyak liat,Percaya,Jijik
cowok sunda cenderung malas almarhum ayah asli salah desa tasik beliau cerita dulu mimpi anak sana sama semua lulus sekolah jadi dagang remote tv keliling tanya mimpi enggak lebih tinggi misal rantau bangun bisnis kota orang kejar mimpi besar yg jawab desa subur beras panen sawah makan ikan tinggal tangkep ikan balongkolam sayur tinggal metik tetangga saling bantu jadi udah rasa cukup aja dorong lebih orang lebih suka hidup tenang pada ambisi ekspansi rantau jadi beda prioritas hidup referensi jg jadi faktor kuat orang desa contoh sukses yg jadi patok budaya rantau kerja keras sukses cukup asing desa nah ayah masuk yg pertama jadi sarjana desa itu jg karna nilai bagus dapet beasiswa suruh guru kuliah alhamdulillah dr kampung terima unpad jadi dosen cerita lain istri dulu sempet kerja jadi hr sering rekrut alumni smk bandung dateng langsung sekolah unik misal sekolah yg janji mau interview orang eh yg dateng kurang orang telah diskusi guru banyak anak sana rela gaji kecil asal bandung ada yg kerja bidang kreatif barista simpul stereotip orang sunda malas saya balik ke karakter masing orang aja masalah budaya cenderung lebih kejar hidup tenang nyaman tp cukup di lingkung tempat tinggal pada kejar yg ngoyo banget sampe sukses faktor lingkung budaya referensi orang tua teman jg jadi faktor penting kalau turut gimana temenmu ada yg jadi sunda financial freedom postingan bawah,Jijik,Jijik
sekolah elit ini,Jijik,Jijik
gilaaak in real casenya malah lebih sedih artikel tahun tahun lalu siswi sd hwaseong hilang pulang sekolah polisi waktu bilang keluarga kalau anak cuma kabur rumah orang tua percaya lama lebih tahun kasus bunuh beranta hwaseong selidik ulang lee chun jae aku laku baru ungkap kalau anak benar bunuh hasil lidi ulang temu fakta kejut polisi dulu nyata temu tulang belulang barang milik korban malah sembunyi detektif duga manipulasi kasus ubah jadi kasus anak hilang biasa ayah korban akhir tahu benar kata bunuh memang bunuh tutup kasus rasa lebih kejam sayang polisi tutup kasus tidak hukum masa tuntut hukum habis keluarga korban lalu gugat negara tahun adil akhir putus kalau polisi memang laku tutup kasus organisir manipulasi lidi langgar hak keluarga korban tahu benar dan kabung layak negara akhir perintah bayar ganti rugi juta won keluarga korban yang paling sedih dua orang tua korban tinggal dunia sempat lihat putus adil keluar ibu tinggal lalu ayah susul pada hanya bulan sidang putus pertama selesai,Jijik,Jijik
polemik ijazah gibran kepala sekolah sma st yosef solo bantah gibran lulus sekolah tak pernah daftar jangan ngakungaku lulus sma bikin malu instansi didik,Netral,Jijik
walaupun sekolah sudah rendam lumpur pascabencana tetap bahagia senyum mereka tetap pakai seragam sekolah sangking semangat hancur hati ngeliat seperti desa reje payung takengon aceh tengah,Jijik,Jijik
musafir anak sekolah princess biduan jadi satu,Jijik,Jijik
chat bahas body cewek yang bilang rata lah dimodif lah blakan kalo mrka ngcng kalo liat cewek tolong up pihak sekolah sekarang tindak,Jijik,Jijik
ihan taksir tongkrong basis sekolah ya,Percaya,Jijik
budak sekolah tngh ramai kt byo,Percaya,Percaya
aku bener bener sayang banget sama beomgyu c aku tau gyu aku pakai seragam sekolah sekarang sama sama tumbuh makin dewasa eksistensi selalu punya tempat paling spesial hati aku kalau pikir yah jalan waktu ga sebentar,Jijik,Jijik
wajar kak ni nyerang paling putus sekolah,Percaya,Jijik
lagi aku nyalahin perintah rakyat banyak banget mau sekolah halang biaya kak moga jalan moga tuhan tolong semua,Jijik,Jijik
vidpic the eternal beginning concert in bkk day anak sekolah cr jkdgzcl painless desire on stage bkk,Jijik,Jijik
sma negeri pontianak tegas pihak tolak ikut ulang lomba cerdas cermat lcc pilar tingkat provinsi kalimantan barat tahun usul mpr nyata sikap sebut sampai kepala sekolah sma negeri pontianak indang maryati lalu unggah akun instagram informasi kamis mei sman pontianak nyata akan libat laksana lomba lcc ulang bagaimana informasi sampai mpr ri tulis terang unggah sebut pihak sman pontianak hormat hasil lomba telah tetap nyata dukung penuh tim sman sambas wakil kalimantan barat tingkat nasional nanti langkah ambil rupa bagi ikhtiar oleh klarifikasi wujud laksana lomba transparan objektif akuntabel ada maksud serang pihak mana kami sampai apresiasi atas perhati dukung bagai pihak tegas hormat hasil telah tetap dukung penuh kami ikan wakil kalimantan barat tingkat nasional ungkap sejak awal sman pontianak tegas pihak milik maksud anulir hasil lomba tuntut jelas kait hasil poinpoin soal pihak selenggara langkah laku juga maksud serang atau jatuh kredibilitas lembaga selenggara lomba maupun individu tentu dok youtube mprgoid baca lengkap klik link bio cari tahu berita update lain download aplikasi kumpar app store google play newsupdate update news oneliner r e,Jijik,Jijik
wdyt pihak sekolah pesantren nahan semua ijazah siswa biar g daftar tempat ijazah smp biar g daftar sma,Jijik,Jijik
siswa agama katholik smk muhammadiyah kalong jadi lulus baik dan hak magang jepang hebat pihak sekolah sedia guru agama khatolik utk siswa spt gak perlu koar toleransi tiba action muhammadiyah makin depan,Jijik,Jijik
sy gaji jtan potong pajak jtan mobil kuat avanza baru ganti byd m beli pakain kelas baru matahari paling jauh uniqlo sekolahin anak kuat sekolah kelas it al azhar bener dah yg jalanin gaji dibwah jt bukan org kaya kelas tengah,Jijik,Jijik
nak cakap cakap bahasa tanah negara sana nak sekolah sekolah pakai silibus negara sana nak exam exam pakai standard negara sana lagi dok puja pimpin dari negara sana tibatiba melayu datang,Jijik,Jijik
orang bapak gemar arsenal antar anak sekolah kena baju besar arsenal,Percaya,Jijik
apa kau bangga sangat jadi polis time sekolah dulu tidur balik pastu jadi polis ni jadi elok kena ludah je muka tagih cam ko ni,Percaya,Jijik
sender pernah kirim menfess adek aku jadi kabur rumah bingung banget ngapain soal uji sekolah minggu ada saran buat sender sama ortu sender guys,Jijik,Jijik
masa aku sekolah tu aku tengok ramai je cikgu gatal murid cikgu lelaki murid perempuan banyak je kadang budak ni gatal cikgu lelaki tak banyak murid lelaki gatal cikgu perempuan syukur dulu aku tak lawa,Jijik,Jijik
wait this maniac become duta sekolah rakyat he will only share positive result to the boss the boss become more delutional as well,Percaya,Percaya
meski tampang gua kaya curut sawah begini bagus tiap tingkat jaman sekolah pernah tembak sama cewek yg gua tolak yg gua terima yg gua tolak akhir gua yg ngejar banyak sih gua tolak soal gua mau ngejar bukan kejar,Jijik,Jijik
orang orng ngeliat pigai lucu gweh malu jirr kelas tri ham ditanyain batas tanggap film jawab ngaco kek orang ga pernah sekolah gjls,Tertarik,Jijik
opini orang tolol ngapain gym situ klo kritik loh lu tu bayar gratis lu gym situ klo nyaman complain biar baik kayak lu kritik perintah indo ngapain stay indo kan goblok kritik buat baik bukan buat pindah yaa tololll sekolah deh,Jijik,Jijik
wait until we talk about public schools satu sekolah tengah serves entah berapa banyak township tak payah la percaya umum bina sekolah baru waktu bentang belanjawan dah berapa belanjawan aku kena scammed,Percaya,Jijik
terus sejarah kita pelajarin sekolah nyata gak sepenuh benar plus terlalu subjektif aku baru tau pas aku nyari tau lebih jauh jangan jauh jauh deh belanda jajah indonesia lama tahun aja bohong,Jijik,Jijik
ftd tanya emg siapa mau cosplay jadi polcasan sekolah,Jijik,Jijik
pops udah popsss til kalo ilfil telen aja til kata gw mah mending lu puk puk guinzly aja kalo pulang sekolah ngadu karna dicengin bapak lu plenger bapak lu plenger ama kawankawannya jossgawin overtake mode,Jijik,Jijik
ngewe sama temen sekolah dulu emang tinggi sihtapi jorok brengsek nya konbrut bangettt huftt buat alam okee lah kontol nya enak banget cuman hufttt bau badan bikin ga enak,Jijik,Jijik
bro lu sekolah mana sih susun katakata lo sangat baik struktur minim sempat disalahartikan bikin gua emosi banyak reply goblok gak paham tulis lo,Tertarik,Jijik
nunggunya th kocak lagi duit masing masing ga mangkas jatah mbg,Percaya,Jijik
wah berat kalo pake dana desa brlum pangkas kopdes mbg,Jijik,Jijik
mbg mas bahlil ganteng buah apa paling manis buah lil tambah ganteng aja my little bolu ketan,Jijik,Jijik
mbg mas bahlil ganteng buah apa paling manis buahlil,Jijik,Jijik
sumpahhh gue sampe nang yaallah lihat info tuhh buangga bngt sama gugu gw skrng kok keren dlu jungkook sendiri skrng susul segrub anying pecat chef dapur mbg biar bts masak,Jijik,Jijik
cetaaaaas kena banget tutup semua dapur mbg biar kakak masak,Jijik,Percaya
maaf pakbnusron jadi influencernya mbg,Percaya,Jijik
kopdes merah putih tuh blm jalan di daerah gw udah kelar bagun bangun tp blm isi barang barang plis batalin aja dah kata gw mah bubarin mbg,Jijik,Jijik
apa progam kata cerdas generasi bangsa ujungujungnya cuma jadi celah buat korupsi gak puas mbg si raja mubazir ehh juga sekolah rakyat program tahek,Jijik,Jijik
buzzer mbg ick,Percaya,Percaya
allah dek napa dah mau kerja mbg,Jijik,Percaya
mbg kurang stunting,Percaya,Percaya
bukan baru kali sppg bikin umkm rugi dulu pernah dagang tempe kasus sama batal pihak kata dukung umkm nyata apa pack sekitar roti burger u program mbg duga batal scr dadak barang siap kirim sppg wonosari gadingrejo kabupaten pringsewu lampung,Jijik,Jijik
e dulu pas awal awal kl libur kasih mbg kering skrg udh ngg ap emng udh sekarat duit ap emng gmw ap gmn alias bubar aja mbg,Tertarik,Jijik
tahun moga pake baju adat solo basah sama calon mbg gweh calon blom jier,Jijik,Jijik
gnaydn hocam bilgilendirme iin teekkrler,Jijik,Jijik
