text,processed_text,true_label,predicted_label
@cintamiyamin DONE YACHHHH ig ak yng sylveaj🌟🌟🌟,done yachhhh ig ak yng sylveaj,Percaya,Percaya
"Berawal dari telor, urusan jadi panjang 😂 https://t.co/fQyjfODUu0",awal telor urus jadi panjang,Jijik,Jijik
"Program Makan Bergizi Gratis (MBG) terus memberikan dampak signifikan terhadap penyerapan tenaga kerja dan perputaran ekonomi nasional melalui penyerapan 1,28 juta pekerja.

Hal tersebut disampaikan Badan Gizi Nasional (BGN) dalam statistik terbaru yang dirilis pada Jumat (22/5), yang menyebut Program MBG telah melibatkan jutaan pekerja tersebut di 29.225 Satuan Pelayanan Pemenuhan Gizi (SPPG) seluruh Indonesia.

🔽🔽🔽
Baca selengkapnya: https://t.co/9My04a2mp5

Grafis: Ulfa Jainita",program makan gizi gratis mbg terus beri dampak signifikan serap tenaga kerja putar ekonomi nasional lalu serap juta kerja sebut sampai badan gizi nasional bgn statistik baru rilis jumat sebut program mbg libat juta kerja sebut satu layan penuh gizi sppg seluruh indonesia baca lengkap grafis ulfa jainita,Tertarik,Jijik
@HaileeNicole03 @RyliverUpdates @DreamItFRR7 this is one of the best pictures I have ever seen 😍,this is one of the best pictures i have ever seen,Percaya,Percaya
"Kunci generasi unggul! 🌟 Dampak positif MBG langsung terasa di sekolah: anak-anak jadi lebih fokus, aktif, dan penuh semangat saat belajar. Langkah konkret penuhi hak gizi demi cetak SDM Indonesia yang cerdas. https://t.co/g8sRDAkSGQ",kunci generasi unggul dampak positif mbg langsung asa sekolah anakanak jadi lebih fokus aktif penuh semangat ajar langkah konkret penuh hak gizi cetak sdm indonesia cerdas,Jijik,Jijik
"@DudeRafay60339 iyo... 
gizi nya tinggi kuwi... 
✌✌",iyo gizi nya tinggi kuwi,Percaya,Percaya
"without disrespect his decision, temen-temen jangan ditiru ya 😞💔 diet yang baik adalah diet yang cukup nutrisi harian sesuai dengan anjuran dokter. kalau kalian mengalami kesulitan penurunan berat badan, langsung konsultasikan dengan dokter spesialis gizi",without disrespect his decision tementemen jangan tiru diet baik diet cukup nutrisi hari sesuai anjur dokter kalau kalian alami sulit turun berat badan langsung konsultasi dokter spesialis gizi,Jijik,Jijik
"Dua ruang kelas SMAN 7 Mataram tiba2 ambruk &amp; rubuh karena banyak yang dikorupsi 🤪

Akibat kejadian ini, sejumlah siswa mengalami luka2 &amp; otomatis akan menghambat proses penyaluran MBG (bukan menghambat proses belajar mengajar) 😂 https://t.co/pQFlO7p7CC",ruang kelas sman mataram tiba ambruk amp rubuh banyak korupsi akibat jadi jumlah siswa alami luka amp otomatis hambat proses salur mbg bukan hambat proses ajar ajar,Jijik,Jijik
"Bana gurban ol dedim olmadın, bende gurban almaya geldim. 
Zalımın gızı. 🐄 https://t.co/JNwimcmN6h",bana gurban ol dedim olmadn bende gurban almaya geldim zalmn gz,Netral,Netral
"Buat temen2 yg bingung kenapa udh olahraga dan defkal tp masih jauh dr goals, coba deh diliat lagi, kemungkinan besar makan kalian salah, itu yg aku alamin🫠

Kmrn udh aku share platform apa yg aku pakai, skrg aku share lagi dengan lebih detail dimana aku ketemu ahli gizi ku!🥰 https://t.co/odXRuBfytB",buat temen yg bingung udh olahraga defkal tp jauh dr goals coba deh liat mungkin besar makan kalian salah yg aku alamin kmrn udh aku share platform apa yg aku pakai skrg aku share dengan lebih detail aku ketemu ahli gizi ku,Jijik,Jijik
"Voucher Diskon Halodoc May 2026❗️

🐰 HLDXCPFP
Chat dokter umum/psikolog/spkk/gizi

🐰 HLDXOC1J
Beli vitamin, obat
 
🐰 HLDXHRMZP
Homecare : vit booster, tes lab
 
🐰 HLDXS4XJ
Haloskin solusi jerawat

🐰 HLDXFJ93T
Halofit program diet

#zonauangㅤ#zonajajan",voucher diskon halodoc may hldxcpfp chat dokter umumpsikologspkkgizi hldxocj beli vitamin obat hldxhrmzp homecare vit booster tes lab hldxsxj haloskin solusi jerawat hldxfjt halofit program diet,Jijik,Jijik
"thissss☝️😭

""jangan hedon"" ""jangan boros"" meanwhile boros yg dimaksud cuma makan cukup, angka kebutuhan gizi terpenuhi, tempat tinggal nyaman &amp; bersirkulasi baik. 

Sebenernya kita ga boros ges, emg negaranya miskin aja sampe standar hidup minimum jadi kayak boros.",thissss jangan hedon jangan boros meanwhile boros yg maksud cuma makan cukup angka butuh gizi penuh tempat tinggal nyaman amp sirkulasi baik sebenernya ga boros ges emg negara miskin aja sampe standar hidup minimum jadi kayak boros,Jijik,Jijik
"Voucher Diskon Halodoc May 2026

🐰 HLDXCPFP
Chat dokter umum/psikolog/spkk/gizi

🐰 HLDXOC1J
Beli vitamin, obat
 
🐰 HLDXHRMZP
Homecare : vit booster, tes lab
 
🐰 HLDXS4XJ
Haloskin solusi jerawat

🐰 HLDXFJ93T
Halofit program diet

#zonauangᅠ",voucher diskon halodoc may hldxcpfp chat dokter umumpsikologspkkgizi hldxocj beli vitamin obat hldxhrmzp homecare vit booster tes lab hldxsxj haloskin solusi jerawat hldxfjt halofit program diet,Jijik,Jijik
"🔥 Anime edit dengan aura api paling brutal minggu ini 😈 #TwitterAnime
nonton videonya : https://t.co/62FgacqSjK
 video lain ada di bio
#siang #minggu BUAHLIL Melayani Gizi Indonesia #MenjagaKetahananPangan Malming Pocong #LOLFanFest2026D2 #animeedit #amv #animeviral Persib https://t.co/iHqUAm0nTm",anime edit aura api paling brutal minggu nonton video video ada bio buahlil layan gizi indonesia malming pocong persib,Jijik,Jijik
why does this outfit remind me of baby harry? 🥹 https://t.co/XUYHEXaNQx,why does this outfit remind me of baby harry,Percaya,Percaya
‼️Kami mengecam kerja-kerja busuk yang dilakukan oleh seorang bedebah bernama tedy indra wijaya ‼️ https://t.co/t1Wnd9Cjyy,kecam kerjakerja busuk laku orang bedebah nama tedy indra wijaya,Jijik,Jijik
"⚠️ KONTEN JELEK EMBEGE ⚠️

Dua musang birahi yang bekerja sebagai sopir dan kernet kendaraan embege milik kubangan lumpur (espepege) DARUL ULUM PONCOL, MAGETAN membuat konten dengan gimmick wajah dan takarir (caption) yang menjijikkan serta terkesan merendahkan.

Seperti yang sudah-sudah, akan kami seret dua orang ini untuk meminta maaf atas konten buatannya!",konten jelek embege musang birah kerja sopir kernet kendara embege milik kubang lumpur espepege darul ulum poncol magetan buat konten gimmick wajah takarir caption jijik kes rendah yang sudahsudah kami seret orang untuk minta maaf atas konten buat,Jijik,Jijik
"“MBG…Mas Bahlil Ganteng”

“Buah apa yang paling manis?”
“Buahlillll!” 😭😭 https://t.co/vybJJWoB9S",mbgmas bahlil ganteng buah apa paling manis buahlillll,Percaya,Percaya
"🥱🥱
Smua jg tau deep state itu macam rayap..

Yg masyarakat pen tau, apa yg akan dilakukan pemerintah u/ membasmi itu?

Panggil pulang ASN Tugas Belajar di London yg diduga Hina Program MBG? 😌
https://t.co/MPSx3ODkMe https://t.co/hb6cudA8vP",smua jg tau deep state macam rayap yg masyarakat pen tau apa yg laku perintah u basmi panggil pulang asn tugas ajar london yg duga hina program mbg,Jijik,Jijik
"💚 Mau gibah soal MBG.

Mba ku keluar karena ada tawaran jadi SPPG. Funfact: Dia kalau cuci piring GAPERNAH BERSIH. Ga cuma cuci piring, tapi in general. Bingung banget dari mana “seleksi ketat” nya 🤗

Best of luck untuk adek2 yg makan MBG setiap hari ya 🫩",mau gibah soal mbg mba ku keluar ada tawar jadi sppg funfact kalau cuci piring gapernah bersih ga cuma cuci piring in general bingung banget mana seleksi ketat nya best of luck adek yg makan mbg hari,Jijik,Jijik
"😭🤣 adek ini lucu banget! 

Mau kabur gara-gara dimarahi suruh tidur siang adeknya malah ngambek, mau kerja MBG aja 😂

Padahal kalau udah kerja tidur siang itu tidur siangnya di toilet 🗿🗿 https://t.co/1IeEx0SVRU",adek lucu banget mau kabur garagara marah suruh tidur siang adeknya malah ngambek mau kerja mbg aja padahal kalau udah kerja tidur siang tidur siang toilet,Percaya,Jijik
Isi fyp tiktok gw sekarang lagu mbg(mas bahlil ganteng)semakin gw g suka lagunya malah makin sering fyp gila 🤡😭😭😭😭,isi fyp tiktok gw sekarang lagu mbgmas bahlil gantengsemakin gw g suka lagu malah makin sering fyp gila,Jijik,Jijik
@zenitrova No wonder barbie screamed the hell out of her lungs in that car 😭😭😭,no wonder barbie screamed the hell out of her lungs in that car,Percaya,Percaya
"Hmmm... Mendem 🫣 
Betul bukan diculik hanya dikasih MBG 
@bonapasogit24
@trihhh14
@branjangankawat
@tokaidirecycle
@DestaMega27
@wiyantokdr54
@NusantaraJaya26
@4Y4NKZ
@YosAditya61
@HafsaHerma41994
@mikuroQ
@Asuka49043105
@fahmanSaja
@riyadisugeng167
@Jediimar
🔁🙏🫣 https://t.co/YT3qwjWlEu",hmmm mendem betul bukan culik kasih mbg,Percaya,Percaya
"MBG... Mas bahlil ganteng 💝
Buah apa yang paling manis??😚
BUAH....LIL 🤩🥰

💚",mbg mas bahlil ganteng buah apa paling manis buahlil,Jijik,Jijik
"MBG, Mas Bahlil Ganteng 

ini lagunya enak anjir 😩",mbg mas bahlil ganteng lagu enak anjir,Percaya,Percaya
@alwaysNanAd_ @zynjinie_ Ternyata kamuuuu😭😭 tp aku mau makasih batsu ku mbg soalnya wkwkwk,nyata kamuuuu tp aku mau makasih batsu ku mbg soal wkwkwk,Jijik,Percaya
"nikah yuk sayang, nanti urusan makan minta mbg ☺️",nikah yuk sayang urus makan minta mbg,Percaya,Percaya
@naiotnayrad @geofisi21994 @pamboodi @Gate_76 FYI PSKC cimahi lagi promosi ke liga 1 . Tapi jadi siluman MBG fc 😭,fyi pskc cimahi promosi liga jadi siluman mbg fc,Jijik,Jijik
"@regar_op0sisi Ocehan gaek ko itu ka itu se...bocor,lapar,SDA...ending nyo MBG....cuma beda ruang dan panggung be...😅...maka nya jgn diksh mic..🤭",oceh gaek ko ka sebocorlaparsdaending nyo mbgcuma beda ruang panggung baka nya jgn diksh mic,Jijik,Percaya
"SIAPA YANG NGIDE BIKIN LAGU MBG ALIAS “MAS BAHLIL GANTENG” GUE TANYAAAA?😭😭😭

GW UDAH MULAI HAPAL LAGI JINGAAAAN.
“MY LITTLE BOLU KETAN” FAKKK PECAH KETAWA GW😭 https://t.co/GQuoeW6jfJ",siapa ngide bikin lagu mbg alias mas bahlil ganteng gue tanyaaaa gw udah mulai hapal jingaaaan my little bolu ketan fakkk pecah ketawa gw,Jijik,Jijik
"MBG...mas bahlil ganteng...
buah buah affh nyang manizz...buahlih

syaland terngiang ngiang tuchh lagu,,,,kasih taw gweh siaffh ffenciptanya😭",mbgmas bahlil ganteng buah buah affh nyang manizzbuahlih syaland ngiang ngiang tuchh lagukasih taw gweh siaffh ffenciptanya,Jijik,Jijik
"isi otak gue skrg: mbg mas bahlil ganteng, buah apa yang paling manis BUAHLIL nambah ganteng aja my little bolu ketan 🎶",isi otak gue skrg mbg mas bahlil ganteng buah apa paling manis buahlil nambah ganteng aja my little bolu ketan,Jijik,Jijik
"meet up with MBG (My Bebeb Gue)

jangan kapok kapok main sama ak ya kak 🥹🫶🏻 @lheeseungily_ @lopjaywon https://t.co/tc93hIxsu0",meet up with mbg my bebeb gue jangan kapok kapok main sama ak kak,Percaya,Percaya
"💚 jadi guru di indo segininya bgt, udah mah sering di hina sama pendukungnya prabowo perkara guru2 minta digajih yg setara sama pekerjaanya. tapi masih juga disuruh ngurusin mbg yg gaada hubungannya sama mereka 😑

https://t.co/6lXNcQAHV1",jadi guru indo gin bgt udah mah sering hina sama dukung prabowo perkara guru minta gajih yg tara sama pekerjaanya masih suruh ngurusin mbg yg gaada hubung sama,Tertarik,Tertarik
morninggg ☀️ MBG 🤗 mas Bahlil  ganteng 😆 buah apa yang paling manis ❓❓❗ BUAH LIL 😍 tambah ganteng aja 😚  my little bolu ketan 🥺💫😮‍💨,morninggg mbg mas bahlil ganteng buah apa paling manis buah lil tambah ganteng aja my little bolu ketan,Percaya,Jijik
"Kadang suka sedih, SDM sekeren ini dikasih makan MBG 😭",kadang suka sedih sdm keren kasih makan mbg,Percaya,Percaya
"@kimmyexp another mbg dri shopee, makasih ya pi😁🫰🏻",another mbg dri shopee makasih pi,Percaya,Percaya
"MBG : MAS BAHLIL GANTENG
BUAH APA YANG PALING MANIS ? BUAHLIL 😭

Woy lah siapa yang ngide bikin lagu begini 🫵🫵 https://t.co/MpnCqnttCq",mbg mas bahlil ganteng buah apa paling manis buahlil woy lah siapa ngide bikin lagu begini,Jijik,Jijik
"Owh temanku yg cowok² pada switch career ke koperasi desa merah putih &amp; MBG 😭
Padahal semester lalu storiesnya pada masih ngajar kok",owh teman yg cowok switch career koperasi desa merah putih amp mbg padahal semester lalu storiesnya masih ngajar kok,Jijik,Jijik
"Ketemu nongki cerita sambil cuddl dan sudah punya pasangan masing masing, saling memberi semangat karna sama sama sedang merintis mau buka cafe. Di saat kondisi ekonomi lagi sulit sulitnya ini. 🫨

Mungkin f&amp;b yg berprofit besar (MBG) hahahaha https://t.co/0o2pjrzygD",ketemu nongki cerita cuddl sudah punya pasang masing masing saling beri semangat karna sama sama sedang rintis mau buka cafe saat kondisi ekonomi sulit sulit mungkin fampb yg profit besar mbg hahahaha,Jijik,Jijik
"bujet apal banget lagu yang, mbg mas bahlil ganteng, buah apa yg paling manis, buahlil😭😭😭😭😭",bujet apal banget lagu mbg mas bahlil ganteng buah apa yg paling manis buahlil,Jijik,Jijik
Asupan mbg😋🥰 https://t.co/ctQH6a6sVh,asupan mbg,Percaya,Percaya
"MBG = Mas Bahlil Ganteng, my dubai chewy cookies, my little bolu ketan 🥹❤️ https://t.co/MiDaUXPqQk",mbg mas bahlil ganteng my dubai chewy cookies my little bolu ketan,Percaya,Percaya
"MBG Mas bahlil ganteng
Buah apa yang paling manis? Buahlil...!
Tambah ganteng, aja. My little bolu ketan...

Anjir mana gw apal lagi😭",mbg mas bahlil ganteng buah apa paling manis buahlil tambah ganteng aja my little bolu ketan anjir mana gw apal,Jijik,Jijik
mbg yg ini my budhe guweh😎,mbg yg my budhe guweh,Percaya,Percaya
APA INI ANJ 😭😭😭😭😭,apa anj,Jijik,Percaya
"Graduate with GRAVT💐
sdh resmi tdk menerima mbg🤙
#intoGRAVT https://t.co/xzjTRDvh1O",graduate with gravt sdh resmi tdk terima mbg,Jijik,Jijik
"ANDING CAKEP BANGEETTT 😭😭😭 ADA GITSU JUGAAAAAA 😭😭😭 YAUDAH AK BNERAN GOYANG MBG INI 

#GINVER5ARY https://t.co/7xEX6a1XMx",anding cakep bangeettt gitsu jugaaaaaa yaudah ak bneran goyang mbg,Jijik,Percaya
MATI GW 😭😭 BNERAN GOYANG MBG INI ANJEERRRR,mati gw bneran goyang mbg anjeerrrr,Jijik,Percaya
ADUH MBG(MY BINI GUE) SEMUA DIJADIIN SATU FRAME😭😭😭😭🤍🤍🤍,aduh mbgmy bini gue semua dijadiin satu frame,Percaya,Percaya
"Sedangkan kasus MBG, IKN mangkrak, orang2 itu pada hidup tentram 🤡

What a dzalim country",kasus mbg ikn mangkrak orang pada hidup tentram what a dzalim country,Jijik,Netral
"Untung ngga kebawa angin 😱  !!!

BUAH LIL
Sarapan 
MBG https://t.co/rs223Y3KFp",untung ngga bawa angin buah lil sarap mbg,Jijik,Jijik
"thats wrap for today's lolfanfest! TERIMA KASIHHHHH jimmysea udah always show the best performance everrrr KEREN SEKALIIIII and thank u mbg tadi 🤣✌🏻 masih ada besok sooo take a nice rest yahhh SEE YOU NEXT OMAKASE ANJAIIIIII

 JSCEAN LOVE FULLSPEED

#LOLFanFest2026D2",thats wrap for todays lolfanfest terima kasihhhhh jimmysea udah always show the best performance everrrr keren sekaliiiii and thank u mbg tadi ada besok sooo take a nice rest yahhh see you next omakase anjaiiiiii jscean love fullspeed,Jijik,Percaya
Ada yang ngikutin Dorohedoro ngga? Sumpah Minbege demen banget sama karakter ini. 🖤 #JedaSesaat https://t.co/UmaWOco6qe,yang ngikutin dorohedoro ngga sumpah minbege demen banget sama karakter,Jijik,Jijik
"in this economy, aku punya usaha di tanah abang,
 jualan batik dan tenun, 
sudah dari awal tahun sampai sekarang 
sepinya bukan main, 

pengen nangiiiiiiiis 😭, 
plis lah masih gak peduli dengan dolar 
naik 17 rebu lebih kalian bilang gak berdampak? 
mbg tidak berdampak? a
mat sangat berdampak bagi kami umkm ini. 😭

cc:threadkarrimatulizzah",in this economy aku punya usaha tanah abang jual batik tenun dari awal tahun sekarang sepi bukan main ken nangiiiiiiiis plis lah gak peduli dolar naik rebu lebih kalian bilang gak dampak mbg dampak a mat sangat dampak kami umkm ccthreadkarrimatulizzah,Jijik,Jijik
"Negara bisa bayar 
- Karyawan MBG
- Karyawan KDMP
- Napi MBG 

tapi ga bisa bayar gaji guru, 1,6juta guru bakal jadi pengangguran di 2027.. 
Menciptakan lapangan kerja baru tpi mematikan lapangan kerjaan yg sudah ada.
Negara ini sungguh cerdas..👍 https://t.co/QkYqPX0KbP",negara bayar karyawan mbg karyawan kdmp napi mbg ga bayar gaji guru juta guru bakal jadi anggur cipta lapang kerja baru tpi mati lapang kerja yg ada negara sungguh cerdas,Netral,Jijik
"APBN Per hari 1 Triliun hanya untuk MBG (Makanan Beracun Gratis).
MBG (Maling Berkedok Gizi)🤌 https://t.co/xGuT2Ghlik",apbn per hari triliun untuk mbg makan racun gratis mbg maling kedok gizi,Tertarik,Tertarik
"EvoX | Apex Team – JP

共に進化し、頂点へ。

Member Recruitment Open
Contact → @pon_beer_mbg 
・20歳以上
・初心者〜マスター
・活動活発な方
現在、💎帯の方を多く募集してます

 #APEX募集  #APEXクラン #APEXフレンド募集  #APEX募集ps5  #APEX募集ps4 https://t.co/pdmY1qNuEI",evox apex team jp member recruitment open contact,Percaya,Percaya
"She's literally MBG 😍🥰
https://t.co/CMwYcUQAOa https://t.co/Owg71TSWW6",shes literally mbg,Percaya,Percaya
GAKUAT BGT KLO DAH DRESS MODEL INI😭 CAKEPNYA BERKALI LIPAT SETARA DANA 5THN MBG ITU,gakuat bgt klo dah dress model cakep kali lipat tara dana thn mbg,Jijik,Jijik
Keracunan MBG kah Adel?😭,racun mbg adel,Jijik,Percaya
"""dianggap beli kemahalan, dan beli yang nggak perlu"". apa kabar yg beli kaos kaki mbg ber milyar milyar itu 😇",anggap beli mahal beli nggak perlu apa kabar yg beli kaos kaki mbg ber milyar milyar,Jijik,Jijik
INIKAH MY MBG😖🩷🫶🏻😖🩷🫶🏻😖🩷🫶🏻 https://t.co/t4YrgnuOuZ,ini my mbg,Percaya,Percaya
"mau pamer sera di sini cakep bgt mbg (my bini gw), dijajanin commis sama seseorang hehe makasih ya kak 💛 https://t.co/tbRiF8Qsbm",mau pamer sera sini cakep bgt mbg my bini gw dijajanin commis sama orang hehe makasih kak,Tertarik,Tertarik
"Shiiiiittt jelas2 ini MBG real bgt tercantum di pasal 2 dan 3, 1 triliun sehariiiij

“Merugikan keuangan negata atau perekonomian negara”

Tp pasti ngelesnya, itu buktinya gdp kita grow 😩😩😩

*sumber foto dari whatsaupidonesia https://t.co/SEtP5gFOcf",shiiiiittt jelas mbg real bgt cantum pasal triliun sehariiiij rugi uang negata ekonomi negara tp ngelesnya bukti gdp grow sumber foto whatsaupidonesia,Percaya,Jijik
"@LambeSahamjja Covid 2019 -&gt; Vaksin 2020 -&gt; Bill Gates datang 2025 -&gt; MBG 2026 -&gt; KDMP -&gt; Supply chain makanan pokok dikuasai elite -&gt; Populasi mudah dikontrol. 

Semuanya semakin masuk akal.🙃",covid gt vaksin gt bill gates datang gt mbg gt kdmp gt supply chain makan pokok asai elite gt populasi mudah kontrol semua makin masuk akal,Jijik,Jijik
"Kok kita tuh santai banget sih

1. Negara dengan mata uang terendah ke 5 di dunia
2. Bekasi jadi kota paling beracun ke 2 di dunia
3. Rupiah di angka Rp. 17.377
4. Total 33.626 pelajar keracunan MBG

and the list still go on, we're not angry enough 🙂",kok tuh santai banget sih negara mata uang rendah dunia bekas jadi kota paling racun di dunia rupiah di angka rp total ajar racun mbg and the list still go on were not angry enough,Jijik,Jijik
"Wakil Ketua Majelis Permusyawaratan Rakyat (MPR) Eddy Soeparno mengapresiasi langkah Presiden Prabowo Subianto untuk mengevaluasi program Makan Bergizi Gratis (MBG).

Baca selengkapnya 👇
https://t.co/kXHtHM35xO

~LL #MPR #MBG https://t.co/Q3ueiGYcc5",wakil ketua majelis musyawarat rakyat mpr eddy soeparno apresiasi langkah presiden prabowo subianto evaluasi program makan gizi gratis mbg baca lengkap ll,Netral,Netral
"Curhatan se0rang Anak Yang mewakili sebagian besar Anak yang berangkat ke sekolah dgn Sarapan seadanya atau bahkan tidak sarapan, belajar dlm keadaan Lapar. 

Program MBG memang sangat langsung di rasakan manfaat nya oleh Anak anak sekolah 👍🇮🇩

Tapi yang ingin membubarkan MBG kebanyakan para Tua Bangke 😂😂",curhatan serang anak wakil bagi besar anak berangkat sekolah dgn sarap ada bahkan sarap ajar dlm ada lapar program mbg memang sangat langsung rasa manfaat nya anak anak sekolah yang bubar mbg banyak tua bangke,Jijik,Jijik
Sadly sebagai ace iya 😔,sadly ace iya,Percaya,Percaya
"emak gw sefrekuensi sm supir grab anying, malah bahas mbg 😭😭",emak gw frekuensi sm supir grab anying malah bahas mbg,Jijik,Jijik
"Komitmen Presiden Prabowo Subianto jelas: program MBG harus merata di seluruh Indonesia. Anak sekolah, santri, hingga daerah terpencil harus mendapat akses gizi yang sama. Pemerataan bukan slogan, tapi kerja nyata. ✊ https://t.co/XeiQHGuImR",komitmen presiden prabowo subianto jelas program mbg rata seluruh indonesia anak sekolah santri hingga daerah pencil dapat akses gizi sama perata bukan slogan kerja nyata,Tertarik,Tertarik
"Maloe banget temen aing nanya ""sebutin 5 hal yang harus gua stop"" (maksudnya stop lakuin) in a trend tiktok way, terus gua jawab MBG 😭😭😭😭",maloe banget temen aing nanya sebutin yang gua stop maksud stop lakuin in a trend tiktok way terus gua jawab mbg,Jijik,Jijik
Ngucapin sih ngucapin tapi ga sampe mbg prabowo di sebut ga sih🤣kelakuan yang sangat syududu https://t.co/rfXGonZuOY,ngucapin sih ngucapin ga sampe mbg prabowo sebut ga sihkelakuan sangat syududu,Jijik,Tertarik
Jangan lupa nonton drakor MBG guys!!! Hari ini 😆😆😆,jangan lupa nonton drakor mbg guys hari,Percaya,Percaya
"MBG

Mangat, boys &amp; guuurrrllssss! 🫶🏼",mbg mangat boys amp guuurrrllssss,Percaya,Percaya
"Apapun acaranya, MBG solusinya☕️👌 https://t.co/7VCPwP1AoM",apa acara mbg solusi,Jijik,Percaya
"BAGUS ! 👍🏾👍🏾KALAU  DI IYAKAN AKAN BANYAAAK  MAHASISWA &amp; MAHASISWI  MATI  MATI KERACUNAN 🤪 JUGA PARA DOSEN BISA MATI 🤪JUGA . DAPUR MBG CARA MEMBUNUH YG TIDAK BISA DI HUKUM ? 🎓BAHAYA .Dapur MBG di IPB, Merindukan Pemikiran Sajogyo dan Hariadi Kartodiharjo https://t.co/hmhtCcMsZ2",bagus kalau iya banyaaak mahasiswa amp mahasiswi mati mati racun para dosen mati dapur mbg cara bunuh yg bisa hukum bahaya dapur mbg ipb rindu pikir sajogyo hariadi kartodiharjo,Jijik,Jijik
"Ini salah satu anak yang tiap hari makan mbg mentalnya begitu kuat 🤣

🎥:clavariapedia https://t.co/s1CWevCFhf",salah satu anak tiap hari makan mbg mental kuat clavariapedia,Jijik,Jijik
"makanya ada mbg, oh ternyata prabowo ngikutin jejak iblis wkowkowkowkow😂",makanya mbg nyata prabowo ngikutin jejak iblis wkowkowkowkow,Tertarik,Jijik
"Karena memang lebih menguntungkan jadi Pegawai SPPG 😁

Yang diharapkan orang-orang kan begini,

""Guru gak perlu ada, yg penting dapat ompreng MBG""",memang lebih untung jadi pegawai sppg harap orangorang kan begini guru gak perlu yg penting ompreng mbg,Tertarik,Jijik
sumpah di bandung tuh bukan ruko mbg yg banyak tp lapangan padel jirr ada dimana mana😭,sumpah bandung tuh bukan ruko mbg yg banyak tp lapang padel jirr mana mana,Jijik,Jijik
"VAI FICAR PARECENDO UM MILK SHAKE

💪 Whey Protein Crush 100% Concentrado Under Labz Coenzima Q10
💵 Por: R$ 104 no PIX ou
💵 R$ 109,90 em até 4x SEM JUROS

https://t.co/m791qHucbK https://t.co/tXtgKeI5nn",vai ficar parecendo um milk shake whey protein crush concentrado under labz coenzima q por r no pix ou r em at x sem juros,Netral,Jijik
"Bingung kalo udah milih makan apa 😭
Keknya anak umur 25 juga butuh MBG, kek biar surprise tiap hari beda menu",bingung kalo udah milih makan apa kek anak umur butuh mbg kek biar surprise tiap hari beda menu,Jijik,Jijik
Woi hiu mbg🤣🤣🤣🤣🤣🤣,woi hiu mbg,Percaya,Percaya
Happy Mother’s Day to all the real mothers out here not just cause you pushed a baby out im not talking to all yall just the REAL MOTHERS! Enjoy your day ❤️,happy mothers day to all the real mothers out here not just cause you pushed a baby out im not talking to all yall just the real mothers enjoy your day,Percaya,Percaya
Or massaging her🔥🔥🔥🔥,or massaging her,Percaya,Percaya
"Jujur dititik muakk dg mbg kalau banyak sisa, masalahnya banyaj murid yg mulai bodan dan gak doyann🙃🫵",jujur titik muakk dg mbg kalau banyak sisa masalah banyaj murid yg mulai bodan gak doyann,Tertarik,Tertarik
agit sekarang seharusnya udah libur sampai pelepasan.. masa sekolah gue diwajibin masuk sekolah cuma buat ambil MBG??? pulangnya jam normal llagi 💀,agit sekarang udah libur lepas masa sekolah gue diwajibin masuk sekolah cuma buat ambil mbg pulang jam normal llagi,Percaya,Jijik
"Maacii juga buat mbg (my boyfriend gua), thanks ya bby sudah membujuk (katanya mau ditraktir sushi 🙉) dan menyemangati aku untuk belajar. 

Thank you for always says to me whatever the results is, you'll always love me https://t.co/U3Mo6ptF55",maacii buat mbg my boyfriend gua thanks bby bujuk kata mau traktir sushi semangat aku ajar thank you for always says to me whatever the results is youll always love me,Percaya,Tertarik
Heeeereee weeee goooooooo❤️🔥 https://t.co/345ddWTWvx,heeeereee weeee goooooooo,Percaya,Percaya
"besok gakmau makan mbg, soalnya udah kenyang sama boynextdoor yang memasak dengan sedap 🤤🍎🫵🏻

KNOCK KNOCK BOYNEXTDOOR
#BOYNEXTDOOR_HOME
BND COMEBACK HOME 
#BOYNEXTDOOR #보이넥스트도어",besok gakmau makan mbg soal udah kenyang sama boynextdoor masak sedap knock knock boynextdoor bnd comeback home,Jijik,Jijik
MBG ( MY BINI GW ) 😝🫰🏻🥹🫰🏻 https://t.co/Edbmb3kGzA,mbg my bini gw,Percaya,Percaya
"rumah ini dulunya kuburan 😪
rumah ini dulunya dapur mbg 😰",rumah dulunya kubur rumah dulunya dapur mbg,Jijik,Jijik
"Uang kas pemerintah di BI tinggal 120 T??
MBG kek setan jalan terus
Ga ngerti lagi dah 😆",uang kas perintah bi tinggal t mbg kek setan jalan terus ga ngerti dah,Tertarik,Jijik
"Ekonomi hancur, presiden lu prabowo, wapres lu gibran, orang-orang di pemerintahan pada korupsi dan nepotisme, mbg tetap jalan.

Udah ga tau mau ngomong apa lagi, wassalamualaikum wr. wb. 🙏",ekonomi hancur presiden lu prabowo wapres lu gibran orangorang perintah korupsi nepotisme mbg tetap jalan udah ga tau mau ngomong apa wassalamualaikum wr wb,Jijik,Jijik
"Legi kecintaan banget sama mbg, my bini gue nahnul 🥰 #wip https://t.co/RsYMDbQnUJ",legi cinta banget sama mbg my bini gue nahnul,Percaya,Percaya
MBG yg GUE T3rim4 CMN yunah ♡.,mbg yg gue trim cmn yunah,Jijik,Jijik
RAHMAT 📢📢📢,rahmat,Percaya,Percaya
tolong MBG di liburkan dulu biar mas adam yang memasak😹 https://t.co/iMzBmclOG5,mbg libur dulu biar mas adam masak,Jijik,Percaya
Kalo di XD ya bisa ditebak lah Naeun featuring lelaki MBG itu lagi 🤣🤣🤣,kalo xd bisa tebak lah naeun featuring lelaki mbg lagi,Percaya,Jijik
SIAPA YG BUAT WOYY? 😭 BUBAR KAN MBG?!!! 😭😭,siapa yg buat woyy bubar kan mbg,Percaya,Percaya
"MBG kantorku dulu, mostly nasi padang di Jakarta udah dicobain, untuk rendang paling enak pagi sore, untuk ayam pop paling enak di garuda✨😬 https://t.co/6zeEI0NXQX",mbg kantor dulu mostly nasi padang jakarta udah dicobain rendang paling enak pagi sore ayam pop paling enak garuda,Percaya,Jijik
"UI kalah saing :
""SALAH MBG....!""

Kampus lain kalah saing :
""Salah sendiri punya faktor penunjang yang busuk....!""

🫢🏃‍♂️🏃‍♂️",ui kalah saing salah mbg kampus kalah saing salah sendiri punya faktor tunjang busuk,Sedih,Jijik
🙂‍↔️🫶🏻 sampai jumpa di summer ya ! skrng waktunya merasakan mbg yang disediakan ny ibuk✨ &lt;33333🍜🍜🍜 https://t.co/8RgRcFUcOU,jumpa summer skrng waktu rasa mbg sedia ny ibuk lt,Percaya,Percaya
kata gua mah mending mbg nya diganti sm buku dan seragam sekolah dripada anak org keracunan 😔,kata gua mah mending mbg nya ganti sm buku seragam sekolah dripada anak org racun,Jijik,Jijik
"Gua tau dari dosen gua sekaligus dekan, kalo UI kehilangan 500M dari mendikiti gara-gara MBG, jadi untuk menutupi dana tersebut apa-apa dinaikin, dan apa-ala disewakan. Bukan salah UI sepenuhnya, salah MBG!!‼️‼️",gua tau dosen gua sekaligus dekan kalo ui hilang m kit garagara mbg jadi tutup dana sebut apaapa dinaikin apaala sewa bukan salah ui sepenuh salah mbg,Jijik,Jijik
"Keracunan MBG lagi 
Jakarta Timur 

Ratusan siswa SDN Cakung Timur 01, SDN Ujung Menteng 02, dan SDN Ujung Menteng 03, dilaporkan tumbang scr bersamaan.

Smp hrs dilarikan ke bbrp tempat.
Puskesmas Cakung Timur dan sejumlah rumah sakit besar dipenuhi pasien anak-anak yang datang bergelombang. Di RS Citra Harapan Bekasi, situasinya bahkan sempat sangat padat hingga beberapa siswa terpaksa berbagi satu tempat tidur berdua akibat terbatasnya kapasitas ruang perawatan. Selain itu, korban juga dilarikan ke RS Sukapura, RS Firdaus, RS Pondok Kopi, RS Pekerja, RS Resti, hingga RS Ananda Bekasi.

Masih dianggap sepelekah? 😤",racun mbg jakarta timur ratus siswa sdn cakung timur sdn ujung menteng sdn ujung menteng lapor tumbang scr sama smp hrs lari bbrp tempat puskesmas cakung timur jumlah rumah sakit besar penuh pasien anakanak datang gelombang rs citra harap bekas situasi bahkan sempat sangat padat hingga beberapa siswa paksa bagi satu tempat tidur dua akibat batas kapasitas ruang awat itu korban lari rs sukapura rs firdaus rs pondok kopi rs kerja rs resti hingga rs ananda bekas anggap sepele,Jijik,Jijik
Dapet surat cinta langsung dari Marfen anak kelas V MI Sidoarjo. Si adek berterima kasih bgt karena dapet makanan bergizi gratis tiap hari di sekolah. Emang asupan nutrisi itu hak anak Indonesia biar makin pinter ya 🇮🇩✉️ https://t.co/PiogncZa7s,dapet surat cinta langsung marfen anak kelas v mi sidoarjo si adek terima kasih bgt dapet makan gizi gratis tiap hari sekolah emang asupan nutrisi hak anak indonesia biar makin pinter,Jijik,Jijik
@naikkaki makanan bergizi gratis🤤,makan gizi gratis,Percaya,Percaya
"Gizi Gratis, Anak Bangsa Pintar! 🥚🍗 Program makanan bergizi gratis dukung pertumbuhan optimal anak Indonesia. Sajian lezat kaya protein bentuk Generasi Emas yang cerdas, sehat, dan penuh potensi. Bersama kita bangun masa depan lebih baik.
 
#GiziGratis #GenerasiEmas https://t.co/LH5znhXR0Q",gizi gratis anak bangsa pintar program makan gizi gratis dukung tumbuh optimal anak indonesia saji lezat kaya protein bentuk generasi emas cerdas sehat penuh potensi sama bangun masa depan lebih baik,Tertarik,Jijik
"Sebenarnya protein apa yang disajikan dalam menu MBG...?

Peternak ayam petelur mengeluhkan kurangnya serapan telur untuk program Makan Bergizi Gratis (MBG) yang dianggap sebagai salah satu pemicu anjloknya harga...

Situasinya makin parah, karena harga pakan naik dua kali lipat akibat nilai tukar rupiah yang melemah... 🤔",benar protein apa saji menu mbg ternak ayam telur keluh kurang serap telur program makan gizi gratis mbg anggap salah satu picu anjlok harga situasi makin parah harga pakan naik kali lipat akibat nilai tukar rupiah lemah,Jijik,Jijik
"video ini bukti bahwa Indonesia di pimpin seorang badut 💩

Media raksasa dunia The Economist baru aja ngeluarin warning keras buat Indonesia! 🚨 Mereka menyoroti rentetan kebijakan populis 1,5 tahun terakhir yang dinilai ""terlalu boros"" mulai dari Makan Bergizi Gratis (MBG), Koperasi Desa, sampai proyek triliunan lainnya. Dampaknya? Laporan tersebut menyoroti defisit yang nyaris menyentuh 3% dan Rupiah yang menembus Rp17.550/USD. Di sisi lain, pemerintah dengan tegas membantah dan memastikan bahwa semua ini adalah investasi jangka panjang untuk anak bangsa dan pemerataan ekonomi, bukan pemborosan.",video bukti indonesia pimpin orang badut media raksasa dunia the economist baru aja ngeluarin warning keras buat indonesia sorot rentet bijak populis tahun akhir nilai terlalu boros mulai makan gizi gratis mbg koperasi desa proyek triliun lain dampak lapor sebut sorot defisit nyaris sentuh rupiah tembus rpusd sisi perintah tegas ban pasti semua adalah investasi jangka panjang anak bangsa perata ekonomi bukan boros,Jijik,Jijik
"Hah, MBG masuk kampus⁉️😱

Program Makan Bergizi Gratis atau MBG mulai mendorong perguruan tinggi untuk terlibat sebagai Satuan Pelayanan Pemenuhan Gizi (SPPG). Hal ini memicu banyak penolakan karena dianggap menggeser fokus utama kampus sebagai ruang akademik.

MBG sendiri masih menyimpan banyak masalah. Mulai dari kasus keracunan makanan di sejumlah daerah, kualitas gizi yang dipertanyakan, potensi korupsi dalam pengelolaan anggaran, limbah makanan akibat distribusi yang tidak tepat, pelibatan militer dalam struktur jabatan SPPG, sampai isu bagi-bagi jabatan di struktur pengelolaan program. Program sebesar ini berjalan dengan pengawasan yang masih jauh dari matang.

Di sisi lain, perguruan tinggi juga masih menyimpan banyak persoalan. Uang kuliah tunggal (UKT) terus naik, fasilitas pendidikan belum merata, kekerasan seksual di lingkungan kampus masih sering terjadi, hingga kesejahteraan dosen dan pekerja kampus yang kerap diabaikan.

Persoalan mendasar dari program MBG maupun perguruan tinggi saja belum selesai, tapi pemerintah justru mendorong kampus untuk ikut terlibat dalam urusan operasional negara.

Muncul pula kekhawatiran bahwa kampus akan kehilangan posisi kritisnya ketika mulai terlibat langsung sebagai pelaksana program pemerintah. Jangan sampai ruang akademik berubah menjadi sekadar perpanjangan tangan kekuasaan! 

#MakanBergiziGratis
#PerguruanTinggi
#MBGMasukKampus",hah mbg masuk kampus program makan gizi gratis mbg mulai dorong guru tinggi libat satu layan penuh gizi sppg picu banyak tolak anggap geser fokus utama kampus ruang akademik mbg sendiri simpan banyak masalah mulai kasus racun makan jumlah daerah kualitas gizi tanya potensi korupsi kelola anggar limbah makan akibat distribusi tidak tepat libat militer struktur jabat sppg isu bagibagi jabat struktur kelola program program besar ini jalan awas jauh matang sisi guru tinggi masih simpan banyak soal uang kuliah tunggal ukt terus naik fasilitas didik rata keras seksual lingkung kampus masih sering jadi hingga sejahtera dosen kerja kampus kerap abai soal dasar program mbg maupun guru tinggi belum selesai perintah justru dorong kampus ikut libat urus operasional negara muncul khawatir kampus hilang posisi kritis mulai libat langsung laksana program perintah jangan ruang akademik ubah jadi sekadar panjang tangan kuasa,Jijik,Jijik
"Pagi ini Rupiah resmi tembus Rp17.700 per Dolar AS. 
​Positif thinking aja, mungkin Rupiah lagi otw mau nyamain jumlah kalori porsi Makan Bergizi Gratis biar gampang ngitungnya. Konsisten banget merosotnya, kayak akhlak netizen pas ngomentari pidato prabowo.😜
https://t.co/WCTUFwasHx

.",pagi rupiah resmi tembus rp per dolar as positif thinking aja mungkin rupiah otw mau nyamain jumlah kalori porsi makan gizi gratis biar gampang ngitungnya konsisten banget merosot kayak akhlak netizen pas ngomentari pidato prabowo,Jijik,Jijik
"Perputaran uang ratusan miliar tiap hari! Pemkab Sumedang gerak cepat optimalkan program Makan Bergizi Gratis (MBG). Gak cuma bikin anak-anak sehat dan fokus, tapi juga dongkrak ekonomi lokal secara masif. Keren pisan! 🌾🔥 https://t.co/97FVxawJ98",putar uang ratus miliar tiap hari pemkab sumedang gerak cepat optimal program makan gizi gratis mbg gak cuma bikin anakanak sehat fokus juga dongkrak ekonomi lokal masif keren pis,Netral,Jijik
"Tawa anak-anak pagi ini jadi bukti nyata ✨
Program Makan Bergizi Gratis bukan sekadar soal makanan, tapi tentang semangat belajar yang tumbuh sejak pagi. Anak-anak menyambut MBG dengan wajah ceria dan penuh antusias. 🇮🇩 https://t.co/4sBkBlPaiS",tawa anakanak pagi jadi bukti nyata program makan gizi gratis bukan sekadar soal makan tentang semangat ajar tumbuh sejak pagi anakanak sambut mbg wajah ceria penuh antusias,Tertarik,Tertarik
"Harapannya, Program Makan Bergizi Gratis bisa tetap berjalan maksimal, aman, dan benar-benar bermanfaat buat pelajar Indonesia

Baca selangkapnya disini 👇🏻",harap program makan gizi gratis tetap jalan maksimal aman benarbenar manfaat buat ajar indonesia baca langkap sini,Tertarik,Jijik
Baru kali ini liat fans protes krn ada yg share menu makanan sekolah🤣🤣🤣,baru kali liat fans protes krn yg share menu makan sekolah,Jijik,Jijik
"🚨 Mobil operasional program MBG viral terparkir di kawasan hiburan malam Deltamas, Cikarang, saat malam Minggu. Warganet mempertanyakan kenapa kendaraan dinas pengantar makanan sekolah berada di lokasi tersebut. Publik kini menunggu klarifikasi.
#MBGViral #Cikarang #ViralHariIni https://t.co/0varOedPIw",mobil operasional program mbg viral parkir kawasan hibur malam deltamas cikarang malam minggu warganet tanya kendara dinas antar makan sekolah ada lokasi sebut publik kini tunggu klarifikasi,Tertarik,Jijik
"di korea itu ada yg namanya ”Peraturan Pelaksanaan Udang-Undang Makan Siang Sekolah” sehingga secara hukum bahan makanan dan kandungan gizi dari makanan sekolah WAJIB HUKUMNYA dipublikasikan krn klo ga dipublikasikan itu artinya dianggap MELANGGAR HUKUM 

MBG MANA BISAAA 😭",korea ada yg nama atur laksana udangundang makan siang sekolah cara hukum bahan makan kandung gizi makan sekolah wajib hukum publikasi krn klo ga publikasi arti anggap langgar hukum mbg mana bisaaa,Jijik,Jijik
@JunonYaoi dikira makanan sekolah korea pada umumnya kali ya😭,kira makan sekolah korea umum kali,Jijik,Percaya
"Menarik Pak. Kalau tidak salah, Food portion estimation via AI sudah dipakai di beberapa negara untuk monitoring gizi sekolah. Cukup foto makanan sebelum dan sesudah makan, AI hitung kalori yang masuk, protein, karbohidrat. 

Verifikasi berbasis data visual yang objektif didukung governance yg mantul. Beeuhh....🙏",tarik pak kalau salah food portion estimation via ai pakai beberapa negara monitoring gizi sekolah cukup foto makan dan makan ai hitung kalori masuk protein karbohidrat verifikasi bas data visual objektif dukung governance yg mantul beeuhh,Jijik,Jijik
"MBG di Persimpangan Jalan 🤔

Program makan gizi gratis MBG mulai oleng menghadapi tantangan ganda. Di satu sisi gejolak ekonomi global serta mengancam stabilitas global. 

Sugiono Menlu | terburuk dan terpekok | sepanjang sejarah |

https://t.co/HdDfkjI8dn https://t.co/yAu81Ljhzn",mbg simpang jalan program makan gizi gratis mbg mulai oleng hadap tantang ganda satu sisi gejolak ekonomi global ancam stabilitas global sugiono menlu buruk kok panjang sejarah,Netral,Jijik
"https://t.co/gNlGjGtbd8 di Rumania, anda bisa naik bus gratis jika bisa melakukan 20x squats, 
upaya sederhana nan heibat pemerintah Rumania untuk menyehatkan masyarakatnya 😀
bukan dengan omon2 kosong yang mahal soal segala gizi gratis 
""karena negara akan kuat dengan masyarakat yg sehat""",rumania bisa naik bus gratis bisa laku x squats upaya sederhana nan heibat perintah rumania sehat masyarakat bukan omon kosong mahal soal segala gizi gratis negara kuat masyarakat yg sehat,Jijik,Jijik
"@Diary7268742469 iyaakan kak😅😅😅, kyanya makanan ber GIZI gratis, tpi beberapa malah gizinya gatau dri mana",iyaakan kak kyanya makan ber gizi gratis tpi beberapa malah gizi gatau dri mana,Tertarik,Tertarik
"Tapi utang negara keluar negeri dan subsidi bbm itu semua pake dollar pak. 

Kok lama-lama jadi berasa kupingnya bermasalah ya? Dari #MBG waktu mayday buruh teriak ga bermanfaat, bapak malah ngebahas manfaat MBG dan pentingnya MBG.

Dari 3 calon kemarin gw ga ngerasa ada yang bagus, tapi ternyata gw pilih yang terburuk. 🗿",utang negara keluar negeri subsidi bbm semua pake dollar pak kok lamalama jadi asa kuping masalah waktu mayday buruh teriak ga manfaat bapak malah ngebahas manfaat mbg penting mbg dari calon kemarin gw ga ngerasa bagus nyata gw pilih yang buruk,Jijik,Jijik
"Prabowo tegaskan program MBG akan terus dievaluasi dan diperbaiki demi kepentingan rakyat. Program bagus harus dijaga bersama, diawasi bersama, dan ditertibkan supaya manfaatnya benar-benar sampai ke masyarakat yang membutuhkan 🇮🇩💪

#Prabowo #MBG #IndonesiaMaju #ProgramRakyat https://t.co/PEUENfPfDu",prabowo tegas program mbg terus evaluasi baik penting rakyat program bagus jaga sama awas sama tertib manfaat benarbenar ke masyarakat butuh,Jijik,Jijik
"Pahlawan gizi kita kini lebih terlindungi. Berkat kolaborasi BGN &amp; BPJS Ketenagakerjaan, pekerja SPPG dapat jaminan kecelakaan, kesehatan, hingga beasiswa anak. Kerja keras mereka berharga, &amp; kesejahteraan mereka adalah prioritas. Terima kasih! 🙏 #MBG #BPJS https://t.co/Iov3uUP2L1",pahlawan gizi kini lebih lindung berkat kolaborasi bgn amp bpjs ketenagakerjaan kerja sppg jamin celaka sehat hingga beasiswa anak kerja keras harga amp sejahtera adalah prioritas terima kasih,Jijik,Jijik
"@ekowboy2 Pernyataan @prabowo yg gini"" yg paling dibenci kaum pendukung koruptor dan mafia ,tandai ajah komen"" nya pasti akan mentolol-tololkan presiden dan nyambung""in ke #mbg program yg mencemaskan di 2029 nanti 😅",nyata yg gin yg paling benci kaum dukung koruptor mafia tanda ajah komen nya akan mentololtololkan presiden nyambungin program yg cemas nanti,Tertarik,Tertarik
"MBG hadir sebagai energi baru untuk generasi Indonesia 🇮🇩🥛

Satu porsi hari ini adalah investasi besar untuk masa depan negeri. Anak sehat, belajar semangat, Indonesia kuat ✨

Gizi hebat, generasi kuat, Indonesia maju!

#MBG #MBGUntukIndonesia #GenerasiEmas2045 #AnakSehat https://t.co/TO7EY4MwAj",mbg hadir energi baru generasi indonesia satu porsi hari adalah investasi besar masa depan negeri anak sehat ajar semangat indonesia kuat gizi hebat generasi kuat indonesia maju,Jijik,Jijik
Sinergi yang luar biasa di Sumenep! Distribusi program Makan Bergizi Gratis (MBG) sampai dikawal ketat oleh rekan-rekan TNI/Babinsa. Senang melihat semua pihak bahu-membahu memastikan jatah gizi sampai ke tangan yang tepat dengan aman. 🫡 https://t.co/ce5hyeuPnc,sinergi luar biasa sumenep distribusi program makan gizi gratis mbg kawal ketat rekanrekan tnibabinsa senang lihat semua pihak bahumembahu pasti jatah gizi ke tangan tepat aman,Jijik,Jijik
"Dulu mikir diet mahal, sekarang negara bilang: makan gratis tapi harus bergizi. Plot twist yang bikin perut bahagia 😭”
“MBG: Makan Bergizi Gratis
Aku: akhirnya bisa makan sehat tanpa harus lihat saldo dulu 🙏” https://t.co/zoYzx87eQX",dulu mikir diet mahal sekarang negara bilang makan gratis harus gizi plot twist bikin perut bahagia mbg makan gizi gratis aku akhir makan sehat harus lihat saldo dulu,Jijik,Jijik
"Program Makan Bergizi Gratis (MBG) tetap aman berjalan. Penyesuaian anggaran dilakukan demi efisiensi tata kelola yang rapi dan mencegah kebocoran dana negara! 🍱🇮🇩

#jagaindonesia #jagamayday2026 #mayday2026damai #prabowobersamaburuh #dialogbukankonfrontasi https://t.co/lVHDDsVoIX",program makan gizi gratis mbg tetap aman jalan sesuai anggar laku efisiensi tata kelola rapi cegah bocor dana negara,Tertarik,Jijik
"yakin menang, bismillah, Allah akan membantu kita🤲🏻🤲🏻🤲🏻🤲🏻🤲🏻🤲🏻🤲🏻🤲🏻🤲🏻🤲🏻🤲🏻🤲🏻🤲🏻🤲🏻🤲🏻🤲🏻🤲🏻🤲🏻🤲🏻🤲🏻🤲🏻🤲🏻🤲🏻🤲🏻🤲🏻🤲🏻🤲🏻🤲🏻🤲🏻🤲🏻🤲🏻🤲🏻🤲🏻🤲🏻🤲🏻🤲🏻",yakin menang bismillah allah bantu,Percaya,Percaya
"@rosyluluzi Naur MBG (makan bergizi gratis) more than crucial 🙂
Pendidikan dan kesehatan bukan prioritas utama di Indonesia. Karena Indonesia lebih butuh makan daripada pintar dan sehat 😋 https://t.co/aE8pbL9Lx2",naur mbg makan gizi gratis more than crucial didik sehat bukan prioritas utama indonesia indonesia lebih butuh makan pintar sehat,Tertarik,Tertarik
"MBG = Mas Bahlil Ganteng ~~~
Buah apa yang paling ganteng? BUAHlil ~~
Tambah ganteng aja...  ~~~
✨ MY LITTLE BOLU KETAN ✨ 💃🏻💃🏻💃🏻💃🏻💃🏻💃🏻💃🏻💃🏻💃🏻💃🏻💃🏻💃🏻💃🏻💃🏻💃🏻💃🏻",mbg mas bahlil ganteng buah apa paling ganteng buahlil tambah ganteng aja my little bolu ketan,Jijik,Jijik
kakak celana pendek 🧎‍♂️🧎‍♂️🧎‍♂️🧎‍♂️🧎‍♂️🧎‍♂️,kakak celana pendek,Percaya,Percaya
@Burgeohn Ciyus mie ayam 😭✌🏻😭✌🏻😭✌🏻😭❤️‍🔥😭😭😭❤️‍🔥❤️‍🔥❤️‍🔥❤️‍🔥❤️‍🔥huhuhu demi aku ya jadi selama ini aku seneng banget 😭❤️‍🔥😭✌🏻❤️‍🔥✌🏻✌🏻✌🏻✌🏻,ciyus mie ayam huhuhu aku jadi lama aku neng banget,Percaya,Percaya
"Wakil Ketua Komisi X DPR RI, Lalu Hadrian Irfani meminta pemerintah menjelaskan alasan pelibatan kampus dalam pengelolaan dapur program Makan Bergizi Gratis (MBG) yang menuai penolakan dari sejumlah pihak, Senin (11/5). 📸Ard https://t.co/MhzU8Zfvon",wakil ketua komisi x dpr ri lalu hadrian irfani minta perintah jelas alas libat kampus kelola dapur program makan gizi gratis mbg tuai tolak jumlah pihak senin ard,Jijik,Netral
"⭐️: Brigjen
⭐️ ⭐️: Mayjen
⭐️ ⭐️ ⭐️: Letjen
⭐️ ⭐️ ⭐️ ⭐️: Jenderal
⭐️ ⭐️ ⭐️ ⭐️ ⭐️: Persib",brigjen mayjen letjen jenderal persib,Marah,Jijik
"Apakah kamu tahu? MBG itu bukan Makan Bergizi Gratis. Ini buktinya 👇
#BasmiGengSoloDanOligarki 

""Ternyata 3 petinggi Badan Gizi Nasional tak adasatupun yang ahli gizi""
#BasmiGengSoloDanOligarki https://t.co/mlh78ckuep",kamu tahu mbg bukan makan gizi gratis bukti nyata petinggi badan gizi nasional tak adasatupun ahli gizi,Tertarik,Tertarik
"Yuk, dukung program makan bergizi gratis! Makan sehat buat kita lebih kuat dan ceria. 💪🍽️ Kabar baik dari pemerintah untuk kita semua! https://t.co/RCctEWs1IQ",yuk dukung program makan gizi gratis makan sehat buat lebih kuat ceria kabar baik perintah kita semua,Tertarik,Tertarik
"Ferry Latuhihin angkat suara soal program MBG (Makan Bergizi Gratis). Menurutnya, kalau diselidiki program MBG bisa menjadi kasus korupsi gila-gilaan.

Ferry pernah mengatakan ketua MBG bisa potensial menjadi tersangka. Program ini sendiri sudah menghabiskan puluhan triliun. 

Follow us :

@arrahmahdotid
@arrahmah_id

🔗Telegram : https://t.co/HTOpCeHTqE | https://t.co/quhoUlCVmZ
🔗Twitter: https://t.co/bPGZSp01GM
🔗 WhatsApp Channel: https://t.co/XOkkfEnO6x
🔗 Tiktok : https://t.co/cnH5tp6WRb
🔗 Youtube : https://t.co/eDZHvrAL9C

https://t.co/3eLjmvRXEX
https://t.co/PiuGY1coig

Raih amal shalih, sebarkan!",ferry latuhihin angkat suara soal program mbg makan gizi gratis turut kalau selidik program mbg jadi kasus korupsi gilagilaan ferry pernah kata ketua mbg potensial jadi sangka program sendiri habis puluh triliun follow us telegram twitter whatsapp channel tiktok youtube raih amal shalih sebar,Netral,Jijik
"🔴 1.700 Dapur MBG Disuspend!?

Badan Gizi Nasional (BGN) menghentikan sementara operasional 1.700 Satuan Pelayanan Pemenuhan Gizi (SPPG) dalam program Makan Bergizi Gratis (MBG).

Mengapa:
- Banyak dapur mengurangi porsi dan kualitas makanan untuk meraup keuntungan lebih besar.
- Contoh: 1 ekor ayam yang seharusnya dipotong 8–12 bagian, malah dipotong jadi 16–20 bagian.
- Ukuran lauk lain (seperti lele) juga dikecilkan → nilai gizi anak turun.

Kepala Bappisus Aris Marsudiyanto menyatakan ini bentuk keseriusan pemerintah menjaga standar MBG. Dapur yang disuspend harus diperbaiki dulu, kalau tidak bisa dicabut izin permanen.

Pesan Pemerintah:  
Program MBG bukan sekadar jumlah, tapi kualitas dan porsi harus sesuai standar. Pengawasan terus dilakukan.

Apa pendapat kalian?  
Apakah pengawasan sudah cukup ketat atau masih perlu diperkuat lagi?
#MBG #MakanBergiziGratis #SPPG",dapur mbg disuspend badan gizi nasional bgn henti operasional satu layan penuh gizi sppg program makan gizi gratis mbg banyak dapur kurang porsi kualitas makan raup untung lebih besar contoh ekor ayam harus potong bagi malah potong jadi bagi ukur lauk seperti lele kecil nilai gizi anak turun kepala bappisus aris marsudiyanto nyata bentuk serius perintah jaga standar mbg dapur disuspend baik dulu kalau bisa cabut izin permanen pesan perintah program mbg bukan sekadar jumlah kualitas porsi sesuai standar awas terus laku apa dapat kalian awas cukup ketat masih perlu kuat,Jijik,Jijik
"yang diajak ngedate ...

Asosiasi Pengusaha dan Pengelola Dapur Makan Bergizi Gratis (APEMBASI) : 😍🥰😘🥳🤩

guru honorer :  💀🐷🗿🎃🤬 https://t.co/Smf6vJccIt",ajak ngedate asosiasi usaha kelola dapur makan gizi gratis apembasi guru honorer,Tertarik,Jijik
"Syarat jadi pejabat sekarang:
Pandai membual!!
😒

Sabang smp Merauke aja blm tentu nyambung!

Kepala Badan Pengendalian Pembangunan dan Investigasi Khusus, Aries Marsudiyanto, bilang kalau program Makan Bergizi Gratis (MBG) sudah berjalan 100%, penerima akan berjumlah lebih dr 82 juta. Dg jumlah penerima itu, Aries bilang sudah ada 20 miliar sajian yg dihidangkan ke penerima. Bahkan, Aries pun nyebut, jika ompreng MBG dijejer, dalam waktu 2-3 tahun, panjangnya bisa hampir satu lingkar bumi.",syarat jadi jabat sekarang pandai bual sabang smp merauke aja blm nyambung kepala badan kendali bangun investigasi khusus aries marsudiyanto bilang kalau program makan gizi gratis mbg jalan terima jumlah lebih dr juta dg jumlah terima aries bilang ada miliar saji yg hidang terima bahkan aries nyebut ompreng mbg jejer waktu tahun panjang hampir satu lingkar bumi,Jijik,Jijik
MBG 😋🖐🏻‼️Mas 😳 Bahlil 🙈 Ganteng 🫰🏻 buah 🍓 apa 😏 yang 😻 paling ⭐ manis? 🥺 BUAH LIL 😳🌀🤍 tambah 👻 ganteng 💥 aja 🙀 my 🗣️ little 🤏🏻 bolu 💟 ketan 🥰😻😝🫸🏻,mbg mas bahlil ganteng buah apa paling manis buah lil tambah ganteng aja my little bolu ketan,Jijik,Jijik
"@kudanyeng1r_ Haha iya bener kok! Lauk MBG biasanya ada protein (ayam/tempe), sayur, + nasi biar bergizi seimbang sesuai program Makan Bergizi Gratis. 

Keliatan enak kan? 😭 Kalau mau diganti lauk lain atau ditambah, bilang aja ya! 🍗🥦",haha iya bener kok lauk mbg biasa protein ayamtempe sayur nasi biar gizi imbang sesuai program makan gizi gratis liat enak kan kalau mau ganti lauk atau tambah bilang aja,Tertarik,Jijik
"MAKAN SIANG GRATIS: KEBIJAKAN TANPA DASAR? 🚨
YLBHI resmi menggugat Anggaran Makan Bergizi Gratis (MBG) di UU APBN 2026 ke Mahkamah Konstitusi! ⚖️
M. Isnur (YLBHI) membongkar kebobrokan di baliknya:
❌ Tanpa Dasar Hukum: Kebijakan ""suka-suka"" yang muncul tiba-tiba tanpa https://t.co/g9KpPw84Pz",makan siang gratis bijak dasar ylbhi resmi gugat anggar makan gizi gratis mbg uu apbn mahkamah konstitusi m isnur ylbhi bongkar bobrok balik dasar hukum bijak sukasuka muncul tibatiba,Netral,Netral
"Beberapa  porsi Makan Bergizi Gratis (MBG) tampaknya tidak dikonsumsi, kembali  disalurkan oleh para siswa kepada mereka yang membutuhkan.

📹 : @/nopppsaja_ via Instagram

Aksi  ini jadi bukti kalau nilai berharga bukan cuma angka di rapor, tapi  juga dari besarnya rasa empati dan kepedulian terhadap sesama.",beberapa porsi makan gizi gratis mbg tampak konsumsi salur para siswa mereka butuh nopppsaja via instagram aksi jadi bukti kalau nilai harga bukan cuma angka rapor juga besar rasa empati peduli sama,Jijik,Jijik
"Program Makan Bergizi Gratis makin luas! Lewat 27.000 Satuan Pelayanan Gizi di seluruh negeri, pemerintah kucurkan Rp60 triliun untuk pastikan anak-anak Indonesia dapat asupan nutrisi terbaik demi masa depan yang lebih cerah. 🍲🚀

#MakanBergiziGratis https://t.co/YUq86TavIB",program makan gizi gratis makin luas lewat satu layan gizi seluruh negeri perintah kucur rp triliun pasti anakanak indonesia asupan nutrisi baik masa depan lebih cerah,Tertarik,Jijik
"🚨 Dugaan keracunan massal kembali terjadi dalam program Makan Bergizi Gratis (MBG) di Rembang. Puluhan siswa di Desa Balongmulyo dilaporkan pusing dan sesak napas usai mengonsumsi susu kemasan.

Orang tua korban kecewa karena insiden serupa disebut berulang. Salah satu wali murid bahkan meminta Prabowo Subianto meninjau ulang program jika standar keamanannya belum terjamin.

Saat ini kandungan susu masih diselidiki, sementara para siswa dirawat di puskesmas. Desakan evaluasi total hingga penutupan layanan terkait mulai bermunculan.

Program bagus harus dibarengi pengawasan ketat. Keselamatan anak-anak tak boleh dipertaruhkan. Menurut kamu, perlu dihentikan sementara atau cukup dievaluasi? 👇

#Rembang #MakanBergiziGratis #MBG #Prabowo #BeritaTerkini #InfoKesehatan #KeamananPangan #JawaTengah #Indonesia #ViralNews #NewsUpdate",duga racun massal jadi program makan gizi gratis mbg rembang puluh siswa desa balongmulyo lapor pusing sesak napas usai konsumsi susu kemas orang tua korban kecewa insiden rupa sebut ulang salah satu wali murid bahkan minta prabowo subianto tinjau ulang program standar aman jamin ini kandung susu selidik para siswa rawat puskesmas desa evaluasi total hingga tutup layan kait mulai muncul program bagus bareng awas ketat selamat anakanak tak taruh kamu perlu henti atau cukup evaluasi,Jijik,Jijik
"Pengawasan Program Makan Bergizi Gratis Diperkuat di Banten

Pemerintah Provinsi Banten memperkuat pengawasan pelaksanaan Program Makan Bergizi Gratis (MBG).

Gubernur Banten Andra Soni menegaskan keterlibatan pemerintah daerah menjadi kunci keberhasilan program.

“Pengawasan diperlukan agar program berjalan optimal dan tepat sasaran,” ujarnya.

Saat ini sekitar 2,7 juta anak di Banten menerima manfaat MBG setiap hari sekolah.

“Pemerintah daerah tidak bisa berjalan sendiri tanpa dukungan pusat,” kata Andra Soni.

Deputi Bidang Pemantauan dan Pengawasan BGN Dadang Hendrayudha menekankan pengawasan dilakukan menyeluruh.

“Mulai dari dapur produksi hingga distribusi ke sekolah,” ujarnya.

BGN juga mendorong penggunaan sistem digital untuk memantau pelaksanaan program.

“Melalui sistem ini, kepala daerah dapat memantau data secara langsung,” katanya.

Selain itu, bahan baku program diarahkan berasal dari potensi lokal.

“Petani dan pelaku usaha daerah harus ikut merasakan manfaat,” ujar Dadang.

Direktur Wilayah II BGN Albertus Dony Dewantoro menyampaikan penindakan terhadap pelanggaran.

“Sekitar 20 SPPG di Banten telah dihentikan sementara karena tidak memenuhi standar,” katanya.

BGN menetapkan standar ketat terkait higienitas, kualitas gizi, dan operasional dapur.

“Yang diutamakan adalah kualitas gizi, bukan sekadar kenyang,” ujar Dadang.

………………………………
Informasi seputar Pemprov Banten bisa diakses melalui: https://t.co/L3sWlHblVr

🌐 Website: https://t.co/jjs8XwwPVI
 𝕏   @banten_pemprov
📘 Facebook: https://t.co/YmATtBK1pu
▶️ YouTube: @pemerintahprovinsibanten
🎵 TikTok: @pemprovbanten
📧 Email: pemerintahprovinsibanten@bantenprov.go.id
………………………………
#MBG
#GiziAnak
#Banten
#PelayananPublik
#KetahananPangan",awas program makan gizi gratis kuat banten perintah provinsi banten kuat awas laksana program makan gizi gratis mbg gubernur banten andra soni tegas libat perintah daerah jadi kunci hasil program awas perlu program jalan optimal tepat sasar ujar juta anak banten terima manfaat mbg hari sekolah perintah daerah jalan sendiri dukung pusat kata andra soni deputi bidang pantau awas bgn dadang hendrayudha tekan awas laku seluruh mulai dapur produksi hingga distribusi sekolah ujar bgn dorong guna sistem digital pantau laksana program lalu sistem ini kepala daerah pantau data langsung kata itu bahan baku program arah asal potensi lokal tani laku usaha daerah ikut rasa manfaat ujar dadang direktur wilayah ii bgn albertus dony dewantoro sampai tindak langgar sppg banten henti karena penuh standar kata bgn tetap standar ketat kait higienitas kualitas gizi operasional dapur utama kualitas gizi bukan sekadar kenyang ujar dadang informasi putar pemprov banten bisa akses lalu website facebook youtube tiktok email pemerintahprovinsibantengoid,Jijik,Jijik
"Anggota DPR RI dan pembawa acara Surya Utama atau Uya Kuya menyebut renovasi rumahnya saja yang dulu belum selesai, dan kini kembali menghadapi isu hoaks mengenai kepemilikan 750 dapur Makan Bergizi Gratis (MBG).

👉🏻Baca selengkapnya https://t.co/0Zbkc7IbZE

~AM #UyaKuya #DPR #MBG",anggota dpr ri bawa acara surya utama uya kuya sebut renovasi rumah yang dulu selesai kini hadap isu hoaks kena milik dapur makan gizi gratis mbg baca lengkap am,Tertarik,Tertarik
"Semakin Bermanfaat..!! 
Program Makan Bergizi Gratis di NTT tlah menjangkau sekitar 698 Ribu Penerima, dan mampu menyerap lebih dari 12 Ribu Tenaga Kerja. 

Luar Biasa 👍 https://t.co/JMd9aVzK79",makin manfaat program makan gizi gratis ntt tlah jangkau ribu terima mampu serap lebih ribu tenaga kerja luar biasa,Tertarik,Jijik
"Bingung, Sikat dan Semir Sepatu ?

BGN: Rp1,57 Miliar buat sikat &amp; semir sepatu.

Program: Makan Bergizi Gratis.

Pertanyaan:  
Semir sepatu itu makanan apa ya? Baru kali ini denger ada menu ""sepatu kinclong bergizi"" 🥾

Prioritasnya bikin bengong.

#BGN #MBG https://t.co/05ER2gXPBr",bingung sikat semir sepatu bgn rp miliar buat sikat amp semir sepatu program makan gizi gratis tanya semir sepatu makan apa baru kali denger menu sepatu kinclong gizi prioritas bikin bengong,Jijik,Jijik
"""Sekolah Rakyat"" lengkap dengan ; 
~ Asrama untuk Putri dan asrama untuk Putra. 
~ Bebas buku paket dan semua alat tulis menulis...gratis  
~ Makan bergizi 3 kali sehari juga gratis. 
Semua ditanggung negara. 

Kok aku jadi ingat pak Ganjar/MMD. 
Kalau tak salah ingat ini program unggulan mereka dengan slogan ""Satu Keluarga miskin satu Sarjana"" 

Entah benar , entah tidaknya...jika program Sekolah Rakyat di wujudkan dari program unggulan Ganjar-MMD , alangkah legowonya sikap Presiden @prabowo . 
Tak arogan , mau dan sudi menerima dan merealisasikan program baik dari pesaingnya masa Pilpres demi untuk kesejahteraan hidup rakyat yg kurang mampu. 

Respect..., 
Kagum 🫶",sekolah rakyat lengkap asrama putri asrama putra bebas buku paket semua alat tulis menulisgratis makan gizi kali hari gratis semua tanggung negara kok aku jadi ingat pak ganjarmmd kalau tak salah ingat program unggul dengan slogan satu keluarga miskin satu sarjana entah benar entah tidaknyajika program sekolah rakyat wujud program unggul ganjarmmd alangkah legowonya sikap presiden tak arogan mau sudi terima realisasi program baik saing masa pilpres untuk sejahtera hidup rakyat yg kurang mampu respect kagum,Jijik,Jijik
"Viral Ompreng MBG Dikembalikan, Ini Fakta Sebenarnya!

Ratusan ompreng Makan Bergizi Gratis (MBG) di SMAN 7 Kerinci, Jambi sempat viral karena disebut ditolak siswa. Banyak warganet kecewa dan menilai menu membosankan.

Tapi faktanya tidak sesederhana itu. 

Pihak SPPG Mekar Jaya menegaskan makanan sudah disiapkan sesuai standar gizi dan anggaran pemerintah. Bahkan, tidak ditemukan penolakan langsung dari siswa sebagian disebut tidak sempat mengambil karena fokus kegiatan sekolah.

Program MBG sendiri memang dirancang sebagai intervensi gizi, bukan sekadar soal selera.

Di era viral seperti sekarang, satu potongan video bisa membentuk opini. Tapi penting untuk lihat fakta secara utuh sebelum menilai.

💬 Jadi, menurut kamu gimana?

#MBG #MakanBergiziGratis #ViralIndonesia #FaktaAtauHoaks #BeritaHariIni #EdukasiPublik #GiziAnak #IndonesiaMaju #InfoPendidikan #BijakBermedsos",viral ompreng mbg kembali fakta benar ratus ompreng makan gizi gratis mbg sman kerinci jambi sempat viral sebut tolak siswa banyak warganet kecewa nilai menu bosan fakta sederhana pihak sppg mekar jaya tegas makan siap sesuai standar gizi anggar perintah bahkan temu tolak langsung siswa bagi sebut sempat ambil fokus giat sekolah program mbg sendiri memang rancang intervensi gizi bukan sekadar soal selera era viral sekarang satu potong video bentuk opini penting lihat fakta utuh nilai jadi kamu gimana,Jijik,Jijik
"🔥 Lagi rame banget nih soal wacana Copot Kepala BGN

Sorotan publik muncul setelah rencana pengadaan 25 ribu lebih motor listrik untuk program Makan Bergizi Gratis (MBG) jadi polemik dan ikut dipantau KPK karena sektor pengadaan memang rawan praktik korupsi.

Banyak yang khawatir kegaduhan ini bisa ganggu fokus program yang harusnya menyasar gizi rakyat.
Makanya muncul dorongan publik: demi jaga kepercayaan dan bersihin polemik, langkah tegas seperti Copot Kepala BGN mulai dianggap relevan.

Bukan soal personal.
Ini soal menjaga integritas program negara biar tetap dipercaya rakyat 🇮🇩

Menurut lo gimana? 👀",rame banget nih soal wacana copot kepala bgn sorot publik muncul rencana ada ribu lebih motor listrik program makan gizi gratis mbg jadi polemik ikut pantau kpk sektor ada memang rawan praktik korupsi banyak khawatir gaduh bisa ganggu fokus program harus sasar gizi rakyat makanya muncul dorong publik jaga percaya bersihin polemik langkah tegas copot kepala bgn mulai anggap relevan bukan soal personal soal jaga integritas program negara biar tetap percaya rakyat lo gimana,Jijik,Jijik
"Anggaran program besar tapi rinciannya sampai ke kaos kaki Rp100 ribu? 🤔 Prof. Mahfud MD menyoroti pentingnya efisiensi dan transparansi dalam program Makan Bergizi Gratis (MBG). Jangan sampai niat baik untuk rakyat kecil malah terbebani rincian yang tidak perlu.
​#MahfudMD https://t.co/hWYRvFmS9O",anggar program besar rinciannya ke kaos kaki rp ribu prof mahfud md sorot penting efisiensi transparansi program makan gizi gratis mbg jangan niat baik rakyat kecil malah beban rincian tidak perlu,Tertarik,Tertarik
"Haha, oke request diterima bro! 

Bayangin aja sekarang Pino & CR7 lagi futsal pake seragam khaki Pegawai MBG SPPG, logo BGN di dada, siap distribusi makan bergizi gratis setelah tendang bola. Ronaldo malah thumbs up sambil bilang ""Makanan bergizi dulu, baru goal!"" ⚽🍲😂

Mantap nih vibe-nya!",haha oke request terima bro bayangin aja sekarang pino cr futsal pake seragam khaki pegawai mbg sppg logo bgn dada siap distribusi makan gizi gratis tendang bola ronaldo malah thumbs up bilang makan gizi dulu baru goal mantap nih vibenya,Jijik,Jijik
"Makan bergizi gratis? Keren banget! Ini bikin kita semua sehat. Yuk, manfaatin kesempatan ini untuk jaga kesehatan bareng! 🍽️✨ https://t.co/n8JiFawwcm",makan gizi gratis keren banget bikin semua sehat yuk manfaatin sempat untuk jaga sehat bareng,Percaya,Tertarik
"MBG Karanganyar Terus Diperkuat, Wabup Pimpin Rakor Evaluasi 2026 🍽️

Karanganyar – Pemerintah Kabupaten Karanganyar terus memperkuat pelaksanaan Program Makan Bergizi Gratis (MBG) melalui Rapat Koordinasi (Rakor) Evaluasi dan Perencanaan yang digelar pada Kamis (9/4/2026) https://t.co/w79GeDEVRB",mbg karanganyar terus kuat wabup pimpin rakor evaluasi karanganyar perintah kabupaten karanganyar terus kuat laksana program makan gizi gratis mbg lalu rapat koordinasi rakor evaluasi rencana gelar kamis,Jijik,Jijik
"Makan bergizi gratis? Yes, please! 🌟 Yuk, manfaatin kesempatan ini. Biar sehat, kantong tetap aman. Maju terus, pemerintah! 💪✨ https://t.co/saR5ntWylQ",makan gizi gratis yes please yuk manfaatin sempat biar sehat kantong tetap aman maju terus perintah,Jijik,Jijik
"🔴 PEDAGANG JERUK DI PASAR GEDE SOLO RAUP  CUAN SEJAK ADA MBG.

Program Makan Bergizi Gratis (MBG) mendorong peningkatan signifikan penjualan buah di Pasar Gede Hardjonagoro, Solo. Pedagang jeruk, Jeffri Sembiring, mengaku kini mampu menjual hingga tujuh ton jeruk per hari, jumlah yang sebelumnya membutuhkan waktu dua hari untuk terjual.

Lonjakan permintaan terutama berasal dari kebutuhan dapur MBG atau Satuan Pelayanan Pemenuhan Gizi (SPPG).

Pedagang lain, Usman, bahkan melayani hingga 10 dapur MBG dan mencatat peningkatan penjualan buah lokal seperti jeruk dan salak, serta buah impor seperti kelengkeng dan apel Fuji.

Selain meningkatkan omzet pedagang, program ini juga berdampak pada kenaikan harga buah yang menguntungkan petani, serta membuka lapangan kerja baru. Para pedagang pun berharap program MBG terus berlanjut karena dinilai mampu mendorong perekonomian sekaligus memenuhi kebutuhan gizi masyarakat.

🔻🔻🔻",dagang jeruk pasar gede solo raup cuan sejak mbg program makan gizi gratis mbg dorong tingkat signifikan jual buah pasar gede hardjonagoro solo dagang jeruk jeffri sembiring aku kini mampu jual hingga tujuh ton jeruk per hari jumlah belum butuh waktu hari jual lonjak minta utama asal butuh dapur mbg satu layan penuh gizi sppg dagang usman bahkan layan hingga dapur mbg catat tingkat jual buah lokal jeruk salak buah impor kelengkeng apel fuji tingkat omzet dagang program juga dampak naik harga buah untung tani buka lapang kerja baru dagang harap program mbg terus lanjut nilai mampu dorong ekonomi sekaligus penuh butuh gizi masyarakat,Jijik,Jijik
"MBG lagi MBG lagi ‼️
______
Insiden mengejutkan terjadi di SMP Negeri 7 Kota Jambi, Kamis (9/4/2026) pagi. Tiga orang guru dilaporkan mengalami gejala keracunan setelah mencicipi menu program Makan Bergizi Gratis (MBG) yang baru tiba di sekolah. https://t.co/75g7FYPpuH",mbg mbg insiden kejut jadi smp negeri kota jambi kamis pagi tiga orang guru lapor alami gejala racun cicip menu program makan gizi gratis mbg baru tiba sekolah,Tertarik,Tertarik
"VIRAL! TEMUAN CACING DALAM MAKANAN PROGRAM ""MAKAN BERGIZI GRATIS"" DI SUKABUMI 😱 https://t.co/FouAYPEQ4u",viral temu cacing makan program makan gizi gratis sukabumi,Jijik,Jijik
"Uji coba makan bergizi gratis dengan sistem prasmanan di sekolah Malang berjalan lancar❗

Siswa antusias, menu lebih variatif, dan kualitas makanan tetap terjaga.

Konsep ini menarik untuk dikembangkan lebih luas. https://t.co/NrF4Nxml2b",uji coba makan gizi gratis sistem prasmanan sekolah malang jalan lancar siswa antusias menu lebih variatif kualitas makan tetap jaga konsep tarik kembang lebih luas,Jijik,Jijik
"awal nya kasian ama mereka..tapi abis liat yg ada di saku anak nya aku mala jadi kasian ama diriku sendiri 😭

---
src: TT muhdadzrul
tag: Senin Sriwijaya Ngasih dana hibah Program Makan Bergizi Gratis Pemulihan Aceh Tamiang https://t.co/Mag4PihmFH",awal nya kasi ama merekatapi abis liat yg di saku anak nya aku mala jadi kasi ama diri sendiri src tt muhdadzrul tag senin sriwijaya ngasih dana hibah program makan gizi gratis pulih aceh tamiang,Jijik,Jijik
"Rapat juga mencatat sejumlah isu strategis yg masih memerlukan pembahasan lanjutan, antara lain mekanisme penyesuaian distribusi program Makan Bergizi Gratis apabila terjadi perubahan pola kehadiran siswa di sekolah

&gt;APAPUN MASALAHNYA MBG TETAP TERDEPAN😆
https://t.co/ttYB27Bpiv https://t.co/6SLYd8kORr",rapat catat jumlah isu strategis yg perlu bahas lanjut lain mekanisme sesuai distribusi program makan gizi gratis apabila jadi ubah pola hadir siswa sekolah gtapapun masalah mbg tetap depan,Jijik,Jijik
"Hai Sobat Kemendukbangga/BKKBN Kaltim👋

Tim Pendamping Keluarga (TPK) terus berperan aktif dalam mendukung pelaksanaan program MBG 3B (Makan Bergizi Gratis bagi Ibu Hamil, Ibu Menyusui &amp; Baduta Non PAUD) di Provinsi Kalimantan Timur dan Kalimantan Utara

#Kemendukbangga
#MBG3B https://t.co/6mUVFVZETA",hai sobat kemendukbanggabkkbn kaltim tim damping keluarga tpk terus peran aktif dukung laksana program mbg b makan gizi gratis ibu hamil ibu susu amp baduta non paud provinsi kalimantan timur kalimantan utara,Jijik,Jijik
"Nah ini baru bagus 👍 selain bantu pemenuhan gizi siswa, ternyata ada nilai pendidikan karakternya juga. Anak sekolah jadi belajar hidup lebih tertib dan peduli sekitar.

Pagii Sumatera https://t.co/tFjQl25YD8",nah baru bagus bantu penuh gizi siswa nyata nilai didik karakter anak sekolah jadi ajar hidup lebih tertib peduli pagi sumatera,Jijik,Jijik
"ada baca caption org “kalo itu cinta, harusnya asam lambung km ga naik” iyaya 2 taun kemarin aku sampe kaya kurang gizi karena aslam sambil mencintai mas mas arab umur 29 itu😭 gamaw lagi",baca caption org kalo cinta harus asam lambung km ga naik iyaya taun kemarin aku sampe kaya kurang gizi aslam cinta mas mas arab umur gamaw,Jijik,Jijik
"@DivHumas_Polri keren banget sih, program jalur ini beneran nyentuh warga di tempat terpencil 🤝 intinya jelas, semuanya dijalankan buat Melayani Gizi Indonesia dengan adil dan merata
#MenjagaKetahananPangan",keren banget sih program jalur beneran nyentuh warga tempat pencil inti jelas semua jalan buat layan gizi indonesia adil rata,Jijik,Jijik
"Setelah DPR dan Dokter"" Gizi mempertanyakan kandungan Gizi dalam program makanan gratis kepada anak ini, jadilah mereka gandeng BGN, dan ketua BGN langsung nunjuk rekan atau konco e si Bosnya bokap ini anak 🤣, sekarang kacau dia alihin kesalahan itu ke orang lain, jenius si.",dpr dokter gizi tanya kandung gizi program makan gratis anak jadi gandeng bgn ketua bgn langsung nunjuk rekan konco e si bos bokap anak sekarang kacau alihin salah ke orang jenius si,Jijik,Jijik
"Rencana perluasan dapur MBG, dengan melibatkan perguruan tinggi atau kampus, menuai pro kontra, ada rektor ada yang mendukung, namun ada pula yang menolak. Sebelumnya dilaporkan, Badan Gizi Nasional mengusulkan agar setiap kampus mendirikan minimal satu Satuan Pelayanan Pemenuhan Gizi (SPPG) atau dapur Makan Bergizi Gratis (MBG). Bagaimana respon akademisi kampus?

TALK: Pakar Pendidikan Universitas Negeri Jakarta (UNJ), Dewan Pakar Perhimpunan Pendidikan dan Guru (P2G), Prof. Rakhmat Hidayat

 Streaming👇
https://t.co/rke9sWHJY6",rencana luas dapur mbg libat guru tinggi kampus tuai pro kontra rektor yang dukung ada yang tolak belum lapor badan gizi nasional usul tiap kampus diri minimal satu satu layan penuh gizi sppg dapur makan gizi gratis mbg bagaimana respon akademisi kampus talk pakar didik universitas negeri jakarta unj dewan pakar himpun didik guru pg prof rakhmat hidayat streaming,Jijik,Jijik
"[Pengumuman Pemenang Lomba] 

𝑯𝒆𝒍𝒍𝒐, 𝑮𝒊-𝒈𝒆𝒏!👋🏻
 
Selamat kepada semua pemenang! Bagi yang belum beruntung, tetaplah bersemangat. Teruslah belajar dan kejar mimpimu lagi nanti ya.

Kami berterima kasih kepada semua yang telah berpartisipasi dalam lomba NFU 2026! https://t.co/zTjuLTZaYR",umum menang lomba selamat semua menang untung tetap semangat terus ajar kejar mimpi nanti kami terima kasih semua yang telah partisipasi lomba nfu,Jijik,Percaya
"Geceyi aydınlatan yağmur ve şimşek eşliğinde 
İhtiyacım var bu şehreee ..
#iyigeceler 
#yozgat 💙
@yozgatfmtv https://t.co/Dv9t91tn5v",geceyi aydnlatan yamur ve imek eliinde ihtiyacm var bu ehreee,Tertarik,Netral
"Penyanyi asal Tulungagung, Dona Lady Rocker labrak wanita yg diduga goda suaminya lewat DM disebuah area parkir.

Dona merasa geram lantaran wanita tsb mencoba merayu suaminya melalui DM di medsos.

Suaminya udah dihantem juga mbak? 😂 https://t.co/CIMZnWBya4",nyanyi asal tulungagung dona lady rocker labrak wanita yg duga goda suami lewat dm buah area parkir dona rasa geram lantar wanita tsb coba rayu suami lalu dm medsos suami udah dihantem mbak,Jijik,Tertarik
"Napi pun perlu perbaikan Gizi....?

Kacau...kacau mania....
😂🫢 https://t.co/9mLrmzN3Aw",napi perlu baik gizi kacaukacau mania,Jijik,Percaya
"LOKER JOGJA: SPPG Bantul Pendowoharjo membutuhkan ASLAP (Asisten Lapangan) – Ahli Gizi.

🎓 SMA/SMK, D3, S1
💼 0 - 2 Tahun Pengalaman
📍 Bantul

#lokerjogja #lowongankerjajogja #loker #jogja #yogyakarta

Lihat selengkapnya 👇
https://t.co/jpJyAvlcvf",loker jogja sppg bantul pendowoharjo butuh aslap asisten lapang ahli gizi smasmk d s tahun alam bantul lihat lengkap,Jijik,Jijik
"Gavurun gızı hariç herkese günaydın hayırlı sabahlar  🤗🤗
Şampiyon cim bom bom ❤️❤️💛💛",gavurun gz hari herkese gnaydn hayrl sabahlar ampiyon cim bom bom,Tertarik,Tertarik
"HAI OPEN JOKI/SLOT KOSONG BIMBINGAN, TUTOR🙇‍♀️✨️

- FK
- FKG
-FKH
- FARMASI
- GIZI
- MANAJEMAN
- AKUNTANSI
- HUKUM
- BIOLOGI
- SISFOR
- ILPOL
- PSIKOLOGI
-PGSD
- PENDIDIKAN
- KESMAS
- BIOLOGI

bisa dibantu sampe sempro/semhas, yuk wa!
t.jasa jokitugasakhir zonauang bimbingan  51",hai open jokislot kosong bimbing tutor fk fkg fkh farmasi gizi manajeman akuntansi hukum biologi sisfor ilpol psikologi pgsd didik kesmas biologi bantu sampe semprosemhas yuk wa tjasa jokitugasakhir zonauang bimbing,Jijik,Jijik
"Haha mantap usulane bro! picoez kolab karo wit-witan lan sayur-mayur, berarti gizi langsung dari sumber alami, pas banget dukung UMKM petani & kesehatan bawah. 

Dadan + picoez combo? Bisa jadi paket lengkap: ahli gizi + taneman sehat. 

Lu dukung full picoez? Gas cerita lebih dalem piye konsepnya 😄",haha mantap usulane bro picoez kolab karo witwitan lan sayurmayur arti gizi langsung sumber alami pas banget dukung umkm tani sehat bawah dad picoez combo jadi paket lengkap ahli gizi taneman sehat lu dukung full picoez gas cerita lebih dalem piye konsep,Jijik,Jijik
"Mirip si @jokowi muda
Kurang Gizi..!!!

Perlu di kasih dapur MBG nih..
🤣🤣",mirip si muda kurang gizi perlu kasih dapur mbg nih,Jijik,Jijik
"Ayo lihat, 𝘧𝘰𝘭𝘭𝘰𝘸, dan 𝘴𝘶𝘣𝘴𝘤𝘳𝘪𝘣𝘦 media sosial kami di:
🔗 Instagram: @himagiziuhamka
🔗 LINE: @efn5645e
🔗 X: @HimaGiziUhamka
🔗 Youtube: HIMA GIZI UHAMKA
🔗 TikTok: @himagiziuhamka
🔗 Website: https://t.co/oWjBzwwmZv",ayo lihat media sosial di instagram line x youtube hima gizi uhamka tiktok website,Percaya,Percaya
"Tatlı olsun, kaslı olsun, yakışıklı olsun, espritüel olsun, karizmatik olsun, zengin olsun. Toplama bilgisayar mı alıyon zalımın gızı 🤣",tatl olsun kasl olsun yakkl olsun espritel olsun karizmatik olsun zengin olsun toplama bilgisayar m alyon zalmn gz,Jijik,Jijik
"butuh loker gizi, tpi gmw mbg😔😔😔😔",butuh loker gizi tpi gmw mbg,Jijik,Jijik
"[CALLING FOR VOLUNTEERS: HIMAGI MENGABDI 2026] 📢🔥

Halo, Calon Pengabdi Muda! 📣‼️
Pernah kepikiran nggak, gimana rasanya ilmu gizi yang kita pelajari di kelas bisa langsung bermanfaat buat masyarakat luas? Inilah saatnya! https://t.co/kuZ2NyU9O8",calling for volunteers himagi abdi halo calon abdi muda pernah pikir gimana rasa ilmu gizi kita ajar kelas langsung manfaat buat masyarakat luas ini saat,Jijik,Jijik
"🌟 SPPG POLRI hadir sebagai wujud kepedulian dalam mendukung pemenuhan gizi masyarakat demi menciptakan generasi yang sehat, cerdas, dan berkualitas.

#SPPGPolri
#PolriUntukMasyarakat
#HumasPoldaKepri
#PoldaKepri
#IndonesiaEmas
#GenerasiSehat
#PolriPresisi https://t.co/ZHP9fgpFkA",sppg polri hadir wujud peduli dukung penuh gizi masyarakat cipta generasi sehat cerdas kualitas,Jijik,Jijik
"Dokter spesialis gizi klinik Dr. dr. A. Yasmin Syauki, https://t.co/Mhwfw6MpiI., Sp.GK(K), MHPE membagikan sejumlah tips bagi jamaah haji agar tetap aman dan terhindar dari gangguan kesehatan saat beraktivitas di luar ruangan di tengah cuaca panas ekstrem di Tanah Suci.

🔽🔽🔽
Baca selengkapnya: https://t.co/Aty46nKfKw

Grafis: Ulfa Jainita",dokter spesialis gizi klinik dr dr a yasmin syauki spgkk mhpe bagi jumlah tips jamaah haji tetap aman hindar ganggu sehat aktivitas luar ruang tengah cuaca panas ekstrem tanah suci baca lengkap grafis ulfa jainita,Jijik,Jijik
"200 siswa keracunan, tapi Wakil Wali Kota @CakArmuji bilang ""semua baik""? 
Standar ""baik"" ini buat siapa? Buat pejabatnya atau buat anak-anak yang tumbang? 
Nyawa siswa bukan bahan eksperimen gizi! 
Kalau Langgar SOP Bisa gak di Pidanakan??😛
#Surabaya #KesehatanSiswa #Armuji https://t.co/TzUR0ibBwj",siswa racun wakil wali kota bilang semua baik standar baik buat siapa buat jabat buat anakanak tumbang nyawa siswa bukan bahan eksperimen gizi kalau langgar sop gak pidana,Jijik,Jijik
"Ben duygusal bir manyağım. Dikkat edin😂
 
#pazartesi",ben duygusal bir manyam dikkat edin,Percaya,Jijik
"Dokter spesialis gizi klinik dr. Pande Putu Agus Mahendra, M.Gizi, Sp.GK, mengingatkan jamaah haji untuk mewaspadai risiko dehidrasi dan heatstroke (sengatan panas) tengah cuaca panas ekstrem selama menjalankan ibadah di Tanah Suci.

🔽🔽🔽
Baca selengkapnya: https://t.co/JQveoauGB3",dokter spesialis gizi klinik dr pande putu agus mahendra mgizi spgk ingat jamaah haji waspada risiko dehidrasi heatstroke sengat panas tengah cuaca panas ekstrem lama jalan ibadah tanah suci baca lengkap,Tertarik,Tertarik
"ONCE AGAIN SIAPA YANG GAK BAPER KALAU DIBILANG ""kamu cocok tau jadi ahli gizi"" terus ""kalau aku banyak uang, aku bakalan modalin usaha kamu"" 😭😭😭😭😭😭",once again siapa gak baper kalau bilang kamu cocok tau jadi ahli gizi terus kalau aku banyak uang aku bakal modalin usaha kamu,Jijik,Jijik
"Voucher Halodoc Terbaru ‼️

Chat Dokter Spkk, Psikolog, Gizi, Obgyn, dll
💥 HLDXCRZA

Beli Obat, Vitamin, Skincare
💥 HLDXO4VE

Homecare: Lab, Vaksin, MCU
💥 HLDXHKCRQ

Haloskin: Jerawat, anti-aging
💥 HLDXS6BK

Halofit utk program diet
💥 HALOFITAFF21G

#zonauang #zonajajan",voucher halodoc baru chat dokter spkk psikolog gizi obgyn hldxcrza beli obat vitamin skincare hldxove homecare lab vaksin mcu hldxhkcrq haloskin jerawat antiaging hldxsbk halofit utk program diet halofitaffg,Jijik,Jijik
"HAI OPEN JOKI/SLOT KOSONG BIMBINGAN, TUTOR🙇‍♀️✨️

- FK
- FKG
-FKH
- FARMASI
- GIZI
- MANAJEMAN
- AKUNTANSI
- HUKUM
- BIOLOGI
- SISFOR
- ILPOL
- PSIKOLOGI
-PGSD
- PENDIDIKAN
- KESMAS
- BIOLOGI

bisa dibantu sampe sempro/semhas, yuk wa!
t.jasa jokitugasakhir zonauang bimbingan  94",hai open jokislot kosong bimbing tutor fk fkg fkh farmasi gizi manajeman akuntansi hukum biologi sisfor ilpol psikologi pgsd didik kesmas biologi bantu sampe semprosemhas yuk wa tjasa jokitugasakhir zonauang bimbing,Jijik,Jijik
"Bisa.

Dewa Gizi United Banten😆",dewa gizi united banten,Jijik,Percaya
"Voucher Halodoc Tercuan Mei’26💖💚

Chat Dokter Spkk, Psikolog, Gizi, Obgyn, dll
💥 HLDXCRZA

Beli Obat, Vitamin
💥 HLDXO4VE

Homecare: Lab, Vaksin, MCU
💥 HLDXHKCRQ

Haloskin: Jerawat, anti-aging
💥 HLDXS6BK

Halofit utk program diet
💥 HALOFITAFF21G

#zonauang #zonajajan",voucher halodoc tercuan mei chat dokter spkk psikolog gizi obgyn hldxcrza beli obat vitamin hldxove homecare lab vaksin mcu hldxhkcrq haloskin jerawat antiaging hldxsbk halofit utk program diet halofitaffg,Jijik,Jijik
"lanjut lagi bang, percuma profit kalo di rumah aja, duit banyak gizi buruk gabaik tw

yuk wd dulu walletmu 🤩 https://t.co/suHRwOiKeg",lanjut bang percuma profit kalo rumah aja duit banyak gizi buruk gabaik tw yuk wd dulu walletmu,Jijik,Jijik
"Voucher Halodoc Terbaru ‼️

Chat Dokter Spkk, Psikolog, Gizi, Obgyn, dll
💥 HLDXCRZA

Beli Obat, Vitamin, Skincare
💥 HLDXO4VE

Homecare: Lab, Vaksin, MCU
💥 HLDXHKCRQ

Haloskin: Jerawat, anti-aging
💥 HLDXS6BK

Halofit utk program diet
💥 HALOFITAFF21G

#zonauang #zonajajan",voucher halodoc baru chat dokter spkk psikolog gizi obgyn hldxcrza beli obat vitamin skincare hldxove homecare lab vaksin mcu hldxhkcrq haloskin jerawat antiaging hldxsbk halofit utk program diet halofitaffg,Jijik,Jijik
"dah ah mau tidur wkwk ngantuks 😃😃😃😃 

anw pagi temen temen, jangan lupa sarapan karna rindu itu berat jadi butuh asupan gizi",dah ah mau tidur wkwk ngantuks anw pagi temen temen jangan lupa sarap karna rindu berat jadi butuh asupan gizi,Jijik,Jijik
Perbaikan gizi 🤣 https://t.co/Cd6aNbEK0F,baik gizi,Percaya,Percaya
"Seeen Aşksın, sen ilk göz ağrımsın ..
Sen şampiyonsun💛❤️
Tebrikler Aslanlar 💪💪
#GSvANT 
#KONSANTRASYON 
#GALATASARAY https://t.co/SS2Ao6aZeY",seeen aksn sen ilk gz armsn sen ampiyonsun tebrikler aslanlar,Marah,Jijik
RIIILLLL😭😭😭 aku nyari loker ahli gizi di rs pun jadi susah karna info loker isinya sppg semua💔💔,riiillll aku nyari loker ahli gizi rs jadi susah karna info loker isi sppg semua,Jijik,Jijik
"Voucher Diskon Halodoc Mei 26🫶🏻

Konsul Dokter Spkk,Psikolog,Gizi,dll
💖 HLDXCRZA

Tebus/beli obat,skincare,vitamin
💖 HLDXO4VE

Haloskin : utk jerawat&amp;kulit kusam
💖 HLDXS6BK

Homecare : vaksin HPV,Influenza,MCU
💖 HLDXHKCRQ

Halofit: Diet
💖 HALOFITAFF21G

#zonauang #zonajajan",voucher diskon halodoc mei konsul dokter spkkpsikologgizidll hldxcrza tebusbeli obatskincarevitamin hldxove haloskin utk jerawatampkulit kusam hldxsbk homecare vaksin hpvinfluenzamcu hldxhkcrq halofit diet halofitaffg,Jijik,Jijik
"Baru menyadari sebuah privilege. Di ekonomi seperti ini, punya pilihan untuk ga harus berkarir di MBG atau koperasi merah putih 🥲

Aku kasian sama teman-temanku ahli gizi yg ga punya pilihan lain. Padahal kerja di MBG jg penuh tekanan. Dia cuma kerja ga ikut korupsi",baru sadar buah privilege ekonomi ini punya pilih ga berkarir mbg koperasi merah putih aku kasi sama temantemanku ahli gizi yg ga punya pilih padahal kerja mbg jg penuh tekan cuma kerja ga ikut korupsi,Jijik,Jijik
"Saatler sonra Şampiyon Cimbom yazdıracağız..💛❤️💪💪
#BugünGünlerdenGALATASARAY 
#KONSANTRASYON 
#Hedef26
#GALATASARAY https://t.co/T1J040kWu2",saatler sonra ampiyon cimbom yazdracaz,Percaya,Jijik
"Aksi nekat begal di BKT Bekasi yg dilakukan pada siang hari berhasil digagalkan oleh warga.

Pelaku ditangkap &amp; diajak olahraga jantung tipis2 😂 https://t.co/CER4sLLJ1m",aksi nekat begal bkt bekas yg laku siang hari hasil gagal warga laku tangkap amp ajak olahraga jantung tipis,Netral,Tertarik
"Keren banget! Limbah minyak jelantah dari dapur MBG gak bakal terbuang percuma. ♻️ Lewat kolaborasi Pertamina &amp; BGN, limbahnya bakal diolah jadi bahan bakar pesawat ramah lingkungan (SAF). Gizi anak terpenuhi, lingkungan juga makin terjaga https://t.co/snv3YlMduV",keren banget limbah minyak jelantah dapur mbg gak bakal buang percuma lewat kolaborasi pertamina amp bgn limbah bakal olah jadi bahan bakar pesawat ramah lingkung saf gizi anak penuh lingkung makin jaga,Jijik,Jijik
"Akhir era gizi buruk 
Investasi SDM unggul untuk Indonesia emas 🏆 

@prabowo https://t.co/lZI4QjLOzu",akhir era gizi buruk investasi sdm unggul indonesia emas,Jijik,Jijik
"Badan Gizi Nasionalis Tegaskan, untuk masyarakat yang ingin menjadi relawan MBG tidak ada batasan usianya, 👍 https://t.co/T4kkobCC0X",badan gizi nasionalis tegas masyarakat ingin jadi rawan mbg ada batas usia,Tertarik,Jijik
"Voucher Halodoc Terbaru ‼️

Chat Dokter Spkk, Psikolog, Gizi, Obgyn, dll
💥 HLDXCRZA

Beli Obat, Vitamin, Skincare
💥 HLDXO4VE

Homecare: Lab, Vaksin, MCU
💥 HLDXHKCRQ

Haloskin: Jerawat, anti-aging
💥 HLDXS6BK

Halofit utk program diet
💥 HALOFITAFF21G

#zonauang #zonajajan",voucher halodoc baru chat dokter spkk psikolog gizi obgyn hldxcrza beli obat vitamin skincare hldxove homecare lab vaksin mcu hldxhkcrq haloskin jerawat antiaging hldxsbk halofit utk program diet halofitaffg,Jijik,Jijik
"Aku tida ikhlas duit negara dibuat mbg, ya walaupun baik tujuannya buat perbaikan gizi anak. Tapi masih ada hal yang lebih penting dari itu, jadi malah kayak menghambur²kan...😔",aku tida ikhlas duit negara buat mbg walaupun baik tuju buat baik gizi anak masih hal lebih penting itu jadi malah kayak hambur,Jijik,Jijik
"🧠 #Sobatotak, Menghabiskan sekitar ⅔ waktu harian di tempat kerja membuat pengaturan gizi menjadi faktor krusial bagi produktivitas dan kesehatan kita. https://t.co/TmBifmUJOJ",habis waktu hari tempat kerja buat atur gizi jadi faktor krusial produktivitas sehat,Tertarik,Tertarik
"Voucher Promo Halodoc Mei 2026🫶🏻

Konsul Dokter Spkk,Psikolog,Gizi,dll
💖 HLDXCRZA

Tebus/beli obat,skincare,vitamin
💖 HLDXO4VE

Haloskin : utk jerawat&amp;kulit kusam
💖 HLDXS6BK

Homecare : vaksin HPV,Influenza,MCU
💖 HLDXHKCRQ

Halofit: Diet
💖 HALOFITAFF21G

#zonauang #zonajajan",voucher promo halodoc mei konsul dokter spkkpsikologgizidll hldxcrza tebusbeli obatskincarevitamin hldxove haloskin utk jerawatampkulit kusam hldxsbk homecare vaksin hpvinfluenzamcu hldxhkcrq halofit diet halofitaffg,Jijik,Jijik
"Voucher Halodoc Terbaru ‼️

Chat Dokter Spkk, Psikolog, Gizi, Obgyn, dll
💥 HLDXCRZA

Beli Obat, Vitamin, Skincare
💥 HLDXO4VE

Homecare: Lab, Vaksin, MCU
💥 HLDXHKCRQ

Haloskin: Jerawat, anti-aging
💥 HLDXS6BK

Halofit utk program diet
💥 HALOFITAFF21G

#zonauang #zonajajan",voucher halodoc baru chat dokter spkk psikolog gizi obgyn hldxcrza beli obat vitamin skincare hldxove homecare lab vaksin mcu hldxhkcrq haloskin jerawat antiaging hldxsbk halofit utk program diet halofitaffg,Jijik,Jijik
"Gak usah banyak cincong! BPOM &amp; BGN udah gerak pastiin standar lab buat Makan Bergizi Gratis. Yang masih nyinyir mending minggir, ini soal masa depan gizi anak bangsa yang gak bisa ditawar. Lawan mafia pangan! 🔥 #LanjutkanMBG

Pagii William CHENLE SINGS NEXT VERSE https://t.co/JTr2QP9rQV",gak usah banyak cincong bpom amp bgn udah gerak pastiin standar lab buat makan gizi gratis masih nyinyir mending minggir soal masa depan gizi anak bangsa gak tawar lawan mafia pangan pagi william chenle sings next verse,Jijik,Jijik
"Şeker gibiyiz ama doğru çayı bulamadık..☕

#Güzelbirgün 
#cuma",eker gibiyiz ama doru ay bulamadk,Percaya,Percaya
Komitmen pada kualitas! Pemerintah tutup ribuan SPPG yang melanggar SOP. Evaluasi total Program MBG dilakukan demi memastikan keamanan dan standar gizi terbaik bagi anak sekolah. Keamanan pangan adalah prioritas utama. 🛡️🍱 #ProgramMBG #GiziNasional https://t.co/Cq1MhPIBOe,komitmen kualitas perintah tutup ribu sppg langgar sop evaluasi total program mbg laku pasti aman standar gizi baik anak sekolah aman pangan prioritas utama,Tertarik,Jijik
Komitmen pada kualitas! Pemerintah tutup ribuan SPPG yang melanggar SOP. Evaluasi total Program MBG dilakukan demi memastikan keamanan dan standar gizi terbaik bagi anak sekolah. Keamanan pangan adalah prioritas utama. 🛡️🍱 #ProgramMBG #GiziNasional https://t.co/ZKhhaB6X89,komitmen kualitas perintah tutup ribu sppg langgar sop evaluasi total program mbg laku pasti aman standar gizi baik anak sekolah aman pangan prioritas utama,Tertarik,Jijik
"📜 [PRESS RELEASE SINAR GIZI Vol. 2 ILMAGI 2026]

Sinergi Aspirasi dan Advokasi Gizi (SINAR GIZI) merupakan salah satu program kerja dari Departemen Isu dan Advokasi Ikatan Lembaga Mahasiswa Gizi Indonesia (ILMAGI) yang bertujuan menghimpun aspirasi, ide, serta rekomendasi dari https://t.co/7FkrQAoRaH",press release sinar gizi vol ilmagi sinergi aspirasi advokasi gizi sinar gizi rupa salah satu program kerja departemen isu advokasi ikat lembaga mahasiswa gizi indonesia ilmagi tuju himpun aspirasi ide rekomendasi,Jijik,Jijik
"Fix, @nksthi adalah ""Corong BAKOM""

🔹Target: pemenuhan gizi anak²

🔹Yang diukur: penghindaran keracunan MBG. https://t.co/K97NYupzNA",fix corong bakom target penuh gizi anak ukur hindar racun mbg,Jijik,Jijik
Benim huzur bulduğum her gün yıkandığım dere. Bence su 💧 olmadan hiç birşey olmaz. Bu dere sayesine meyve 🍎 yetiştiriyorum. Sebze yetiştiriyorum. Yıkanıyorum ve derenin sesini dinleyerek huzur buluyorum. Dağ başında  şalvarlı köylü yörük kızı çok huzurlu insandan uzak. https://t.co/IcU0HiuuAZ,benim huzur bulduum her gn ykandm dere bence su olmadan hi birey olmaz bu dere sayesine meyve yetitiriyorum sebze yetitiriyorum ykanyorum ve derenin sin dinleyerek huzur buluyorum da banda alvarl kyl yrk kz huzurlu insandan uzak,Netral,Netral
"Voucher Diskon Halodoc MAY 26🫶🏻

Konsul Dokter Spkk,Psikolog,Gizi,dll
💖 HLDXCRZA

Tebus/beli obat,skincare,vitamin
💖 HLDXO4VE

Haloskin : utk jerawat&amp;kulit kusam
💖 HLDXS6BK

Homecare : vaksin HPV,Influenza,MCU
💖 HLDXHKCRQ

Halofit: Diet
💖 HALOFITAFF21G

#zonauang #zonajajan",voucher diskon halodoc may konsul dokter spkkpsikologgizidll hldxcrza tebusbeli obatskincarevitamin hldxove haloskin utk jerawatampkulit kusam hldxsbk homecare vaksin hpvinfluenzamcu hldxhkcrq halofit diet halofitaffg,Jijik,Jijik
"Istidraj

📝Kata kata GA VIP 21 Ribu Rumah Mei Rabu Pagiii Guanlin King MU gizi untuk indonesia Bersama Pangan Terjaga Final UCL  Arsenal Makro #kata #quotes #MotivationalTweets
NakaQuotes https://t.co/3lonK8LerV",istidraj kata kata ga vip ribu rumah mei rabu pagiii guanlin king mu gizi indonesia sama pangan jaga final ucl arsenal makro nakaquotes,Jijik,Jijik
"HAI OPEN JOKI/SLOT KOSONG BIMBINGAN, TUTOR🙇‍♀️✨️

- FK
- FKG
-FKH
- FARMASI
- GIZI
- MANAJEMAN
- AKUNTANSI
- HUKUM
- BIOLOGI
- SISFOR
- ILPOL
- PSIKOLOGI
-PGSD
- PENDIDIKAN
- KESMAS
- BIOLOGI

bisa dibantu sampe sempro/semhas, yuk wa!
t.jasa jokitugasakhir zonauang bimbingan  4",hai open jokislot kosong bimbing tutor fk fkg fkh farmasi gizi manajeman akuntansi hukum biologi sisfor ilpol psikologi pgsd didik kesmas biologi bantu sampe semprosemhas yuk wa tjasa jokitugasakhir zonauang bimbing,Jijik,Jijik
"Loker Jogja terbaru hari ini dari Jayaland &amp; Tata Boga x SPPG Badan Gizi Nasional :

- Admin
- Admin Logistik
- Pengawas Lapangan
- Manager
- Ahli Gizi
- Juru Masak

Selengkapnya di : https://t.co/oSqcHgGjPe

⚠️ Rekrutmen gratis tanpa biaya apapun. https://t.co/ON2x3612u0",loker jogja baru hari dari jayaland amp tata boga x sppg badan gizi nasional admin admin logistik awas lapang manager ahli gizi juru masak lengkap rekrutmen gratis biaya apa,Jijik,Jijik
"İnsan her şeye sahip olduğunu sanır, ölüm gelir, adını bile senden söküp alır.. 

#MaviDünyam💙
#GeceyeBirSöz",insan her eye sahip olduunu sanr lm gir adn bile senden skp alr,Tertarik,Netral
"diusir mamake gegara kalo pulang cuma minta makan awowkwk, lah ya apa kalo masakannya enak kalo masak sendiri paling mi telor sama sosis

perbaikan gizi yak 😚🙏🏻",usir mamake gegara kalo pulang cuma minta makan awowkwk lah apa kalo masakan enak kalo masak sendiri paling mi telor sama sosis baik gizi yak,Jijik,Jijik
"Presiden @prabowo di hari buruh : MBG sangat penting untuk gizi anak dan ekonomi rakyat

MBG bermanfaat untuk :
✅ Atasi stunting
✅ Bantu ibu hamil &amp; keluarga
✅ Gerakkan ekonomi petani nelayan umkm 
✅ Perkuat kesejahteraan rakyat

MBG gas pol 🔥 🔥 
#LanjutkanMBG

#iran #trump https://t.co/ppbMzUQ8FJ",presiden hari buruh mbg sangat penting gizi anak ekonomi rakyat mbg manfaat atas stunting bantu ibu hamil amp keluarga gerak ekonomi tani nelayan umkm kuat sejahtera rakyat mbg gas pol,Jijik,Jijik
"✨ Cegah Stunting, Wujudkan Generasi Sehat!
Stunting adalah kondisi kurang gizi kronis yang berdampak pada pertumbuhan dan kecerdasan anak.
Yuk lakukan langkah ABCDE:
✔️ Aktif minum TTD
✔️ Bumil periksa rutin (min. 6x)
✔️ Cukupi protein hewani
✔️ Datang ke Posyandu https://t.co/nJ1fT6LB8I",cegah stunting wujud generasi sehat stunting kondisi kurang gizi kronis dampak tumbuh cerdas anak yuk laku langkah abcde aktif minum ttd bumil periksa rutin min x cukup protein hewani datang posyandu,Jijik,Jijik
"open ya joki gizi ✨🌷#jokitugas #zonauang
bisaa cek testimonial disini 👐 yg paling lengkap di Instagram yaa https://t.co/8F8ThoOwZZ",open joki gizi bisaa cek testimonial sini yg paling lengkap instagram yaa,Percaya,Tertarik
"turut mendukung program perbaikan gizi fritzy dengan memberi permen berkualitas 😋🩷

#EverybodyGetCandy🍭
#PetiteGirls
#candy3generasi
#JKT48RequestHour https://t.co/Ox2wYCYlP6",turut dukung program baik gizi fritzy beri permen kualitas,Jijik,Percaya
"Edukasi kesehatan terus diperkuat 💪✨ 
LPP Bengkulu mengikuti penyuluhan anemia guna meningkatkan pemahaman warga binaan tentang pentingnya pola hidup sehat, konsumsi gizi seimbang, dan pencegahan anemia. https://t.co/nQmF5hSkFN",edukasi sehat terus kuat lpp bengkulu ikut suluh anemia tingkat paham warga bina penting pola hidup sehat konsumsi gizi imbang cegah anemia,Tertarik,Tertarik
"Kegiatan wajib anak cewek satu satu nya kalau weekend adalah
Masakin makanan buat Ayah🥰
Yang simple simple aja ya gais susundaan because aku pure blood teteh sunda💃🏻 https://t.co/hDA6HWIj7V",giat wajib anak cewek satu satu nya kalau weekend masakin makan buat ayah simple simple aja gais susundaan because aku pure blood teteh sunda,Jijik,Jijik
"Lepas ni kalau datang Terengganu for sure repeat stay hotel ni. Selesa, ruang besar &amp; wangiii je dari lobi sampai ke bilik. 

Makanan breakfast bertukar setiap hari. Nasi dagang, nasi minyak, nasi lemak… pulut kuning rendang. MasyaAllah semua sedap.

Yang penting tak seram 😆 https://t.co/5GCxr6uIjF",lepas ni kalau datang terengganu for sure repeat stay hotel ni selesa ruang besar amp wangiii je lobi ke bilik makan breakfast tukar hari nasi dagang nasi minyak nasi lemak pulut kuning rendang masyaallah semua sedap penting tak seram,Jijik,Jijik
"Judul nya makanan sisa🤣 karna kemarin kan aku bikin bakso, trus bihun nya nyisa dikit, seledri nya nyisa, bakso nya nyisa 3 biji, jadilah kita eksekusi jdi bihun goreng🙂 https://t.co/Ft1wX0fPGa",judul nya makan sisa karna kemarin kan aku bikin bakso trus bihun nya nyisa dikit seledri nya nyisa bakso nya nyisa biji jadi eksekusi jdi bihun goreng,Jijik,Jijik
"‼️TOMORO BUY 1 GET 1 DISKON 2K‼️
berlaku untuk orderan yang sama

OPEN JASA ORDER MAKANAN/MINUMAN☕️🍩 harga lebih murah dari aplikasi, trusted amanah 100%

tag. kopken fore tomoro janji jiwa

🛒KATALOG JASDOR
https://t.co/F0Kr9dfqSO

#zonauang #zonajajan #bealanja #zonaduit https://t.co/nMBRgUPHrK",tomoro buy get diskon k laku order sama open jasa order makananminuman harga lebih murah aplikasi trusted amanah tag kopken fore tomoro janji jiwa katalog jasdor,Jijik,Jijik
"💚 In this economy, makanan kampung homemade menjadi solusi sender. Klo klean rencana makan malam pake apa nich? https://t.co/pUkm0TfyPf",in this economy makan kampung homemade jadi solusi sender klo klean rencana makan malam pake apa nich,Jijik,Jijik
"@bopo_jodhipati Aturan ini sebenarnya masih abu-abu, tapi di kebanyakan resto mereka melarang bawa makanan/minuman dari luar (termasuk air putih). Jadi disarankan kita beli aja yg tersedia di resto itu, atau abis makan baru beli minum di luar🙃",atur benar abuabu banyak resto larang bawa makananminuman luar masuk air putih jadi saran beli aja yg sedia resto atau abis makan baru beli minum di luar,Jijik,Jijik
"baru dapet info kalo pas di nikahan gw ada MALING MAKANAN 😭😭 jadi dia bergerombol 3 orang (uninvited, karena masuk gapake QR + gaada yg kenal…) terus ngambilin catering gw &amp; dimasukin ke banyak tupperware….WKWKWK",baru dapet info kalo pas nikah gw maling makan jadi gerombol orang uninvited masuk gapake qr gaada yg kenal terus ngambilin catering gw amp dimasukin banyak tupperwarewkwkwk,Jijik,Jijik
"@UTDFade bang fadil aku keluargamu, bagi makanan aku juga ya 🫶🏻",bang fadil aku keluarga makan aku ya,Percaya,Percaya
"*lagi makan pempek mau bayar

""berapa mas? tadi pempek 1 porsi, es teh, sama singkong rebus""
""singkong rebus nya gausah mas, itu makanan saya dibawain istri :((
""maaf bang😭😭😭""

sumpah malu bgt😭😭😭 https://t.co/hth3rOTLwJ",makan pempek mau bayar berapa mas tadi pempek porsi es teh sama singkong rebus singkong rebus nya gausah mas makan dibawain istri maaf bang sumpah malu bgt,Tertarik,Jijik
@P3gEl @ronnyhenk1 Iya.. sudah sepuh banget . Itu juga ngambil nya buat beli beras karena gak ada makanan 😭,iya sepuh banget juga ngambil nya buat beli beras gak makan,Jijik,Jijik
"Gara-gara minum T****i kemarin, sekarang radang tenggorokan 🥲🥲🥲 

Infokan makanan yang cocok buat kena radang",garagara minum ti kemarin sekarang radang tenggorok info makan cocok buat kena radang,Jijik,Jijik
"🪾Tanahnya dirusak
🪾Hutan Adat mrk kini Hilang
🪾Sumber Air yg Mrk Minum tlh Mengering
🪾Hutan Penghasil Makanan &amp; Obat2an buat mkr uda Rata dgn Tanah

Lalu pertanyaanya Kemana Perginya Kayu2 yg ditebang itu?

Tak ada sedikitpun tersisa utk mrk? https://t.co/D6m4q1Fq1y",tanah rusak hutan adat mrk kini hilang sumber air yg mrk minum tlh ering hutan hasil makan amp obat buat mkr uda rata dgn tanah lalu pertanyaanya pergi kayu yg tebang tak sedikit sisa utk mrk,Jijik,Jijik
"@wfr3104 Mungkin perlu rasa kebulur tu macam mana
Sedih tengok makanan dibazir sebegini 😢

Dicadangkan agar suatu bentuk denda dikenakan keatas peserta program yang bazirkan makanan seperti ini.

Juga denda kpd katerer jika makanan tak mencapai mutu ditetapkan",mungkin perlu rasa bulur tu macam mana sedih tengok makan dibazir begini cadang suatu bentuk denda kena atas serta program bazirkan makan ini denda kpd katerer makan tak capai mutu tetap,Jijik,Jijik
"LAWATAN KE DAPUR PENYEDIAAN MAKANAN JEMAAH HAJI MALAYSIA 🕋

Alhamdulillah, saya berkesempatan meninjau sendiri dapur penyediaan makanan buat jemaah haji Malaysia.

Keadaan dapur sangat bersih, teratur dan mematuhi standard kebersihan yang tinggi. Semua petugas turut menunjukkan komitmen yang amat baik dalam memastikan penyediaan makanan berada pada tahap terbaik.

Makanan yang disediakan bukan sahaja berkualiti, malah menepati cita rasa jemaah Malaysia. Istimewanya, chef berpengalaman dari Kedah turut memastikan setiap hidangan memenuhi standard yang ditetapkan.

Kebajikan dan keselesaan dhuyufurrahman sentiasa menjadi keutamaan. Kita usaha sebaiknya demi memastikan jemaah haji Malaysia dapat beribadah dengan tenang dan sempurna. 🤍

🤲🇲🇾

#SebarkanSalam
#MadaniMembantu

📸 Shafiq (Media YBM HEA)",lawat dapur sedia makan jemaah haji malaysia alhamdulillah sempat tinjau sendiri dapur sedia makan buat jemaah haji malaysia ada dapur sangat bersih atur patuh standard bersih tinggi semua tugas turut tunjuk komitmen amat baik pasti sedia makan ada tahap baik makan sedia bukan sahaja alit malah tepat cita rasa jemaah malaysia istimewa chef alam kedah turut pasti hidang penuh standard tetap kebaji selesa dhuyufurrahman sentiasa jadi utama usaha baik pasti jemaah haji malaysia ibadah tenang sempurna shafiq media ybm hea,Jijik,Jijik
"Ini lucu sih 😂

Jadi, Gubernur Maluku Utara Sherly Tjoanda lagi berkunjung ke rumah Ashanty,

Saat Ashanty lagi asyik cerita, bu Sherly malah sibuk ngelihatin makanan yg disajikan di depannya,

Akhirnya, bu Sherly nyomot makanan itu &amp; langsung hap dimasukin ke mulutnya 😂 https://t.co/2iH45QDGwc",lucu sih jadi gubernur malu utara sherly tjoanda kunjung rumah ashanty ashanty asyik cerita bu sherly malah sibuk ngelihatin makan yg saji depan akhir bu sherly nyomot makan amp langsung hap dimasukin mulut,Jijik,Jijik
"💚 patah hati 😭 salah satu makanan favorite sender. Minimal bgt seminggu sekali pasti beli di sini. Dr sebelum ramadhan tempatnya kaya lg dibenerin, aku kira cm renovasi, ternyata 😭

Selain krn makanannya enak bgt, jd favorite krn di sana bersiiiih bgt, rapi, ramah 🥲 https://t.co/6ij0Z162ez",patah hati salah satu makan favorite sender minimal bgt minggu sekali beli sini dr ramadhan tempat kaya lg dibenerin aku kira cm renovasi nyata krn makan enak bgt jd favorite krn sana bersiiiih bgt rapi ramah,Jijik,Jijik
"Tolong bantu aku guys
Aku bayarin 100rb juga gpp yang punya ini makanan gambar baby shark😭
Tolong banget dalam rangka memenuhi keinginan perempuan yang menolak ini makanan perkara bungkusnya ga sesuai yang dia mau😭🙏 https://t.co/nEWJMXcfXR",bantu aku guys aku bayarin rb gpp punya makan gambar baby shark banget rangka penuh ingin perempuan tolak makan perkara bungkus ga sesuai dia mau,Jijik,Jijik
"Hai MYPLLI!

Jangan lupa temujanji kita untuk memeriahkan sambutan Hari Eunho!

🕔Hashtag attack: 5:24PM MYT (hari ini &amp; esok)
‼️Jangan lupa sertakan #‼️:
#Makan_Bersama_MYPLLI
#MalaysianFoodJustForCWK
Sila post ucapan/gambar makanan yang penuh kasih sayang untuk CWK kita!",hai myplli jangan lupa temujanji riah sambut hari eunho hashtag attack pm myt hari amp esok jangan lupa serta sila post ucapangambar makan penuh kasih sayang untuk cwk,Jijik,Tertarik
"Dulu banyak makanan yang nggak gua suka,  akhirnya beberapa makanan itu gua cobain dan jadi DOYAN. 

Cuma DURIAN dari gua kecil udah pernah gua cobain sampe gua gede gua cobain lagi dan semuanya berakhir mau muntah. 

Kalo masih ada yang bilang ""ah lu mah belum nyobain kali makanya bilang ga suka"" 

Gua ga suka durian, sekeluarga gua pesta durian di rumah, gua nginep di rumah temen gua sampe baunya ilang. 

Temen temen gua makan durian, gua liatin dari jauh karena eneg sama baunya. 

Gua ga milih milih, emang ga suka sama bau dan rasanya.  Di dalem mulut tuh kayak ada tai tiap nyobain durian 😭",dulu banyak makan nggak gua suka akhir beberapa makan gua cobain jadi doyan cuma durian gua kecil udah pernah gua cobain sampe gua gede gua cobain semua akhir mau muntah kalo bilang ah lu mah nyobain kali makanya bilang ga suka gua ga suka durian keluarga gua pesta durian rumah gua nginep rumah temen gua sampe bau ilang temen temen gua makan durian gua liatin jauh eneg sama bau gua ga milih milih emang ga suka sama bau dan rasa dalem mulut tuh kayak ada tai tiap nyobain durian,Jijik,Jijik
"PLN babi emang kasian yang usaha umkm ya Allah yg usaha pake eskrim cair, dagangan busuk, makanan basi, DASAR PEMERINTAH DZALIM🫵🏻

gue doain dibalas Allah di dunia dan akhirat. aamiin",pln babi emang kasi usaha umkm allah yg usaha pake eskrim cair dagang busuk makan basi dasar perintah dzalim gue doain balas allah dunia akhirat aamiin,Jijik,Jijik
"Ketika poin MyM Rewards berubah jadi voucher hotel 😭✨

Untung udah download Aplikasi McDonald’s, karena bukan cuma banyak promo makanan, tapi juga ada berbagai reward menarik mulai dari voucher hotel, tiket pesawat, &amp; masih banyak lagi 👀❤️

https://t.co/9Qc0DNQ1dA https://t.co/WPDk7t7FC6",poin mym rewards ubah jadi voucher hotel untung udah download aplikasi mcdonalds bukan cuma banyak promo makan juga bagai reward tarik mulai voucher hotel tiket pesawat amp banyak,Jijik,Jijik
Terimakasih banyak orang baik udah dikirim makanan hehehehhee 🥰 https://t.co/F289tifxVA,terimakasih banyak orang baik udah kirim makan hehehehhee,Jijik,Percaya
"@FikRiddler @adanginyah Bnr jg sih.. Lempeng2 aja rasanya kek makanan tanpa garem, ga ada gurih2nya. Tp terlalu berliku jg menguras energi bgt. Intinya harus paham kapan merasa hubungan mulai terasa anyep, dan kapan malah terasa terlalu berbumbu. Karna perempuan itu lbh sering menggunakan perasaannya 🙃",bnr jg sih lempeng aja rasa kek makan garem ga gurih tp terlalu liku jg uras energi bgt inti paham kapan rasa hubung mulai asa anyep kapan malah asa terlalu bumbu karna perempuan lbh sering guna asa,Jijik,Jijik
"[260523] #JUHOON & #JAMES | KKONDAEHEE

👦🏻: Sudah tiga kali
👦🏻: Eyyy, ayo kita makan dengan santai aja, siapa juga yang peduli soal aduk-mengaduk makanan
🐢: Anggap aja kita ini keluarga
👦🏻: Iya, bener
👦🏻: Eh tunggu, kita keluarga?
🐢: Bukankah margamu Kim?
👦🏻: Siapa? Aku?
👦🏻: Margaku Kwon
🐢: Ooh...

Juhoon😭😂

#주훈 #CORTIS #코르티스",kkondaehee tiga kali eyyy ayo makan santai aja siapa yang peduli soal adukmengaduk makan anggap aja ini keluarga iya bener eh tunggu keluarga bukankah marga kim siapa aku marga kwon ooh juhoon,Jijik,Jijik
"Lagi di acara reuni papa, acara di rumah sendiri

: ini anaknya siapa?
: anaknya Pak ----, Tante
: enak ya punya anak cewe, bisa bantu-bantu

Emangnya kalau laki2 gabisa ya bantu2? Pdhl cuma mindah2in makanan dr wadahnya aja, sama sajiin ke depan.
Tapi emg kalau acara kumpul2 gitu  Laki2 tuh ga pernah bantu beres2in di belakang 😅",acara reuni papa acara rumah sendiri anak siapa anak pak tante enak punya anak cewe bantubantu emang kalau laki gabisa bantu pdhl cuma mindahin makan dr wadah aja sama sajiin depan emg kalau acara kumpul gitu laki tuh ga pernah bantu resin di belakang,Jijik,Jijik
@Hanibon1004 makanan pagi🤤,makan pagi,Percaya,Percaya
"💬 tapi emang sih, kalo makan mie tuh gula darah cepet naiknya!! bibim naengmyeon atau sayuran bisa bikin naiknya agak pelan, tapi makanan kayak pyeongnaeng sama kalguksu kan cuma mie doang!!
🐿️ benerr, ada yang bilang kayak gitu juga
🐿️ jadi katanya sebelum makan pyeongnaeng makan banchan sayuran dulu baru makan mienya
🐿️ tapi kalo pengen ngerasain yang bener-bener pyeongnaeng tuh
🐿️ harus dimakan tanpa makan apa pun lagi
🐿️ rasa pertama dari pyeongnaeng ituloh
🐿️ tauuuu
🐿️ tau nggakk??
💬 gatau
🐿️ ohh gitu...yaa pokoknyaa..gitulahh
🐿️ sedih deh
💬 karna gula darahnya cepet naik ??
🐿️ huumㅋㅋㅋㅋ

jadi cepet ngantuk gituloh kalo abis mam mie tuh, gitu maksudnya",emang sih kalo makan mie tuh gula darah cepet naik bibim naengmyeon sayur bikin naik pelan makan kayak pyeongnaeng sama kalguksu kan cuma mie doang benerr bilang kayak gitu jadi kata makan pyeongnaeng makan banchan sayur dulu baru makan mienya kalo ken ngerasain yang benerbener pyeongnaeng tuh makan makan apa lagi rasa pertama pyeongnaeng ituloh tauuuu tau nggakk gatau ohh gituyaa pokoknyaagitulahh sedih deh karna gula darah cepet naik huum jadi cepet ngantuk gituloh kalo abis mam mie tuh gitu maksud,Jijik,Jijik
"Bahkan gua paling kritik banget soal makanan😭
Harus banget kudu ngasih tau emaknya harus masakin sayuran..",bahkan gua paling kritik banget soal makan banget kudu ngasih tau emaknya masakin sayur,Jijik,Jijik
"Krn hari Minggu anak Lanang minta dibuatkan segabeti ala londo mix ceker pedas manis buat nonton Netflix. Ini lah perpaduan makanan kompeni dan jowo mania. 😅😅

Simbok ♥️ https://t.co/PxFB2a9RDK",krn hari minggu anak lanang minta buat segabeti ala londo mix ceker pedas manis buat nonton netflix lah padu makan kompeni jowo mania simbok,Tertarik,Jijik
"@anggraenime Nggak bisa kak 🥲 makanya bawa lauk sendiri seperti kentang mustofa, abon, makanan kalengan lain cukup berguna  sekali",bisa kak makanya bawa lauk sendiri kentang mustofa abon makan kaleng cukup guna sekali,Jijik,Jijik
"@simply_err @itbfess_x Kalian ga punya akal sbg manusia?

Perkara sulitnya dapet pesenan makanan aja begitu.

Ga bisa mikir? ga bisa jalan? Manja? 

Kan udah diberi himbauan agar ada antisipasi utk perayaan juara Persib,  bisa kan menyiapakan segala sesuatunya utk hari sabtu dan minggu?
Yaa ampun 😮‍💨",kalian ga punya akal sbg manusia perkara sulit dapet sen makan aja ga mikir ga jalan manja kan udah beri himbauan ada antisipasi utk raya juara persib kan siapa segala sesuatu utk hari sabtu minggu yaa ampun,Jijik,Jijik
"@tir_mcdohll kalo itu makanan fav gue, pasti coba😭",kalo makan fav gue coba,Percaya,Percaya
Lah pada baru tau? Acara kek gini tuh emang makanan bergizi sangat tinggi😂 https://t.co/gC54ruSqRs,lah baru tau acara kek gin tuh emang makan gizi sangat tinggi,Tertarik,Jijik
"Kyehoon lagi setting makanan di meja, botol soda nya kesenggol dan hampir nyembur 😭😭 https://t.co/eX7Hhlbdn4",kyehoon setting makan meja botol soda nya senggol hampir nyembur,Jijik,Jijik
ini lagi ngomongin onu yang katanya dia tuh berat badannya bertambah aka makin chubby gembuy mbuy 😚 ya gimana ya.. his jibsaram aja seperhatian itu soal makanan; min bilang kalo dia bakal masak apapun even semangkuk ramen tapi with lot care # tweet rps 🤡 https://t.co/LtTCcDX6Im,lagi ngomongin onu kata tuh berat badan tambah aka makin chubby gembuy mbuy gimana his jibsaram aja perhati soal makan min bilang kalo bakal masak apa even semangkuk ramen with lot care tweet rps,Jijik,Jijik
"Dear Little devils pastiin sebelum malam kalian mam dulu makanan yg enak, mandi, beli snack yg mau di mam, kopi untuk yg ngopiii.. 
Kita harus dalam kondisi yang baikkk karena mlmnya kita pasti jd tissu yg kena aer ☝

PERTHSANTA CHEQUERED FLAG

#LOLFanFest2026D3",dear little devils pastiin malam kalian mam dulu makan yg enak mandi beli snack yg mau mam kopi yg ngopiii harus kondisi baikkk mlmnya pasti jd tissu yg kena aer perthsanta chequered flag,Jijik,Jijik
"@tanyakanrl Kak strechmarks itu normal ya, kebanyakan orang juga ada, tergantung kulitnya elastis apa engga, bisa dikurangi dengan banyak konsumsi makanan yang mengandung kolagen, bisa pake lotion penghilang strechmarks. Tetep PD aja. aku juga ada strechmarks kok🫶🫶
https://t.co/KDeCLBnANa",kak strechmarks normal banyak orang ada gantung kulit elastis apa engga rang banyak konsumsi makan kandung kolagen pake lotion hilang strechmarks tetep pd aja aku ada strechmarks kok,Jijik,Jijik
@deeandra_naya ya tapi emang susah sih nolak makanan gratis gitu 😹,tapi emang susah sih nolak makan gratis gitu,Percaya,Jijik
@Alarsszz Makanan terenak yg kulihat hari ini di X 😊👍 Barakallah..,makan enak yg lihat hari di x barakallah,Jijik,Jijik
"@tanyarlfes Aku aja yg udh jadi istri (jdi bagian keluarga) ga berani nyicip makanan adek iparku, mau sepengen apapun pasti aku tahan dan beli sendiri setelahnya, ko kamu berani bgt minta nyicip makanan adek pacarmu, klian deket bgt kah smpe kamu ga malu kaya gitu?😭",aku aja yg udh jadi istri jdi bagi keluarga ga berani nyicip makan adek ipar mau ken apa aku tahan beli sendiri telah ko kamu berani bgt minta nyicip makan adek pacar klian deket bgt smpe kamu ga malu kaya gitu,Jijik,Jijik
"Minum satu sedotan✅
Makanan dibukain✅
Perut dielus-elus✅
Nempel terus✅

Fix sih ini https://t.co/Cu1Ysl6beU",minum satu sedot makan dibukain perut dieluselus nempel terus fix sih,Jijik,Jijik
"Hari2 begitu, tiap stream klau sambil makan antara makanan di anggurin di tengah2 atau makannya nanti habis selesai stream 😭",hari tiap stream klau makan makan anggurin tengah makan habis selesai stream,Sedih,Percaya
"Analoginya sederhana, Nadiem diibaratkan pasien, sedangkan Jamdatun sebagai dokternya. 

Pasien BERKONSULTASI kepada dokter mengenai menu makanan yang harus dikonsumsi, dokter tau bahwa menurut rekam medis pasien tersebut memiliki GEJALA diabetes.

Berdasarkan pertimbangan tersebut maka dokter MENYARANKAN agar pasien tidak lagi mengkonsumsi gula tebu, namun menggantinya dengan gula dari daun stevia. 

Pasien yang merasa bahwa dirinya sehat  tidak mengindahkan sara dari dokter, dia tetap mengkonsumsi gula tebu. 

Setahun berlalu, pasien mulai merasa ada perubahan drastis pada tubuhnya. Dia mengalami disfungsi ereksi dan muncul bercak hitam di area lipatan tubuh (seperti leher atau ketiak), yang menjadi tanda resistensi insulin.

Perubahan tersebut diketahui oleh istri si pasien, dia memaksa agar suaminya pergi ke RS untuk memeriksakan kesehatan, hasil medical check up menunjukkan bahwa kadar gula darah pasien meningkat dan melebihi ambang batas sehingga menyebabkan rusaknya pankreas.

Dokter menyarankan agar pasien menjalani perawatan, namun pasien menolak dan justru balik menyalahkan dokter. Alasannya dia sudah pernah berkonsultasi dengan dokter... Kan aneh banget ini pasien.. 🙈

Begitulah kira-kira yg terjadi dengan Nadiem, dimana dia memang pernah BERKONSULTASI dengan Jamdatun untuk meminta saran terkait rencana kebijakan pembelian laptop.

Karena Jamdatun mengetahui bahwa perusahaan Gojek milik Nadiem pernah disuntik investasi oleh Google pada tahun 2017, ketika itu Nadiem belum dilantik menjadi menteri. 

Berdasarkan fakta tersebut, guna mencegah terjadinya konflik kepentingan dalam program pengadaan laptop, Jamdatun membuat garis merah dengan menyarankan pembelian laptop berbasis windows. 

Mendapatkan saran tersebut, Nadiem malah ngeyel dam kekueh membeli laptop chromebook, akhirnya kini terlibat kasus hukum dan Nadiem dianggap t telah memperkaya korporasi. Nadiem gak terima lalu mencoba meraih simpati masyarakat dengan menyebarkan isu bahwa dibalik kebijakan yang diambilnya selalu berkonsultasi dengan Jamdatun, namun tidak menjelaskan bahwa dalam pengambilan keputusan dirinya sama sekali tak mau mengikuti saran dari Jamdatun.

Ya, konsultasi yang dilakukan oleh Nadiem cuma formalitas belaka, guna melegitimasi keputusan yang telah ditetapkan jauh sebelum dia menjabat sebagai menteri.

Begitulah modus yang coba disembunyikan oleh Nadiem dari perhatian publik.",analogi sederhana nadiem ibarat pasien jamdatun dokter pasien konsultasi dokter kena menu makan harus konsumsi dokter tau turut rekam medis pasien sebut milik gejala diabetes dasar timbang sebut dokter saran pasien lagi konsumsi gula tebu ganti gula daun stevia pasien rasa diri sehat indah sara dokter tetap konsumsi gula tebu tahun lalu pasien mulai rasa ubah drastis tubuh alami disfungsi ereksi muncul bercak hitam area lipat tubuh leher ketiak jadi tanda resistensi insulin ubah sebut tahu istri si pasien paksa suami pergi rs periksa sehat hasil medical check up tunjuk kadar gula darah pasien tingkat lebih ambang batas sebab rusak pankreas dokter saran pasien jalan awat pasien tolak justru balik salah dokter alas sudah pernah konsultasi dokter kan aneh banget pasien begitu kirakira yg jadi nadiem dia memang pernah konsultasi jamdatun minta saran kait rencana bijak beli laptop jamdatun tahu usaha gojek milik nadiem pernah suntik investasi google tahun itu nadiem lantik jadi menteri dasar fakta sebut cegah jadi konflik penting program ada laptop jamdatun buat garis merah saran beli laptop bas windows dapat saran sebut nadiem malah ngeyel dam kekueh beli laptop chromebook akhir kini libat kasus hukum nadiem anggap t kaya korporasi nadiem gak terima lalu coba raih simpati masyarakat sebar isu balik bijak ambil selalu konsultasi jamdatun tidak jelas dalam ambil putus diri sama sekali tak mau ikut saran jamdatun konsultasi laku nadiem cuma formalitas belaka legitimasi putus telah tetap jauh dia jabat menteri begitu modus coba sembunyi nadiem perhati publik,Jijik,Jijik
"Suamiku berangkat ngantor, “aku mampir point lagi ya, bilangnya gimana nanti? Yg rasa-rasa gitu? Mau beliin pak Rahmat” 
Wkwkwkwk dia abis pamer terus mau beliin buat nyicipin. Sama aja ternyataa bapak-bapak ini kalo urusan makanan suka pamer ke temen2nyaa 🤣🤣",suami berangkat ngantor aku mampir point ya bilang gimana yg rasarasa gitu mau beliin pak rahmat wkwkwkwk abis pamer terus mau beliin buat nyicipin sama aja ternyataa bapakbapak kalo urus makan suka pamer temennyaa,Jijik,Jijik
"Ngga rela banget, it’s ok kalau kulineran di indo nya dapet kuliner yang ngga enak, ngga higenis tapi dengan modal 5 dollar aja mereka udah bisa makan makanan bersih, enak, mengenyangkan dan itu ngga bikin kantong mereka kering😒",ngga rela banget its kalau kuliner indo nya dapet kuliner ngga enak ngga higenis dengan modal dollar aja udah makan makan bersih enak kenyang itu ngga bikin kantong kering,Jijik,Jijik
"away india
gimana soal makanan hotelnya 🫪",away india gimana soal makan hotel,Jijik,Jijik
"Bukannya simpel aja yak?

- ngabisin makanan yg emang porsinya kita -&gt; normal, bukan rakus
- kalo ga sanggup ngabisin -&gt; minta take away atau bawa plastik dari rumah, bungkuss

Jujur baru tau banyak yg berpendapat ngabisin makanan = rakus 😅",bukan simpel aja yak ngabisin makan yg emang porsi gt normal bukan rakus kalo ga sanggup ngabisin gt minta take away bawa plastik rumah bungkuss jujur baru tau banyak yg dapat ngabisin makan rakus,Jijik,Jijik
"i love kantorku skrng🥰
dulu buat nyemil aja harus sembunyi², pindah kesini justru tiap hari disediain makanan buat nyemil🥹 https://t.co/hSO5lKC3mA",i love kantor skrng dulu buat nyemil aja sembunyi pindah kesini justru tiap hari ain makan buat nyemil,Jijik,Jijik
"hal yg paling bikin kesal di dunia kpop enih, tau si lu disuruh diet tapi jgn dijatohin lah bjir sayang² bgt makanan dibuang, masa letoy bgt bawa kue aja gakuat?😭

udh paling bener si tresur2 itu kuenya selalu dimakan😭",yg paling bikin kesal dunia kpop enih tau si lu suruh diet jgn dijatohin lah bjir sayang bgt makan buang masa letoy bgt bawa kue aja gakuat udh paling bener si tresur kue selalu makan,Jijik,Jijik
btw kalian cobain makanan apa aja di fesbud kemaren😋,btw kalian cobain makan apa aja fesbud kemaren,Percaya,Percaya
"Aku pernah mimpi jadi makanan tp lupa jadi apa, itu aku teriak” pas mau masuk mulut “tolong lepas kan saya lepas kan saya” 😭😭",aku pernah mimpi jadi makan tp lupa jadi apa aku teriak pas mau masuk mulut lepas kan lepas kan,Jijik,Jijik
"Kamu emang gak beli makanan pake dollar, tapi
bahan makanan yang kamu makan itu di import dari luar ✅
packaging makanan juga di import dari luar ✅
biaya operasional kaya bahan bakar dll itu juga di import dari luar ✅
😍🤟🤍✅",kamu emang gak beli makan pake dollar bahan makan kamu makan di import luar packaging makan di import luar biaya operasional kaya bahan bakar itu di import luar,Jijik,Jijik
"membuat makanan buatan garwo embegeh buat mz yg ttp masuk duty , dan menikmati pagi pagii santuy 💫 https://t.co/hWZ3q7wysz",buat makan buat garwo embegeh buat mz yg ttp masuk duty nikmat pagi pagi santuy,Jijik,Jijik
"Gue sempet mikir gini, di jepang harga makanan emang jadi 1.5-3x di indo

Tapi gaji mereka 5x indo 🤭",gue sempet mikir gin jepang harga makan emang jadi x indo gaji x indo,Jijik,Jijik
Hehe tau aja makanan favorit aku.. terima kasih suamiku🥰💗 https://t.co/yT8nQRwHNE,hehe tau aja makan favorit aku terima kasih suami,Percaya,Percaya
"Makanan Unik Terbuat Dari Batu‼️
Ayo siapa yang mau 🤭 https://t.co/cWGnhIShiO",makan unik buat batu ayo siapa mau,Jijik,Jijik
"Coba sebutkan dari mana asalmu tanpa harus menyebutkan nama tempatnya, cukup menyebutkan ciri khasnya atau makanan khasnya saja, nanti ku tebak .😊",coba sebut mana asal harus sebut nama tempat cukup sebut ciri khas makan khas nanti ku tebak,Tertarik,Jijik
"Iyasih... badge hampir 30k bersih ina anggep aja 40k dpt makanan gopud or makan kenyang naspad gitu

di sana seharga minuman kopi take away/1 bungkus snack kering 😇",iyasih badge hampir k bersih ina anggep aja k dpt makan gopud or makan kenyang naspad gitu sana harga minum kopi take away bungkus snack kering,Percaya,Jijik
"BETUUUL!! 🤣 yang dimaksud ethan ini, guys... kemarin aku ngeributin makanan ini di kantor tapi lupa namanya 😭🙏🏻 kalo di magelang nyebutnya sih ""godril"", kalo di jogja kemarin nyebutnya apaan gitu lupa wkwkwk... tapi yang di mau si pamil yang kiloan oren gini~😌 https://t.co/htKOmcYkUD",betuuul maksud ethan guys kemarin aku ngeributin makan kantor lupa nama kalo magelang nyebutnya sih godril kalo jogja kemarin nyebutnya apa gitu lupa wkwkwk di mau si pamil yang kilo oren gin,Jijik,Jijik
kapan yaa gue bisa rasain makanan secara normal lagi 🥹,kapan yaa gue rasain makan normal,Percaya,Percaya
"Klo makan semua ditanggung negara kita kapan sekolahnya🤣 kita kapan punya jalan bagus, transportasi bagus🤣 demi makan🤣 makan yg dikorup🤣 padahal daun singkong telor sama terasi ge bisa bikin sendiri 🤣 tapi lebih milih makanan asbun ini 🤣 gajelas lu semuaaaaaaaaa🤣🤣bangal",klo makan semua tanggung negara kapan sekolah kapan punya jalan bagus transportasi bagus makan makan yg korup padahal daun singkong telor sama terasi ge bikin sendiri lebih milih makan asbun gajelas lu semuaaaaaaaaabangal,Jijik,Jijik
"Phở bò itu makanan khas Vietnam berupa mie kuah pake daging sapi. Isiannya biasanya mie beras, irisan daging sapi, tauge, daun-daunan, terus disiram kuah kaldu sapi yang dimasak lama pake rempah kayak kayu manis, bunga lawang, jahe, sama cengkeh 🍜

Yang bikin khas tuh kuahnya, gurih tapi tetep ringan dan wangi rempahnya berasa banget. Di Vietnam sendiri phở bò sering dimakan buat sarapan, tapi sebenernya enak dimakan kapan aja, apalagi pas cuaca dingin atau lagi cape seharian.

pict pinterest",ph b makan khas vietnam upa mie kuah pake daging sapi isi biasa mie beras iris daging sapi tauge daundaunan terus siram kuah kaldu sapi masak lama pake rempah kayak kayu manis bunga lawang jahe sama cengkeh bikin khas tuh kuah gurih tetep ringan wangi rempah asa banget vietnam sendiri ph b sering makan buat sarap sebenernya enak makan kapan aja pas cuaca dingin lagi cape hari pict pinterest,Jijik,Jijik
AKU LUPA MIKIRIN MAKANAN BUAT NANTI HARI H 🧍‍♀️ ya uda gapapa nyenek aja 👍,aku lupa mikirin makan buat hari h uda gapapa nyenek aja,Percaya,Tertarik
"Baru banget beres kantor. Dept HR pada lembur semua wkwkwk. Orang ber 6 makanan lembur udah kek sekampung, apa aja dipesan 😅",baru banget beres kantor dept hr lembur semua wkwkwk orang ber makan lembur udah kek kampung apa aja pes,Jijik,Jijik
"Part 2 lanjut makan lagii😭

kali ini di 
📍Xia Dimsum

Setelah hidup di jkt 1 taun gue baru sadar ternyata makanan di Malang semurah itu😭

semua ini totalnya cuma 80 ribuan😭 https://t.co/I8iroz333b",part lanjut makan lagi kali xia dimsum hidup jkt taun gue baru sadar nyata makan di malang murah semua total cuma ribu,Jijik,Jijik
Satru apa si? Orang Jawa tpi gw ga tau apa satru... Satru Yg gw tau cuma makanan dri beras ditumbuk halus itu😭,satru apa si orang jawa tpi gw ga tau apa satru satru yg gw tau cuma makan dri beras tumbuk halus,Jijik,Jijik
"Funfact makanan 🫣

Tau ga? klo Telur rebus ternyata lebih mengenyangkan daripada telur goreng, meski kalorinya lebih rendah loh.

itu smua krn proteinnya lebih mudah dicerna tubuh. 

Jd Kalian suka telur dimasak gimana? Rebus, dadar, atau orak-arik? https://t.co/FX8rGmPFQO",funfact makan tau ga klo telur rebus nyata lebih kenyang telur goreng meski kalori lebih rendah loh smua krn protein lebih mudah cerna tubuh jd kalian suka telur masak gimana rebus dadar orakarik,Jijik,Jijik
"Hello, para VTuber yang (suka) bikin konten makanan 😁

Silakan bikin konten makanan apapun dan (kalau mau) se-bizarre apapun, asal : 

- Jangan pakai makanan kadaluarsa (apalagi yang udah lama)
- Jangan nekat nyoba makanan yang bikin alergi kalian kambuh, berapapun kalian di-donate viewer. Risikonya nggak sebanding
- Jangan nekat nyoba makanan yang jadi pantangan dari penyakit kalian, berapapun kalian di-donate viewer. Risikonya nggak sebanding
- Know your stomach capacity

NB : tentu saja, temen-temen VTuber yang bikin konten soal makanan pasti udah punya pertimbangan masing-masing, and I respect that ☺️

Semangat ngontennya ya, guys 😁👍",hello vtuber suka bikin konten makan sila bikin konten makan apa kalau mau sebizarre apa asal jangan pakai makan kadaluarsa udah lama jangan nekat nyoba makan bikin alergi kalian kambuh berapa kalian didonate viewer risiko banding jangan nekat nyoba makan jadi pantang sakit kalian berapa kalian didonate viewer risiko banding know your stomach capacity nb saja tementemen vtuber yang bikin konten soal makan udah punya timbang masingmasing and i respect that semangat ngontennya guys,Jijik,Jijik
"Makanan yang dipajang atau diposting dan bikin orang ngiler tapi tidak bisa menikmatinya, maka berkurang keberkatan dari makanan tsb. 
Sebab itu makanya kurang-kurangi posting makanan ...🙏😊",makan pajang diposting bikin orang ngiler tidak nikmat kurang berkat makan tsb itu makanya kurangkurangi posting makan,Tertarik,Jijik
"baru 13 hari nyoba dua-duanya, dan aku baru sadar affiliate makanan beda banget 😭

affiliate barang:
orang masih mikir dulu

affiliate makanan:
liat enak + lagi laper = checkout

kalo udah laper emang lebih gampang kalap wkwk
kalian juga tipe yang gampang checkout kalau lihat konten makanan ga? 👀",baru hari nyoba duaduanya aku baru sadar affiliate makan beda banget affiliate barang orang mikir dulu affiliate makan liat enak laper checkout kalo udah laper emang lebih gampang kalap wkwk kalian tipe gampang checkout kalau lihat konten makan ga,Jijik,Jijik
"bisa masak yaudah bagus, gabisa masak yauda beli makanan.

teringat guruku pernah cakap, letak nikmat makanan tu cuma seruas jari. lewat dari lidah, masuk kerongkongan, dah ilang rasa tu.

intinya, ada rejeki yang bisa engkau makan, makanlah, usah diributkan perihal ni. single pun kau hantam segala rupa makanan, tiba menikah kau tuntut anak orang harus lihai memasak.

bisa memasak dia, bagus. gabisa memasak, makanlah apa yang bisa buat korang hidup wkwkwkwkkw apa payah 🤣",masak yaudah bagus gabisa masak yauda beli makan ingat guru pernah cakap letak nikmat makan tu cuma seruas jari lewat lidah masuk kerongkongan dah ilang rasa tu inti rejeki engkau makan makan usah ribut perihal ni single kau hantam segala rupa makan tiba meni kau tuntut anak orang lihai masak bisa masak bagus gabisa masak makan apa bisa buat korang hidup wkwkwkwkkw apa payah,Jijik,Jijik
"Setuju nggak kalau  ransum seharusnya dijadikan makanan darurat bencana.. Karena menurutku makanan ransum sangat” layak,selain tahan lama bergizi tinggi, rasanya juga enak” loh😭￼ https://t.co/9xUgUHEkRi",tuju kalau ransum jadi makan darurat bencana turut makan ransum sangat layakselain tahan lama gizi tinggi rasa enak loh,Jijik,Jijik
"Bagindaa ga mood makanan kerajaan, langsung kepikiran makanan rakyat yang semua suka 😻 https://t.co/b2GrqDKoOl",bagindaa ga mood makan raja langsung pikir makan rakyat semua suka,Percaya,Jijik
"-star BND lagi mabar PUBG terus tesan nanya strategi ke woonhak Ehh woonhak nya malah scroll makanan 🤣🤣🤣 aduh dede pikirannya makanan terus  🤣🤣
 https://t.co/x4uuVNcsGi",star bnd mabar pubg terus tes nanya strategi woonhak ehh woonhak nya malah scroll makan aduh dede pikir makan terus,Jijik,Jijik
@tanyarlfes Harga makanan kucing lebih mahal dari seporsi embegehhhhhh ya bu babu. Nanti oyen mencret nyantap makanan murah 😾,harga makan kucing lebih mahal porsi embegehhhhhh bu babu oyen mencret nyantap makan murah,Jijik,Jijik
"Setelah AIR, LISTRIK, terus apa? Berikutnya adalah MAKANAN.
Nah ini gue masih riset-riset lagi, kalau udah lengkap infonya gue share lagi ya. Nyalain notif aja biar nggak kelewatan..
Mulai dari makanan yang kadaluwarsanya lama, sampe teknik pengawetan makanan, vacuum, ransum, nanem sendiri di tanah atau pake teknik hidroponik dll. Soon yaa 🙏🏻",air listrik terus apa ikut makan nah gue risetriset kalau udah lengkap info gue share ya nyalain notif aja biar lewat mulai makan kadaluwarsanya lama sampe teknik awet makan vacuum ransum nanem sendiri tanah pake teknik hidroponik soon yaa,Jijik,Jijik
"ada yang pernah ke📍Wanawatu, Yogyakarta?

Coffeeshop ala bali, outdoornya nyaman bgt ga panas, banyak spot foto, makanan &amp; minuman enak, harga bukan untuk kaum mendang mending karna untuk ukuran di jogja bisa terbilang mahal yaa, tapi sesekali boleh bgt mampir kesini✨ https://t.co/aBZzTovaRQ",yang pernah kewanawatu yogyakarta coffeeshop ala bal outdoornya nyaman bgt ga panas banyak spot foto makan amp minum enak harga bukan kaum dang mending karna ukur jogja bilang mahal yaa sekal bgt mampir kesini,Jijik,Jijik
"Bagi freebies makanan di konser aneh gk si???

Makanannya : pempek palembang🤤",freebies makan konser aneh gk si makan pempek palembang,Jijik,Jijik
"Terima kasih, #SobatFEB atas support system berupa makanan selama ujian inii

berasa diperhatiin setiap hari🤭🤍 https://t.co/Cavh9mDAge",terima kasih atas support system upa makan lama uji ini asa diperhatiin hari,Percaya,Percaya
Gw sebagai yg gabisa bedain makanan basi be like 😃🤡 terlanjur 👉👈,gw yg gabisa bedain makan basi be like lanjur,Percaya,Percaya
"ANJENGGGG MASUK LAGI 😭😭😭😭😭😭
nb: ada aturan ga boleh bawa masuk makanan dari luar kedalam sekolah *beli https://t.co/gI2zNCrHum",anjengggg masuk nb atur ga bawa masuk makan luar dalam sekolah beli,Percaya,Percaya
makanan anak running man nanti😭😭😭wkwkwkwkwkwkwkwkw diceng2in abis2an rill,makan anak running man nantiwkwkwkwkwkwkwkwkw dicengin abis rill,Jijik,Jijik
"Seumur-umur makan strawberry belum pernah nemu yang rasanya mirip makanan 'rasa strawberry' 😭

Nemunya asem semua mau itu beli di tempat rekreasi ataupun di mall buah seperti Hokky 😭😭😭",seumurumur makan strawberry pernah nemu rasa mirip makan rasa strawberry nemunya asem semua mau beli tempat rekreasi atau mall buah hokky,Jijik,Jijik
Sedihnya rasa nak beli makanan pun tak mampu. Canne eh hidup orang betul betul susah. Sakitnya rasa tengok makanan sedap tapi mampu tengok je. 😞,sedih rasa nak beli makan tak mampu canne eh hidup orang betul betul susah sakit rasa tengok makan sedap mampu tengok je,Jijik,Jijik
"Maybe renang, jalan, wo yg ringan² makanan dia juga teratur dan selalu minum air putih (kata dia fav nya)👍",maybe renang jalan wo yg ringan makan juga atur selalu minum air putih kata fav nya,Jijik,Jijik
"segala puji bagi Allaah yang senantiasa memberikan kemudahan untuk kami mendapatkan makanan nikmat 🥰

kami = aku dan istri 💕hehew",segala puji allaah senantiasa beri mudah dapat makan nikmat kami aku istri hehew,Percaya,Percaya
"Sehari aja gw paniknya gak ketolong. Gw langsung check out makanan lain yang lebih mahal dan wangi. Pernah ganti pakan 2-3x, ternyata dia bosen sama yang lama.

Ya Allah kucing incess memang gitu sifatnya 🫠",hari aja gw panik gak tolong gw langsung check out makan lebih mahal wangi pernah ganti pakan x nyata bosen sama yang lama allah kucing incess memang gitu sifat,Jijik,Jijik
"back again with the baddies yg gabut nungguin makanan kita, who miss us? 👀💢 https://t.co/cm4dB70PXR",back again with the baddies yg gabut nungguin makan who miss us,Percaya,Percaya
Makanan kalo pengen jajan pas lagi ngirit 🤣,makan kalo ken jajan pas ngirit,Jijik,Jijik
"entahlah, makan dubai chewy cookie malah keinget makanan ini 😁 https://t.co/6ORFCPzPzM",entah makan dubai chewy cookie malah keinget makan,Jijik,Percaya
"ᅠ
Makanan enak buat apa diciptakan kalau bukan buat? Dimakan lah masa buat mancing keributan.

Ya udah gitu lah pokoknya. Makan enak dari si paling jaga makan. 😋
ᅠ https://t.co/9VOvUWORXN",makan enak buat apa cipta kalau bukan buat makan lah masa buat mancing ribut udah gitu lah pokok makan enak si paling jaga makan,Jijik,Jijik
"diet ternyata, bukan ga cocok sama makanan LA 🥲 @dindappd",diet nyata bukan ga cocok sama makan la,Percaya,Percaya
"Gak pernah sekaget ini liat ada manusia ngambil makanan di acara orang tanpa permisi. 😔😔😔
Gw udh tau emang dia tipenya gitu, tapi gak pernah sekaget ini bisa kepikiran ngorek2 panci orang",gak pernah kaget liat manusia ngambil makan acara orang permisi gw udh tau emang tipe gitu gak pernah kaget bisa pikir ngorek panci orang,Jijik,Jijik
"️️ 

️️ 
Malam kemarin mabok miras, malam ini mabok makanan manis sampai gigi giung. 
️️ 
️️ 
️️ https://t.co/J163DkVULo",malam kemarin mabok miras malam mabok makan manis gigi giung,Percaya,Percaya
"Makan makanan enak dan sehat, olahraga dengan tujuan kesehatan, istirahat yang cukup, dan tentu saja menjadi batu 😌",makan makan enak sehat olahraga tuju sehat istirahat cukup tentu jadi batu,Netral,Jijik
"Kamu tuh bukan makan yang salah…
cuma timing makannya aja yang zonk 😬

Makanan yang sama, kalau dimakan di waktu beda, efeknya juga beda banget:
bisa bikin enteng, berat, energik, atau malah kembung 🥲

Cuma dengan atur jam makan, respon badan kamu bisa berubah total.

(Picture by: ASI集团亚洲)",kamu tuh bukan makan salah cuma timing makan aja zonk makan sama kalau makan waktu beda efek beda banget bikin enteng berat energik malah kembung cuma atur jam makan respon badan kamu ubah total picture by asi,Netral,Jijik
"deres bgt ujannya, makanan spfoodku blm dateng 😭",deres bgt ujannya makan spfoodku blm dateng,Percaya,Percaya
"@nifar4ngantukZz (tapi kalau ada makanan mau) 😭😭😭😭 LUCU BNGT YA ALLAH, SEMANGAT BUAT TEMENNYA",kalau makan mau lucu bngt allah semangat buat temennya,Jijik,Tertarik
"Kepencet, keclick &amp; typo kayak udah jadi makanan sehari2 gw, heran.. KAN MALUUU 🙃🫠🤦🏻‍♀️",pencet keclick amp typo kayak udah jadi makan hari gw heran kan maluuu,Percaya,Jijik
"F28 here, lagi bisnis trip di Medan.

Ada yg di Medan ga? F/M boleh mau aku ajak makan Ramen di Orizuru kalo ga Dimsum Nelayan 🥲

Lagi males makan sendiri ga ada temen ngobrolnya wkwkwkwk.

Atau ada rekomendasi makanan enak di Medan?

Reply please 🤍🤍🤍🤍

altr!",f here bisnis trip medan yg medan ga fm mau aku ajak makan ramen orizuru kalo ga dimsum nelayan males makan sendiri ga temen ngobrolnya wkwkwkwk ada rekomendasi makan enak medan reply please altr,Jijik,Jijik
"Knp sih ibu ibu pesen makanan banyak banget, endingnya aku juga yg suruh ngabisin 🥲",knp sih ibu ibu sen makan banyak banget endingnya aku yg suruh ngabisin,Jijik,Jijik
"-rl ada saran makanan ga sih, atau kalian kasih tau aku malam pada makan apaa? aku bosen banget dari kemaren, pesen makannya ayam goreng bebek goreng, pokoknya ayam dan bebek terus… 😭😭",rl saran makan ga sih kalian kasih tau aku malam makan apaa aku bosen banget kemaren sen makan ayam goreng bebek goreng pokok ayam bebek terus,Jijik,Jijik
"Heran sama user iphone, di RM fancy foto makanan iphonenya kudu bgt ya ikut difoto trs dibalik biar keliatan logonya, motonya malah pake android. Bentuk validasi ga sih ini🫠🫠",heran sama user iphone rm fancy foto makan iphonenya kudu bgt ikut foto trs balik biar liat logo moto malah pake android bentuk validasi ga sih,Jijik,Jijik
"Blusukan ke pasar yaa tetep yang dicari ya makanan.

Nih sego jagung, tadi kesiangan jadi ga dapat sayurannya tapi tetep enak mantap apalagi peyeknya👍 https://t.co/L8AAgPjFwx",blusukan pasar yaa tetep cari makan nih sego jagung tadi siang jadi ga sayur tetep enak mantap peyek,Jijik,Jijik
"Tiba-tiba diinvite ke grup tele bdsm, isinya random di luar nalar sekali 😭
Ada yang mau mejuhin makanan mb* lah
Ada yang minta diisep di loker f&amp;l lah 😭😭",tibatiba diinvite grup tele bdsm isi random luar nalar sekali yang mau mejuhin makan mb lah yang minta diisep loker fampl lah,Jijik,Jijik
"Mau cerita dikit soal makanan kesukaan saya dan merupakan makanan khas kota asal saya.
namanya Bakso Nyuknyang 🍜
ini bukan sembarang bakso. Ini kuliner khas Makassar yang udah ada dari zaman nenek moyang dan sampe sekarang masih bikin nagih abis 🔥

oke pertama, kenapa namanya “Nyuknyang”?
jadi “Nyuknyang” itu sebenernya berasal dari kata dalam dialek lokal Makassar yang artinya kira-kira “kenyal-kenyal” atau tekstur yang bouncy banget
dan itu emang 100% menggambarkan baksonya 
sekali gigit langsung ngerti kenapa namanya gitu

nah yang paling bikin ketagihan itu kuahnya
kuah Nyuknyang itu bening tapi jangan salah — rasanya kaya banget karena direbus lama banget pakai tulang sapi + rempah pilihan
ada sedikit rasa gurih, dan ada warmth yang bikin perut langsung nyaman
literally comfort food level dewa ☁️

cara makannya juga ada seninya
orang Makassar biasanya makan Nyuknyang pakai:
🌶️ sambal kuning yang pedasnya nendang
🫙 kecap pala untuk yang suka agak manis
🍋 perasan jeruk nipis biar segar

Nyuknyang itu bukti bahwa kuliner sederhana yang dibuat dengan bahan bagus + resep turun-temurun itu selalu menang
ga perlu fancy, ga perlu viral dulu buat jadi enak
dia udah enak sejak dulu, dan bakal terus enak sampai kapanpun 🍜❤️

udah pernah coba Nyuknyang? atau malah baru tau sekarang?
drop di reply dong — dan kalau ada orang Makassar, warung Nyuknyang favorit ta’ dimana?",mau cerita dikit soal makan suka rupa makan khas kota asal nama bakso nyuknyang bukan sembarang bakso kuliner khas makassar udah zaman nenek moyang sampe sekarang bikin nagih abis oke pertama nama nyuknyang jadi nyuknyang sebenernya asal dari kata dialek lokal makassar arti kirakira kenyalkenyal tekstur bouncy banget emang gambar bakso sekali gigit langsung ngerti nama gitu nah paling bikin tagih kuah kuah nyuknyang bening jangan salah rasa kaya banget rebus lama banget pakai tulang sapi rempah pilih sedikit rasa gurih warmth bikin perut langsung nyaman literally comfort food level dewa cara makan ada seni orang makassar biasa makan nyuknyang pakai sambal kuning pedas nendang kecap pala suka manis peras jeruk nipis biar segar nyuknyang bukti kuliner sederhana yang buat bahan bagus resep turuntemurun itu selalu menang ga perlu fancy ga perlu viral dulu buat jadi enak udah enak sejak dulu bakal terus enak kapan udah pernah coba nyuknyang malah baru tau sekarang drop reply dong dan kalau ada orang makassar warung nyuknyang favorit ta,Jijik,Jijik
sumpah makanan apalagi di daerah kutek or kukel yang bisa delivery tapi bukan lewat gojek atau grab 🥲🥲🥲🥲🥲 selain ainna….,sumpah makan di daerah kutek or kukel bisa delivery bukan lewat gojek grab ainna,Percaya,Jijik
"banyak yang belum sempat aku review, belum konten makanan, cafe, dan beberapa lainnya lagi 🫪 https://t.co/CHJPfN1tCs",banyak sempat aku review belum konten makan cafe beberapa lain,Percaya,Percaya
"Kalau tinggalkan Malaysia mmg paling rindu bab makanan.. jumpa sipi2 sama kat luar pun tak sama dgn yg asal.. bahan import lebih kurang drpd Philippines, Indonesia pun still tak sama

Ironinya kdg rasa nasi Arab pun better yg kat Malaysia lagi drpd negara Arab sendiri 🤪

.",kalau tinggal malaysia mmg paling rindu bab makan jumpa sipi sama kat luar tak sama dgn yg asal bahan import lebih kurang drpd philippines indonesia still tak sama ironi kdg rasa nasi arab better yg kat malaysia drpd negara arab sendiri,Jijik,Jijik
"pagi &amp; mlm makan makanan diet, siangnya makan kya biasa 
worth it tpi sekarang ndakk bisa ASLAM GUE KUMAT 😭☝️",pagi amp mlm makan makan diet siang makan kya biasa worth it tpi sekarang ndakk aslam gue kumat,Tertarik,Tertarik
"keseringan nyimpen makanan buat besok atau nantian, tp ni orang lupa kalo dia gampang lupaaa😭😭😭 https://t.co/nLNFvKGXwZ",sering nyimpen makan buat besok nanti tp ni orang lupa kalo gampang lupaaa,Percaya,Percaya
"""Aku boros buat beli makanan""
-lah, ya bukan boros atuh namanya, menuhin kebutuhan tubuh sehari-hari mah. 🤧",aku boros buat beli makan lah bukan boros atuh nama menuhin butuh tubuh seharihari mah,Jijik,Jijik
"ilmu putih mam, bukan racun sih hehe...

backingan saya Tuhan langsung sih mam, di ""titik"" kehidupan gni emg lagi berat beratnya mam, jadi yah deket sama Tuhan aja mam, klo pke racun racun di makanan sama minuman gtu kurang level nya... maap🙏",ilmu putih mam bukan racun sih hehe backingan tuhan langsung sih mam titik hidup gni emg berat berat mam jadi yah deket sama tuhan aja mam klo pke racun racun makan sama minum gtu kurang level nya maap,Jijik,Jijik
"⚡️PROMO DISKON SHOPEEFOOD⚡️

Rekomendasi April Jajan Voucher Deals

🍱5k - Gacoan
https://t.co/XaI2E7cEKi 

🍱20k - Dominos Domino Pizza
https://t.co/HqYQFJivTv

🍱21k - Sushi Yay
https://t.co/gSurmhAYwE

🍱45k - PHD
https://t.co/1YcSkeIbFn

🧋18k - Kopken
https://t.co/Mz3jQNw8yf https://t.co/5XRtCULeXi",promo diskon shopeefood rekomendasi april jajan voucher deals k gaco k dominos domino pizza k sushi yay k phd k kopken,Jijik,Jijik
"Malem minggu~

📍Tahu campur lamongan pak pri https://t.co/j903qwOUFI",malem minggu tahu campur lamongan pak pri,Jijik,Percaya
hihiii makanan akuu malam iniii &gt;_____&lt; selamat makaaan semuanyaa! jangan lupa mam enak ya🤍⭐️ https://t.co/DSNKqHlclC,hihiii makan akuu malam iniii gtlt selamat makaaan semuanyaa jangan lupa mam enak,Percaya,Percaya
"APA ITU BPOM? #RIGHTANSWERONLY 👏

Hai #SahabatBPOM, Seberapa kenal kamu dengan tugas dan fungsi Badan Pengawas Obat dan Makanan Republik Indonesia?

Yuk ikuti tanya jawabnya dan uji pengetahuanmu tentang keamanan obat, makanan, dan kosmetik.
Karena jadi konsumen cerdas itu wajib https://t.co/dUf9jCu3W5",apa bpom hai berapa kenal kamu tugas fungsi badan awas obat makan republik indonesia yuk ikut tanya jawab uji tahu aman obat makan kosmetik jadi konsumen cerdas wajib,Jijik,Jijik
"kulit goreng crispy tuh emang makanan yg enak buat pake nasi atau langsung dicemilin, tapi ada penantangnya nih. kalian lebih pilih yang mana? 🤤🤤

usus crispy:                 jamur crispy https://t.co/G1kxHOg1Xp",kulit goreng crispy tuh emang makan yg enak buat pake nasi langsung dicemilin ada tantang nih kalian lebih pilih mana usus crispy jamur crispy,Jijik,Jijik
"💬 Weverse Comment 260411 | #CARMEN

🌴: btw capcay makanan khas mana ya?
🌴: pengen makan capcay 
🌴: ok tengkyu ~

Translation : 🌴: btw where is capcay originally from?
🌴: i want to eat capcay
🌴: ok thank you ~

#하츠투하츠 #Hearts2Hearts https://t.co/fQBXdScmKZ",weverse comment btw capcay makan khas mana ken makan capcay tengkyu translation btw where is capcay originally from i want to eat capcay thank you,Jijik,Jijik
"5 random fav things!

🐈 traveling
🐈 reading
🐈 eksperimen campur makanan
🐈 peach americano extra shots
🐈 petting random cats/dogs",random fav things traveling reading eksperimen campur makan peach americano extra shots petting random catsdogs,Jijik,Jijik
Makanan makanan enak bikinanku sendiri ✨ https://t.co/7bf65F5Lin,makan makan enak bikin sendiri,Jijik,Jijik
"Ibaratkan dominique itu puncak rantai makanan di agz, diatasnya masih ada aagz. 
Kalo dominique ratu iblis, aagz ini asmodeus aka raja iblisnya😈.",ibarat dominique puncak rantai makan agz atas ada aagz kalo dominique ratu iblis aagz asmodeus aka raja iblis,Jijik,Jijik
"kekurangan terbesar paman sebagai seorang introvert adalah:

ketika beli makanan/minuman kalo ditawari ini itu jawabnya ""iya iya"" aja 

efeknya jadi pas bayar mahal 😅🙄😱

mau batal ga enak,
ga batal saldo ga enak juga https://t.co/zLHLLO5tXz",kurang besar paman orang introvert ketika beli makananminuman kalo tawar itu jawab iya iya aja efek jadi pas bayar mahal mau batal ga enak ga batal saldo ga enak,Jijik,Jijik
"hidup untuk makan, makanan untuk bertahan hidup ✊🏻",hidup makan makan tahan hidup,Percaya,Percaya
"skip, aku gasuka makanan rumah gitu tp yg masak bukan ibuku😭 mau naspad pagi sore sekalipun gasuka🙏🏻",skip aku gasuka makan rumah gitu tp yg masak bukan ibu mau naspad pagi sore sekalipun gasuka,Jijik,Jijik
"Jatos td siang penuh bgt busett
Itu keknya se-nangor ngumpul disitu semua dah . Sampe aku ga sanggup ngantri beli² makanan krn antrian tempat makan udh kaga ngotak , panjang betulll .. liatnya udh capek duluan 🤣😭",jatos td siang penuh bgt busett kek senangor ngumpul situ semua dah sampe aku ga sanggup ngantri beli makan krn antri tempat makan udh kaga ngotak panjang betulll liat udh capek duluan,Tertarik,Jijik
@yeidd4656 Sama.. plus my dad pula jenis memasak &amp; buat kerja rumah dgn mak sama-sama juga &amp; semua anak laki perempuan mak bambu kalau tak buat 😅 so now bila ada makan-makan ke apa takde la yang lelaki duduk tunggu makanan hidang je,sama plus my dad jenis masak amp buat kerja rumah dgn mak samasama amp semua anak laki perempuan mak bambu kalau tak buat so now bila makanmakan apa takde la lelaki duduk tunggu makan hidang je,Jijik,Jijik
yahh makanan lebaran gw abis anjir sisa bakso 😂😂 #jujurmuak #tapienak 💜,yahh makan lebaran gw abis anjir sisa bakso,Jijik,Jijik
makanan gw setelah buat nangis diri sendiri dan anak orang 🤤🤤🤤,makan gw buat nang diri sendiri anak orang,Jijik,Jijik
"Abis telponan sama atasan, kita diskusi, trus dia ada ngomong ""dulu tuh orang2 g ngambil cuti karna g boleh""

Gw bales ""kayak aku ya""

Dia ketawa sama komen ""kalo itu gw g bisa ngomong apa apa deh la, cuma bisa nyogok lu pake makanan""

😭😭😭😭",abis telpon sama atas diskusi trus ada ngomong dulu tuh orang g ngambil cuti karna g gw bales kayak aku dia ketawa sama komen kalo gw g ngomong apa apa deh la cuma nyogok lu pake makan,Jijik,Jijik
makanan apa yg klo dimakan lgsg keinget irul ya? gw lagi laper banget trs bosen makan BAKSO SAMRAT maunya yg lain. mohon saran ❤️,makan apa yg klo makan lgsg keinget irul gw laper banget trs bosen makan bakso samrat mau yg mohon saran,Tertarik,Tertarik
"𝐒𝐭𝐨𝐫𝐲 𝐢𝐧𝐬𝐭𝐚𝐠𝐫𝐚𝐦 𝐃𝐞𝐰 𝐮𝐩𝐝𝐚𝐭𝐞 @dew_jsu=͟͟͞͞⚽
🗓 23.03.2026

Masih menjelajah dan menikmati makanan enak 🤤 🍜 

#𝐝𝐞𝐰_𝐣𝐬𝐮
#theduckestinJapan
#𝐃𝐞𝐰𝐭𝐞𝐞𝐈𝐃 https://t.co/PBi2zCSV5K",jelajah nikmat makan enak,Percaya,Percaya
"dekk makanan mu di ambill dekkk 🤣🫵🏻

PEBACA TAIPEI X KS 

#PEBACAconcertTAIPEI
⋆˚ 𐙚 #คริสสิงโต #KristSingto  ۶•ৎ https://t.co/MrvcZWhlqx",dekk makan mu ambill dekkk baca taipei x ks,Percaya,Percaya
"@FredrikHjelm4 Klarna har nu medlemskap.

Vad sägs om rabatterade resor + en gratis tur i månaden med Klarna medlemskap? 

💳Klarnas erbjudande blir mer attraktivt, fler betalar med klarna och betalar för medelemskap. 

🛴Voi får fler återkommande åkare, ökade intäkter per scooter.

Mvh",klarna har nu medlemskap vad sgs om rabatterade resor en gratis tur i mnaden med klarna medlemskap klarnas erbjudande blir mer attraktivt fler betalar med klarna och betalar fr medelemskap voi fr fler terkommande kare kade intkter per scooter mvh,Netral,Netral
"hai guys 💚
yuk spill freelance yuk, yang trusted ya, gratis dan ga ribet",hai guys yuk spill freelance yuk trusted gratis ga ribet,Percaya,Percaya
"Wie kan mij helpen, heeft een goede tip....

Ik zoek gratis autoroutes en of een gratis app, echt alles is betaald of de bestanden openen niet of deels in google maps.

Ik wil morgen de lauwerslandroute rijden... 

Alsvast dank, graag RT voor een groter bereik. ❤️❤️❤️",wie kan mij helpen heeft een goede tip ik zoek gratis autoroutes en of een gratis app echt alles is betaald of de bestanden openen niet of deels in google maps ik wil morgen de lauwerslandroute rijden alsvast dank graag rt voor een groter bereik,Netral,Netral
"Ya somos 41 INVERSORES los que hemos invertido en esta promoción de viviendas en DUBÁI 🇦🇪. 

El principal motivo es que el promotor nos regala una financiación post entrega de 4 años sin intereses ni papeleos 😳.

DINERO GRATIS 🤑

Tu inquilino te paga el 50% del inmueble https://t.co/gvVp6UklgO",somos inversores los que hemos invertido en esta promocin de viviendas en dub el principal motivo es que el promotor nos regala una financiacin post entrega de aos sin intereses ni papeleos dinero gratis tu inquilino te paga el del inmueble,Netral,Netral
"Doncs el renfebus prat-st Vicenç no està gens malament! 45 minutets ha trigat, i gratis ✨",doncs el renfebus pratst vicen no est gens malament minutets ha trigat i gratis,Marah,Marah
"Le ocupan la casa con 82 años y @daniesdsk se la recupera GRATIS y se la reforma GRATIS. El tipo más grande de España al que la izquierda tacha de ""nazi"". 

Éste es Dani❤️ https://t.co/LHXDBIGhWo",le ocupan la casa con aos y se la recupera gratis y se la reforma gratis el tipo ms grande de espaa al que la izquierda tacha de nazi ste es dan,Netral,Netral
"3 HARI LAGI, kegilaan dari teror Darso sang Badut Gendong akan segera meneror bioskop🎭

Amankan tiketnya sekarang dengan promo Beli 1 Gratis 1 sebelum kehabisan🔥

#BadutGendong #UniverseQodrat https://t.co/YKdM1lXGLP",hari gila teror darso sang badut gendong segera teror bioskop aman tiket sekarang promo beli gratis habis,Jijik,Jijik
"Já assinaram? Aproveitem os 3 meses GRÁTIS! Spotify hackeado não pode, pois seu stream não contabiliza 💋 https://t.co/xaeyMGylAF",j assinaram aproveitem os meses grtis spotify hackeado no pode pois seu stream no contabiliza,Netral,Netral
"HAGAMOS ESTA DINÁMICA🚨￼🚨

Todos los que acierten el Marcador Exacto en la Final de ida entre Cruz Azul y Pumas se ganan el acceso 100% gratis para la Vikingoneta de lo que resta del Mes de Mayo y Todo el Mes de Junio 100% Gratis!!!!

En la Dinámica pasada ganaron 100 de ustedes. Hubo más de 1000 comentarios. A ver cuántos ganan hoy🫵🏿🫵🏿

OJO SOLO PUEDES COMENTAR UNA VEZ PARA PARTICIPAR 👀👀",hagamos esta dinmica todos los que acierten el marcador exacto en la final de ida entre cruz azul y pumas se ganan el acceso gratis la vikingoneta de lo que resta del mes de mayo y todo el mes de junio gratis en la dinmica pasada ganaron de ustedes hubo ms de comentarios a ver cuntos ganan hoy ojo solo puedes comentar una vez participar,Netral,Netral
"[PP]

⚠️ Musim hujan = jebakan bau apek & nggak kering!

✨ Serahin aja ke PAPA LAUNDRY ✨
Biar kamu tetap wangi & rapi tanpa ribet!

💖 GRATIS antar jemput
💖 1 Mesin 1 Pelanggan (lebih higienis!)
💖 2 hari jadi | EXPRESS juga ada ⚡
💖 Mulai dari 5rb/kg aja!

🎁 Promo hemat:
Cuci 5x GRATIS 1x!

📍 Jl. Taman Siswa
📲 https://t.co/IOf6PNtsaP",pp musim hujan jebak bau apek kering serahin aja papa laundry biar kamu tetap wangi rapi ribet gratis antar jemput mesin langgan lebih higienis hari jadi express ada mulai rbkg aja promo hemat cuci x gratis x jl taman siswa,Jijik,Jijik
"CHAT GPT GRATISS SEBULANN‼️⁉️

guys adakah yang sama kayak aku tiba2 dapet tawaran chat gpt gratis??? ini aku dapet 0 rupiah dari webnya chat gpt langsung. coba cek guys siapa tau kalian juga dapet🥹 https://t.co/57DO6Osl7n",chat gpt gratiss sebulann guys ada sama kayak aku tiba dapet tawar chat gpt gratis aku dapet rupiah webnya chat gpt langsung coba cek guys siapa tau kalian dapet,Percaya,Jijik
"Fakirleşince büyük markalar yalan oldu tabii, o yüzden Gratis indiriminde deli gibi içerik-formül tarayıp şunları almaya karar verdim. Hepsi 1.200 lira tuttu, buna da şükür tabii😭 https://t.co/CVXmwoylen",fakirleince byk markalar yalan oldu tabii o yzden gratis indiriminde deli gibi ierikforml tarayp unlar almaya karar verdim hepsi lira tuttu buna da kr tabii,Netral,Netral
"Para amanecer con billete amores.

Primeros 10 en registrarse se llevan $500 pesos GRATIS 👇🏻

https://t.co/lVSGE4hpEz https://t.co/T72JbVtme5",amanecer con billete amores primeros en registrarse se llevan pesos gratis,Marah,Netral
"13-06 in Groningen:
Het leukste, creatiefste en leerzaamste kunstfestival 'Oops I Made Art'. Groot succes in 2025. Gratis. Georganiseerd door...

Mijn Peetdochter Hanna en haar vriendin.

#Groningen
#Kunst
@rtvnoord
(Mijn oude werkgever)
@dvhn_nl 
@groningen 

Delen=👍❤️👌 https://t.co/tb0hso2C5Q",in groningen het leukste creatiefste en leerzaamste kunstfestival oops i made art groot succes in gratis georganiseerd door mijn peetdochter hanna en haar vriendin mijn oude werkgever den,Netral,Netral
"Pues estamos de vuelta y el reto Mustang está de vuelta 🐎‼️

Recuerden es TOTALMENTE GRATIS y el chiste es convertir 500 en mas de MEDIO MILLÓN para un Mustang quien se une 👀‼️ https://t.co/PJpuWP0abE",pues estamos de vuelta y el reto mustang est de vuelta recuerden es totalmente gratis y el chiste es convertir en mas de medio milln un mustang quien se une,Netral,Netral
"Bot trading untuk crypto 👇🏻

👉🏻 100% Gratis & Open-Source.

👉🏻 Support DEX (Web3) & CEX besar.

👉🏻 Cocok buat HFT & Market Making.

https://t.co/29QypdnUR8

Bot ini dirancang untuk High-Frequency Trading dan Market Making melintasi ekosistem CEX dan DEX.

Karena kodenya open-source, kita bisa mengaudit keamanannya dan men-deploy langsung di server kita.",bot trading crypto gratis opensource support dex web cex besar cocok buat hft market making bot rancang highfrequency trading market making lintas ekosistem cex dex kode opensource bisa audit aman mendeploy langsung server,Jijik,Jijik
"🇨🇴🚨 Otra vez la vieja política usando a las víctimas para atacar a Abelardo.

La verdad es simple: tomó el caso de Rosa Elvira Cely GRATIS, logró la condena del asesino y ese caso impulsó la Ley de Feminicidio en Colombia.

Hoy quieren reescribir la historia por politiquería. Compartan el video donde la propia familia agradecía públicamente a @ABDELAESPRIELLA y a su firma.",otra vez la vieja poltica usando a las vctimas atacar a abelardo la verdad es simple tom el caso de rosa elvira cely gratis logr la condena del asesino y ese caso impuls la ley de feminicidio en colombia hoy quieren reescribir la historia por politiquera compartan el video donde la propia familia agradeca pblicamente a y a su firma,Netral,Netral
"Y si le quieren agregar un detector de humo, ideal para viviendas con hogar o salamandras, le agregan éste link y por menos de $8000 tienen ambos con envío gratis 

👇🏻👇🏻👇🏻👇🏻👇🏻
https://t.co/lwGH9WQZk7 https://t.co/xOjVjZt5OR",y si le quieren agregar un detector de humo ideal viviendas con hogar o salamandras le agregan ste link y por tos de tienen ambos con envo gratis,Netral,Netral
"🚨 “PENSOU QUE ERA VALE-REFEIÇÃO VITALÍCIO?” Homem é acusado de comer todos os dias e sair sem pagar em restaurante. Pelo visto, ele criou o “rodízio grátis” na própria cabeça. 🍽️🥤💸
Segundo o comerciante, o cidadão aparecia TODOS os dias, comia, tomava refrigerante, suco… e na hora de pagar fazia o movimento mais rápido do mundo: levantava e sumia. Quando alguém questionava, ele metia o clássico: “Ué, eu já paguei”.",pensou que era valerefeio vitalcio homem acusado de comer todos os dias e sair sem pagar em restaurante pelo visto ele criou o rodzio grtis na prpria cabea segundo o comerciante o cidado aparecia todos os dias comia tomava refrigerante suco e na hora de pagar fazia o movimento mais rpido do mundo levantava e sumia quando algum questionava ele metia o clssico u eu j paguei,Netral,Netral
"@YilmazTim @Ohmann77 Empfehle großflächigen Reizgas-Einsatz mit anschließender gratis Busfahrt zur Feststellung aller Personalien.

Ich bin so etwas wie 1 Grüner 🙂💚",empfehle groflchigen reizgaseinsatz mit anschlieender gratis busfahrt zur feststellung aller personalien ich bin so etwas wie grner,Netral,Netral
"Y también parece que reducieron la altura del escenario!

Además, los fans que fueron a los primeros shows y que tuvieron una vista restringida fueron contactados para ofrecerles boletos gratis para algún otro show que quisieran asistir! 🥹
©️cinemarri https://t.co/9xp5JiezJH",y tambin parece que reducieron la altura del escenario adems los fans que fueron a los primeros shows y que tuvieron una vista restringida fueron contactados ofrecerles boletos gratis algn otro show que quisieran asistir cinemarri,Netral,Netral
"🇵🇹 João Cancelo - GRATIS
🇮🇹 Alessandro Bastoni - 50M€
🇦🇷 Julián Álvarez - 100M€
🏴󠁧󠁢󠁥󠁮󠁧󠁿 Marcus Rashford - 30M€

Podríamos estar hablando del mejor mercado de fichajes del Barça en la última década. https://t.co/b5yUIkZvzT",joo cancelo gratis alessandro bastoni m julin lvarez m marcus rashford m podramos estar hablando del mejor mercado de fichajes del bara en la ltima dcada,Netral,Netral
"La película en discord es para pasar un momento agradable entre ella y su comunidad, no para que le falten el respeto, ante todo límites gente 👀 que clase de humor es ese donde se ofende a la persona de gratis, entonces se ofende si les hacen igual 👀 https://t.co/UDe7MDxOz1",la pelcula en discord es pasar un momento agradable entre ella y su comunidad no que le falten el respeto ante todo lmites gente que clase de humor es ese donde se ofende a la persona de gratis entonces se ofende si les hacen igual,Netral,Netral
"🔴 Nuevo Limited Gratis en la experiencia Plushie Survive 🧸

📈 Stock : 75

📝 Mision :

- Abre 15 cofres epicos

- Completa 15 misiones semanales

- Completa 75 misiones diarias

➤https://t.co/aiRdMgZdGF
➤https://t.co/bTRN1gAtrj https://t.co/j3hAO8I3nz",nuevo limited gratis en la experiencia plushie survive stock mision abre cofres epicos completa misiones semanales completa misiones diarias,Netral,Netral
@busanonni biar enggak ada waktu sedih karena sibuk ngejar impresi 5m kak😭. dan gratis dapat hiburan dr tweet receh-receh cenblue.,biar enggak waktu sedih sibuk ngejar impresi m kak gratis hibur dr tweet recehreceh cenblue,Percaya,Tertarik
"🔴 Nuevo Limited Gratis en la Experiencia Glitched Avatar Hub 🛍️

📈 Stock : 123

📝 Mision : Encuentra el secreto oculto dentro del juego para obtenerlo

➤https://t.co/A8MSPfGRIv
➤https://t.co/fc4sjKI8Ql https://t.co/WwakqKSARZ",nuevo limited gratis en la experiencia glitched avatar hub stock mision encuentra el secreto oculto dentro del juego obtenerlo,Marah,Jijik
"@tanyakanrl Hi guys ! Still looking for Host Chatting talent ✨
- Bisa berbahasa mandarin/english nilai +
- Wanita single, umur 22 - 40
- Friendly, suka chatting dan easygoing. 
- No job, punya banyak waktu luang. 

Mau apply atau tanya? Dm aja telegram aku idnya @bim_need GRATIS",hi guys still looking for host chatting talent bahasa mandarinenglish nilai wanita single umur friendly suka chatting easygoing no job punya banyak waktu luang mau apply tanya dm aja telegram aku idnya gratis,Jijik,Jijik
"BENERAN ternyata, terima kasih informasinya kak. Biar netizen lebih aware lagi &amp; gak sembarangan buat jadikan seseorang sosok panutan/idola. Pdhl influncer yg ilmunya bermanfaat terus gratis banyak di socmed tuh tapi kurang ke UP ajh!

Miris bgt Reizuka 😭
https://t.co/Yc8W1EnYj8 https://t.co/yzDbIUVCIX",beneran nyata terima kasih informasi kak biar netizen lebih aware amp gak sembarang buat jadi orang sosok panutanidola pdhl influncer yg ilmu manfaat terus gratis banyak socmed tuh kurang up ajh miris bgt reizuka,Jijik,Jijik
"Voten por FREEEEEEEEN!📢📢📢📢📢

Pueden hacerlo gratis con sus cuentas de google y facebook 
#JamPlanet  #srchafreen #FreenSarocha 

link: https://t.co/s7acMjjt5v https://t.co/hw4EvVKyf7",voten por freeeeeeeen pueden hacerlo gratis con sus cuentas de google y facebook link,Netral,Percaya
"Nu blir Sossepropagandan i Nya Aftonbladet GRATIS för unga, ända fram till valet i september! 👍🏻 https://t.co/BbZ0pyXEsv",nu blir sossepropagandan i nya aftonbladet gratis fr unga nda fram till valet i september,Jijik,Jijik
Vikingo Negro ⚔️💣 BOMBA +3485 https://t.co/NAuquIbUKG,vikingo negro bomba,Percaya,Percaya
"Estoy tratando de abrir Telegram en mi otro celular para poder crear mi grupo gratis, pero no me deja ni pagando 😭",estoy tratando de abrir telegram en mi otro celular poder crear mi grupo gratis pero no me deja ni pagando,Netral,Netral
"https://t.co/6nojRKFJmj
Grupo gratis fersita🍓🍒",grupo gratis fersita,Percaya,Percaya
"Nuevo video gratis solo aquí ⬇️

https://t.co/nwznvMtQ9v",nuevo video gratis solo aqu,Marah,Percaya
"Mein geiler Pfingstsonntag MEGA BONUS wartet jetzt auf dich! Hole dir -50% auf alles von 14 - 20uhr + fette Gratis Coins 😈 Ausserdem geht ein neues TOP Video Online und du bekommst bis 24Uhr -50% zusätzlichen Dirty Pfingst Bonus auf alle Blowjob und DirtyTalk Videos und Bilder👅 Bist du Dirty ? Dann Gönn dir das besondere bei mir...😍 
👉 https://t.co/9g68ruwSXa 👈

#Pfingstmontag #Pfingsten #MydirtyHobby @MyDirtyRelatio1  @MDHRelaciones @mydirtyhobbyen @deluxe_melissa @MDHRelationship",mein geiler pfingstsonntag mega bonus wartet jetzt auf dich hole dir auf alles von uhr fette gratis coins ausserdem geht ein neues top video online und du bekommst bis uhr zustzlichen dirty pfingst bonus auf alle blowjob und dirtytalk videos und bilder bist du dirty dann gnn dir das besondere bei mir,Netral,Netral
"Ei, Nação! Você sabia que pedir uma Brahma gelada vira investimento no Mengão?

Além disso, sócio-torcedor Nação Maraca tem 4 cupons de frete grátis todo mês e sócio-torcedor Nação Sem Fronteiras tem 100% do valor da sua mensalidade convertida em cupons no app do Zé! 🍻 
 
Para aproveitar é simples: basta se cadastrar no app do Zé Delivery com o mesmo e-mail de sócio-torcedor e selecionar o cupom na hora do pagamento! 
 
#CashbackDoSócio #BebaComModeração #ad 
App proibido para menores de 18 anos",ei nao voc sabia que pedir uma brahma gada vira investimento no mengo alm disso sciotorcedor nao maraca tem cupons de frete grtis todo ms e sciotorcedor nao sem fronteiras tem do valor da sua mensalidade convertida em cupons no app do z aproveitar simples basta se cadastrar no app do z delivery com o mesmo email de sciotorcedor e selecionar o cupom na hora do pagamento app proibido tores de anos,Netral,Netral
"🇫🇷 ANÁLISIS MAIN ROLAND GARROS  - Primera Ronda - Domingo 24/5

♥ Dejá tu like si te sirven los análisis! Y todavía están a tiempo de sumarse al canal exclusivo de Roland Garros (pidan acceso por DM, es gratis)

👉🏻Link canal gratuito: https://t.co/psBhi4mnEo",anlisis main roland garros primera ronda domingo dej tu like si te sirven los anlisis y todava estn a tiempo de sumarse al canal exclusivo de roland garros pidan acceso por dm es gratis link canal gratuito,Netral,Netral
"Tipster: Cobra VIP 
Partido: KIA Tigers vs SSG Landers 

🔒 KIA Tigers Over 4.5 Carreras 

Cuota: -120
Deporte: Béisbol 
Competición: KBO https://t.co/oxzHxeZrZP",tipster cobra vip partido kia tigers vs ssg landers kia tigers over carreras cuota deporte bisbol competicin kbo,Jijik,Jijik
"Este es el hardware que suelen usar los cheaters para hacer trampas en Valorant

Puede llegar a costar 6000$

Podría describir el nivel intelectual de alguien que se deja un dineral para sentirse superior matando muñequitos en un juego gratis… pero creo que ya se define solo 🤣 https://t.co/pL675O3qdq",este es el hardware que suelen usar los cheaters hacer trampas en valorant puede llegar a costar podra describir el nivel intelectual de alguien que se deja un nal sentirse superior matando muequitos en un juego gratis pero creo que se define solo,Netral,Netral
"😈 Getroude poesie is net so soet en sag, dink jy nie? 🔥 Sien meer van jou gunsteling SA 🇿🇦hotwife hier:

🇿🇦 Suid-Afrikaanse Hotwife MILF
💋 Slegs $4.99! SLUIT NOU AAN &amp; kry 10% afslag PLUS 'n GRATIS inhoudspakket
Geen PPV nie!
👉https://t.co/QYUCs3AQ5n https://t.co/7lx53y10Qf",getroude poesie is net so soet en sag dink jy nie sien meer van jou gunsteling sa hotwife hier suidafrikaanse hotwife milf slegs sluit nou aan amp kry afslag plus n gratis inhoudspakket geen ppv nie,Netral,Netral
"Amigos, ¿por qué la gente se arde porque uno vende sus cosas?. Lo vendí en $11,800 MXN con envío gratis de Zapopan hasta CDMX. Creo que está en precio, al cliente le pareció buen precio, pero nunca falta el pendejete que piensa que la vida debe ser como su mente la concibe 🤣 https://t.co/B6zBfZ9ktO",amigos por qu la gente se arde porque uno vende sus cosas lo vend en mxn con envo gratis de zapopan hasta cdmx creo que est en precio al cliente le pareci buen precio pero nunca falta el pendejete que piensa que la vida debe ser como su mente la concibe,Netral,Netral
"¿te gustan las nalgonas mexicanas? el mejor canal donde podrás ver a las mas culonas, son amateur y es gratis
⬇️⬇️⬇️

https://t.co/4vkRPLxHir https://t.co/XZ42Rw6pZb",te gustan las nalgonas mexicanas el mejor canal donde podrs ver a las mas culonas son amateur y es gratis,Netral,Netral
"⚠️⚠️⚠️🚨🚨Casting🚨🚨⚠️⚠️⚠️
Una seguidora me contactó para comenzar su carrera como actriz porno y vaya que tiene talento no te pierdas de esta rica escena solo en mi Telegram vip para entrar envíame un mensaje directo o a mi Telegram 
CONTACTO: @CGDLMC 
Grupo gratis: https://t.co/bz0tSXnGoq",casting una seguidora me contact comenzar su carrera como actriz porno y vaya que tiene talento no te pierdas de esta rica escena solo en mi telegram vip entrar envame un mensaje directo o a mi telegram contacto grupo gratis,Netral,Netral
"MAMALEY A $346,715 MXN DEL VIKINGO NEGRO 😍😍😍

&gt; Es un MOMIAZO +3485 💣 iniciamos tempranito https://t.co/ahpA19y9MW",mamaley a mxn del vikingo negro gt es un momiazo iniciamos tempranito,Netral,Netral
"JUNTOS POR LA PREVENCIÓN DEL CONSUMO DE DROGAS

Este 21 de junio del 2026 te invitamos al Festival Atlético #YoVivoSinDrogas - Tu Decides 5k, una fiesta deportiva de integración familiar y comunitaria por el futuro mediante la actividad física.

👇🏼 INSCRÍBETE GRATIS:
https://t.co/PfJGtFlUXz

#ServirYProtegerConFirmeza",juntos por la prevencin del consumo de drogas este de junio del te invitamos al festival atltico tu decides k una fiesta deportiva de integracin familiar y comunitaria por el futuro mediante la actividad fsica inscrbete gratis,Netral,Netral
"😱 Súper oferta: Disney Lorcana TCG: Into The Inklands Illumineer’s Trove, en Amazon

🔗 https://t.co/4Uutr4yYPD

💲 Precio en oferta: $537

↩️ Antes: $1,299

🤑 Ahorras: $762 (59%)

🚚 Con envío gratis

🔥 También es su precio mínimo histórico https://t.co/jmDYmNgFJZ",sper oferta disney lorcana tcg into the inklands illumineers trove en amazon precio en oferta antes ahorras con envo gratis tambin es su precio mnimo histrico,Netral,Jijik
Orgulloso de ser del equipo del BARRIO OBRERO‼️ #CPDAenPRIMERA ✊🏼🇦🇹❤️‍🔥 @IvanCepedaCast @PajaritoDeIvan https://t.co/H3djiDxjPr,orgulloso de ser del equipo del barrio obrero,Percaya,Netral
"Oficialmente en racha con @AguilaPick 

9 de los últimas 10 collabs cobradas y de pasada un FUNBET de Mbappé ✅✅✅✅

Todo gratis en el canal de telegram ✌️ https://t.co/CFqoREXKzP",oficialmente en racha con de los ltimas collabs cobradas y de pasada un funbet de mbapp todo gratis en el canal de telegram,Netral,Netral
"¿CUÁNTOS ACTIVOS 🦉🦉🦉? 

+1 ❤️❤️❤️ y sale la MADRUGADORA del FARAÓN 💎🎾 https://t.co/oP6eT7htTy",cuntos activos y sale la madrugadora del faran,Percaya,Netral
"🚨 BOMBA Gallito VIP 🐓💣

#PremierLeague + #LaLiga https://t.co/pnJBOnmyOq",bomba gallito vip,Percaya,Percaya
"Precios actuales de Cataratas antes del aumento de Junio que se viene 

👉AHORA: Entradas $15.000 Argentinos / estudiantes $7.000 / extranjeros $45.000 
Gran Aventura $90.000 

Para comer adentro opciones desde $12.000 aprox. 

Agua para el 🧉 gratis. Tren a la garganta gratis. https://t.co/PQnZMgL6I7",precios actuales de cataratas antes del aumento de junio que se viene ahora entradas argentinos estudiantes extranjeros gran aventura comer adentro opciones desde aprox agua el gratis tren a la garganta gratis,Netral,Netral
"Día Perfecto 🤩 

El PREMIUM es GRATIS Manda DM 

✅Tabasco ML
✅Oaxaca ML
✅Un 10.5 Sultanes 
✅Puebla ML

❤️🛥️ Si estás en mi barco , 🔗 Si te quieres unir escríbeme",da perfecto el premium es gratis manda dm tabasco ml oaxaca ml un sultanes puebla ml si ests en mi barco si te quieres unir escrbeme,Netral,Netral
¿Qué dicen los expertos de NBA 🏀? https://t.co/Pphqpm9KPx,qu dicen los expertos de nba,Percaya,Percaya
"🌍🦀❤️  
EL CANGREJO QUE SALVÓ A SU PAREJA Y GANÓ CENA GRATIS  

LEALTAD QUE NI LOS HUMANOS IGUALAN  

¡SIGUE @ULTIMAHORAENX PARA MAS ACTUALIZACIONES!  

Un cangrejo vio cómo un pescador atrapaba a su hembra con unas pinzas y no dudó. Salió de su escondite, la envolvió con sus pinzas y se aferró con fuerza. El pescador, impresionado por el gesto, soltó a los dos y les regaló un pescado de premio.  

El video de 22 segundos muestra el momento exacto bajo el agua: el macho no suelta ni un segundo y termina con su pareja a salvo más una comida gratis. La escena ya acumula millones de vistas y comentarios de pura ternura.  

FUENTES: Mario Nawfal, Serkan Tanyildizi, videoninja23, zachsscubashack, MadeMeSmile Reddit.",el cangrejo que salv a su pareja y gan cena gratis lealtad que ni los humanos igualan sigue mas actualizaciones un cangrejo vio cmo un pescador atrapaba a su hembra con unas pinzas y no dud sali de su escondite la envolvi con sus pinzas y se aferr con fuerza el pescador impresionado por el gesto solt a los dos y les regal un pescado de premio el video de segundos muestra el momento exacto bajo el agua el macho no suelta ni un segundo y mina con su pareja a salvo ms una comida gratis la escena acumula millones de vistas y comentarios de pura ternura fuentes mario nawfal serkan tanyildizi videoninja zachsscubashack mademesmile reddit,Netral,Netral
"😱 Súper oferta: The Art of Naruto: Uzumaki (Pasta dura), en Amazon

🔗 https://t.co/V5Bm8KClVD

💲 Precio en oferta: $357

↩️ Antes: $599

🤑 Ahorras: $242 (40%)

🚚 Con envío gratis https://t.co/u92W7BgykP",sper oferta the art of naruto uzumaki pasta dura en amazon precio en oferta antes ahorras con envo gratis,Jijik,Jijik
"MEGA MAMALEY +1345 MAÑANERO DEL KOALA A +$38,574 MXN 🐨💣💸

&gt; Si me dejan +100 ❤️❤️❤️ pasaré TODAS sus jugadas del Domingo 🎁 https://t.co/TxIPiampot",mega mamaley maanero del koala a mxn gt si me dejan pasar todas sus jugadas del domingo,Netral,Netral
"Dicela direndah-rendahkan saya diam. 
Dihina-hina saya juga diam. 
Tapi siang ini, saya tegaskan saya akan Siomay!!!

Siomay serba 1000an lokasi Babarsari 😚 kecuali telur udah 4K.
Yg penting (((PARKIR GRATIS))) https://t.co/xpvqE3xljg",cela direndahrendahkan diam dihinahina juga diam siang tegas saya akan siomay siomay serba an lokasi babarsari telur udah k yg penting parkir gratis,Jijik,Jijik
"Para que no sea porque no puedes…

Las finales (ida y vuelta) podrás verlas desde casa, tu coche, el transporte público, taxi, trabajo, literalmente donde estés, totalmente EN VIVO Y GRATIS.

@layvtime las trae para todo el pueblo 😍

En nuestros canales de YouTube, Facebook, TikTok y Twitch…

¿Quieren los enlaces? 👇🏻",que no sea porque no puedes las finales ida y vuelta podrs verlas desde casa tu coche el transporte pblico taxi trabajo literalmente donde ests totalmente en vivo y gratis las trae todo el pueblo en nuestros canales de youtube facebook tiktok y twitch quieren los enlaces,Netral,Netral
"Vino hace 7 meses porque está enferma y quiere que todos nosotros paguemos sus tratamientos. 

España no construyó un sistema de sanidad pública para curar gratis a todos los pobres del mundo a costa de los españoles. 

No es racismo, es supervivencia. ⚔️ https://t.co/yA2GsKire8",vino hace meses porque est enferma y quiere que todos nosotros paguemos sus tratamientos espaa no construy un sistema de sanidad pblica curar gratis a todos los pobres del mundo a costa de los espaoles no es racismo es supervivencia,Netral,Netral
"así como trates esta imagen, te va tratar esta semana 🍀 https://t.co/CWtslHb2fK",as como trates esta imagen te va tratar esta mana,Marah,Netral
"Ada yang mau test TOEFL prediction gratis ga guys? Ada IELTS juga btw. Komen ya guys, entar ku ketuk DM kamu. 💚",yang mau test toefl prediction gratis ga guys ielts btw komen guys entar ku ketuk dm kamu,Tertarik,Percaya
"Merapat yg mau parfum gratis!

Caranya:
👉🏻Follow @msbb_id dan @altperfumery
👉🏻Like + RT tweet ini dan thread di bawah
👉🏻Reply ""mau parfum Alt yang Manners Maketh plis!""

Gampang kaaan? Gampang dong. Good luck! https://t.co/wc9YIAtvTG",rapat yg mau parfum gratis cara follow like rt tweet dan thread bawah reply mau parfum alt manners maketh plis gampang kaaan gampang dong good luck,Jijik,Jijik
"🚨 Florentino Pérez amenaza el negocio de Movistar y Orange: UEFA y Real Madrid negocian el fútbol gratis en Europa

✍️ Te informan Carlos Cózar (@crcozar) y Joaquín Hernández (@JJHerz7) 
 https://t.co/6uEZ0e9Cbe",florentino prez amenaza el negocio de movistar y orange uefa y real madrid negocian el ftbol gratis en europa te informan carlos czar y joaqun hernndez,Netral,Netral
"🤣🤣🤣🤣🤣🤣🤣
Uy, ya ganó Sánchez 😬😬😬🤣🤣
Cuando vemos a Alditus chillar lo mismo desde el 2011, es que el candidato que él odia, va ganar🤣🤣🤣🤣
El mejor publicista de JPP. Y gratis 🤣",uy gan snchez cuando vemos a alditus chillar lo mismo desde el es que el candidato que l odia va ganar el mejor publicista de jpp y gratis,Netral,Netral
"📺 CazeTV está revolucionando el mercado de transmisiones de fútbol en Brasil. Compró los derechos de los siguientes torneos para transmitirlos GRATIS por YouTube:

🌎 Todo el #Mundial2026
🇫🇷 Toda la Ligue 1 Francia
🇪🇸 Toda LaLiga de España
🇮🇹 Un partido por jornada de la Serie A
🇧🇷 Un partido por jornada del Brasileirão 
🇩🇪 Un partido por jornada de la Bundesliga

¿QUÉ ES CAZETV?

Es un canel de YouTiube creado por el streamer brasileño Casimiro Miguel junto con la agencia LiveMode.",cazetv est revolucionando el mercado de transmisiones de ftbol en brasil compr los derechos de los siguientes torneos transmitirlos gratis por youtube todo el toda la ligue francia toda laliga de espaa un partido por jornada de la serie a un partido por jornada del brasileiro un partido por jornada de la bundesliga qu es cazetv es un canel de youtiube creado por el streamer brasileo casimiro miguel junto con la agencia livemode,Netral,Netral
"Que rico se goza en CDMX!! 🇲🇽 

Mi telegram gratis 👇🏽🩶
https://t.co/W2auaBZdlx https://t.co/2OJinNoX9E",que rico se goza en cdmx mi telegram gratis,Jijik,Percaya
"Una amiga de Anas Andaloussi se cree el supuesto bug para cenar gratis en el McDonald’s usando las máquinas de autoservicio. 😂

“Sí, hombre, estoy flipando, Anas. Me ha parecido el mejor hack del mundo.” https://t.co/eAfuGzBhdd",una amiga de anas andaloussi se cree el supuesto bug cenar gratis en el mcdonalds usando las mquinas de autoservicio s hombre estoy flipando anas me ha parecido el mejor hack del mundo,Netral,Netral
"ANIES GANJAR nawarin sekolah dan kuliah GRATIS, 
lu pilih nasi 10000.
Dari situ aja lu udah aneh😭🥲

cc:threadsyktyuka",anies ganjar nawarin sekolah kuliah gratis lu pilih nasi situ aja lu udah aneh ccthreadsyktyuka,Jijik,Jijik
"Movieron acarreados, hicieron escándalo, gastaron una fortuna y aun así terminaron dejándole a Maru Campos la mejor campaña de gratis que he visto. De verdad todo lo que tocan les sale al revés. 🤣",movieron acarreados hicieron escndalo gastaron una fortuna y aun as terminaron dejndole a maru campos la mejor campaa de gratis que he visto de verdad todo lo que tocan les sale al revs,Netral,Netral
"🚨Por qué nadie está hablando de ESTO?  NVIDIA está regalando acceso GRATIS vía API a más de 80 modelos de IA hosted.  

Modelos incluidos: 

• MiniMax M2.7   
• GLM 5.1   
• Kimi 2.5   
• DeepSeek 3.2   
• GPT-OSS-120B   
• Sarvam-M   
y muchos más.  

Funciona directo con Cursor, Zed, OpenCode, Hermes, OpenClaude, etc. 

 Cómo configurarlo en 30 segundos:

1. Consigue tu API Key gratis → https://t.co/ayt9aMoZyN 
2. Base URL: https://t.co/b2VGhoi3RE 
3. Elige el model ID (ej: `minimaxai/minimax-m2.7`)  

Si estás prototipando o experimentando con IA esto es inferencia gratis.  

La mayoría de builders aún no lo sabe.  
Me das las gracias despues.",por qu nadie est hablando de esto nvidia est regalando acceso gratis va api a ms de modelos de hosted modelos incluidos minimax m glm kim deepseek gptossb sarvamm y muchos ms funciona directo con cursor zed opencode hermes openclaude etc cmo configurarlo en segundos consigue tu api key gratis base url elige el model id ej minimaxaiminimaxm si ests prototipando o experimentando con esto es inferencia gratis la mayora de builders an no lo sabe me das las gracias despues,Netral,Netral
"ANTHROPIC TIENE SU PROPIA ACADEMIA DE IA.

&gt; Cursos oficiales.
&gt; Con certificado incluido.
&gt; Gratis, sin pagar nada.

Te comparto los 7 más útiles para empezar hoy.

🔖 Guárdalo, lo agradecerás. https://t.co/EgKp6UTwN8",anthropic tiene su propia academia de gt cursos oficiales gt con certificado incluido gt gratis sin pagar nada te comparto los ms tiles empezar hoy gurdalo lo agradecers,Netral,Netral
"guys aku mau minta tolong buat isiin kuisioner penelitian temen aku apakah boleh🥺? pertanyaannya gampang kok insyaAllah ±3 menit selesai dan ada saldo gratis bagi yang beruntung sbg bentuk apresiasi, she’s very kind to me jadi aku pngn bantu dia hehee:&lt;",guys aku mau minta buat isiin kuisioner teliti temen aku boleh tanya gampang kok insyaallah menit selesai ada saldo gratis yang untung sbg bentuk apresiasi shes very kind to me jadi aku pngn bantu heheelt,Jijik,Jijik
"Pernah main ke rumah seleb yg jualan brownies sejuta &amp; disuruh incip gratis sepuasnya (baik bgttt dia)

Rasanya? EMG BENERAN ENAK MAU NANGIS 😭😭 https://t.co/ZTlMbvurrx",pernah main rumah seleb yg jual brownies juta amp suruh incip gratis puas baik bgttt rasa emg beneran enak mau nang,Jijik,Jijik
"Café ☕ y #Wagner con sus Valkirias Energía para la tarde 
Deja tu comentario y like 👍 en Youtube, comparte y suscríbete al canal...es gratis 😜 
#FelizMiércoles 
https://t.co/zpsr9veAXc",caf y con sus valkirias energa la tarde deja tu comentario y like en youtube comparte y suscrbete al canales gratis,Netral,Netral
"BR Ofertas todos os dias 🇧🇷

🔥 R$ 126,44 abaixo da média!
📉 No menor preço recente

⏳ Se deixar acabar, já era!

Link: https://t.co/ATpVOTzPK3

Por R$ 809,99
Frete Grátis

Headset Gamer Sem Fio Logitech G733 7.1 Dolby Surround Blue VO!CE RGB LIGHTSYNC Preto

Amazon | Headset https://t.co/YeaweBdarL",br ofertas todos os dias r abaixo da mdia no menor preo recente se deixar acabar j era link por r frete grtis headset gamer sem fio logitech g dolby surround blue voce rgb lightsync preto amazon headset,Jijik,Jijik
"Promoções BR do dia 🇧🇷

Eleve seu setup 🖱️✨🖤

Ver aqui: https://t.co/8dIzQBiFqm

Por R$ 37,90
Frete Grátis

Couse MousePad Desk Pad Couro Ecológico 70x30cm Preto Premium

Amazon | Mouse Pad https://t.co/acPWYeeI8S",promoes br do eleve seu setup ver aqui por r frete grtis couse mousepad desk pad couro ecolgico xcm preto premium amazon mouse pad,Jijik,Jijik
"Promoções BR do dia 🇧🇷

⚠️ Oferta forte: R$ 116,17 off
📊 Melhor faixa de preço recente

🛒 Se curtir, garanta já

Ver aqui: https://t.co/4K6mcscPfn

Por R$ 785,00
em até 10x sem juros
Frete Grátis

Monitor Acer CB242Y 23.8"" LED IPS 120Hz PCR 85% Adaptive-Sync Pivô Energy Star

Amazon | Monitor",promoes br do oferta forte r off melhor faixa de preo recente se curtir garanta j ver aqui por r em at x sem juros frete grtis monitor acer cby led ips hz pcr adaptivesync piv energy star amazon monitor,Jijik,Netral
"Processador AMD Ryzen 5 8500G Box - AM5 (Amazon)

👉 https://t.co/nFnuv724Lr
R$ 709,99 no pix
R$ 835,28 em até 10x 
Frete Grátis https://t.co/6EPUQA027T",processador amd ryzen g box am amazon r no pix r em at x frete grtis,Jijik,Jijik
"Promoções BR do dia 🇧🇷

Capture momentos incríveis com potência máxima! 📱🚀✨

Ver aqui: https://t.co/W2DqVgkhlU

Por R$ 5.935,89
Frete Grátis

Samsung Galaxy S25 Ultra 5G 256GB 12GB RAM Câmera Quádrupla 200MP Tela 6.9"" Titânio Preto

Amazon | Smartphone https://t.co/q7Lpd4jiC3",promoes br do capture momentos incrveis com potncia mxima ver aqui por r frete grtis samsung galaxy s ultra g gb gb ram cmera qudrupla mp tela titnio preto amazon smartphone,Jijik,Jijik
"BR Ofertas todos os dias 🇧🇷

Potência e velocidade na palma da mão! ⚡💻✨

Link: https://t.co/PSwylZH3Sz

Por R$ 24.999,00
em até 10x sem juros
Frete Grátis

Apple MacBook Pro 14″ 2024 M4 Pro 12 núcleos 24GB 512GB Prateado

Amazon | Notebook https://t.co/YDcTQOhwUF",br ofertas todos os dias potncia e velocidade na palma da mo link por r em at x sem juros frete grtis apple macbook pro m pro ncleos gb gb prateado amazon notebook,Jijik,Netral
"Promoções BR do dia 🇧🇷

Garanta já o seu 💗📱✨

Ver aqui: https://t.co/WiCpoqkjjd

Cupom: 300SMART

Por R$ 3.760,49
Frete Grátis

Apple iPhone 15 128GB Rosa | Cupom

Amazon | Smartphone https://t.co/BXlmBoMYoA",promoes br do garanta j o seu ver aqui cupom smart por r frete grtis apple iphone gb rosa cupom amazon smartphone,Jijik,Jijik
"Teclado Mecânico Gamer Redragon Olaf K648GG-RGB Switch Marrom (Amazon)

👉 https://t.co/yFWYT3TgPv
R$ 375,16 em até 7x
Frete Grátis https://t.co/mTos8IrsHY",teclado mecnico gamer redragon olaf kggrgb switch marrom amazon r em at x frete grtis,Jijik,Jijik
"Promoções BR do dia 🇧🇷

Seu Apple Watch 11 hoje com desconto exclusivo 🕒🔥🏃‍♂️

👉 https://t.co/dvd2koAivE

Apple Watch Series 11 GPS Alumínio Preto Brilhante 46 mm Pulseira Esportiva Preta M/G

Por R$ 4.219,99
em até 10x sem juros
Frete Grátis

Amazon | Smartwatch https://t.co/AxDK1KvdwO",promoes br do seu apple watch hoje com desconto exclusivo apple watch series gps alumnio preto brilhante mm pulseira esportiva preta mg por r em at x sem juros frete grtis amazon smartwatch,Jijik,Jijik
"BR Ofertas todos os dias 🇧🇷

🧨 Caiu R$ 141,67 abaixo da média!
📉 Preço bem abaixo do normal

⏳ Pega antes que acabe!

Acesse: https://t.co/gHwNd1nDYY

AMD Ryzen 5 7600 4.0GHz Turbo 5.2GHz 38MB Cache AM5 100-100001015BOX

Por R$ 949,99
Frete Grátis

Amazon | Processador https://t.co/BL4nUCtanJ",br ofertas todos os dias caiu r abaixo da mdia preo bem abaixo do normal pega antes que acabe acesse amd ryzen ghz turbo ghz mb cache am box por r frete grtis amazon processador,Netral,Netral
"🚨 PROCESSA MAIS QUE ADVOGADO
📢 MULTIPROCESSADOR COMPACTO BMP900P PLUS 127V, BRITANIA + Frete Grátis + Frete Grátis
👉 https://t.co/Op20jpk2lS
🏷️ Ative o Cupom de R$10,00 OFF na Página do Produto ou Use PRIMEMAIO no Pagamento
🔥 Por R$129,90 
🤏🏽 Em até 4x R$32,49 SEM JUROS
(Vendido e Entregue pela Amazon)

💡Outras opções de produtos em promo: https://t.co/3n9j2qMykL",processa mais que advogado multiprocessador compacto bmpp plus v britania frete grtis frete grtis ative o cupom de r off na pgina do produto ou use primemaio no pagamento por r em at x r sem juros vendido e entregue pela amazon outras opes de produtos em promo,Netral,Netral
"Promoções BR do dia 🇧🇷

Curta a festa com som potente e luzes incríveis! 🎶✨🔊

Ver aqui: https://t.co/WBloigu8do

Por R$ 1.962,10
Frete Grátis

JBL Caixa de Som PartyBox Club 120 Bluetooth 160W RMS Show de Luzes À Prova de Respingos Branca

Amazon | Caixa de Som https://t.co/j3MqGmADz1",promoes br do curta a festa com som potente e luzes incrveis ver aqui por r frete grtis jbl caixa de som partybox club bluetooth w rms show de luzes prova de respingos branca amazon caixa de som,Netral,Netral
"[Amazon] Mouse Logitech G203 LIGHTSYNC (Preto)

👉 https://t.co/6PN4s3jZeC
• R$ 91,90 à vista
• Frete Grátis Prime https://t.co/cDZnb2r20H",amazon mouse logitech g lightsync preto r vista frete grtis prime,Jijik,Jijik
"BR Ofertas todos os dias 🇧🇷

Cozinhe saudável e rápido 🍟🔥 Experimente já!

Acesse: https://t.co/sp7P9AVwXE

Electrolux Forno Air Fryer Digital Grafite Experience 12L 1700W 220V (EAF85)

Por R$ 549,90
em até 10x sem juros
Frete Grátis

Amazon | Fritadeira Elétrica https://t.co/JrHLsdNEoW",br ofertas todos os dias cozinhe saudvel e rpido experimente j acesse electrolux forno air fryer digital grafite experience l w v eaf por r em at x sem juros frete grtis amazon fritadeira eltrica,Jijik,Jijik
"Vamos a seguir Votando 🐍🐍 ×48hs. VOTO 5X 🔥 es Gratis y puedes votar las veces que quieras 🙌👏🏻  
https://t.co/kBKEufLC7W👈👌
@secawards @mancusochiaraok https://t.co/df3pXSriPm",vamos a seguir votando hs voto x es gratis y puedes votar las veces que quieras,Netral,Netral
"BR Ofertas todos os dias 🇧🇷

Explore o limite com estilo e tecnologia! ⌚️🌟🖤

Pegue já: https://t.co/uhSnlVJEPu

Por R$ 7.499,90
em até 10x sem juros
Frete Grátis

Apple Watch Ultra 3 GPS + Celular, Titânio Preto 49mm, Pulseira Alpine Preta - M

Amazon | Smartwatch https://t.co/hHYmq1z5km",br ofertas todos os dias explore o limite com estilo e tecnologia gue j por r em at x sem juros frete grtis apple watch ultra gps celular titnio preto mm pulseira alpine preta m amazon smartwatch,Jijik,Jijik
"Los que estén estudiando la carrera de derecho, urge que aprendan a usar IA y la tengan como materia obligatoria.

Los más vulnerables en el mercado laboral, son ellos. 👇

A quien le interese, le dejo liga para cursos gratis:
https://t.co/wigUhgmLyh",los que estn estudiando la carrera de derecho urge que aprendan a usar y la teng como materia obligatoria los ms vulnerables en el mercado laboral son ellos a quien le interese le dejo liga cursos gratis,Netral,Netral
"Komende zaterdag hebben we weer een mooie line-up met @driejs, #Sophia en @TAPETOY 🙌. Je kunt de uitzending gratis bijwonen vanuit @deVorstin! ❤️https://t.co/0iZ7vJgLY9 https://t.co/mhPCiNnr0y",komende zaterdag hebben we weer een mooie lineup met en je kunt de uitzending gratis bijwonen vanuit,Netral,Netral
"BR Ofertas todos os dias 🇧🇷

Acelere seus games com potência máxima! 🎮⚡🚀

Pegue já: https://t.co/IijRVzxizP

Por R$ 2.709,99
Frete Grátis

MSI GeForce RTX 5060 Ti Ventus 2X OC 8GB GDDR7 Ray Tracing DLSS 3 Dual Fan

Amazon | Placa de vídeo https://t.co/He5tIQpsK9",br ofertas todos os dias acelere seus games com potncia mxima gue j por r frete grtis msi geforce rtx ti ventus x oc gb gddr ray tracing dlss dual fan amazon placa de vdeo,Jijik,Jijik
"🚨 BORA FAZER UM UPGRADE CXB
📢 Monitor Gamer Philips 24 Evnia 24m2n3200l Ips 180hz 0,5ms Cor Preto + Frete Grátis 
👉 https://t.co/6iUZ1EvFIS
🏷️ Ative o Cupom de R$50 OFF na Página do Produto
🔥 Por R$597,91 No Pix 
🤏🏽 Ou em até 10x R$64,99 SEM JUROS 
(Loja Oficial) https://t.co/Y66KDH1amT",bora fazer um upgrade cxb monitor gamer philips evnia mnl ips hz ms cor preto frete grtis ative o cupom de r off na pgina do produto por r no pix ou em at x r sem juros loja oficial,Netral,Netral
"Promoções BR do dia 🇧🇷

Domine seus jogos com potência máxima! 🎮⚡💻

👉 https://t.co/g6qEFba7ps

Acer Predator PHN16-72-99MY Intel Core i9 14900HX 14ª Geração 32GB 1TB SSD RTX 4070 Windows 11 Home

Por R$ 10.799,00
em até 12x sem juros
Frete Grátis

Amazon | Notebook https://t.co/X5HWVz2Vuz",promoes br do domine seus jogos com potncia mxima acer predator phnmy intel core i hx gerao gb tb ssd rtx windows home por r em at x sem juros frete grtis amazon notebook,Jijik,Jijik
"BR Ofertas todos os dias 🇧🇷

Garanta já o seu 📱💙

🔗 https://t.co/KXJTqN8Sgz

Por R$ 10.529,19
Frete Grátis

Cupom: GIMBAL10

Apple iPhone 17 Pro 512GB Azul Intenso | Cupom

Amazon | Smartphone https://t.co/WrcE1rCHYY",br ofertas todos os dias garanta j o seu por r frete grtis cupom gimbal apple iphone pro gb azul intenso cupom amazon smartphone,Jijik,Jijik
"BR Ofertas todos os dias 🇧🇷

✅ Abaixo da média: -R$ 15,77
📉 Melhor janela de preço agora

⚡ Vale correr!

🔗 https://t.co/fU3AtjnddI

Por R$ 429,00
em até 8x sem juros
Frete Grátis

Mimo Style Conjunto de Panelas 10 Peças Indução Cor Creme

Amazon | Panelas e Frigideiras https://t.co/7rXC2xbLzj",br ofertas todos os dias abaixo da mdia r melhor janela de preo agora vale correr por r em at x sem juros frete grtis mimo style conjunto de panelas peas induo cor creme amazon panelas e frigideiras,Netral,Netral
"Promoções BR do dia 🇧🇷

Garanta já o seu iPhone amarelo! 📱✨ Aproveite!

Abrir: https://t.co/w2bMbNTK2m

Por R$ 8.299,00
em até 12x sem juros
Frete Grátis

Apple iPhone 15 Plus 256GB Amarelo

Amazon | Smartphone https://t.co/BQEn3nsMAv",promoes br do garanta j o seu iphone amarelo aproveite abrir por r em at x sem juros frete grtis apple iphone plus gb amarelo amazon smartphone,Jijik,Jijik
"BR Ofertas todos os dias 🇧🇷

Garanta seu iPhone Air ✨📱💛

🔗 https://t.co/WHIZp8wrAA

Cupom: 300SMART

Por R$ 6.849,10
Frete Grátis

Apple iPhone Air 256GB Dourado-Claro | Cupom

Amazon | Smartphone https://t.co/gQesSRo7iz",br ofertas todos os dias garanta seu iphone air cupom smart por r frete grtis apple iphone air gb douradoclaro cupom amazon smartphone,Jijik,Jijik
"🚨 MASTER COLLECTION VOL.2 (desconto na finalização)
📢 Metal Gear Solid: Master Collection: Vol. 2 - Playstation 5 + Frete Grátis 
👉 https://t.co/bfFLrZSkUo
🔥 Por R$284,90 
🤏🏽 Em até 6x R$47,50 SEM JUROS
(Vendido por Gamerhut e Entregue pela Amazon)

💡Outras opções de produtos que aceitam o cupom:
https://t.co/FxARzAb3gg",master collection vol desconto na finalizao metal gear solid master collection vol playstation frete grtis por r em at x r sem juros vendido por gamerhut e entregue pela amazon outras opes de produtos que aceitam o cupom,Netral,Netral
"Promoções BR do dia 🇧🇷

Potencialize seu PC gamer agora! ⚡🖥️🔥

Abrir: https://t.co/OpnO8fE5Vu

Por R$ 719,10
Frete Grátis

Asus TUF Gaming B550M-PLUS Placa Mãe AMD AM4 DDR4 mATX

Amazon | Placa-mãe https://t.co/DqjcI7G6Vw",promoes br do potencialize seu pc gamer agora abrir por r frete grtis asus tuf gaming bmplus placa me amd am ddr matx amazon placame,Jijik,Jijik
"Promoções BR do dia 🇧🇷

⚠️ Oferta forte: R$ 1.779,29 off
📊 Melhor faixa de preço recente

🛒 Se curtir, garanta já

👉 https://t.co/u40qp0d4eI

Apple iPhone 17 Pro Max 512GB Azul Intenso | Cupom

Por R$ 10.258,49
Frete Grátis

Cupom: GIMBAL10

Amazon | Smartphone https://t.co/xGfMcZcQpJ",promoes br do oferta forte r off melhor faixa de preo recente se curtir garanta j apple iphone pro max gb azul intenso cupom por r frete grtis cupom gimbal amazon smartphone,Netral,Netral
"BR Ofertas todos os dias 🇧🇷

Capture momentos incríveis com potência máxima! 📱🚀✨

Pegue já: https://t.co/s13ii9uOgq

Samsung Galaxy S25 Ultra 5G 256GB 12GB RAM Câmera Quádrupla 200MP Tela 6.9"" Titânio Preto

Por R$ 5.935,89
Frete Grátis

Amazon | Smartphone https://t.co/GFUD57NqCC",br ofertas todos os dias capture momentos incrveis com potncia mxima gue j samsung galaxy s ultra g gb gb ram cmera qudrupla mp tela titnio preto por r frete grtis amazon smartphone,Jijik,Jijik
"BR Ofertas todos os dias 🇧🇷

Explore o futuro com velocidade 5G e câmeras incríveis! 📱⚡️📸

🔗 https://t.co/gVxW4RtzFN

Por R$ 1.998,79
Frete Grátis

Samsung Galaxy A56 5G Smartphone 256GB 8GB RAM Câmera 50MP IP67 Super AMOLED 6.7"" Preto

Amazon | Smartphone https://t.co/VcswMfbjvp",br ofertas todos os dias explore o futuro com velocidade g e cmeras incrveis por r frete grtis samsung galaxy a g smartphone gb gb ram cmera mp ip super amoled preto amazon smartphone,Jijik,Jijik
"Promoções BR do dia 🇧🇷

Descubra o poder em suas mãos! 🚀📱✨

Ver aqui: https://t.co/ShFCQJGMaQ

Por R$ 15.579,10
Frete Grátis

Apple iPad Pro 2025 11″ Wi-Fi + Cellular 512GB Prateado (M5)

Amazon | Tablet https://t.co/1jKXvN0WMv",promoes br do descubra o poder em suas mos ver aqui por r frete grtis apple ipad pro wifi cellular gb prateado m amazon tablet,Netral,Jijik
"Promoções BR do dia 🇧🇷

Seu Apple Watch 11 hoje com desconto exclusivo 🕒🔥🏃‍♂️

👉 https://t.co/dvd2koAivE

Apple Watch Series 11 GPS Alumínio Preto Brilhante 46 mm Pulseira Esportiva Preta M/G

Por R$ 4.219,99
em até 10x sem juros
Frete Grátis

Amazon | Smartwatch https://t.co/Ekdcy1lEGj",promoes br do seu apple watch hoje com desconto exclusivo apple watch series gps alumnio preto brilhante mm pulseira esportiva preta mg por r em at x sem juros frete grtis amazon smartwatch,Jijik,Jijik
"Promoções BR do dia 🇧🇷

Garanta já o seu 💗📱✨

Ver aqui: https://t.co/WiCpoqkjjd

Cupom: 300SMART

Por R$ 3.760,49
Frete Grátis

Apple iPhone 15 128GB Rosa | Cupom

Amazon | Smartphone https://t.co/G2WaZkZ4j3",promoes br do garanta j o seu ver aqui cupom smart por r frete grtis apple iphone gb rosa cupom amazon smartphone,Jijik,Jijik
"Promoções BR do dia 🇧🇷

Curta a festa em qualquer lugar com som potente! 🎉🔊🎤

Abrir: https://t.co/qrInupDCj7

Por R$ 1.700,50
Frete Grátis

JBL PartyBox On-the-Go 2 Alto-Falante Bluetooth com Microfone, IPX4, 15h Reprodução, Luz Dinâmica

Amazon | Caixa de Som https://t.co/OSUgRxsOit",promoes br do curta a festa em qualquer lugar com som potente abrir por r frete grtis jbl partybox onthego altofalante bluetooth com microfone ipx h reproduo luz dinmica amazon caixa de som,Netral,Netral
"BR Ofertas todos os dias 🇧🇷

Capture aventuras épicas com qualidade incrível! 📸🌊🚀

Link: https://t.co/ZGuC9oGArH

Por R$ 1.381,05
Frete Grátis

GoPro HERO11 Black Mini Câmera de Ação 5.3K60 à Prova d'Água até 10m | Cupom

Cupom: GIMBAL10

Amazon | Câmera https://t.co/sWSvxFhqLH",br ofertas todos os dias capture aventuras picas com qualidade incrvel link por r frete grtis gopro hero black mini cmera de ao k prova dgua at m cupom cupom gimbal amazon cmera,Netral,Netral
"Yuk, ikut merasakan 𝘳𝘰𝘭𝘭𝘦𝘳𝘤𝘰𝘢𝘴𝘵𝘦𝘳 kisah cinta Shaka dan Ocel 😚🫶

Ajak sahabat dan keluarga nonton bareng film 𝗦𝗛𝗔𝗞𝗔 𝗢𝗛 𝗦𝗛𝗔𝗞𝗔, SEDANG TAYANG di Bioskop 🎸🎶

Beli tiketnya sekarang dan dapatkan promo Beli 1 Gratis 1 Tiket melalui aplikasi M-Tix, CGV, Cinepolis, dan TIX ID 🎟️

#ShakaOhShaka #FilmShakaOhShaka #ShakaOcel",yuk ikut rasa kisah cinta shaka ocel ajak sahabat keluarga nonton bareng film sedang tayang bioskop beli tiket sekarang dapat promo beli gratis tiket lalu aplikasi mtix cgv cepol tix id,Jijik,Jijik
"Promoções BR do dia 🇧🇷

Treine seco e com estilo 💪👕🔥

Abrir: https://t.co/gNuBVeVgQB

Por R$ 59,99
em até 2x sem juros
Frete Grátis

Sandrini Kit 4 Camisas Dry-Fit Masculinas Academia UV

Amazon | Calçados, Roupas e Acessórios https://t.co/cxa0WtCTeF",promoes br do treine seco e com estilo abrir por r em at x sem juros frete grtis sandrini kit camisas dryfit masculinas academia uv amazon calados roupas e acessrios,Netral,Netral
"Promoções BR do dia 🇧🇷

Complete seu álbum! ⚽🏆📘

Ver aqui: https://t.co/fSUEKFrZWn

Por R$  74,90
Frete Grátis

FIFA Álbum de Figurinhas Capa Dura Copa do Mundo 2026

Álbum | Amazon https://t.co/c8trUAi7Lu",promoes br do complete seu lbum ver aqui por r frete grtis fifa lbum de figurinhas capa dura copa do mundo lbum amazon,Marah,Netral
"🔗 Link: https://t.co/GRXfHuAwQc

📌 Si querés acceder a todos los fallos, artículos de doctrinas y normas legales, suscribite a https://t.co/Za62zcoizu | ¡Podés probarlo gratis!
#Jurisprudencia #TasaDeJusticia #Costas #CSJN https://t.co/Ar44JDkkTz",link si quers acceder a todos los fallos artculos de doctrinas y normas legales suscribite a pods probarlo gratis,Marah,Netral
"BR Ofertas todos os dias 🇧🇷

Som potente em qualquer lugar 🔊🌊🔥

Confira: https://t.co/hGLQLFILfy

Por R$ 2.361,75
Frete Grátis

JBL Boombox 4 Speaker Bluetooth Portátil IP68 34h Grave Reforçado Azul

Amazon | Caixa de Som https://t.co/hZOG7qK9dH",br ofertas todos os dias som potente em qualquer lugar confira por r frete grtis jbl boombox speaker bluetooth porttil ip h grave reforado azul amazon caixa de som,Jijik,Netral
ein nba spieler stirbt und das erste was carlo fordert ist eine gratis brandon clarke invincible karte 🤣🤣🤣,ein nba spieler stirbt und das erste was carlo fordert ist eine gratis brandon clarke invincible karte,Netral,Netral
"BR Ofertas todos os dias 🇧🇷

🎯 R$ 233,00 abaixo do preço médio
📉 Piso de preço nos últimos dias

⚡ Corre antes que suba!

Link: https://t.co/wqZzBAnndN

Samsung Smartwatch Galaxy Watch8 LTE 44mm Grafite

Por R$ 1.926,10
Frete Grátis

Amazon | Smartwatch https://t.co/VDcr4OAqcq",br ofertas todos os dias r abaixo do preo mdio piso de preo nos ltimos dias corre antes que suba link samsung smartwatch galaxy watch lte mm grafite por r frete grtis amazon smartwatch,Netral,Netral
"alumni/mahasiswa yang belum daftar shopee VIP 6 bulan GRATISS buruan daftar guys...

pake email kampus dapet benefit point coffee gratis, roti' O, gpt dll, plus voc 99% 50k mantep bangettt😭✨✨✨ https://t.co/BZH3pjgZnd",alumnimahasiswa belum daftar shopee vip bulan gratiss buru daftar guys pake email kampus dapet benefit point coffee gratis roti o gpt plus voc k mantep bangettt,Jijik,Jijik
"🚨VOLTOU O ARAMIS NO PRECINHO
📢Tênis Masculino Casual Aramis Daily Slip Confortável Moderno + Frete Grátis 
👉 https://t.co/G3NxhF6Ewn
🏷️ USE O CUPOM: CUPOMPRAMODA ou DESCONTOSML
🔥De R$339,90 Por R$131,12  
🤏🏽 Ou em até 12x R$12,96
(Loja Oficial) https://t.co/dUxOcnux8f",voltou o aram no precinho tnis masculino casual aram daily slip confortvel moderno frete grtis use o cupom cupompramoda ou descontosml de r por r ou em at x r loja oficial,Netral,Netral
"🚨 VC ENCARA UMA 50TONA?
📢 PHILIPS, Smart TV, 50'' 4K UHD, 50PUG7019/78, Google TV, Comando de Voz, HDR + Frete Grátis 
👉 https://t.co/I2thpezhNY
🔥 Por R$1969,00
🤏🏽 Em até 10x R$196,60 SEM JUROS
(Vendido e Entregue pela Amazon)

💡Outras opções de produtos em promo:
https://t.co/FxARzAb3gg",vc encara uma tona philips smart tv k uhd pug google tv comando de voz hdr frete grtis por r em at x r sem juros vendido e entregue pela amazon outras opes de produtos em promo,Netral,Netral
"BR Ofertas todos os dias 🇧🇷

Conforto smart LG agora! ❄️📱💨

🔗 https://t.co/feW43ShBcM

LG Ar Condicionado Split Hi Wall Inverter Smart Voice AI 12.000 Btus Frio 220v R-32

Por R$ 1.980,90
Frete Grátis

Amazon | Ar-Condicionado https://t.co/xOuhTvCHQi",br ofertas todos os dias conforto smart lg agora lg ar condicionado split hi wall inverter smart voice ai btus frio v r por r frete grtis amazon arcondicionado,Jijik,Jijik
"Ova rečenica ""od ranije poznata policiji"" 🫩🪗🥳 zvuči skoro kao da imaju program vjernosti. Još malo pa kartica za bodove i deseti privođenje gratis.",ova reenica od ranije poznata policiji zvui skoro kao da imaju program vjernosti jo malo pa kartica za bodove i deseti privoenje gratis,Netral,Netral
"No ha aprendido nada mordiendo la mano que le da de comer ,dice que la entrevista en Hola fue gratis a cambio de promoción del libro y habla muy mal de sus ex compañeros ,dice que no la ham llamado para ninguna tv etc🤐 https://t.co/RU9bnoX5dt",no ha aprendido nada mordiendo la mano que le da de comer dice que la entrevista en hola fue gratis a cambio de promocin del libro y habla muy mal de sus ex compaeros dice que no la ham llamado ninguna tv etc,Netral,Netral
"BR Ofertas todos os dias 🇧🇷

Descubra o poder em suas mãos! 🚀📱✨

Acesse: https://t.co/QoBE4HpJsE

Por R$ 15.579,10
Frete Grátis

Apple iPad Pro 11″ 512 GB Wi-Fi + Cellular Preto Sideral (M5) 2025

Amazon | Tablet https://t.co/trtCf1WFR1",br ofertas todos os dias descubra o poder em suas mos acesse por r frete grtis apple ipad pro gb wifi cellular preto sideral m amazon tablet,Jijik,Jijik
"BR Ofertas todos os dias 🇧🇷

Cozinhe rápido e com estilo! ⚡🍽️✨

🔗 https://t.co/FGAWhjwUyS

Electrolux Micro-ondas 31L Inox Espelhado Grill Painel Blue Touch 220V (ME41X)

Por R$ 1.125,07
Frete Grátis

Amazon | Micro-Ondas https://t.co/rmG3HCQCMr",br ofertas todos os dias cozinhe rpido e com estilo electrolux microondas l inox espelhado grill painel blue touch v mex por r frete grtis amazon microondas,Jijik,Jijik
"Promoções BR do dia 🇧🇷

Conforto smart LG agora! ❄️📱💨

Comprar agora: https://t.co/vPseiL3LY8

Por R$ 1.980,90
Frete Grátis

LG Ar Condicionado Split Hi Wall Inverter Smart Voice AI 12.000 Btus Frio 220v R-32

Amazon | Ar-Condicionado https://t.co/B0LmkaDMWU",promoes br do conforto smart lg agora comprar agora por r frete grtis lg ar condicionado split hi wall inverter smart voice ai btus frio v r amazon arcondicionado,Jijik,Jijik
ini anak kos gw baik banget ngasih ikan cupang gratis 😭😭 https://t.co/nQheCzHm7x,anak kos gw baik banget ngasih ikan cupang gratis,Percaya,Percaya
"que LOUCURA! 🤯 caíram as taxas da shein e ainda ta com 50% de desconto! 

LC8RU - frete grátis + 50% de desconto
9LQBKWJ - roupas 80%
9UQEJXY - maquiagem 80%
396646T - beleza 90%
9N6NCXU - acessórios 90%

joga na lupa da shein que o desconto já entra! salva o post🩷💌 https://t.co/OCeZXANZy6",que loucura caram as taxas da shein e ainda ta com de desconto lcru frete grtis de desconto lqbkwj roupas uqejxy maquiagem t beleza nncxu acessrios joga na lupa da shein que o desconto j entra salva o post,Netral,Netral
"Promoções BR do dia 🇧🇷

Capture cada momento em 360° com qualidade incrível! 📸🌊✨

Comprar agora: https://t.co/5FuANgDZVP

Por R$ 2.789,91
em até 10x sem juros
Frete Grátis

GoPro MAX2 Câmera 360° à prova d'água, 8K, 29MP, Tela Touch, Estabilização HyperSmooth, 6 Mic |...

Cupom: GIMBAL10

Amazon | Câmera",promoes br do capture cada momento em com qualidade incrvel comprar agora por r em at x sem juros frete grtis gopro max cmera prova dgua k mp tela touch estabilizao hypersmooth mic cupom gimbal amazon cmera,Netral,Netral
"Promoções BR do dia 🇧🇷

Descubra o poder e a elegância agora! 🚀📱✨

Ver aqui: https://t.co/94IjWdktNa

Por R$ 13.315,15
em até 10x sem juros
Frete Grátis

Apple iPad Pro 2025 11″ Wi-Fi 512GB Prateado M5

Amazon | Tablet https://t.co/lIYVv0X6J3",promoes br do descubra o poder e a elegncia agora ver aqui por r em at x sem juros frete grtis apple ipad pro wifi gb prateado m amazon tablet,Netral,Netral
"BR Ofertas todos os dias 🇧🇷

Aproveite a super oferta e garanta já o seu! 📱⚡💙

Pegue já: https://t.co/OYLmO0Q9NM

Samsung Galaxy A17 5G 256GB 8GB 50MP Tela 6.7"" Azul

Por R$ 1.368,48
Frete Grátis

Amazon | Smartphone https://t.co/L9aBXDfzi2",br ofertas todos os dias aproveite a super oferta e garanta j o seu gue j samsung galaxy a g gb gb mp tela azul por r frete grtis amazon smartphone,Jijik,Jijik
"Promoções BR do dia 🇧🇷

Corra mais longe e monitore seu ritmo! 🏃‍♂️⌚️📍

Cupom: COMPRE15

Abrir: https://t.co/86YQ97JJnf

Por R$ 1.469,65
em até 10x sem juros
Frete Grátis

Garmin Relógio Forerunner 55 com GPS e Monitor Cardíaco 42mm Preto | Cupom

Amazon | Smartwatch https://t.co/EyRHxo1IN3",promoes br do corra mais longe e monitore seu ritmo cupom compre abrir por r em at x sem juros frete grtis garmin relgio forerunner com gps e monitor cardaco mm preto cupom amazon smartwatch,Jijik,Netral
"BR Ofertas todos os dias 🇧🇷

🎯 R$ 84,05 abaixo do preço médio
📉 Piso de preço nos últimos dias

⚡ Corre antes que suba!

Pegue já: https://t.co/oowS8RdOCZ

Ray-Ban Óculos de Sol 0RB3755 Dourado Lente Verde Tam 59

Por R$ 759,48
em até 10x sem juros
Frete Grátis

Amazon | Calçados, Roupas e Acessórios",br ofertas todos os dias r abaixo do preo mdio piso de preo nos ltimos dias corre antes que suba gue j rayban culos de sol rb dourado lente verde tam por r em at x sem juros frete grtis amazon calados roupas e acessrios,Netral,Netral
"Promoções BR do dia 🇧🇷

⚠️ Oferta forte: R$ 99,03 off
📊 Melhor faixa de preço recente

🛒 Se curtir, garanta já

Comprar agora: https://t.co/17sn5XcGCg

Por R$ 780,30
Frete Grátis

ASUS Placa-Mãe B650M-AYW Wi-Fi mATX AM5 DDR5 PCIe 5.0 Wi-Fi 6

Amazon | Placa-mãe https://t.co/OKGfh0TiAi",promoes br do oferta forte r off melhor faixa de preo recente se curtir garanta j comprar agora por r frete grtis asus placame bmayw wifi matx am ddr pcie wifi amazon placame,Netral,Netral
"Promoções BR do dia 🇧🇷

Eleve seu setup 🖱️✨🖤

Ver aqui: https://t.co/8dIzQBiFqm

Por R$ 37,90
Frete Grátis

Couse MousePad Desk Pad Couro Ecológico 70x30cm Preto Premium

Amazon | Mouse Pad https://t.co/SqV3hPRzda",promoes br do eleve seu setup ver aqui por r frete grtis couse mousepad desk pad couro ecolgico xcm preto premium amazon mouse pad,Jijik,Jijik
"🍿@Cinesa lanza un pasaporte infantil que premia la asistencia a las salas.

Podrán ir canjeando premios que completen su experiencia en las salas, como productos del bar de Cinesa e incluso entradas gratis: https://t.co/en4O5MkPGg https://t.co/Bg2dg5XhBz",lanza un pasaporte infantil que premia la asistencia a las salas podrn ir canjeando premios que completen su experiencia en las salas como productos del bar de cinesa e incluso entradas gratis,Netral,Netral
"Promoções BR do dia 🇧🇷

⚠️ Oferta forte: R$ 138,46 off
📊 Melhor faixa de preço recente

🛒 Se curtir, garanta já

Abrir: https://t.co/VwYLNLiiR8

Por R$ 3.319,00
em até 10x sem juros
Frete Grátis

AMD Ryzen 9 7950X Box Processador 16 Núcleos 5.7GHz 80MB Cache Radeon AM5 Sem Cooler

Amazon | Processador",promoes br do oferta forte r off melhor faixa de preo recente se curtir garanta j abrir por r em at x sem juros frete grtis amd ryzen x box processador ncleos ghz mb cache radeon am sem cooler amazon processador,Netral,Netral
"☄️ Race to ZERO kembali lagi — sekarang saatnya kejar profit & rebut hadiah GOLD!

✔️ Join event gratis
✔️ Tekan tombol & dapatkan angka sedekat mungkin ke 0
✔️ Naik leaderboard dan menangkan hingga 100g GOLD
✔️ Spin hadiah menarik seperti coupon, hot token, dan lainnya 
Satu tombol. Satu kesempatan menuju GOLD 

➡️ Ikut sekarang:
https://t.co/GHZodrxNQQ

Daftar dan Unduh MEXC
Daftar MEXC https://t.co/gnqgdg6Yxq

Download MEXC APP https://t.co/zzuFKa2P6v

@MEXC @MEXC_ID 
#MEXC #MEXCID #MEXCIndonesia",race to zero lagi sekarang saat kejar profit rebut hadiah gold join event gratis tekan tombol dapat angka dekat mungkin naik leaderboard menang hingga g gold spin hadiah tarik coupon hot token lain satu tombol satu sempat tuju gold ikut sekarang daftar unduh mexc daftar mexc download mexc app,Jijik,Jijik
"⚖️ BALANÇA CORPORAL BIOIMPEDÂNCIA PREMIUM 📱
✅ Visor inteligente + Bluetooth | Mede composição corporal completa | Aplicativo exclusivo
💰 Apenas R$ 29,90
🚚 Frete Grátis em pedidos acima de R$ 49,00
🏆 Top Vendas ⚠️ ÚLTIMAS UNIDADES — Não perca!
👉  https://t.co/pSojJ166sa https://t.co/UPKvZ3KI0f",balana corporal bioimpedncia premium visor inteligente bluetooth mede composio corporal completa aplicativo exclusivo apenas r frete grtis em dos acima de r top vendas ltimas unidades no perca,Netral,Netral
"CEPEETT SOREX GRATIS‼️

urut harga terendah
https://t.co/f4ZHjWST8P https://t.co/aXRtQjc6pg",cepeett sorex gratis urut harga rendah,Percaya,Percaya
"After Forever La Plata: Hoy desde las 20 hs nueva edición del ciclo de @cobraxrod en Bocanada, gira completo ""Otro día en el planeta tierra"" de Intoxicados + set 100% vinilos de rock/pop/funk/hip hop, gratis 👽 https://t.co/TTtig7UXdR",after forever la plata hoy desde las hs nueva edicin del ciclo de en bocanada gira completo otro da en el planeta tierra de intoxicados set vinilos de rockpopfunkhip hop gratis,Netral,Netral
"🎉Pelayanan KB Gratis Hari 🎉

Dalam rangka memperingati Hari Ulang Tahun Ikatan Bidan Indonesia (IBI) ke-75, telah dilaksanakan kegiatan Pelayanan KB Gratis di Puskesmas Huta Padang✨
Mari terus dukung keluarga sehat dan berkualitas melalui pelayanan kesehatan❤️ https://t.co/wLKKyIlIh8",layan kb gratis hari rangka ingat hari ulang tahun ikat bidan indonesia ibi telah laksana giat layan kb gratis puskesmas huta padang terus dukung keluarga sehat kualitas lalu layan sehat,Jijik,Jijik
"Set de 3 sartenes BRA Signature, ¡solo 58,69€! 🍳 Envío gratis

👉🏼 https://t.co/lByPhwLAMZ

Comparte el chollo con tus amigos",set de sartenes bra signature solo envo gratis comparte el chollo con tus amigos,Netral,Netral
"#Vigo #FestivalesGalicia #Verano
❗ Confirmada una nueva explosión de conciertos gratis en el puerto de Vigo

Estos son los artistas y conciertos que llegarán con el nuevo festival Son&amp;Mar Vigo 👇
https://t.co/y4VTniiYZV",confirmada una nueva explosin de conciertos gratis en el puerto de vigo estos son los artistas y conciertos que llegarn con el nuevo festival sonampmar vigo,Netral,Netral
"UTUL UGM udah makin deket, semisal Minca buka TO Gratis ini ada yang butuh gak ya? 😣

Reply ""BUTUH MIN"" nanti kalo banyak Minca buka deh https://t.co/sfq9AR74lT",utul ugm udah makin deket misal minca buka to gratis ada butuh gak reply butuh min kalo banyak minca buka deh,Jijik,Jijik
"¡Te comento el último de los #sorteos de #celta! 😍😍

➡️ https://t.co/ix49tZyZJe

Es «Día Sin Prisa» y lo hacen con un sorteo especial para miembros del #clubcelta en el que podrás conseguir un lote de sus productos 🎁🎁

#leche",te comento el ltimo de los de es da sin prisa y lo hacen con un sorteo especial miembros del en el que podrs conseguir un lote de sus productos,Netral,Netral
"¡Están aquí los #PremiosInnovacion #carrefour 2026! 😍😍

➡️ https://t.co/yCIQKvRecm

Es la 12ª edición 🎁🎁",estn aqu los es la edicin,Percaya,Percaya
"🔴 Bayern

⚽ Posesión + apoyos
🧠 Decisión
⚡ Ritmo
🥅 Finalización

Entrena como un PRO

🚨 Webinar GRATIS
👉 https://t.co/OY9MnkDMNw https://t.co/KrWuI76fcC",bayern posesin apoyos decisin ritmo finalizacin entrena como un pro webinar gratis,Jijik,Jijik
"🍗✨ DOUBLE CHICKEN VIBES ✨🍗
Ngumpul bareng makin seru cuma di #HokbenAja! 🎉
Kamu bisa nikmati promo-promo dibawah ini lho Friends :
✅ Beli 2 Simple Set Teriyaki + 2 Ocha 👉 GRATIS 1 Hot Deals HokBen Fried Chicken
✅ Beli 3 Simple Set Teriyaki 👉 GRATIS 1 Paket HokBen Fried Chicken 1 pc

📌 Berlaku setiap hari, periode sampai 31 Mei 2026
🥢 Layanan Dine in, Take Away, Delivery, atau Drive Thru.
💰 Pasti hemat banget, harga mulai Rp29ribuan/orang! 🤩

Yuk ajak bestie, keluarga atau teman kantormu buat nikmatin promonya ramean di HokBen sekarang! 🚀",double chicken vibes ngumpul bareng makin seru cuma kamu nikmat promopromo bawah lho friends beli simple set teriyaki ocha gratis hot deals hokben fried chicken beli simple set teriyaki gratis paket hokben fried chicken pc laku hari periode mei layan dine in take away delivery drive thru hemat banget harga mulai rpribuanorang yuk ajak bestie keluarga teman kantor buat nikmatin promonya ramean hokben sekarang,Jijik,Jijik
"¡Buenos días! 📰☕ Esta es nuestra portada de hoy, miércoles, 13 de mayo de 2026 | Suscríbete gratis: https://t.co/lRkj0tE6qq https://t.co/0tGK71gcjG",buenos das esta es nuestra portada de hoy mircoles de mayo de suscrbete gratis,Marah,Netral
"Anjayy...
Cuma mau bikin konten kok ngusir orang lagi makan 😂 https://t.co/ujk19a9wFV",anjayy cuma mau bikin konten kok ngusir orang makan,Percaya,Percaya
anying pernah makan sate padang disini lagi 😭 https://t.co/HjWyEurJzR,anying pernah makan sate padang sini,Percaya,Percaya
"Kalian kerja apa ya bisa makan ayam risches itu seorang diri? 

Doain aku ya nyusul, itu wishlist ku sebab aku cuma andalin diri sendiri 🙏 💚",kalian kerja apa bisa makan ayam risches orang diri doain aku nyusul wishlist ku aku cuma andalin diri sendiri,Jijik,Jijik
💚 In this economy lebih rela nahan seret bahkan pedes pas makan direstonya dibanding beli minum disana wkwk. Dasar aku si kaum mendang mending😔 emg aneh bgt ya ga mesen minum pas makan? yg penting g bawa minum dari luar kan😆 https://t.co/zE23FjyH4L,in this economy lebih rela nahan seret bahkan pedes pas makan direstonya banding beli minum sana wkwk dasar aku si kaum dang mending emg aneh bgt ga mesen minum pas makan yg penting g bawa minum luar kan,Jijik,Jijik
"@Vintagesoulc @allygarchy Ya kalo gk punya duit jangan ngedate anjirr, lu bawa anak orang dikasih makan angin gitu🤣🤣 https://t.co/Pl2uGSkHqT",kalo gk punya duit jangan ngedate anjirr lu bawa anak orang kasih makan angin gitu,Jijik,Jijik
"• trades + gifts 😋

thank youu semua yang udah mau trade kemarinnn 🫶✨ yg snack2 uda aku makan jd maaf ga kedisplay :"")

@greeniefloo @renregalia @dearluchen @chubbyneoguri @separuhpuding @anhwho_ @PlT_A_PAT @ratiotangerang @Ashtrea23 @xoxuchanx @Einohaato @niki_exe0 @mik0chn https://t.co/pM1AhDYH19",trades gifts thank youu semua udah mau trade kemarinnn yg snack uda aku makan jd maaf ga kedisplay,Percaya,Percaya
Kenyang habis makan siang  😘 https://t.co/e7FFWi75vM,kenyang habis makan siang,Percaya,Percaya
"Kali ini nyoba beli padang di grab pake kartu @KASTxyz ..

Ternyata cuma 4$ ya hehe.. ini aku save $USDT ..

Kenapa ya kalau saat pake $ speend kerasa iya cuma segini. 

Tapi di saat di convert lumayan banget 😭

Kalian makan apa siang ini ? https://t.co/FRkzOlbS89",kali nyoba beli padang grab pake kartu nyata cuma hehe aku save usdt ya kalau pake speend rasa iya cuma gin di di convert lumayan banget kalian makan apa siang,Jijik,Jijik
Menu makan siangku hari ini 💞 https://t.co/3guIinfOwF,menu makan siang hari,Percaya,Percaya
"Emang ada ya, orang mabuk karena makan tape? 😂 https://t.co/st8AO1ZPNo",emang ya orang mabuk makan tape,Percaya,Percaya
mari makan teman teman akuhhhh🙇‍♀️ https://t.co/bTrvVg7UDw,makan teman teman akuhhhh,Percaya,Percaya
"Kalo tahu SUSU cocok nya di makan sama saus cabe ato mayo ya ..????

😗😗😗🦖🦖🦖🦖 https://t.co/QtHz6tO9TD",kalo tahu susu cocok nya makan sama saus cabe ato mayo,Tertarik,Jijik
kalian makan siang pake apa nichh??? 🫠🫠,kalian makan siang pake apa nichh,Percaya,Percaya
"🐱 itu apa?
👨‍🦳tumis babi etc etc
🐢 ya gitulah bener itu
🐱 ya jelasin kocagg malah manggut manggut doang kek lele
🐢 aku juga gatau sayang aku taunya makan doang 😭😭 besok deh kita daftar les masak https://t.co/VvmPxH2fA3",apa tumis babi etc etc gitulah bener ya jelasin kocagg malah manggut manggut doang kek lele aku gatau sayang aku tau makan doang besok deh daftar les masak,Jijik,Jijik
— kaget lagi makan di luar tbtb denger “uyeahh” hehe tays cintaku🫰🏻,kaget makan luar tbtb denger uyeahh hehe tays cinta,Percaya,Percaya
"Yup di sini gue ngopi Aja biasanya sambil baca, sketch, foto, apapun itu… bisa makan siang di sini juga, ada banyak tenant. Atau coba jalan jalan explore the place 🙌🏻 https://t.co/q78oRuw7W4",yup sini gue ngopi aja biasa baca sketch foto apa bisa makan siang sini ada banyak tenant coba jalan jalan explore the place,Jijik,Jijik
@bingungtrs_ mahal kalo bandingin harga lele 26k/kg dapet 7 ekor bisa buat makan sekeluarga 😭😭,mahal kalo bandingin harga lele kkg dapet ekor buat makan keluarga,Jijik,Jijik
"Hari ini gak masak, aku beli ayam D’Kriuk terus bikin sambal geprek sendiri 🍗🔥

Kalian makan siang apa? https://t.co/Zi8RlUhw4O",hari gak masak aku beli ayam dkriuk terus bikin sambal geprek sendiri kalian makan siang apa,Jijik,Jijik
"Salah satu alasan aku adopsi dia karena dia Pinter 😭😭🌿🌱  Kalau di panggil pasti manut, klw ada org makan bodoamat gak akan ngerecokin. Klw bau sete ayam cuma ampirin duduk di depan diem aja, ga heboh gitu.

 Jujur aku tuh bukan Cat Lover 😭 Niatan adopsi Cino jg awalnya ga ada, tapi dia semingguan gamau pergi dari kebun. 

Malah dia Prove it kalau dia layak di adopsi dgn cara berburu Tikus, depan pintu aja  gak heboh minta masuk rumah, malah gulung2 gemes ngerayu gak ndusel2.

Karena kek uda tau dulu aku gamau nyentuh dia karena jamuran, meskipun ujung2nya aku kena ringwarm jg wkkw karena aku luluh 😭",salah satu alas aku adopsi pinter kalau panggil manut klw org makan bodoamat gak ngerecokin klw bau sete ayam cuma ampirin duduk depan diem aja ga heboh gitu jujur aku tuh bukan cat lover niat adopsi cino jg awal ga tapi minggu gamau pergi kebun malah prove it kalau layak adopsi dgn cara buru tikus depan pintu aja gak heboh minta masuk rumah malah gulung gemes ngerayu gak ndusel kek uda tau dulu aku gamau nyentuh karena jamur meski ujung aku kena ringwarm jg wkkw karena aku luluh,Jijik,Jijik
"Makan Siang ala - ala Japan.. lokasi Warteg Jaya Bahari
📸  Rhea , 🍼🍼 https://t.co/jEBDxK8pw9",makan siang ala ala japan lokasi warteg jaya bahari rhea,Jijik,Jijik
"🐕‍🦺 haram! 🐕‍🦺Najis berat! Kau tu Islam! 🐕‍🦺pun kau jaga! Kau dah gila ke! Apa bendalah kau bagi makan 🐕‍🦺!inilah antara suara2 sumbang yg sudah teramat biasa aku terima. Kita ni bukan xde otak mcm mereka.Kami tahu had&amp;batasannya..So 🐕‍🦺haram,maka dpt dosa ke kalau x bagi 🐕‍🦺 makan? https://t.co/w7spWC0kGB",haram najis berat kau tu islam kau jaga kau dah gila apa benda kau makan ini suara sumbang yg amat biasa aku terima ni bukan xde otak mcm merekakami tahu hadampbatasannyaso harammaka dpt dosa kalau x makan,Jijik,Jijik
"Hari-hari isi otak w: 
“Overthinking” ❎
“Besok wajib makan ayam nashville nya hot side story” ✅ https://t.co/ROBm2TWX7I",harihari isi otak w overthinking besok wajib makan ayam nashville nya hot side story,Jijik,Jijik
"@pangerancode @The25thSykes Hukumnya halal 100%, mubah, bahkan sunnah kalau lagi laper jam segini! 😋 Indomie rebus + telur gitu emang juara, apalagi keliatan gurihnya. Gaspol aja, selamat makan bro! 🤤",hukum halal mubah bahkan sunnah kalau laper jam gin indomie rebus telur gitu emang juara liat gurih gaspol aja selamat makan bro,Tertarik,Jijik
"Eh imriffs, dengan gaji 4jt/bulan masih bisa hidup sehat kok, asal atur prioritas.

Budget realistis:
- Makan: 800rb-1jt (masak sendiri, beli pasar/telur-tahu-tempe-ikan)
- Kos + listrik-air: 1jt-1.2jt
- Transport + misc: 400-500rb
- Sisanya nabung atau cicil sepatu lari pelan-pelan.

Tips sehat hemat:
- Lari di taman/jalanan dulu, belum perlu sepatu 3jt.
- Workout bodyweight + YouTube gratis.
- Minum air putih, tidur cukup, jajan jarang.

Bisa banget sehat tanpa boros! 💪",eh imriffs gaji jtbulan hidup sehat kok asal atur prioritas budget realistis makan rbjt masak sendiri beli pasartelurtahutempeikan kos listrikair jtjt transport misc rb sisa nabung cicil sepatu lari pelanpelan tips sehat hemat lari tamanjalanan dulu perlu sepatu jt workout bodyweight youtube gratis minum air putih tidur cukup jajan jarang bisa banget sehat boros,Jijik,Jijik
"@piruinuy @AiphNday Itu buah buni (Antidesma bunius) alias bignay. Kecil-kecil hitam bergerombol di tangkai hijau panjang, khas pohon tropis Indonesia. Rasanya asam-manis sepat, biasa dimakan langsung, dibuat rujak, atau jus. Pernah makan? 😊",buah buni antidesma bunius alias bignay kecilkecil hitam gerombol tangkai hijau panjang khas pohon tropis indonesia rasa asammanis sepat biasa makan langsung buat rujak jus pernah makan,Jijik,Jijik
"@markizusss @anjirbodor Itu bunga **ketul** (atau ajeran), nama ilmiahnya **Bidens pilosa**. 

Bunga liar dari keluarga Asteraceae yang sering tumbuh di pekarangan, pinggir jalan, atau belakang rumah. Bagus banget buat diambil gitu, apalagi pas lagi makan es cemil! 🌼",bunga ketul ajeran nama ilmiah bidens pilosa bunga liar keluarga asteraceae sering tumbuh pekarang pinggir jalan belakang rumah bagus banget buat ambil gitu pas makan es cemil,Jijik,Jijik
"Macam ni rupanya influencer buat review makanan ni tak makan pun semua belakon je lebih dah la luahkan. Kalau kau tak makan apasalahnya tolak 🤦🏻‍♂️

No wonder pegi makan kedai2 org review ni hampeh https://t.co/dh2xsq9XcH",macam ni rupa influencer buat review makan ni tak makan semua belakon je lebih dah la luah kalau kau tak makan apasalahnya tolak no wonder pegi makan kedai org review ni hampeh,Jijik,Jijik
"Pas ngobrol iseng sama sepupu, pernah tercetus ide:

Bagaimana kalo di rumah Mbah gak usah sedia menu rendang, opor, dan santan-santanan lain?

Jadi khusus di rumah Mbah, kita sediakan bakar-bakaran alias nge-grill. Tinggal modal ayam sama daging yang sudah dimarinasi. 

Begitu ada tamu, tinggal kita bakarin.

Menu lain yang bisa disediakan juga mie rebus pake telor dan mie goreng. Nugget juga jadi menu yang diusulkan buat ada.

Prinsip dasar ide ini sederhana:

Kalo lebaran ke rumah kerabat dan disuruh mampir, lauk yang tersedia yaa itu-itu aja sebenarnya. Opor, sayur labu, krecek, dan rekan-rekannya.

Apalagi kalo di Jateng, ga boleh pulang kalo belum makan. Jadi pernah ada masa gua makan lima kali dalam waktu yang sangat berdekatan karena emang dipaksa makan, dan diminta Bapak Ibu biar ikut makan karena ga enak kalo nolak makan.

🤣🤣🤣

Nah dengan kehadiran menu tak biasa di rumah Mbah tadi, otomatis bakal jadi ""oase"" di tengah kepungan opor dan kawan-kawan.

Dan yak, ide ini ditolak mentah-mentah meski baru dalam tahap obrolan dan perencanaan tanpa tindak lanjut serius.

🤣🤣🤣🤣",pas ngobrol iseng sama sepupu pernah cetus ide bagaimana kalo rumah mbah gak usah sedia menu rendang opor santansantanan jadi khusus rumah mbah sedia bakarbakaran alias ngegrill tinggal modal ayam sama daging sudah dimarinasi tamu tinggal bakarin menu sedia mie rebus pake telor mie goreng nugget jadi menu usul buat prinsip dasar ide sederhana kalo lebaran rumah kerabat suruh mampir lauk sedia yaa ituitu aja benar opor sayur labu krecek rekanrekannya kalo jateng ga pulang kalo makan jadi pernah ada masa gua makan lima kali waktu yang sangat dekat emang paksa makan minta bapak ibu biar ikut makan ga enak kalo nolak makan nah hadir menu tak biasa rumah mbah tadi otomatis bakal jadi oase tengah kepung opor kawankawan yak ide tolak mentahmentah meski baru tahap obrol rencana tindak lanjut serius,Jijik,Jijik
Nak makan ayam gepuk la pula rasa 😋 tapi nanti perut jem hahahah,nak makan ayam gepuk la rasa nanti perut jem hahahah,Jijik,Percaya
"'kita makan dirumah yuk, kakak masih ada utang masakin kamu kan? Kalo kamu gamau ketemu heri, kita bisa masak dirumah yg lain, supaya heri gatau' bisa kali gitu pem 🥹🥹",makan rumah yuk kakak ada utang masakin kamu kan kalo kamu gamau ketemu heri masak rumah yg supaya heri gatau bisa kali gitu pem,Jijik,Jijik
Makan tuh fancam @L_MarshaJKT48 😜 https://t.co/VSHuc7b56J,makan tuh fancam,Percaya,Percaya
"Otsunaraa~!! 💙

habis ini mau cari makan buat sarapan hehe
ednignya kita karaoke lagunya Yuru camp
seruu pankpn lagi :D https://t.co/T00PbK7drG",otsunaraa habis mau cari makan buat sarap hehe ednignya karaoke lagu yuru camp seruu pankpn d,Jijik,Jijik
@_glimpseeofus jadi santapan buat makan siang🤤,jadi santap buat makan siang,Percaya,Percaya
"🌪️ “aku gemes banget kalo liat mas kula makan ga kelar kelar, aku sebel” 

lucu banget ish 😭",aku gemes banget kalo liat mas kula makan ga kelar kelar aku sebel lucu banget ish,Percaya,Percaya
"Nemu di thread cowo makan ini sampe nangis, kirain lebay doang taunya emg beneran penipu ulung… PEDES BGT BJIRR kaga ada manis manisnya 😭😭😭 https://t.co/lACVYotbt9",nemu thread cowo makan sampe nang kirain lebay doang tau emg beneran tipu ulung pedes bgt bjirr kaga manis manis,Percaya,Jijik
"imagine kasih beginian ke kucing indo 😭

🐱: lu pikir gua ngeong lucu? itu gua nagih makan ke-4 hari ini.
🐱: hey babu gua laper makan gua mana?
🐱: jangan pegang perut gua sembarangan anjir.
🐱: lu kerja capek-capek tiap hari buat beli whiskas gua 😹
🐱: iya gua sengaja jatuhin barang lu
terus kenapa?",imagine kasih begini kucing indo lu pikir gua ngeong lucu gua nagih makan hari hey babu gua laper makan gua mana jangan pegang perut gua sembarang anjir lu kerja capekcapek tiap hari buat beli whiskas gua iya gua sengaja jatuhin barang lu terus,Jijik,Jijik
"Kemarin ngabarin nih. Katanya kangen Sovely🥺. Dan ngabarin kalo dia makan

#LEO #리오 https://t.co/QqMgolQZoq",kemarin ngabarin nih kata kangen sovely ngabarin kalo makan,Jijik,Tertarik
"met siang muts ku sayangg, mff akhir' ini aku jarang jbjb😔dan aku 2minggu kedepannya mau izin rest dulu, karena badanku lagi kurang fit..😔
have a nice day guys🌷 jangan lupa makan yg enakk yaa🍬n jangan lupa jaga kesehatannn❤️‍🩹",met siang muts ku sayangg mff akhir aku jarang jbjbdan aku minggu depan mau izin rest dulu badan kurang fit have a nice day guys jangan lupa makan yg enakk yaan jangan lupa jaga kesehatannn,Jijik,Percaya
"HASHTAGNYA RANDOM BANGET😭😭😭

# cowok-cowok yg jelas / pasti
# contoh cowok dengan good vibes
# rekomendasi tempat makan
# idol buatan park jaebom https://t.co/JZgOrYtxZA",hashtagnya random banget cowokcowok yg jelas contoh cowok good vibes rekomendasi tempat makan idol buat park jaebom,Jijik,Jijik
Lelaki makan memang nampak kesian termasuklah Leizi 😭,lelaki makan memang nampak kesi masuk leizi,Percaya,Percaya
"Terimakasih untuk kerja keras nya hari ini, jangan lupa makan dan istirahat yang cukup yaa @CErine_JKT48 hari ini kamu kerennn banget🫶🫶 https://t.co/n9cH9zX6GE",terimakasih kerja keras nya hari jangan lupa makan istirahat cukup yaa hari kamu kerennn banget,Percaya,Percaya
weh lapar tapi takde duit nak makan 😔,weh lapar takde duit nak makan,Percaya,Percaya
"GenZ 

fbdg here  today yang domisili bdg ada yang mau main ga? Nonton atau ya ngobrol² sekalian cari makan enak ayoo! Sekalian mau cari mutualan Bru dan teman baru xixi domisili mana aja bebas 
Aku yang ada moon😼 nanti aku ketuk dm nyaw https://t.co/IMmJkjyEkW",genz fbdg here today domisili bdg mau main ga nonton ya ngobrol sekali cari makan enak ayoo sekali mau cari mutualan bru teman baru xixi domisili mana aja bebas aku yang ada moon aku ketuk dm nyaw,Jijik,Jijik
"Next month mcm nk pegi sunway lagoon, ada couple nk join tak? 

Mcm seronok naik ride sama sama🤭
Makan sama sama
F sama sama

Eh",next month mcm nk pegi sunway lagoon couple nk join tak mcm seronok naik ride sama sama makan sama sama f sama sama eh,Jijik,Percaya
"🌪:aku jalan"" karna pengen beli minum terus ketemu dia kayak 'WEHHH'
🌪: gatau kno refleknya kayak kaget, abis beli kopi aku balik ke backstage ketemu dia lagi makan
🌪: dia makan takoyaki pake sambel guys aku kecewa bgt

WKWKWKWK ini dia kronologi di cf, lucu #Bimarchive https://t.co/xARNMJuCT1",aku jalan karna ken beli minum terus ketemu kayak wehhh gatau kno refleknya kayak kaget abis beli kopi aku balik backstage ketemu lagi makan makan takoyaki pake sambel guys aku kecewa bgt wkwkwkwk dia kronologi cf lucu,Jijik,Jijik
"Aku dulu ngerasa ga nyaman tiap dibayarin cowo. Jiwa provider aku yang sugar sister itu beneran terluka dan gak dikasih makan egonya. 

Sampe akhirnya keseringan dapat mokondo dan aku punya temen deket namanya A yang dari awal jalan lgsg bilang ""Rin, ini all me ya. Lemme pay karena ini treat dari aku"" 

Dia sering banget jemput aku di tempat kerja lama + ninggalin helm dan motorku di parkiran. Gatau berapa kali bawa aku night ride sambil muter lagu lana del rey atau bernadya. Sometimes dia tetep kasih makan egoku dengan letme pay tapi transfer diem-diem.

Dia beneran bikin aku belajar menerima dibayarin tapi pelan-pelan. Yang kedua waktu aku jalan sama B, dengan tegas dia bilang ""bub, aku ini cowo. Kamu juga harus kasih makan egoku"".

Oh ternyata ego jiwa provider ini tetep perlu dikasih makan. Rasa ingin diandalkan itu perlu dikasih makan juga.

Papaku? He gimme the money tapi aku yang bayar ke kasir. Mungkin ini yang bikin aku jadi terbiasa ngebayarin.

Jadi, kalo kamu dibayarin tolong belajar menerima ya girls. As provider cuma pengen kamu seneng dan bahagia kok. Perihal reimburse seperlunya aja buat kasih makan rasa ingin diandalkannya.

Apapun itu semoga dipertemukan dengan yang setara, baik dari pemikiran maupun keadaan ekonomi yaaa 🥰",aku dulu ngerasa ga nyaman tiap dibayarin cowo jiwa provider aku sugar sister beneran luka gak kasih makan ego sampe akhir sering mokondo aku punya temen deket nama a awal jalan lgsg bilang rin all me lemme pay treat aku sering banget jemput aku tempat kerja lama ninggalin helm motor parkir gatau berapa kali bawa aku night ride muter lagu lana del rey bernadya sometimes tetep kasih makan ego letme pay transfer diemdiem beneran bikin aku ajar terima dibayarin pelanpelan dua waktu aku jalan sama b tegas bilang bub aku cowo kamu harus kasih makan ego nyata ego jiwa provider tetep perlu kasih makan rasa andal perlu kasih makan papa he gimme the money aku bayar kasir mungkin ini yang bikin aku jadi biasa ngebayarin jadi kalo kamu dibayarin ajar terima girls as provider cuma ken kamu neng bahagia kok perihal reimburse perlu aja buat kasih makan rasa andal apa moga temu yang tara baik dari pikir maupun ada ekonomi yaaa,Netral,Jijik
"🐶: “Main di luar, yuk!”
🐱: “MAU MAIN PASIL!”
🐶: “Ssst! Nanti papah ayah denger!”
🐱: “Kakak…. Adek lapel.”
🐶: “Eum mau makan pasir gak?”
🐱: “MAUUU! Tapi tapi dibulet-buletin ya, kakak.”
🐶: “Enak, gak?”
🐱: “Enwak! Uhuk! Kwakwak mawu jugwa? Adwek suwapwin.”
🐶: “Dikit aja….”

🐱: “HUAAAA SAKIT!”
🐶: “Adeek! Sini berdiri dulu.”
🐱: “Huks— sakit kakak lututnya…”
🐶: “Aku gendong deh. Eum tapi kamu berat, gak?”
🐱: “Huks— mau tium….”
🐶: “Emmmmuah!”
🐱: “Hihi lututnya udah gak sakit!”",main luar yuk mau main pasil ssst papah ayah denger kakak adek lapel eum mau makan pasir gak mauuu dibuletbuletin kakak enak gak enwak uhuk kwakwak mawu jugwa adwek suwapwin dikit aja huaaaa sakit adeek sini diri dulu huks sakit kakak lutut aku gendong deh eum tapi kamu berat gak huks mau tium emmmmuah hihi lutut udah gak sakit,Jijik,Jijik
"cerita bimbul selama makan bareng pdvv di CF:

🌪️ aku gemes banget liat mas kula makannya lama banget
🌪️ sambil ngobrol tapi makanannya dijadiin pajangan 
🌪️ dia bawa bawa makanan di tangan. tapi dia melakukan semua hal kecuali makan",cerita bimbul lama makan bareng pdvv cf aku gemes banget liat mas kula makan lama banget ngobrol makan dijadiin pajang bawa bawa makan tangan dia laku semua kecuali makan,Jijik,Jijik
"@guesswho1333 Dibilang manja, boros, skill issue ga bisa nabung😂🤣🤣

Gue udah ngalami semua. Bahkan pilih makan dngn katering lbh affordable dibanding makan ayam geprek, dibilang boros dan hidup ala gen z anjirrr🤣🤣",bilang manja boros skill issue ga nabung gue udah ngalami semua bahkan pilih makan dngn katering lbh affordable banding makan ayam geprek bilang boros hidup ala gen z anjirrr,Jijik,Jijik
"Daftar Lagu JKT48 Personal Meet and Greet Festival: LOVE DREAM PASSION (performance session), malam ini:

M01. Andai 'Ku Bukan Idola
M02. Sakura Kita Makan Bersama
M03. Musim Yang Selanjutnya
M04. Dekat Namun Jauh
M05. Bel Terakhir Berbunyi
M06. WAKAKA PEOPLE
M07. JKT Festival
M08. 12 Seconds
M09. Tidak Boleh Pelukan
M10. Demi Seseorang
M11. Ponytail Dan Shu-Shu

#JKT48Love ✨💗
#JKT48Dream ⭐️💫
#JKT48Passion ❤️‍🔥🔥",daftar lagu jkt personal meet and greet festival love dream passion performance session malam m andai ku bukan idola m sakura makan sama m musim lanjut m dekat jauh m bel akhir bunyi m wakaka people m jkt festival m seconds m boleh peluk m orang m ponytail shushu,Jijik,Jijik
"Salah ga si sender negur teman ""kurang kurangi lah kamu pake ai"" soalnya dia apa-apa nanya ai kayak bingung mau makan apa dia nanya ai 💚",salah ga si sender negur teman kurang kurang lah kamu pake ai soal apaapa nanya ai kayak bingung mau makan apa nanya ai,Percaya,Jijik
"Junseo nih beneran ngasih makan semua shippernya wkwk 😭
Bercanda guys dia emng dr pas di WEi sering selca bareng member. Itu bentuk kasih sayangnya dia + dia emng suka foto2. Buat kenang2an juga ya Juns. 
Jadi yg bilang Junseo up foto selca bareng member karena caper dan pengen pamor doang kalian jahat banget 😒",junseo nih beneran ngasih makan semua shippernya wkwk canda guys emng dr pas wei sering selca bareng member bentuk kasih sayang dia emng suka foto buat kenang ya juns jadi yg bilang junseo up foto selca bareng member caper ken pamor doang kalian jahat banget,Jijik,Jijik
"Tapi lucu sih. Ada mahasiswa marah-marah karena gak bisa makan gara-gara gak ada driver yg ambil pesenan online foodnya. Padahal ya manusia teh diciptakan dengan akal, diberi otak dan sepasang kaki. Tinggal mikir lamun euweuh nu nganterkeun berarti ngikreuh. Da lain di hutan. 😌",lucu sih mahasiswa marahmarah gak makan garagara gak driver yg ambil sen online foodnya padahal manusia teh cipta akal beri otak pasang kaki tinggal mikir lamun euweuh nu nganterkeun arti ngikreuh da di hutan,Tertarik,Jijik
@junseokbnuy denger ini rasanya kayak makan beling 😔😔,denger rasa kayak makan beling,Jijik,Percaya
"@thejenniegala Mana ortunya kaya, ditambah anak tunggal. 
Ini yang namanya harta gak bakal habis di makan tujuh turunan 😭. 

Pengen tag emaknya jennie, minta diangkat jadi anak tiri nya bisa gak yah https://t.co/74p5pnFZUw",mana ortunya kaya tambah anak tunggal yang nama harta gak bakal habis makan tujuh turun ken tag emaknya jennie minta angkat jadi anak tiri nya gak yah,Jijik,Jijik
"@afinasyif Di negara manapun itu pemerintah nya berusaha untuk mensejahterakan rakyatnya, Lah ini ko kebalikan nya ya, kayak gak mau gitu lihat Rakyatnya sejahtera, yg penting kasih makan terus. Negara ko malah bersaing dengan rakyatnya sendiri. 😐",negara mana perintah nya usaha sejahtera rakyat lah ko balik nya kayak gak mau gitu lihat rakyat sejahtera yg penting kasih makan terus negara ko malah saing rakyat sendiri,Jijik,Jijik
"Sama plushie, lucu dan gemas semua, tapi MAKAN TEMPAT😫

Sebagian udh kujual karena merasa kebanyakan liatnya😭🙏 https://t.co/sc0I1Q8ZWQ",sama plushie lucu gemas semua makan tempat bagi udh jual rasa banyak liat,Percaya,Percaya
"apakah cowok sunda cenderung pemalas???

almarhum ayah saya asli salah 1 desa di tasik, 
beliau cerita dulu mimpi anak2 di sana sama semua, yakni setelah lulus sekolah jadi pedagang remote TV keliling. 

saya tanya kenapa mimpinya enggak lebih ""tinggi""? misalnya merantau bangun bisnis di kota orang atau kejar mimpi besar yg lain?
jawabannya: 
- desanya itu subur, beras dari panen sawah, makan ikan tinggal tangkep ikan dari balong/kolam, sayur tinggal metik, tetangga saling bantu, jadi udah merasa cukup aja, tidak ada dorongan lebih
- orang2 lebih suka hidup tenang dari pada ambisi ekspansi merantau, jadi beda prioritas hidup
- referensi jg jadi faktor kuat. orang2 di desa tidak ada contoh sukses yg bisa jadi patokan
- budaya merantau kerja keras sampai sukses itu cukup asing di desanya

nah ayah saya termasuk yg pertama jadi sarjana di desa itu, itu jg karna nilainya bagus, dapet beasiswa dan disuruh gurunya kuliah. 
alhamdulillah dr kampung bisa keterima di unpad dan jadi dosen. 

cerita lainnya istri saya dulu sempet kerja jadi HR, sering rekrut alumni SMK di bandung dan dateng langsung ke sekolah2nya.
uniknya misalnya di sekolah yg janjian mau interview ada 200 orang, eh yg dateng kurang dari 50 orang. 
setelah diskusi dengan guru2nya, banyak anak2 disana rela digaji kecil asal masih di bandung, ada yg kerja bidang kreatif, sebagai barista, dll. 

kesimpulan? 
- stereotip orang sunda malas menurut saya balik lagi ke karakter masing2 orang aja
- ini masalah budaya, mereka cenderung lebih kejar hidup tenang dan nyaman tp secukupnya di lingkungan tempat tinggal dari pada kejar yg ngoyo banget sampe sukses
- faktor lingkungan, budaya dan referensi orang tua dan teman2 jg jadi faktor penting

kalau menurutmu gimana???
apakah temenmu ada yg jadi ""sunda financial freedom"" seperti postingan dibawah??? 😅",cowok sunda cenderung malas almarhum ayah asli salah desa tasik beliau cerita dulu mimpi anak sana sama semua lulus sekolah jadi dagang remote tv keliling tanya mimpi enggak lebih tinggi misal rantau bangun bisnis kota orang kejar mimpi besar yg jawab desa subur beras panen sawah makan ikan tinggal tangkep ikan balongkolam sayur tinggal metik tetangga saling bantu jadi udah rasa cukup aja dorong lebih orang lebih suka hidup tenang pada ambisi ekspansi rantau jadi beda prioritas hidup referensi jg jadi faktor kuat orang desa contoh sukses yg jadi patok budaya rantau kerja keras sukses cukup asing desa nah ayah masuk yg pertama jadi sarjana desa itu jg karna nilai bagus dapet beasiswa suruh guru kuliah alhamdulillah dr kampung terima unpad jadi dosen cerita lain istri dulu sempet kerja jadi hr sering rekrut alumni smk bandung dateng langsung sekolah unik misal sekolah yg janji mau interview orang eh yg dateng kurang orang telah diskusi guru banyak anak sana rela gaji kecil asal bandung ada yg kerja bidang kreatif barista simpul stereotip orang sunda malas saya balik ke karakter masing orang aja masalah budaya cenderung lebih kejar hidup tenang nyaman tp cukup di lingkung tempat tinggal pada kejar yg ngoyo banget sampe sukses faktor lingkung budaya referensi orang tua teman jg jadi faktor penting kalau turut gimana temenmu ada yg jadi sunda financial freedom postingan bawah,Jijik,Jijik
"Sekolah elit ya ini? 💕🩷
https://t.co/x6U9nMtGlk",sekolah elit ini,Jijik,Jijik
"GILAAAK ini, in real casenya malah lebih sedih 🥹

Artikel tahun 2022:

33 tahun yang lalu, ada siswi SD di Hwaseong yang hilang saat pulang sekolah. Polisi waktu itu bilang ke keluarganya kalau anak itu cuma kabur dari rumah, dan orang tuanya mempercayai itu selama lebih dari 30 tahun.

Tapi pada 2019, setelah kasus pembunuhan berantai Hwaseong diselidiki ulang dan Lee Chun Jae mengaku sebagai pelakunya, barulah terungkap kalau anak itu sebenarnya dibunuh.

Hasil penyelidikan ulang juga menemukan fakta mengejutkan: polisi dulu ternyata sudah menemukan tulang belulang dan barang milik korban, tapi malah menyembunyikannya.

Dua detektif diduga memanipulasi kasus itu dan mengubahnya jadi kasus anak hilang biasa. Ayah korban yang akhirnya tahu kebenaran sampai berkata:

""Yang membunuh memang pembunuhnya, tapi yang menutupi kasus ini rasanya lebih kejam lagi.""

Sayangnya, para polisi yang menutupi kasus itu tidak bisa dihukum karena masa tuntutan hukumnya sudah habis.

Keluarga korban lalu menggugat negara pada tahun 2020. Dan pengadilan akhirnya memutuskan kalau polisi memang melakukan: penutupan kasus secara terorganisir, manipulasi penyelidikan, serta melanggar hak keluarga korban untuk mengetahui kebenaran dan berkabung dengan layak.

Negara akhirnya diperintahkan membayar ganti rugi sekitar 220 juta won kepada keluarga korban.

Yang paling sedih, kedua orang tua korban meninggal dunia sebelum sempat melihat putusan pengadilan keluar. Ibunya meninggal pada 2020, lalu ayahnya menyusul pada 2022, hanya dua bulan sebelum sidang putusan pertama selesai.

https://t.co/BGTUIdQCoa",gilaaak in real casenya malah lebih sedih artikel tahun tahun lalu siswi sd hwaseong hilang pulang sekolah polisi waktu bilang keluarga kalau anak cuma kabur rumah orang tua percaya lama lebih tahun kasus bunuh beranta hwaseong selidik ulang lee chun jae aku laku baru ungkap kalau anak benar bunuh hasil lidi ulang temu fakta kejut polisi dulu nyata temu tulang belulang barang milik korban malah sembunyi detektif duga manipulasi kasus ubah jadi kasus anak hilang biasa ayah korban akhir tahu benar kata bunuh memang bunuh tutup kasus rasa lebih kejam sayang polisi tutup kasus tidak hukum masa tuntut hukum habis keluarga korban lalu gugat negara tahun adil akhir putus kalau polisi memang laku tutup kasus organisir manipulasi lidi langgar hak keluarga korban tahu benar dan kabung layak negara akhir perintah bayar ganti rugi juta won keluarga korban yang paling sedih dua orang tua korban tinggal dunia sempat lihat putus adil keluar ibu tinggal lalu ayah susul pada hanya bulan sidang putus pertama selesai,Jijik,Jijik
"POLEMIK IJAZAH GIBRAN...

KEPALA SEKOLAH SMA ST YOSEF SOLO KEMBALI BANTAH GIBRAN LULUSAN DI SEKOLAHANNYA...

TAK PERNAH DAFTAR JANGAN NGAKU-NGAKU LULUS SMA, BIKIN MALU INSTANSI PENDIDIKAN SAJA...‼️

#MakzulkanGibran2026
#MakzulkanGibran2026
🆘🆗 https://t.co/RFrj76X0xv",polemik ijazah gibran kepala sekolah sma st yosef solo bantah gibran lulus sekolah tak pernah daftar jangan ngakungaku lulus sma bikin malu instansi didik,Netral,Netral
"walaupun sekolah mereka sudah terendam lumpur karena pascabencana, mereka tetap bahagia dan senyum🥺❤️

apalagi, mereka tetap pakai seragam untuk sekolah sangking semangatnya

hancur hati ngeliat hal seperti ini💔

📍 Desa Reje Payung, Takengon, Aceh Tengah https://t.co/9FhhfEYSMF",walaupun sekolah sudah rendam lumpur pascabencana tetap bahagia senyum mereka tetap pakai seragam sekolah sangking semangat hancur hati ngeliat seperti desa reje payung takengon aceh tengah,Jijik,Jijik
"@ninjahattoriii_ @C_OnielJKT48 @C_IndahJKT48 @M_OlineJKT48 Musafir, anak sekolah, princess dan biduan jadi satu😭😭",musafir anak sekolah princess biduan jadi satu,Jijik,Jijik
"💚 Chat bahas body cewek, ada yang dibilang rata lah, harus dimodif lah, sampai blak2an kalo mrka ng*c*ng kalo liat 1 cewek ini. Tolong up, pihak sekolah sampai sekarang belum bertindak.
https://t.co/rpbnO4wsUu",chat bahas body cewek yang bilang rata lah dimodif lah blakan kalo mrka ngcng kalo liat cewek tolong up pihak sekolah sekarang tindak,Jijik,Jijik
😭😭😭😭 ihan ditaksir tongkrongan basis sekolah ini ya https://t.co/viJiplW3Xn,ihan taksir tongkrong basis sekolah ya,Percaya,Percaya
budak sekolah tngh ramai kt byo🥵#fypmalaysia #tudung #budaksekolah #awekmelayu #awekpadu #awekcun https://t.co/3P235mdGSi,budak sekolah tngh ramai kt byo,Percaya,Percaya
"🧸💌 

aku... bener bener sayang banget sama beomgyu :c aku tau gyu dari aku masih pakai seragam sekolah sampai sekarang kita sama sama tumbuh makin dewasa, eksistensi dia selalu punya tempat yang paling spesial di hati aku. kalau dipikir yah perjalanan waktu itu ga sebentar – https://t.co/4Ub6Qi7yBS",aku bener bener sayang banget sama beomgyu c aku tau gyu aku pakai seragam sekolah sekarang sama sama tumbuh makin dewasa eksistensi selalu punya tempat paling spesial hati aku kalau pikir yah jalan waktu ga sebentar,Jijik,Jijik
"@BERSANDlWARA wajar kak, ni yang nyerang paling putus sekolah 😂 https://t.co/7cd3un4zbs",wajar kak ni nyerang paling putus sekolah,Percaya,Jijik
"@yappingfess lagi lagi aku nyalahin pemerintah karena rakyatnya banyak banget yang mau sekolah tapi terhalang biaya dsb. kak, semoga ada jalannya ya, semoga Tuhan menolong kita semua 🥺🌸",lagi aku nyalahin perintah rakyat banyak banget mau sekolah halang biaya kak moga jalan moga tuhan tolong semua,Jijik,Tertarik
"[VID/PIC] 230526 - The Eternal Beginning Concert in BKK Day 1 

Anak sekolah~ ☀️✨️

cr. Jkdgzcl, Painless 

DESIRE4 ON STAGE BKK
#DESIRE4TEBinBKKDAY1

#李沛恩 #LiPeiEn #SeekyLi https://t.co/DQEU9ApeCM",vidpic the eternal beginning concert in bkk day anak sekolah cr jkdgzcl painless desire on stage bkk,Jijik,Jijik
"SMA Negeri 1 Pontianak menegaskan pihaknya menolak untuk ikut ulang Lomba Cerdas Cermat (LCC) 4 Pilar tingkat Provinsi Kalimantan Barat Tahun 2026 yang diusulkan oleh MPR. Pernyataan sikap tersebut disampaikan Kepala Sekolah SMA Negeri 1 Pontianak, Indang Maryati, melalui unggahan di akun Instagram @smansaptk.informasi pada Kamis, 14 Mei 2026.

""SMAN 1 Pontianak menyatakan tidak akan terlibat dalam pelaksanaan lomba LCC yang diulang, sebagaimana informasi yang disampaikan oleh MPR RI,"" tulis keterangan di unggahan tersebut.

Pihak SMAN 1 Pontianak menghormati hasil lomba yang telah ditetapkan dan menyatakan dukungan penuh kepada tim SMAN 1 Sambas untuk mewakili Kalimantan Barat di tingkat nasional nantinya. Langkah yang diambil merupakan bagian dari ikhtiar untuk memperoleh klarifikasi demi terwujudnya pelaksanaan lomba yang transparan, objektif, dan akuntabel, tanpa adanya maksud untuk menyerang pihak mana pun.

""Kami menyampaikan apresiasi atas perhatian dan dukungan berbagai pihak, serta menegaskan penghormatan terhadap hasil yang telah ditetapkan. Dukungan penuh juga kami berikan kepada perwakilan Kalimantan Barat di tingkat nasional,"" ungkap mereka.

Sejak awal, SMAN 1 Pontianak menegaskan pihaknya tidak memiliki maksud untuk menganulir hasil lomba, melainkan menuntut kejelasan terkait hasil poin-poin yang dipersoalkan kepada pihak penyelenggara. Langkah yang dilakukan tidak juga bermaksud untuk menyerang ataupun menjatuhkan kredibilitas lembaga, penyelenggara lomba, maupun individu tertentu.

📸: Dok. Youtube MPRGOID.

Baca selengkapnya dengan klik link di bio. Cari tahu berita update lainnya dengan download aplikasi kumparan di App Store atau Google Play.⁠

📝: newsupdate | update | news | oneliner | R176 | E018

#bicarafaktalewatberita #kumparan",sma negeri pontianak tegas pihak tolak ikut ulang lomba cerdas cermat lcc pilar tingkat provinsi kalimantan barat tahun usul mpr nyata sikap sebut sampai kepala sekolah sma negeri pontianak indang maryati lalu unggah akun instagram informasi kamis mei sman pontianak nyata akan libat laksana lomba lcc ulang bagaimana informasi sampai mpr ri tulis terang unggah sebut pihak sman pontianak hormat hasil lomba telah tetap nyata dukung penuh tim sman sambas wakil kalimantan barat tingkat nasional nanti langkah ambil rupa bagi ikhtiar oleh klarifikasi wujud laksana lomba transparan objektif akuntabel ada maksud serang pihak mana kami sampai apresiasi atas perhati dukung bagai pihak tegas hormat hasil telah tetap dukung penuh kami ikan wakil kalimantan barat tingkat nasional ungkap sejak awal sman pontianak tegas pihak milik maksud anulir hasil lomba tuntut jelas kait hasil poinpoin soal pihak selenggara langkah laku juga maksud serang atau jatuh kredibilitas lembaga selenggara lomba maupun individu tentu dok youtube mprgoid baca lengkap klik link bio cari tahu berita update lain download aplikasi kumpar app store google play newsupdate update news oneliner r e,Jijik,Jijik
"💚 wdyt pihak sekolah (pesantren) nahan SEMUA ijazah siswanya biar pada g bisa daftar di tempat lain?

*ijazah SMP, biar g bisa daftar SMA lain.",wdyt pihak sekolah pesantren nahan semua ijazah siswa biar g daftar tempat ijazah smp biar g daftar sma,Jijik,Tertarik
"Siswa beragama Katholik di SMK Muhammadiyah Pekalongan jadi lulusan terbaik ke-2 dan berhak magang ke Jepang. Hebatnya lagi pihak sekolah menyediakan guru agama khatolik utk siswa spt dia.

Gak perlu koar2 Toleransi tiba2 sudah action, Muhammadiyah semakin terdepan 👍 https://t.co/EsxouZ1PqK",siswa agama katholik smk muhammadiyah kalong jadi lulus baik dan hak magang jepang hebat pihak sekolah sedia guru agama khatolik utk siswa spt gak perlu koar toleransi tiba action muhammadiyah makin depan,Jijik,Jijik
"@kevinsebast_ Sy gaji  80jt-an dipotong pajak 59jt-an, mobil kuatnya avanza baru ganti BYD m6. Beli pakain kelasnya baru Matahari paling jauh uniqlo. Sekolahin anak kuatnya di Sekolah kelas IT, Al Azhar. Bener dah yg sudah jalanin gaji dibwah 100jt itu bukan org kaya. Masih kelas menengah 😜",sy gaji jtan potong pajak jtan mobil kuat avanza baru ganti byd m beli pakain kelas baru matahari paling jauh uniqlo sekolahin anak kuat sekolah kelas it al azhar bener dah yg jalanin gaji dibwah jt bukan org kaya kelas tengah,Jijik,Jijik
"nak cakap, cakap bahasa dari tanah negara sana
nak sekolah, sekolah pakai silibus negara sana
nak exam, exam pakai standard negara sana
belum lagi dok puja pemimpin mereka dari negara sana

tiba-tiba ... ""melayu pendatang""

😂",nak cakap cakap bahasa tanah negara sana nak sekolah sekolah pakai silibus negara sana nak exam exam pakai standard negara sana lagi dok puja pimpin dari negara sana tibatiba melayu datang,Jijik,Jijik
Seorang bapak penggemar Arsenal mengantarkan anaknya ke sekolah dengan mengenakan baju kebesaran Arsenal. ❤️😹 https://t.co/B600z7Oqgk,orang bapak gemar arsenal antar anak sekolah kena baju besar arsenal,Percaya,Jijik
@bckupacc99 apa yang kau bangga sangat jadi polis? 😂 time sekolah dulu tidur sampai balik pastu dapat jadi polis ni jadinya. elok kena ludah je muka penagih cam ko ni 😂😂😂😂,apa kau bangga sangat jadi polis time sekolah dulu tidur balik pastu jadi polis ni jadi elok kena ludah je muka tagih cam ko ni,Percaya,Jijik
"💚 sender pernah kirim menfess ini. Adek aku jadinya kabur dari rumah😌 bingung banget harus ngapain, soalnya masih ujian sekolah 3 minggu ini. Ada saran buat sender sama ortu sender guys?

https://t.co/VUqIu8PYtf",sender pernah kirim menfess adek aku jadi kabur rumah bingung banget ngapain soal uji sekolah minggu ada saran buat sender sama ortu sender guys,Jijik,Jijik
Masa aku sekolah tu aku tengok ramai je cikgu2 menggatal dengan murid. Cikgu lelaki ke murid perempuanlah kebanyakkan. Ada je kadang budak ni menggatal dengan cikgu lelaki. Tapi tak sebanyak murid lelaki menggatal dengan cikgu perempuan. 😌 syukur dulu aku tak lawa 🤣🤣,masa aku sekolah tu aku tengok ramai je cikgu gatal murid cikgu lelaki murid perempuan banyak je kadang budak ni gatal cikgu lelaki tak banyak murid lelaki gatal cikgu perempuan syukur dulu aku tak lawa,Jijik,Jijik
"wait, this maniac become duta sekolah rakyat? 🤨

he will only share positive result to the boss. the boss become more delutional as well",wait this maniac become duta sekolah rakyat he will only share positive result to the boss the boss become more delutional as well,Percaya,Jijik
"meskipun tampang gua kaya curut sawah begini, bagusnya tiap tingkatan jaman sekolah setidaknya pernah ditembak sama cewek.
ada yg gua tolak
ada yg gua terima
ada yg gua tolak tapi akhirnya gua yg ngejar
kebanyakan sih gua tolak, soalnya gua maunya ngejar bukan dikejar 😌",meski tampang gua kaya curut sawah begini bagus tiap tingkat jaman sekolah pernah tembak sama cewek yg gua tolak yg gua terima yg gua tolak akhir gua yg ngejar banyak sih gua tolak soal gua mau ngejar bukan kejar,Jijik,Jijik
"orang orng ngeliat pigai lucu,

gweh malu jirr sekelas mentri ham ditanyain sebatas tanggapan film jawabnya ngaco kek orang ga pernah sekolah😣 gjls",orang orng ngeliat pigai lucu gweh malu jirr kelas tri ham ditanyain batas tanggap film jawab ngaco kek orang ga pernah sekolah gjls,Tertarik,Jijik
"Opini orang Tolol: “ngapain gym disitu klo kritik?”

Loh lu tu bayar nggak gratis, lu gym disitu klo nggak nyaman ya complain biar Diperbaiki.

Kayak lu kritik pemerintah indo= ngapain stay di indo? Kan GOBLOK.

Kritik buat memperbaiki bukan buat pindah yaa tololll 😭 sekolah deh",opini orang tolol ngapain gym situ klo kritik loh lu tu bayar gratis lu gym situ klo nyaman complain biar baik kayak lu kritik perintah indo ngapain stay indo kan goblok kritik buat baik bukan buat pindah yaa tololll sekolah deh,Jijik,Jijik
Wait until we talk about public schools. Satu sekolah menengah serves entah berapa banyak township. Tak payah la percaya pengumuman bina sekolah baru waktu bentang belanjawan. Dah berapa belanjawan aku kena scammed 😂,wait until we talk about public schools satu sekolah tengah serves entah berapa banyak township tak payah la percaya umum bina sekolah baru waktu bentang belanjawan dah berapa belanjawan aku kena scammed,Percaya,Jijik
"@Charlotte841097 @nebulasoull Terus sejarah yang kita pelajarin di sekolah juga ternyata itu gak sepenuhnya benar plus terlalu subjektif, dan aku baru tau itu pas aku nyari tau lebih jauh, jangan jauh jauh deh Belanda jajah Indonesia selama 350 tahun aja itu bohong😭",terus sejarah kita pelajarin sekolah nyata gak sepenuh benar plus terlalu subjektif aku baru tau pas aku nyari tau lebih jauh jangan jauh jauh deh belanda jajah indonesia lama tahun aja bohong,Jijik,Jijik
Ftd! 1 pertanyaan : EMG SIAPA YANG MAU COSPLAY JADI POLCASAN KE SEKOLAH?😭😭 https://t.co/8upy8m8DD9,ftd tanya emg siapa mau cosplay jadi polcasan sekolah,Jijik,Percaya
"POPS UDAH POPSSS 🤏🏻😭😭

til, kalo ilfil telen aja ya til! kata gw mah mending lu puk puk guinzly aja nanti kalo pulang sekolah dia ngadu karna dicengin “bapak lu plenger bapak lu plenger” ama kawan-kawannya 

JOSSGAWIN OVERTAKE MODE
#LOLFanFest2026D2 https://t.co/35DQCyl0Uz",pops udah popsss til kalo ilfil telen aja til kata gw mah mending lu puk puk guinzly aja kalo pulang sekolah ngadu karna dicengin bapak lu plenger bapak lu plenger ama kawankawannya jossgawin overtake mode,Jijik,Jijik
"ngewe sama temen sekolah dulu, emang tinggi sih,tapi jorok😭 brengsek nya dia konbrut bangettt, huftt buat pengalaman okee lah kontol nya enak banget 💦cuman hufttt :( bau badannya bikin ga enak",ngewe sama temen sekolah dulu emang tinggi sihtapi jorok brengsek nya konbrut bangettt huftt buat alam okee lah kontol nya enak banget cuman hufttt bau badan bikin ga enak,Jijik,Jijik
"Bro lu sekolah di mana sih. Penyusunan kata-kata lo sangat baik dan terstruktur. Minim kesempatan untuk disalahartikan. Yang bikin gua emosi, banyak reply goblok yang gak paham tulisan lo. 😄",bro lu sekolah mana sih susun katakata lo sangat baik struktur minim sempat disalahartikan bikin gua emosi banyak reply goblok gak paham tulis lo,Tertarik,Jijik
"@ilyksjthv Nunggunya 10th kocak, lagian duit masing masing ga mangkas jatah MBG🤣🤣🤣",nunggunya th kocak lagi duit masing masing ga mangkas jatah mbg,Percaya,Jijik
"@DudeRafay60339 Wah... berat kalo pake dana desa, brlum dipangkas Kopdes, mbg, dll.😂",wah berat kalo pake dana desa brlum pangkas kopdes mbg,Jijik,Jijik
"@SpacesFolios MBG 🍽️ Mas 👦🏻 Bahlil 👹 Ganteng 😽
Buah 🍎 apa 👀 yang 🫪 paling 😝 manis? 🍭 Buah 🥝 Lil 🤏🏻 Tambah 😭 ganteng 🥰 aja 😚 My 🙈 Little 🤌🏻 Bolu 🧁 Ketan 🍘 https://t.co/jNzqPzh2DU",mbg mas bahlil ganteng buah apa paling manis buah lil tambah ganteng aja my little bolu ketan,Jijik,Jijik
"MBG mas bahlil ganteng, buah apa yang paling manis buahlil~💃🏻",mbg mas bahlil ganteng buah apa paling manis buahlil,Jijik,Jijik
"SUMPAHHH GUE SAMPE NANGIS YAALLAH LIHAT INFONYA TUHH, BUANGGA BNGT SAMA MEREKA 😭😭😭😭😮‍💨😮‍💨😮‍💨😮‍💨🎐🎐 segugukan gw skrng, kok keren 😭😭😭 dlu Jungkook sendiri skrng di susul SEGRUB anying. PECAT CHEF DAPUR MBG BIAR BTS YANG MEMASAK 🔥🔥🔥🔥🔥 https://t.co/zlYidIuHA7",sumpahhh gue sampe nang yaallah lihat info tuhh buangga bngt sama gugu gw skrng kok keren dlu jungkook sendiri skrng susul segrub anying pecat chef dapur mbg biar bts masak,Jijik,Tertarik
CETAAAAAS kena banget ini 🫵 tutup semua dapur MBG biar kakak ini memasak,cetaaaaas kena banget tutup semua dapur mbg biar kakak masak,Jijik,Percaya
Maaf pakbnusron masih jadi influencernya MBG🙏,maaf pakbnusron jadi influencernya mbg,Percaya,Percaya
kopdes merah putih tuh blm jalan ya? di daerah gw ada 2 udah kelar bagun bangunannya tp blm diisi barang barang. plis batalin aja dah kata gw mah. bubarin mbg juga 😭,kopdes merah putih tuh blm jalan di daerah gw udah kelar bagun bangun tp blm isi barang barang plis batalin aja dah kata gw mah bubarin mbg,Jijik,Jijik
"Apapun progam yang katanya untuk mencerdaskan generasi bangsa ini, ujung-ujungnya cuma di jadikan celah buat korupsi ? Gak puas dengan MBG si raja mubazir ehh ada juga sekolah rakyat ? program tahek 😫🤭 https://t.co/pyBUKjOi2j",apa progam kata cerdas generasi bangsa ujungujungnya cuma jadi celah buat korupsi gak puas mbg si raja mubazir ehh juga sekolah rakyat program tahek,Jijik,Jijik
Buzzer mbg ≠ ick 😭,buzzer mbg ick,Percaya,Percaya
@MuhammadTuhasan Ya Allah dek Napa dah mau kerja di MBG 😂,allah dek napa dah mau kerja mbg,Jijik,Percaya
"“mbg mengurangi stunting”
🤣🤣🤣🤣🤣🤣🤣🤣🤣🤣🤣🤣",mbg kurang stunting,Percaya,Percaya
"Bukan baru kali ini..
SPPG bikin UMKM merugi..
Dulu pernah pedagang tempe juga.. 
Kasusnya sama.. pembatalan sepihak. 😒

Katanya mendukung UMKM, nyatanya apa?

150 pack atau sekitar 1.500 roti burger u/ program MBG diduga dibatalkan scr mendadak ketika barang sudah siap dikirim ke SPPG Wonosari, Gadingrejo, Kabupaten Pringsewu, Lampung.",bukan baru kali sppg bikin umkm rugi dulu pernah dagang tempe kasus sama batal pihak kata dukung umkm nyata apa pack sekitar roti burger u program mbg duga batal scr dadak barang siap kirim sppg wonosari gadingrejo kabupaten pringsewu lampung,Jijik,Jijik
"e dulu pas awal awal kl libur di kasih mbg kering, skrg udh ngg ap emng udh sekarat duitnya ap emng gmw ap gmn😹 ALIAS bubarkan aja mbg",e dulu pas awal awal kl libur kasih mbg kering skrg udh ngg ap emng udh sekarat duit ap emng gmw ap gmn alias bubar aja mbg,Tertarik,Tertarik
6 tahun lagi semoga bisa pake baju adat solo basahan itu sama calon mbg gweh (calonnya blom ada jier) 😭🙏🏻,tahun moga pake baju adat solo basah sama calon mbg gweh calon blom jier,Jijik,Jijik
@esreffsahin Günaydın hocam bilgilendirme için teşekkürler 😊,gnaydn hocam bilgilendirme iin teekkrler,Jijik,Jijik
"Kebayahang saruhut sengkarut MBG ini dibawaha ke pengadilan ujungnyaha, Dadan cumahan dituntut 2 tahun penjara 😂😂",kebayahang saruhut sengkarut mbg dibawaha adil ujungnyaha dad cumahan tuntut tahun penjara,Tertarik,Tertarik
Kalo kasus nadiem tuh merupakan kebijakan publik yg gagal dianggap korup dan dihukum 27th berarti yg ngadain MBG dan IKN kudunya dihukum ratusan th🫵🏼,kalo kasus nadiem tuh rupa bijak publik yg gagal anggap korup hukum th arti yg ngadain mbg ikn kudu hukum ratus th,Tertarik,Tertarik
BAJING KITA LG NOBAR AND YALL DO THIS SHIT 😭😭😭😭😭,bajing lg nobar and yall do this shit,Percaya,Percaya
MBG (My Boyfriend Gue)🤍 https://t.co/cCghMi8Zbv,mbg my boyfriend gue,Percaya,Percaya
Beneran keracunan MBG😭😭😭😭😭,beneran racun mbg,Jijik,Percaya
timaaciii mother @dluxlah sudah memberi aku mbg😋 https://t.co/k154bwjj3K,timaaciii mother beri aku mbg,Percaya,Percaya
adek lu fans mbg cik 😹 @FreyaAddict1,adek lu fans mbg cik,Percaya,Percaya
MBG COY CAKEP BNGT YA ALLAH 🧎🏻‍♀️🧎🏻‍♀️🧎🏻‍♀️ https://t.co/XECpkYynT4,mbg coy cakep bngt allah,Percaya,Percaya
"// akhirnya dapur mbg bisa dempet. itu juga minta tolong sama orang 😭
masih ga bisa gw overlap. https://t.co/ouLT0JlEIi",akhir dapur mbg dempet juga minta sama orang ga gw overlap,Jijik,Percaya
"The wait is almost over🔥🔥

A Nice Tier 1 Exchange is officially in the works for $MBG Token. 🏦 Say goodbye to the listing ""tax"" and hello to a better ecosystem. 

Who’s ready for the next level? 🌍

Listen to this clip ⤵️⤵️ https://t.co/oAlbDRYe5a",the wait is almost over a nice tier exchange is officially in the works for mbg token say goodbye to the listing tax and hello to a better ecosystem whos ready for the next level listen to this clip,Marah,Percaya
Menu mbg pasien NIKI hari ini 🤗 https://t.co/d50Y8W28Tn,menu mbg pasien nik hari,Jijik,Percaya
"Dukung program MBG sih wajib, tapi kalo implementasinya ugal²an tanpa peduli saldo kas negara yg lagi minus, itu namanya nekat! Jangan sampe nafsu belanja pejabat buat pengadaan impor dan ekspansi program malah bikin negara makin terpuruk 😬",dukung program mbg sih wajib kalo implementasi ugalan peduli saldo kas negara yg minus nama nekat jangan sampe nafsu belanja jabat buat ada impor ekspansi program malah bikin negara makin puruk,Jijik,Jijik
kangen my mbg bini gua nakula HIKS SROT HUHUUUU😭😭😭😭,kangen my mbg bini gua nakula hiks srot huhuuuu,Percaya,Percaya
belum nonton drama mbg 😞😞😞😞😞😞,nonton drama mbg,Jijik,Percaya
MBG today 🤤 https://t.co/KAniRxbdTw,mbg today,Percaya,Percaya
mbg : my brondong gue😎 https://t.co/LIQcotAo0M,mbg my brondong gue,Percaya,Percaya
aduh bener banget lagi. bibi di kampung seorang single parent punya anak 3. dapet gawe di dapur mbg ngebantu banget buat perekonomian dia sekeluarga 🙃,aduh bener banget bibi kampung orang single parent punya anak dapet gawe dapur mbg ngebantu banget buat ekonomi keluarga,Jijik,Jijik
"gak bakal kepilih lah.

Anak Istri TNI Polri jelas gak bakal milih soalnya mbg  ntuh ladang basah bapaknya 🤪

Ratusan ribu Anak Istri pegawe mbg + pegawe nya juga sama bakal gak milih

Sppg mbg dkk jelas gak bakal milih",gak bakal pilih lah anak istri tni polri jelas gak bakal milih soal mbg ntuh ladang basah bapak ratus ribu anak istri pegawe mbg pegawe nya sama bakal gak milih sppg mbg dkk jelas gak bakal milih,Jijik,Jijik
"tuh kan emang gak pernah ada berita baik terkait mbg

turut berduka cita buat korban🙏🏻🥀",tuh kan emang gak pernah berita baik kait mbg turut duka cita buat korban,Jijik,Jijik
"Buntut Harga Telur Anjlok, Kementan Minta MBG Lebih Banyak Menu Telur

Update berita terbaru setiap saat dengan download aplikasi CNBC Indonesia sekarang di App Store atau Google Play📲

https://t.co/KNvRy1YYg4",buntut harga telur anjlok tan minta mbg lebih banyak menu telur update berita baru saat download aplikasi cnbc indonesia sekarang app store google play,Jijik,Jijik
"@LambeSahamjja perokok ambil adil, buat makanan bergizi gratis😭",okok ambil adil buat makan gizi gratis,Jijik,Jijik
@solaceinrua AKUUUUUU. MBG (makanan bergizi gratis) jelek tapi MBG (makanan buatan gkakak) sangat bagus dan enak. 🤩,akuuuuuu mbg makan gizi gratis jelek mbg makan buat gkakak sangat bagus enak,Percaya,Percaya
"Anggota DPR RI dan pembawa acara Surya Utama atau Uya Kuya mengumumkan sayembara untuk menemukan identitas para pelaku penyebar hoaks yang menyebut dirinya memiliki 750 dapur Makanan Bergizi Gratis (MBG).

👉🏻Baca selengkapnya https://t.co/I49CL9NL1d

~AM #UyaKuya #MBG #Hoaks https://t.co/FY9joT5tZb",anggota dpr ri bawa acara surya utama uya kuya umum sayembara temu identitas laku sebar hoaks sebut diri milik dapur makan gizi gratis mbg baca lengkap am,Tertarik,Tertarik
"Baru sadar. Jangan2 ini sabotase para pengusaha sawit atas rencana ekspor satu pintu…. #sumateragelap

Semoga bapak ibu pln dilancarkan proses perbaikannya✊🏽✊🏽✊🏽 https://t.co/m4xQkBPi4E",baru sadar jangan sabotase usaha sawit atas rencana ekspor satu pintu moga bapak ibu pln lancar proses baik,Jijik,Jijik
"@gentarsedikit @mazzini_gsp di negara gagal, pemberian gizi gratis adalah suatu inovasi, bukan pemborosan, lolos audit. sikap izin 🙏",negara gagal beri gizi gratis suatu inovasi bukan boros lolos audit sikap izin,Netral,Jijik
"@zalkad menurut opini saya, dengan judul ingin memberikan gizi gratis tapi sehari cuman 1x makan plus nominal 15.000 dan udah di potong sana sini. mana mungkin rakyat yang diuntungkan 🫤",opini dengan judul beri gizi gratis hari cuman x makan plus nominal udah potong sana sini mana mungkin rakyat untung,Jijik,Tertarik
"@bersuwara_ Wkwkwk..ya gpp kan jadinya kamu yg dapat asupan gizi gratis,Nder..😂😂😂",wkwkwkya gpp kan jadi kamu yg asupan gizi gratisnder,Percaya,Jijik
"Dipangkas Rp67 Triliun = gagal?

Tunggu dulu... 🤔

22% anggaran aja udah jangkau 
62 JUTA rakyat Indonesia!

Ini namanya EFISIEN, bukan gagal! 🐍

#MBG #EfisiensiMBG #SnakeByteID 
#MakanBergiziGratis #DigigitInformasi https://t.co/fMhBu3ZeNj",pangkas rp triliun gagal tunggu dulu anggar aja udah jangkau juta rakyat indonesia nama efisien bukan gagal,Jijik,Jijik
"Yeayyy besok gajian!!

Minco GRATISIN ini 🔗 https://t.co/eXsni6OTlM mau gak?

Tap 2x for YES ❤️
Reply for NO ❌🙅🏻‍♀️ https://t.co/bJub8qBtNy",yeayyy besok gaji minco gratisin mau gak tap x for yes reply for no,Jijik,Jijik
"MBG 😋🖐🏻‼️Mas 😳 Bahlil 🙈 Ganteng 🫰🏻 buah 🍓 apa 😏 yang 😻 paling ⭐ manis? 🥺 BUAH LIL 😳🌀🤍 tambah 👻 ganteng 💥 aja 🙀 my 🗣️ little 🤏🏻 bolu 💟 ketan 🥰😻😝🫸🏻

❤︎ @harina @Aerichban @minjeonug  https://t.co/CPpTf7MwwU",mbg mas bahlil ganteng buah apa paling manis buah lil tambah ganteng aja my little bolu ketan,Jijik,Jijik
"⚠️ KONTEN JELEK EMBEGE ⚠️

Dua musang birahi yang bekerja sebagai sopir dan kernet kendaraan embege milik kubangan lumpur (espepege) DARUL ULUM PONCOL, MAGETAN membuat konten dengan gimmick wajah dan takarir (caption) yang menjijikkan serta terkesan merendahkan.

Seperti yang sudah-sudah, akan kami seret dua orang ini untuk meminta maaf atas konten buatannya!",konten jelek embege musang birah kerja sopir kernet kendara embege milik kubang lumpur espepege darul ulum poncol magetan buat konten gimmick wajah takarir caption jijik kes rendah yang sudahsudah kami seret orang untuk minta maaf atas konten buat,Jijik,Jijik
"Hmmm... Mendem 🫣 
Betul bukan diculik hanya dikasih MBG 
@bonapasogit24
@trihhh14
@branjangankawat
@tokaidirecycle
@DestaMega27
@wiyantokdr54
@NusantaraJaya26
@4Y4NKZ
@YosAditya61
@HafsaHerma41994
@mikuroQ
@Asuka49043105
@fahmanSaja
@riyadisugeng167
@Jediimar
🔁🙏🫣 https://t.co/YT3qwjWlEu",hmmm mendem betul bukan culik kasih mbg,Percaya,Percaya
@zenitrova No wonder barbie screamed the hell out of her lungs in that car 😭😭😭,no wonder barbie screamed the hell out of her lungs in that car,Percaya,Percaya
‼️Kami mengecam kerja-kerja busuk yang dilakukan oleh seorang bedebah bernama tedy indra wijaya ‼️ https://t.co/t1Wnd9Cjyy,kecam kerjakerja busuk laku orang bedebah nama tedy indra wijaya,Jijik,Jijik
"“MBG…Mas Bahlil Ganteng”

“Buah apa yang paling manis?”
“Buahlillll!” 😭😭 https://t.co/vybJJWoB9S",mbgmas bahlil ganteng buah apa paling manis buahlillll,Percaya,Percaya
"😭🤣 adek ini lucu banget! 

Mau kabur gara-gara dimarahi suruh tidur siang adeknya malah ngambek, mau kerja MBG aja 😂

Padahal kalau udah kerja tidur siang itu tidur siangnya di toilet 🗿🗿 https://t.co/1IeEx0SVRU",adek lucu banget mau kabur garagara marah suruh tidur siang adeknya malah ngambek mau kerja mbg aja padahal kalau udah kerja tidur siang tidur siang toilet,Percaya,Jijik
"bujet apal banget lagu yang, mbg mas bahlil ganteng, buah apa yg paling manis, buahlil😭😭😭😭😭",bujet apal banget lagu mbg mas bahlil ganteng buah apa yg paling manis buahlil,Jijik,Jijik
"nikah yuk sayang, nanti urusan makan minta mbg ☺️",nikah yuk sayang urus makan minta mbg,Percaya,Percaya
"isi otak gue skrg: mbg mas bahlil ganteng, buah apa yang paling manis BUAHLIL nambah ganteng aja my little bolu ketan 🎶",isi otak gue skrg mbg mas bahlil ganteng buah apa paling manis buahlil nambah ganteng aja my little bolu ketan,Jijik,Jijik
the best MBG🤤🫰🏻 https://t.co/x4WMFGPPGk,the best mbg,Percaya,Percaya
"Kadang suka sedih, SDM sekeren ini dikasih makan MBG 😭",kadang suka sedih sdm keren kasih makan mbg,Percaya,Percaya
"@regar_op0sisi Ocehan gaek ko itu ka itu se...bocor,lapar,SDA...ending nyo MBG....cuma beda ruang dan panggung be...😅...maka nya jgn diksh mic..🤭",oceh gaek ko ka sebocorlaparsdaending nyo mbgcuma beda ruang panggung baka nya jgn diksh mic,Jijik,Percaya
"💚 jadi guru di indo segininya bgt, udah mah sering di hina sama pendukungnya prabowo perkara guru2 minta digajih yg setara sama pekerjaanya. tapi masih juga disuruh ngurusin mbg yg gaada hubungannya sama mereka 😑

https://t.co/6lXNcQAHV1",jadi guru indo gin bgt udah mah sering hina sama dukung prabowo perkara guru minta gajih yg tara sama pekerjaanya masih suruh ngurusin mbg yg gaada hubung sama,Tertarik,Tertarik
"ijin promosi mbg (my boynextdoor gw) yang gak pernah lipsync sejak debut. live king nih bos😎
https://t.co/8WNxWsTJmb",ijin promosi mbg my boynextdoor gw gak pernah lipsync sejak debut live king nih bos,Jijik,Jijik
"MBG...mas bahlil ganteng...
buah buah affh nyang manizz...buahlih

syaland terngiang ngiang tuchh lagu,,,,kasih taw gweh siaffh ffenciptanya😭",mbgmas bahlil ganteng buah buah affh nyang manizzbuahlih syaland ngiang ngiang tuchh lagukasih taw gweh siaffh ffenciptanya,Jijik,Jijik
Isi fyp tiktok gw sekarang lagu mbg(mas bahlil ganteng)semakin gw g suka lagunya malah makin sering fyp gila 🤡😭😭😭😭,isi fyp tiktok gw sekarang lagu mbgmas bahlil gantengsemakin gw g suka lagu malah makin sering fyp gila,Jijik,Jijik
"Ketemu nongki cerita sambil cuddl dan sudah punya pasangan masing masing, saling memberi semangat karna sama sama sedang merintis mau buka cafe. Di saat kondisi ekonomi lagi sulit sulitnya ini. 🫨

Mungkin f&amp;b yg berprofit besar (MBG) hahahaha https://t.co/0o2pjrzygD",ketemu nongki cerita cuddl sudah punya pasang masing masing saling beri semangat karna sama sama sedang rintis mau buka cafe saat kondisi ekonomi sulit sulit mungkin fampb yg profit besar mbg hahahaha,Jijik,Jijik
Asupan mbg😋🥰 https://t.co/ctQH6a6sVh,asupan mbg,Percaya,Percaya
Astaghfirullahaladzim 🥺,astaghfirullahaladzim,Percaya,Percaya
"@kimmyexp another mbg dri shopee, makasih ya pi😁🫰🏻",another mbg dri shopee makasih pi,Percaya,Percaya
"MBG, Mas Bahlil Ganteng 

ini lagunya enak anjir 😩",mbg mas bahlil ganteng lagu enak anjir,Percaya,Percaya
APA INI ANJ 😭😭😭😭😭,apa anj,Jijik,Percaya
"🥱🥱
Smua jg tau deep state itu macam rayap..

Yg masyarakat pen tau, apa yg akan dilakukan pemerintah u/ membasmi itu?

Panggil pulang ASN Tugas Belajar di London yg diduga Hina Program MBG? 😌
https://t.co/MPSx3ODkMe https://t.co/hb6cudA8vP",smua jg tau deep state macam rayap yg masyarakat pen tau apa yg laku perintah u basmi panggil pulang asn tugas ajar london yg duga hina program mbg,Jijik,Jijik
"MBG : MAS BAHLIL GANTENG
BUAH APA YANG PALING MANIS ? BUAHLIL 😭

Woy lah siapa yang ngide bikin lagu begini 🫵🫵 https://t.co/MpnCqnttCq",mbg mas bahlil ganteng buah apa paling manis buahlil woy lah siapa ngide bikin lagu begini,Jijik,Jijik
morninggg ☀️ MBG 🤗 mas Bahlil  ganteng 😆 buah apa yang paling manis ❓❓❗ BUAH LIL 😍 tambah ganteng aja 😚  my little bolu ketan 🥺💫😮‍💨,morninggg mbg mas bahlil ganteng buah apa paling manis buah lil tambah ganteng aja my little bolu ketan,Percaya,Jijik
MATI GW 😭😭 BNERAN GOYANG MBG INI ANJEERRRR,mati gw bneran goyang mbg anjeerrrr,Jijik,Percaya
"Sedangkan kasus MBG, IKN mangkrak, orang2 itu pada hidup tentram 🤡

What a dzalim country",kasus mbg ikn mangkrak orang pada hidup tentram what a dzalim country,Jijik,Netral
"thats wrap for today's lolfanfest! TERIMA KASIHHHHH jimmysea udah always show the best performance everrrr KEREN SEKALIIIII and thank u mbg tadi 🤣✌🏻 masih ada besok sooo take a nice rest yahhh SEE YOU NEXT OMAKASE ANJAIIIIII

 JSCEAN LOVE FULLSPEED

#LOLFanFest2026D2",thats wrap for todays lolfanfest terima kasihhhhh jimmysea udah always show the best performance everrrr keren sekaliiiii and thank u mbg tadi ada besok sooo take a nice rest yahhh see you next omakase anjaiiiiii jscean love fullspeed,Jijik,Percaya
"Graduate with GRAVT💐
sdh resmi tdk menerima mbg🤙
#intoGRAVT https://t.co/xzjTRDvh1O",graduate with gravt sdh resmi tdk terima mbg,Jijik,Jijik
Paksain terus aja kayak MBG 😂 https://t.co/mPsUKLMkHp,paksain terus aja kayak mbg,Jijik,Percaya
"MBG Mas bahlil ganteng
Buah apa yang paling manis? Buahlil...!
Tambah ganteng, aja. My little bolu ketan...

Anjir mana gw apal lagi😭",mbg mas bahlil ganteng buah apa paling manis buahlil tambah ganteng aja my little bolu ketan anjir mana gw apal,Jijik,Jijik
"in this economy, aku punya usaha di tanah abang,
 jualan batik dan tenun, 
sudah dari awal tahun sampai sekarang 
sepinya bukan main, 

pengen nangiiiiiiiis 😭, 
plis lah masih gak peduli dengan dolar 
naik 17 rebu lebih kalian bilang gak berdampak? 
mbg tidak berdampak? a
mat sangat berdampak bagi kami umkm ini. 😭

cc:threadkarrimatulizzah",in this economy aku punya usaha tanah abang jual batik tenun dari awal tahun sekarang sepi bukan main ken nangiiiiiiiis plis lah gak peduli dolar naik rebu lebih kalian bilang gak dampak mbg dampak a mat sangat dampak kami umkm ccthreadkarrimatulizzah,Jijik,Jijik
"Kami berharap, juri ajang cerdas cermat MPR RI bisa meniru juri pada film Laskar Pelangi ini. Mau mengakui kesalahan dan meminta maaf atas kekeliruan.

Namun kami juga berharap, Dik Josepha Alexandra dari SMA N 1 Pontianak, tak bernasib sama dengan Lintang.

Naudzubillah mindzalik. Semoga tak ada anak-anak cerdas Indonesia yang bernasib sama seperti Lintang. Aamiin. 🤲🏻",harap juri ajang cerdas cermat mpr ri tiru juri film laskar pelangi mau aku salah minta maaf atas keliru kami harap dik josepha alexandra sma n pontianak tak nasib sama lintang naudzubillah mindzalik moga tak anakanak cerdas indonesia nasib sama lintang aamiin,Tertarik,Tertarik
"What if ONE token could slash your trading fees to ZERO, pay you interest AND let you own slices of luxury real estate worth billions? 😱

This is the utility of $MBG from @multibank_io… you’re not ready for this https://t.co/PkBrtjs9zq",what if one token could slash your trading fees to zero pay you interest and let you own slices of luxury real estate worth billions this is the utility of mbg from youre not ready for this,Jijik,Jijik
"💚 Mau gibah soal MBG.

Mba ku keluar karena ada tawaran jadi SPPG. Funfact: Dia kalau cuci piring GAPERNAH BERSIH. Ga cuma cuci piring, tapi in general. Bingung banget dari mana “seleksi ketat” nya 🤗

Best of luck untuk adek2 yg makan MBG setiap hari ya 🫩",mau gibah soal mbg mba ku keluar ada tawar jadi sppg funfact kalau cuci piring gapernah bersih ga cuma cuci piring in general bingung banget mana seleksi ketat nya best of luck adek yg makan mbg hari,Jijik,Jijik
"Midas ile rotayı otomotivin kalbine, Almanya’ya kırıyoruz! 🇩🇪🚗

​Artık Alman devlerine doğrudan ortak olmak mümkün. 
Üstelik bu şirketlerin çoğu tam bir temettü makinesi. 
İşte radardaki isimler:
​🔹 Mercedes-Benz (MBG): 
Yüksek temettü verimiyle listenin başında.
🔹 BMW (BMW): 
Ödeme disiplini ve nakit akışı en güçlü olanlardan.
🔹 Volkswagen (VOW3): 
Temettü avantajı için imtiyazlı (Pref) paylar radarımızda.
🔹 Porsche (P911):
 Lüks segmentin prestijli ve büyüyen yüzü.

​📌 Yatırımcı Notu:
​İşlemler Euro (€) bazlı; döviz dengesi portföy için kritik.
​Almanya'da temettü stopaj vergisi kesintisi olduğunu unutmamalı.
​Katılım hassasiyeti olanlar için finansal rasyo kontrolleri şart.

​Sizin favori Alman markanız hangisi? 👇",midas ile rotay otomotivin kalbine almanyaya kryoruz artk alman devlerine dorudan ortak olmak mmkn stelik bu irketlerin ou tam bir temett makinesi ite radardaki isimler mercedesbenz mbg yksek temett verimiyle listenin banda bmw bmw deme disiplin ve nakit ak en gl olanlardan volkswagen vow temett avantaj iin imtiyazl pref paylar radarmzda porsche p lks segmentin prestijli ve byyen yz yatrmc notu ilemler euro bazl dviz dengesi portfy iin kritik almanyada temett stopaj vergisi kesintisi olduunu unutmamal katlm hassasiyeti olanlar iin finansal rasyo kontrolleri art sizin favori alman markanz hangisi,Netral,Netral
"Ça me rappelle un M. qui a vu mon travail une fois pour une entreprise, il apprécie je me pointe avec mon 13 pro à l’époque il m’a chassé comme une mal propre. 😭
Aujourd’hui c’est lui qui insiste pour que je crée du contenu de son entreprise et pas une petite entreprise. 🤣",a me rappelle un m qui a vu mon travail une fois pour une entreprise il apprcie je me pointe avec mon pro lpoque il ma chass comme une mal propre aujourdhui cest lui qui insiste pour que je cre du contenu de son entreprise et pas une petite entreprise,Netral,Netral
"EvoX | Apex Team – JP

共に進化し、頂点へ。

Member Recruitment Open
Contact → @pon_beer_mbg 
・20歳以上
・初心者〜マスター
・活動活発な方
現在、💎帯の方を多く募集してます

 #APEX募集  #APEXクラン #APEXフレンド募集  #APEX募集ps5  #APEX募集ps4 https://t.co/pdmY1qNuEI",evox apex team jp member recruitment open contact,Percaya,Percaya
"Negara bisa bayar 
- Karyawan MBG
- Karyawan KDMP
- Napi MBG 

tapi ga bisa bayar gaji guru, 1,6juta guru bakal jadi pengangguran di 2027.. 
Menciptakan lapangan kerja baru tpi mematikan lapangan kerjaan yg sudah ada.
Negara ini sungguh cerdas..👍 https://t.co/QkYqPX0KbP",negara bayar karyawan mbg karyawan kdmp napi mbg ga bayar gaji guru juta guru bakal jadi anggur cipta lapang kerja baru tpi mati lapang kerja yg ada negara sungguh cerdas,Netral,Jijik
"APBN Per hari 1 Triliun hanya untuk MBG (Makanan Beracun Gratis).
MBG (Maling Berkedok Gizi)🤌 https://t.co/xGuT2Ghlik",apbn per hari triliun untuk mbg makan racun gratis mbg maling kedok gizi,Tertarik,Tertarik
"Wakil Ketua Majelis Permusyawaratan Rakyat (MPR) Eddy Soeparno mengapresiasi langkah Presiden Prabowo Subianto untuk mengevaluasi program Makan Bergizi Gratis (MBG).

Baca selengkapnya 👇
https://t.co/kXHtHM35xO

~LL #MPR #MBG https://t.co/Q3ueiGYcc5",wakil ketua majelis musyawarat rakyat mpr eddy soeparno apresiasi langkah presiden prabowo subianto evaluasi program makan gizi gratis mbg baca lengkap ll,Netral,Netral
Ngucapin sih ngucapin tapi ga sampe mbg prabowo di sebut ga sih🤣kelakuan yang sangat syududu https://t.co/rfXGonZuOY,ngucapin sih ngucapin ga sampe mbg prabowo sebut ga sihkelakuan sangat syududu,Jijik,Tertarik
"BAGUS ! 👍🏾👍🏾KALAU  DI IYAKAN AKAN BANYAAAK  MAHASISWA &amp; MAHASISWI  MATI  MATI KERACUNAN 🤪 JUGA PARA DOSEN BISA MATI 🤪JUGA . DAPUR MBG CARA MEMBUNUH YG TIDAK BISA DI HUKUM ? 🎓BAHAYA .Dapur MBG di IPB, Merindukan Pemikiran Sajogyo dan Hariadi Kartodiharjo https://t.co/hmhtCcMsZ2",bagus kalau iya banyaaak mahasiswa amp mahasiswi mati mati racun para dosen mati dapur mbg cara bunuh yg bisa hukum bahaya dapur mbg ipb rindu pikir sajogyo hariadi kartodiharjo,Jijik,Jijik
"salah satu dapur mbg (yg gw tau) mau liburan ke jogja sekaryawan + anggota keluarga. mantap jiwa euy 🤣🤣🤣

gw punya usaha 1 tahun berdiri mah boro2 bisa outing bawa keluarga lagi 🤣",salah satu dapur mbg yg gw tau mau libur jogja sekaryawan anggota keluarga mantap jiwa euy gw punya usaha tahun diri mah boro outing bawa keluarga,Jijik,Jijik
"MBG

Mangat, boys &amp; guuurrrllssss! 🫶🏼",mbg mangat boys amp guuurrrllssss,Percaya,Percaya
"Ini salah satu anak yang tiap hari makan mbg mentalnya begitu kuat 🤣

🎥:clavariapedia https://t.co/s1CWevCFhf",salah satu anak tiap hari makan mbg mental kuat clavariapedia,Jijik,Jijik
"Karena memang lebih menguntungkan jadi Pegawai SPPG 😁

Yang diharapkan orang-orang kan begini,

""Guru gak perlu ada, yg penting dapat ompreng MBG""",memang lebih untung jadi pegawai sppg harap orangorang kan begini guru gak perlu yg penting ompreng mbg,Tertarik,Jijik
"EvoX | Apex Team – JP

共に進化し、頂点へ。

Member Recruitment Open
Contact → @pon_beer_mbg 
・20歳以上
・初心者〜マスター
・活動活発な方
現在、💎帯の方を多く募集してます

 #APEX募集  #APEXクラン #APEXフレンド募集  #APEX募集ps5  #APEX募集ps4 https://t.co/xC3L2n8sy9",evox apex team jp member recruitment open contact,Percaya,Percaya
"VAI FICAR PARECENDO UM MILK SHAKE

💪 Whey Protein Crush 100% Concentrado Under Labz Coenzima Q10
💵 Por: R$ 104 no PIX ou
💵 R$ 109,90 em até 4x SEM JUROS

https://t.co/m791qHucbK https://t.co/tXtgKeI5nn",vai ficar parecendo um milk shake whey protein crush concentrado under labz coenzima q por r no pix ou r em at x sem juros,Netral,Jijik
Happy Mother’s Day to all the real mothers out here not just cause you pushed a baby out im not talking to all yall just the REAL MOTHERS! Enjoy your day ❤️,happy mothers day to all the real mothers out here not just cause you pushed a baby out im not talking to all yall just the real mothers enjoy your day,Percaya,Percaya
"Jujur dititik muakk dg mbg kalau banyak sisa, masalahnya banyaj murid yg mulai bodan dan gak doyann🙃🫵",jujur titik muakk dg mbg kalau banyak sisa masalah banyaj murid yg mulai bodan gak doyann,Tertarik,Tertarik
"besok gakmau makan mbg, soalnya udah kenyang sama boynextdoor yang memasak dengan sedap 🤤🍎🫵🏻

KNOCK KNOCK BOYNEXTDOOR
#BOYNEXTDOOR_HOME
BND COMEBACK HOME 
#BOYNEXTDOOR #보이넥스트도어",besok gakmau makan mbg soal udah kenyang sama boynextdoor masak sedap knock knock boynextdoor bnd comeback home,Jijik,Jijik
"Kalau anggaran MBG dialihkan seminggu saja buat daerah bencana atau subsidi BBM, dampaknya terasa langsung. Tapi pemerintah sepertinya punya 'logika' sendiri. Setuju nggak kalau program MBG ini dipaksakan di tengah kondisi ekonomi yang lagi sulit? 🤔👇 @PDI_Perjuangan https://t.co/ekPVhF8jlN",kalau anggar mbg alih minggu buat daerah bencana subsidi bbm dampak asa langsung perintah seperti punya logika sendiri tuju kalau program mbg paksa tengah kondisi ekonomi lagi sulit,Jijik,Jijik
"𖦹°‧ jurnaling with mbg (my bestie gue) ᯓ ⟡
cc : @seseunseok @sekilokentang @widyans_9 @kurimnida @rhmdanicxxy_ @misswichu ✨️ https://t.co/kDCdvTM4dp",jurnaling with mbg my bestie gue cc,Percaya,Percaya
"tutup dapur mbg, biar princess rora yang memasak 😋 https://t.co/PrRdxYqbqj",tutup dapur mbg biar princess rora masak,Jijik,Percaya
MBG ( MY BINI GW ) 😝🫰🏻🥹🫰🏻 https://t.co/Edbmb3kGzA,mbg my bini gw,Percaya,Percaya
"rumah ini dulunya kuburan 😪
rumah ini dulunya dapur mbg 😰",rumah dulunya kubur rumah dulunya dapur mbg,Jijik,Jijik
"Legi kecintaan banget sama mbg, my bini gue nahnul 🥰 #wip https://t.co/RsYMDbQnUJ",legi cinta banget sama mbg my bini gue nahnul,Percaya,Percaya
"Ekonomi hancur, presiden lu prabowo, wapres lu gibran, orang-orang di pemerintahan pada korupsi dan nepotisme, mbg tetap jalan.

Udah ga tau mau ngomong apa lagi, wassalamualaikum wr. wb. 🙏",ekonomi hancur presiden lu prabowo wapres lu gibran orangorang perintah korupsi nepotisme mbg tetap jalan udah ga tau mau ngomong apa wassalamualaikum wr wb,Jijik,Jijik
"Uang kas pemerintah di BI tinggal 120 T??
MBG kek setan jalan terus
Ga ngerti lagi dah 😆",uang kas perintah bi tinggal t mbg kek setan jalan terus ga ngerti dah,Tertarik,Jijik
"R.3

Baibai yang milih kinderjoy dan yakult, bangkrut dong sppg mbg nya kalau itu dikasi ke kalian ^^ 

🚨 ada yang mual² ninuninu : noel varsha zeva micha https://t.co/aJL1rJE8hy",r baibai milih kinderjoy yakult bangkrut dong sppg mbg nya kalau kasi kalian yang mual ninuninu noel varsha zeva micha,Jijik,Jijik
"#JossGawin 🔞 Au Bokep Kampung Series Part 7
⚠️21+
⚠️02 haters
⚠️Cringe 

                             SOPIR MBG
                Sopir MBG X Guru PJOK

ㅤ https://t.co/msQXPG9eYp",au bokep kampung series part haters cringe sopir mbg sopir mbg x guru pjok,Percaya,Jijik
"誕生日のプレゼント買いに行って【魚deバールzi-co炉BATA】で食べ #薬研堀 #Liberty へ来ました🥃 
#Mariaと乾杯してみたい 🥹 https://t.co/vU4XDGEndO",dezicobata,Percaya,Percaya
"𐔌՞. .՞𐦯 gyu day

thankyou kak @wondunge selalu inget sama aku! mbg yg bisa aku terima. masakan bento gyu (chefnya terlalu gemas) &gt;_&lt;
sayang sekali kita belum ketemu2 🥲

thankyou kak cyla @0604ZP fribis dari jauhnya.. totebag gemas dan printilan lainnya bakalan aku pakee 🫶😉 https://t.co/LLNMYXs59w",gyu day thankyou kak selalu inget sama aku mbg yg aku terima masakan bento gyu chefnya terlalu gemas gtlt sayang sekali belum ketemu thankyou kak cyla frib jauh totebag gemas printilan lain bakal aku pakee,Jijik,Jijik
tolong MBG di liburkan dulu biar mas adam yang memasak😹 https://t.co/iMzBmclOG5,mbg libur dulu biar mas adam masak,Jijik,Percaya
SIAPA YG BUAT WOYY? 😭 BUBAR KAN MBG?!!! 😭😭,siapa yg buat woyy bubar kan mbg,Percaya,Percaya
"Bahkan anak sekolah ini saja tau, mana yang biaya pendidikan dan mana yang tidak masuk dalam biaya pendidikan.

MBG hanya bermanfaat bagi sekelompok orang yang berkaitan dengan pemanfaatan kekuasaan.

Manfaat buat rakyat banyak? 

Yang banyak justru keracunan karena MBG 😆 https://t.co/lZCsbtfoF4",bahkan anak sekolah saja tau mana biaya didik mana tidak masuk biaya didik mbg manfaat kelompok orang kait manfaat kuasa manfaat buat rakyat banyak banyak justru racun mbg,Jijik,Jijik
Sajen itu manusia ngasih makan hantu sedangkan MBG itu syetan ngasih makan manusia.... begitu kata temen gua! 🤣🤣🤣 https://t.co/gNWfyoI4Vz,sajen manusia ngasih makan hantu mbg syetan ngasih makan manusia kata temen gua,Jijik,Jijik
"Astaghfirullah… 😱

Sebanyak 270 SPPG atau dapur program MBG di Kota Bandung memproduksi sekitar 50-60 ton timbunan sampah per hari dengan setiap SPPG rata-rata menghasilkan setidaknya 200-300 kilogram sampah organik per hari. 

Kepala Dinas Lingkungan Hidup Kota Bandung, Darto mengatakan bahwa sampah tersebut belum diolah dan masih dibuang ke TPA Sarimukti, sehingga Kota Bandung membutuhkan tambahan kuota pembuangan. 

Darto mengatakan Dinas pada April lalu telah mengumpulkan para pengelola SPPG untuk sosialisasi tentang pengelolaan sampah MBG dari dapur hingga sisanya di sekolah karena menurutnya, aturannya siapa yang menghasilkan sampah maka dia punya kewajiban untuk mengolah. 

Terlebih, secara regulasi SPPG dikategorikan sebagai area komersial atau kawasan berpengelola sehingga dapur MBG harus punya kemampuan menangani masalahnya sendiri. 

Menurut Darto: “Sampah di kota ini sudah banyak setiap hari, diharapkan pengelola SPPG tidak menambah beban sampah”, 7/5/2026. 

Sc: pandemictakks",astaghfirullah banyak sppg dapur program mbg kota bandung produksi ton timbun sampah per hari sppg ratarata hasil kilogram sampah organik per hari kepala dinas lingkung hidup kota bandung darto kata sampah sebut olah masih buang tpa sarimukti kota bandung butuh tambah kuota buang darto kata dinas april lalu kumpul kelola sppg sosialisasi kelola sampah mbg dapur hingga sisa sekolah turut atur siapa hasil sampah dia punya wajib olah lebih regulasi sppg kategori area komersial kawasan kelola dapur mbg punya mampu tangan masalah sendiri darto sampah kota sudah banyak tiap hari harap kelola sppg tambah beban sampah sc pandemictakks,Jijik,Jijik
"MBG kantorku dulu, mostly nasi padang di Jakarta udah dicobain, untuk rendang paling enak pagi sore, untuk ayam pop paling enak di garuda✨😬 https://t.co/6zeEI0NXQX",mbg kantor dulu mostly nasi padang jakarta udah dicobain rendang paling enak pagi sore ayam pop paling enak garuda,Percaya,Jijik
"semenjak @GllsBot  kerja di mbg, tiap ketemu selalu bahas mbg. selalu. tiap dia spill the tea kami punya ekspresi yg sama: 😲😲😲",semenjak kerja mbg tiap ketemu selalu bahas mbg selalu tiap spill the tea punya ekspresi yg sama,Jijik,Tertarik
Akankah pilgub? 🙏🏻,akan pilgub,Percaya,Percaya
"Bisnis apa yg gacor th 2026? 
Jangan bilang MBG😒",bisnis apa yg gacor th jangan bilang mbg,Jijik,Jijik
Terharu dan bangga aku nona udh next level di jepret profesional fotografer gettyimages 🥺🥹👏,haru bangga aku nona udh next level jepret profesional fotografer gettyimages,Percaya,Percaya
"dulu kalo ke fruitshop MBG, gw biasa aja. sekarang, kalo lewat di shopeefood atau gw ke tokonya, pasti ngerasa kek gimana gitu ya... ah mungkin cuma perasaanku aja bjirlah 😭 https://t.co/ky9cuoCE8g",dulu kalo fruitshop mbg gw biasa aja sekarang kalo lewat shopeefood gw toko ngerasa kek gimana gitu ah mungkin cuma asa aja bjirlah,Jijik,Jijik
Alhamdulillah selama ini makan mie lethek belum pernah keracunan wkwkwk. Lebih banyak yang keracunan MBG dibanding mie lethek 😭,alhamdulillah lama makan mie lethek pernah racun wkwkwk lebih banyak racun mbg banding mie lethek,Tertarik,Tertarik
🙂‍↔️🫶🏻 sampai jumpa di summer ya ! skrng waktunya merasakan mbg yang disediakan ny ibuk✨ &lt;33333🍜🍜🍜 https://t.co/8RgRcFUcOU,jumpa summer skrng waktu rasa mbg sedia ny ibuk lt,Percaya,Percaya
252 anak SD KERACUNAN MBG di Jakarta Timur ‼️ https://t.co/9PEpjNfb4h,anak sd racun mbg jakarta timur,Jijik,Jijik
"prediksiku bakalan 2 periode sih, kalo diliat dari bagaimana masyarakat akar rumput menilai prabowo, dan diliat dari survei kepuasan publik terhadap pemerintahan prabowo mencapai 79,9%, udah gitu juga suara pemilik dapur MBG beserta karyawan dan keluarganya turut andil. dah lah💔",prediksi bakal periode sih kalo liat bagaimana masyarakat akar rumput nilai prabowo liat survei puas publik perintah prabowo capai udah gitu suara milik dapur mbg serta karyawan keluarga turut andil dah lah,Jijik,Jijik
"SUSU UHT 1 LITER UDAH LANGKA SEJAK ADA MBG, SUSAH BANGET MAU BELI, SEKARANG PAS STOKNYA ADA UDAH NAIK HARGA 6000 😂😭 Naik 30-an persen!!!",susu uht liter udah langka sejak mbg susah banget mau beli sekarang pas stok udah naik harga naik an persen,Jijik,Jijik
Dapet surat cinta langsung dari Marfen anak kelas V MI Sidoarjo. Si adek berterima kasih bgt karena dapet makanan bergizi gratis tiap hari di sekolah. Emang asupan nutrisi itu hak anak Indonesia biar makin pinter ya 🇮🇩✉️ https://t.co/PiogncZa7s,dapet surat cinta langsung marfen anak kelas v mi sidoarjo si adek terima kasih bgt dapet makan gizi gratis tiap hari sekolah emang asupan nutrisi hak anak indonesia biar makin pinter,Jijik,Jijik
"Gizi Gratis, Anak Bangsa Pintar! 🥚🍗 Program makanan bergizi gratis dukung pertumbuhan optimal anak Indonesia. Sajian lezat kaya protein bentuk Generasi Emas yang cerdas, sehat, dan penuh potensi. Bersama kita bangun masa depan lebih baik.
 
#GiziGratis #GenerasiEmas https://t.co/LH5znhXR0Q",gizi gratis anak bangsa pintar program makan gizi gratis dukung tumbuh optimal anak indonesia saji lezat kaya protein bentuk generasi emas cerdas sehat penuh potensi sama bangun masa depan lebih baik,Tertarik,Jijik
"Anggota DPR RI dan pembawa acara Surya Utama atau Uya Kuya mengumumkan sayembara untuk menemukan identitas para pelaku penyebar hoaks yang menyebut dirinya memiliki 750 dapur Makanan Bergizi Gratis (MBG).

👉🏻Baca selengkapnya https://t.co/3jrtZn3Htn

~AM #UyaKuya #MBG #Hoaks https://t.co/9y2DJVc2jz",anggota dpr ri bawa acara surya utama uya kuya umum sayembara temu identitas laku sebar hoaks sebut diri milik dapur makan gizi gratis mbg baca lengkap am,Tertarik,Tertarik
"Program Makan Bergizi Gratis (MBG) terus memberikan dampak signifikan terhadap penyerapan tenaga kerja dan perputaran ekonomi nasional melalui penyerapan 1,28 juta pekerja.

Hal tersebut disampaikan Badan Gizi Nasional (BGN) dalam statistik terbaru yang dirilis pada Jumat (22/5), yang menyebut Program MBG telah melibatkan jutaan pekerja tersebut di 29.225 Satuan Pelayanan Pemenuhan Gizi (SPPG) seluruh Indonesia.

🔽🔽🔽
Baca selengkapnya: https://t.co/9My04a2mp5

Grafis: Ulfa Jainita",program makan gizi gratis mbg terus beri dampak signifikan serap tenaga kerja putar ekonomi nasional lalu serap juta kerja sebut sampai badan gizi nasional bgn statistik baru rilis jumat sebut program mbg libat juta kerja sebut satu layan penuh gizi sppg seluruh indonesia baca lengkap grafis ulfa jainita,Tertarik,Jijik
"video ini bukti bahwa Indonesia di pimpin seorang badut 💩

Media raksasa dunia The Economist baru aja ngeluarin warning keras buat Indonesia! 🚨 Mereka menyoroti rentetan kebijakan populis 1,5 tahun terakhir yang dinilai ""terlalu boros"" mulai dari Makan Bergizi Gratis (MBG), Koperasi Desa, sampai proyek triliunan lainnya. Dampaknya? Laporan tersebut menyoroti defisit yang nyaris menyentuh 3% dan Rupiah yang menembus Rp17.550/USD. Di sisi lain, pemerintah dengan tegas membantah dan memastikan bahwa semua ini adalah investasi jangka panjang untuk anak bangsa dan pemerataan ekonomi, bukan pemborosan.",video bukti indonesia pimpin orang badut media raksasa dunia the economist baru aja ngeluarin warning keras buat indonesia sorot rentet bijak populis tahun akhir nilai terlalu boros mulai makan gizi gratis mbg koperasi desa proyek triliun lain dampak lapor sebut sorot defisit nyaris sentuh rupiah tembus rpusd sisi perintah tegas ban pasti semua adalah investasi jangka panjang anak bangsa perata ekonomi bukan boros,Jijik,Jijik
"Sebenarnya protein apa yang disajikan dalam menu MBG...?

Peternak ayam petelur mengeluhkan kurangnya serapan telur untuk program Makan Bergizi Gratis (MBG) yang dianggap sebagai salah satu pemicu anjloknya harga...

Situasinya makin parah, karena harga pakan naik dua kali lipat akibat nilai tukar rupiah yang melemah... 🤔",benar protein apa saji menu mbg ternak ayam telur keluh kurang serap telur program makan gizi gratis mbg anggap salah satu picu anjlok harga situasi makin parah harga pakan naik kali lipat akibat nilai tukar rupiah lemah,Jijik,Jijik
"Hah, MBG masuk kampus⁉️😱

Program Makan Bergizi Gratis atau MBG mulai mendorong perguruan tinggi untuk terlibat sebagai Satuan Pelayanan Pemenuhan Gizi (SPPG). Hal ini memicu banyak penolakan karena dianggap menggeser fokus utama kampus sebagai ruang akademik.

MBG sendiri masih menyimpan banyak masalah. Mulai dari kasus keracunan makanan di sejumlah daerah, kualitas gizi yang dipertanyakan, potensi korupsi dalam pengelolaan anggaran, limbah makanan akibat distribusi yang tidak tepat, pelibatan militer dalam struktur jabatan SPPG, sampai isu bagi-bagi jabatan di struktur pengelolaan program. Program sebesar ini berjalan dengan pengawasan yang masih jauh dari matang.

Di sisi lain, perguruan tinggi juga masih menyimpan banyak persoalan. Uang kuliah tunggal (UKT) terus naik, fasilitas pendidikan belum merata, kekerasan seksual di lingkungan kampus masih sering terjadi, hingga kesejahteraan dosen dan pekerja kampus yang kerap diabaikan.

Persoalan mendasar dari program MBG maupun perguruan tinggi saja belum selesai, tapi pemerintah justru mendorong kampus untuk ikut terlibat dalam urusan operasional negara.

Muncul pula kekhawatiran bahwa kampus akan kehilangan posisi kritisnya ketika mulai terlibat langsung sebagai pelaksana program pemerintah. Jangan sampai ruang akademik berubah menjadi sekadar perpanjangan tangan kekuasaan! 

#MakanBergiziGratis
#PerguruanTinggi
#MBGMasukKampus",hah mbg masuk kampus program makan gizi gratis mbg mulai dorong guru tinggi libat satu layan penuh gizi sppg picu banyak tolak anggap geser fokus utama kampus ruang akademik mbg sendiri simpan banyak masalah mulai kasus racun makan jumlah daerah kualitas gizi tanya potensi korupsi kelola anggar limbah makan akibat distribusi tidak tepat libat militer struktur jabat sppg isu bagibagi jabat struktur kelola program program besar ini jalan awas jauh matang sisi guru tinggi masih simpan banyak soal uang kuliah tunggal ukt terus naik fasilitas didik rata keras seksual lingkung kampus masih sering jadi hingga sejahtera dosen kerja kampus kerap abai soal dasar program mbg maupun guru tinggi belum selesai perintah justru dorong kampus ikut libat urus operasional negara muncul khawatir kampus hilang posisi kritis mulai libat langsung laksana program perintah jangan ruang akademik ubah jadi sekadar panjang tangan kuasa,Jijik,Jijik
"@kudanyeng1r_ Haha iya bener kok! Lauk MBG biasanya ada protein (ayam/tempe), sayur, + nasi biar bergizi seimbang sesuai program Makan Bergizi Gratis. 

Keliatan enak kan? 😭 Kalau mau diganti lauk lain atau ditambah, bilang aja ya! 🍗🥦",haha iya bener kok lauk mbg biasa protein ayamtempe sayur nasi biar gizi imbang sesuai program makan gizi gratis liat enak kan kalau mau ganti lauk atau tambah bilang aja,Tertarik,Jijik
"@rosyluluzi Naur MBG (makan bergizi gratis) more than crucial 🙂
Pendidikan dan kesehatan bukan prioritas utama di Indonesia. Karena Indonesia lebih butuh makan daripada pintar dan sehat 😋 https://t.co/aE8pbL9Lx2",naur mbg makan gizi gratis more than crucial didik sehat bukan prioritas utama indonesia indonesia lebih butuh makan pintar sehat,Tertarik,Tertarik
"Perputaran uang ratusan miliar tiap hari! Pemkab Sumedang gerak cepat optimalkan program Makan Bergizi Gratis (MBG). Gak cuma bikin anak-anak sehat dan fokus, tapi juga dongkrak ekonomi lokal secara masif. Keren pisan! 🌾🔥 https://t.co/97FVxawJ98",putar uang ratus miliar tiap hari pemkab sumedang gerak cepat optimal program makan gizi gratis mbg gak cuma bikin anakanak sehat fokus juga dongkrak ekonomi lokal masif keren pis,Netral,Jijik
Baru kali ini liat fans protes krn ada yg share menu makanan sekolah🤣🤣🤣,baru kali liat fans protes krn yg share menu makan sekolah,Jijik,Jijik
"🚨 Mobil operasional program MBG viral terparkir di kawasan hiburan malam Deltamas, Cikarang, saat malam Minggu. Warganet mempertanyakan kenapa kendaraan dinas pengantar makanan sekolah berada di lokasi tersebut. Publik kini menunggu klarifikasi.
#MBGViral #Cikarang #ViralHariIni https://t.co/0varOedPIw",mobil operasional program mbg viral parkir kawasan hibur malam deltamas cikarang malam minggu warganet tanya kendara dinas antar makan sekolah ada lokasi sebut publik kini tunggu klarifikasi,Tertarik,Jijik
Jangan menu makanan sekolah jaman skrg menu makanan wamil juga ada kak😭😭😭😭,jangan menu makan sekolah jaman skrg menu makan wamil ada kak,Percaya,Jijik
@JunonYaoi dikira makanan sekolah korea pada umumnya kali ya😭,kira makan sekolah korea umum kali,Jijik,Percaya
"Wah, makanan sekolah Jepang ini (nasi shirasu + udon sayur) emang keliatan fresh & seimbang banget! 

Ranking ""paling enak di dunia"" tuh subjektif ya, tapi di list TasteAtlas atau CNN Travel, makanan Jepang sering masuk top 10 (sushi, ramen, dll). School lunch gini mungkin ga masuk chart resmi, tapi buat aku ini juara 1 di kategori ""enak, murah, & bergizi"" 😋 

Kamu kasih rank berapa?",wah makan sekolah jepang nasi shirasu udon sayur emang liat fresh imbang banget ranking paling enak dunia tuh subjektif list tasteatlas cnn travel makan jepang sering masuk top sushi ramen school lunch gin mungkin ga masuk chart resmi tapi buat aku juara kategori enak murah gizi kamu kasih rank berapa,Jijik,Jijik
"di korea itu ada yg namanya ”Peraturan Pelaksanaan Udang-Undang Makan Siang Sekolah” sehingga secara hukum bahan makanan dan kandungan gizi dari makanan sekolah WAJIB HUKUMNYA dipublikasikan krn klo ga dipublikasikan itu artinya dianggap MELANGGAR HUKUM 

MBG MANA BISAAA 😭",korea ada yg nama atur laksana udangundang makan siang sekolah cara hukum bahan makan kandung gizi makan sekolah wajib hukum publikasi krn klo ga publikasi arti anggap langgar hukum mbg mana bisaaa,Jijik,Jijik
"Menarik Pak. Kalau tidak salah, Food portion estimation via AI sudah dipakai di beberapa negara untuk monitoring gizi sekolah. Cukup foto makanan sebelum dan sesudah makan, AI hitung kalori yang masuk, protein, karbohidrat. 

Verifikasi berbasis data visual yang objektif didukung governance yg mantul. Beeuhh....🙏",tarik pak kalau salah food portion estimation via ai pakai beberapa negara monitoring gizi sekolah cukup foto makan dan makan ai hitung kalori masuk protein karbohidrat verifikasi bas data visual objektif dukung governance yg mantul beeuhh,Jijik,Jijik
"MBG di Persimpangan Jalan 🤔

Program makan gizi gratis MBG mulai oleng menghadapi tantangan ganda. Di satu sisi gejolak ekonomi global serta mengancam stabilitas global. 

Sugiono Menlu | terburuk dan terpekok | sepanjang sejarah |

https://t.co/HdDfkjI8dn https://t.co/yAu81Ljhzn",mbg simpang jalan program makan gizi gratis mbg mulai oleng hadap tantang ganda satu sisi gejolak ekonomi global ancam stabilitas global sugiono menlu buruk kok panjang sejarah,Netral,Jijik
"@Diary7268742469 iyaakan kak😅😅😅, kyanya makanan ber GIZI gratis, tpi beberapa malah gizinya gatau dri mana",iyaakan kak kyanya makan ber gizi gratis tpi beberapa malah gizi gatau dri mana,Tertarik,Tertarik
"https://t.co/gNlGjGtbd8 di Rumania, anda bisa naik bus gratis jika bisa melakukan 20x squats, 
upaya sederhana nan heibat pemerintah Rumania untuk menyehatkan masyarakatnya 😀
bukan dengan omon2 kosong yang mahal soal segala gizi gratis 
""karena negara akan kuat dengan masyarakat yg sehat""",rumania bisa naik bus gratis bisa laku x squats upaya sederhana nan heibat perintah rumania sehat masyarakat bukan omon kosong mahal soal segala gizi gratis negara kuat masyarakat yg sehat,Jijik,Jijik
"Zaman sudah maju, data harus akurat! Senang sekali melihat program MBG dievaluasi agar lebih efektif menjangkau anak-anak yang membutuhkan di pelosok negeri. Impactful policy! 👏 #SmartGovernance #MBG2026 https://t.co/Ee2zr7IzPf",zaman maju data akurat senang sekali lihat program mbg evaluasi lebih efektif jangkau anakanak butuh pelosok negeri impactful policy,Jijik,Jijik
"Ekonomi Indonesia makin perkasa! 📈 Program MBG sukses jadi motor pertumbuhan di Kuartal I-2026 dengan lonjakan skala 2.400%+. Bukan cuma soal gizi, tapi juga tentang pemerataan ekonomi hingga ke pelosok. Bersama kita bangun bangsa yg kuat dan sejahtera! 🇮🇩
​#EkonomiMaju #MBG2026 https://t.co/N4wPKRGN41",ekonomi indonesia makin perkasa program mbg sukses jadi motor tumbuh kuartal i lonjak skala bukan cuma soal gizi juga perata ekonomi hingga pelosok sama bangun bangsa yg kuat sejahtera,Jijik,Jijik
"Lebaran tetep full nutrisi! 🌙✨ Walaupun sekolah lagi libur, program Makan Bergizi (MBG) buat balita, bumil, dan busui tetep jalan terus. Gak ada alasan buat skip gizi pas hari raya. 
#LebaranSehat #MBG2026 #InfoMudik #NutrisiTerjaga #GiziHariRaya #KeluargaSehatIndonesia https://t.co/48W2VLjpAr",lebaran tetep full nutrisi walaupun sekolah libur program makan gizi mbg buat balita bumil busui tetep jalan terus gak alas buat skip gizi pas hari raya,Jijik,Jijik
"Anggaran MBG 2026 diperluas! Fokus pada gizi anak &amp; pemberdayaan ekonomi lokal. Melalui MBG Ekonomi Rakyat, pemerintah pastikan petani dan UMKM jadi tulang punggung program ini. Investasi terbaik untuk masa depan! 🍱🇮🇩 #IndonesiaMaju #MBG2026 https://t.co/ZDVSObFG7G",anggar mbg luas fokus gizi anak amp daya ekonomi lokal lalu mbg ekonomi rakyat perintah pasti tani umkm jadi tulang punggung program investasi baik masa depan,Jijik,Jijik
"Sebanyak 3.000 warga Kabupaten Tegal menerima bantuan Makanan Bergizi Gratis. Dari jumlah tersebut, 246 orang merupakan ibu hamil dan menyusui yang menjadi sasaran utama dalam upaya pencegahan stunting. Hal ini disampaikan Kepala SPPG Kemala Bhayangkari Polres Tegal, Jienius Hasugian, Jumat (17/4).🎥Han",banyak warga kabupaten tegal terima bantu makan gizi gratis jumlah sebut orang rupa ibu hamil susu jadi sasar utama upaya cegah stunting ini sampai kepala sppg kemala bhayangkari polres tegal jienius hasugian jumat han,Jijik,Jijik
"Ditengah pro dan kontra makanan bergizi gratis,, pada dasaranya anak2 sangat antusias dan menunggu kedatangan makan bergizi gratis yg di canangkan oleh bpk presiden prabowo...
Sehat terus pak presiden prabowo 👍 https://t.co/LFRYDIROfC",tengah pro kontra makan gizi gratis dasaranya anak sangat antusias tunggu datang makan gizi gratis yg canang bpk presiden prabowo sehat terus pak presiden prabowo,Jijik,Jijik
"@LambeSahamjja perokok ambil adil, buat makanan bergizi gratis😭",okok ambil adil buat makan gizi gratis,Jijik,Jijik
@exmutradezone Makanan bergizi gratis 😅,makan gizi gratis,Percaya,Percaya
@naikkaki makanan bergizi gratis🤤,makan gizi gratis,Percaya,Percaya
@rottnout Makanan bergizi gratis 😝,makan gizi gratis,Percaya,Percaya
"Pagi ini Rupiah resmi tembus Rp17.700 per Dolar AS. 
​Positif thinking aja, mungkin Rupiah lagi otw mau nyamain jumlah kalori porsi Makan Bergizi Gratis biar gampang ngitungnya. Konsisten banget merosotnya, kayak akhlak netizen pas ngomentari pidato prabowo.😜
https://t.co/WCTUFwasHx

.",pagi rupiah resmi tembus rp per dolar as positif thinking aja mungkin rupiah otw mau nyamain jumlah kalori porsi makan gizi gratis biar gampang ngitungnya konsisten banget merosot kayak akhlak netizen pas ngomentari pidato prabowo,Jijik,Jijik
"Harapannya, Program Makan Bergizi Gratis bisa tetap berjalan maksimal, aman, dan benar-benar bermanfaat buat pelajar Indonesia

Baca selangkapnya disini 👇🏻",harap program makan gizi gratis tetap jalan maksimal aman benarbenar manfaat buat ajar indonesia baca langkap sini,Tertarik,Jijik
"Tawa anak-anak pagi ini jadi bukti nyata ✨
Program Makan Bergizi Gratis bukan sekadar soal makanan, tapi tentang semangat belajar yang tumbuh sejak pagi. Anak-anak menyambut MBG dengan wajah ceria dan penuh antusias. 🇮🇩 https://t.co/4sBkBlPaiS",tawa anakanak pagi jadi bukti nyata program makan gizi gratis bukan sekadar soal makan tentang semangat ajar tumbuh sejak pagi anakanak sambut mbg wajah ceria penuh antusias,Tertarik,Tertarik
"Baru sadar. Jangan2 ini sabotase para pengusaha sawit atas rencana ekspor satu pintu…. #sumateragelap

Semoga bapak ibu pln dilancarkan proses perbaikannya✊🏽✊🏽✊🏽 https://t.co/m4xQkBPi4E",baru sadar jangan sabotase usaha sawit atas rencana ekspor satu pintu moga bapak ibu pln lancar proses baik,Jijik,Jijik
"@bersuwara_ Wkwkwk..ya gpp kan jadinya kamu yg dapat asupan gizi gratis,Nder..😂😂😂",wkwkwkya gpp kan jadi kamu yg asupan gizi gratisnder,Percaya,Jijik
"@gentarsedikit @mazzini_gsp di negara gagal, pemberian gizi gratis adalah suatu inovasi, bukan pemborosan, lolos audit. sikap izin 🙏",negara gagal beri gizi gratis suatu inovasi bukan boros lolos audit sikap izin,Netral,Jijik
Kenapa Pak Prabowo fokus pada sekolah unggulan &amp; gizi gratis? Karena akses adalah kunci perubahan! Saatnya anak desa punya kesempatan yang sama dengan anak kota. Mari kawal kemajuan ini! ✨ #JagaIndonesia #IndonesiaMaju #AksesUntukRakyat #UpdateTerkini https://t.co/SnUqKRpbne,pak prabowo fokus sekolah unggul amp gizi gratis akses kunci ubah saat anak desa punya sempat sama anak kota kawal maju,Jijik,Jijik
"Katanya sudah ada pengadaan…
katanya sudah siap…
Tapi kenapa di lapangan masih begini? 🤨
Petugas disuruh kerja maksimal,
tapi soal keselamatan seperti nomor sekian.
Ini bukan soal viral atau tidak,
ini soal nyawa di jalan.
#MBG2026 #FaktaLapangan #ViralHariIni  #SorotanPublik https://t.co/tT0os9wo7D",kata ada ada kata siap kenapa lapang begini tugas suruh kerja maksimal soal selamat nomor sekian bukan soal viral tidak soal nyawa jalan,Sedih,Jijik
"Anggota DPR RI dan pembawa acara Surya Utama atau Uya Kuya mengumumkan sayembara untuk menemukan identitas para pelaku penyebar hoaks yang menyebut dirinya memiliki 750 dapur Makanan Bergizi Gratis (MBG).

👉🏻Baca selengkapnya https://t.co/3jrtZn3Htn

~AM #UyaKuya #MBG #Hoaks https://t.co/9y2DJVc2jz",anggota dpr ri bawa acara surya utama uya kuya umum sayembara temu identitas laku sebar hoaks sebut diri milik dapur makan gizi gratis mbg baca lengkap am,Tertarik,Tertarik
"Gizi Gratis, Anak Bangsa Pintar! 🥚🍗 Program makanan bergizi gratis dukung pertumbuhan optimal anak Indonesia. Sajian lezat kaya protein bentuk Generasi Emas yang cerdas, sehat, dan penuh potensi. Bersama kita bangun masa depan lebih baik.
 
#GiziGratis #GenerasiEmas https://t.co/LH5znhXR0Q",gizi gratis anak bangsa pintar program makan gizi gratis dukung tumbuh optimal anak indonesia saji lezat kaya protein bentuk generasi emas cerdas sehat penuh potensi sama bangun masa depan lebih baik,Tertarik,Jijik
@solaceinrua AKUUUUUU. MBG (makanan bergizi gratis) jelek tapi MBG (makanan buatan gkakak) sangat bagus dan enak. 🤩,akuuuuuu mbg makan gizi gratis jelek mbg makan buat gkakak sangat bagus enak,Percaya,Percaya
Dapet surat cinta langsung dari Marfen anak kelas V MI Sidoarjo. Si adek berterima kasih bgt karena dapet makanan bergizi gratis tiap hari di sekolah. Emang asupan nutrisi itu hak anak Indonesia biar makin pinter ya 🇮🇩✉️ https://t.co/PiogncZa7s,dapet surat cinta langsung marfen anak kelas v mi sidoarjo si adek terima kasih bgt dapet makan gizi gratis tiap hari sekolah emang asupan nutrisi hak anak indonesia biar makin pinter,Jijik,Jijik
"Anggota DPR RI dan pembawa acara Surya Utama atau Uya Kuya mengumumkan sayembara untuk menemukan identitas para pelaku penyebar hoaks yang menyebut dirinya memiliki 750 dapur Makanan Bergizi Gratis (MBG).

👉🏻Baca selengkapnya https://t.co/I49CL9NL1d

~AM #UyaKuya #MBG #Hoaks https://t.co/FY9joT5tZb",anggota dpr ri bawa acara surya utama uya kuya umum sayembara temu identitas laku sebar hoaks sebut diri milik dapur makan gizi gratis mbg baca lengkap am,Tertarik,Tertarik
"Program Makan Bergizi Gratis (MBG) terus memberikan dampak signifikan terhadap penyerapan tenaga kerja dan perputaran ekonomi nasional melalui penyerapan 1,28 juta pekerja.

Hal tersebut disampaikan Badan Gizi Nasional (BGN) dalam statistik terbaru yang dirilis pada Jumat (22/5), yang menyebut Program MBG telah melibatkan jutaan pekerja tersebut di 29.225 Satuan Pelayanan Pemenuhan Gizi (SPPG) seluruh Indonesia.

🔽🔽🔽
Baca selengkapnya: https://t.co/9My04a2mp5

Grafis: Ulfa Jainita",program makan gizi gratis mbg terus beri dampak signifikan serap tenaga kerja putar ekonomi nasional lalu serap juta kerja sebut sampai badan gizi nasional bgn statistik baru rilis jumat sebut program mbg libat juta kerja sebut satu layan penuh gizi sppg seluruh indonesia baca lengkap grafis ulfa jainita,Tertarik,Jijik
"Sebenarnya protein apa yang disajikan dalam menu MBG...?

Peternak ayam petelur mengeluhkan kurangnya serapan telur untuk program Makan Bergizi Gratis (MBG) yang dianggap sebagai salah satu pemicu anjloknya harga...

Situasinya makin parah, karena harga pakan naik dua kali lipat akibat nilai tukar rupiah yang melemah... 🤔",benar protein apa saji menu mbg ternak ayam telur keluh kurang serap telur program makan gizi gratis mbg anggap salah satu picu anjlok harga situasi makin parah harga pakan naik kali lipat akibat nilai tukar rupiah lemah,Jijik,Jijik
"video ini bukti bahwa Indonesia di pimpin seorang badut 💩

Media raksasa dunia The Economist baru aja ngeluarin warning keras buat Indonesia! 🚨 Mereka menyoroti rentetan kebijakan populis 1,5 tahun terakhir yang dinilai ""terlalu boros"" mulai dari Makan Bergizi Gratis (MBG), Koperasi Desa, sampai proyek triliunan lainnya. Dampaknya? Laporan tersebut menyoroti defisit yang nyaris menyentuh 3% dan Rupiah yang menembus Rp17.550/USD. Di sisi lain, pemerintah dengan tegas membantah dan memastikan bahwa semua ini adalah investasi jangka panjang untuk anak bangsa dan pemerataan ekonomi, bukan pemborosan.",video bukti indonesia pimpin orang badut media raksasa dunia the economist baru aja ngeluarin warning keras buat indonesia sorot rentet bijak populis tahun akhir nilai terlalu boros mulai makan gizi gratis mbg koperasi desa proyek triliun lain dampak lapor sebut sorot defisit nyaris sentuh rupiah tembus rpusd sisi perintah tegas ban pasti semua adalah investasi jangka panjang anak bangsa perata ekonomi bukan boros,Jijik,Jijik
@Nopawel1 Makan bergizi gratis? 🤣,makan gizi gratis,Percaya,Percaya
"Perputaran uang ratusan miliar tiap hari! Pemkab Sumedang gerak cepat optimalkan program Makan Bergizi Gratis (MBG). Gak cuma bikin anak-anak sehat dan fokus, tapi juga dongkrak ekonomi lokal secara masif. Keren pisan! 🌾🔥 https://t.co/97FVxawJ98",putar uang ratus miliar tiap hari pemkab sumedang gerak cepat optimal program makan gizi gratis mbg gak cuma bikin anakanak sehat fokus juga dongkrak ekonomi lokal masif keren pis,Netral,Jijik
"@rosyluluzi Naur MBG (makan bergizi gratis) more than crucial 🙂
Pendidikan dan kesehatan bukan prioritas utama di Indonesia. Karena Indonesia lebih butuh makan daripada pintar dan sehat 😋 https://t.co/aE8pbL9Lx2",naur mbg makan gizi gratis more than crucial didik sehat bukan prioritas utama indonesia indonesia lebih butuh makan pintar sehat,Tertarik,Tertarik
"di korea itu ada yg namanya ”Peraturan Pelaksanaan Udang-Undang Makan Siang Sekolah” sehingga secara hukum bahan makanan dan kandungan gizi dari makanan sekolah WAJIB HUKUMNYA dipublikasikan krn klo ga dipublikasikan itu artinya dianggap MELANGGAR HUKUM 

MBG MANA BISAAA 😭",korea ada yg nama atur laksana udangundang makan siang sekolah cara hukum bahan makan kandung gizi makan sekolah wajib hukum publikasi krn klo ga publikasi arti anggap langgar hukum mbg mana bisaaa,Jijik,Jijik
@JunonYaoi dikira makanan sekolah korea pada umumnya kali ya😭,kira makan sekolah korea umum kali,Jijik,Percaya
"Wah, makanan sekolah Jepang ini (nasi shirasu + udon sayur) emang keliatan fresh & seimbang banget! 

Ranking ""paling enak di dunia"" tuh subjektif ya, tapi di list TasteAtlas atau CNN Travel, makanan Jepang sering masuk top 10 (sushi, ramen, dll). School lunch gini mungkin ga masuk chart resmi, tapi buat aku ini juara 1 di kategori ""enak, murah, & bergizi"" 😋 

Kamu kasih rank berapa?",wah makan sekolah jepang nasi shirasu udon sayur emang liat fresh imbang banget ranking paling enak dunia tuh subjektif list tasteatlas cnn travel makan jepang sering masuk top sushi ramen school lunch gin mungkin ga masuk chart resmi tapi buat aku juara kategori enak murah gizi kamu kasih rank berapa,Jijik,Jijik
Jangan menu makanan sekolah jaman skrg menu makanan wamil juga ada kak😭😭😭😭,jangan menu makan sekolah jaman skrg menu makan wamil ada kak,Percaya,Jijik
"Menarik Pak. Kalau tidak salah, Food portion estimation via AI sudah dipakai di beberapa negara untuk monitoring gizi sekolah. Cukup foto makanan sebelum dan sesudah makan, AI hitung kalori yang masuk, protein, karbohidrat. 

Verifikasi berbasis data visual yang objektif didukung governance yg mantul. Beeuhh....🙏",tarik pak kalau salah food portion estimation via ai pakai beberapa negara monitoring gizi sekolah cukup foto makan dan makan ai hitung kalori masuk protein karbohidrat verifikasi bas data visual objektif dukung governance yg mantul beeuhh,Jijik,Jijik
"MBG di Persimpangan Jalan 🤔

Program makan gizi gratis MBG mulai oleng menghadapi tantangan ganda. Di satu sisi gejolak ekonomi global serta mengancam stabilitas global. 

Sugiono Menlu | terburuk dan terpekok | sepanjang sejarah |

https://t.co/HdDfkjI8dn https://t.co/yAu81Ljhzn",mbg simpang jalan program makan gizi gratis mbg mulai oleng hadap tantang ganda satu sisi gejolak ekonomi global ancam stabilitas global sugiono menlu buruk kok panjang sejarah,Netral,Jijik
"@Diary7268742469 iyaakan kak😅😅😅, kyanya makanan ber GIZI gratis, tpi beberapa malah gizinya gatau dri mana",iyaakan kak kyanya makan ber gizi gratis tpi beberapa malah gizi gatau dri mana,Tertarik,Tertarik
"@zalkad menurut opini saya, dengan judul ingin memberikan gizi gratis tapi sehari cuman 1x makan plus nominal 15.000 dan udah di potong sana sini. mana mungkin rakyat yang diuntungkan 🫤",opini dengan judul beri gizi gratis hari cuman x makan plus nominal udah potong sana sini mana mungkin rakyat untung,Jijik,Tertarik
"https://t.co/gNlGjGtbd8 di Rumania, anda bisa naik bus gratis jika bisa melakukan 20x squats, 
upaya sederhana nan heibat pemerintah Rumania untuk menyehatkan masyarakatnya 😀
bukan dengan omon2 kosong yang mahal soal segala gizi gratis 
""karena negara akan kuat dengan masyarakat yg sehat""",rumania bisa naik bus gratis bisa laku x squats upaya sederhana nan heibat perintah rumania sehat masyarakat bukan omon kosong mahal soal segala gizi gratis negara kuat masyarakat yg sehat,Jijik,Jijik
"Ekonomi Indonesia makin perkasa! 📈 Program MBG sukses jadi motor pertumbuhan di Kuartal I-2026 dengan lonjakan skala 2.400%+. Bukan cuma soal gizi, tapi juga tentang pemerataan ekonomi hingga ke pelosok. Bersama kita bangun bangsa yg kuat dan sejahtera! 🇮🇩
​#EkonomiMaju #MBG2026 https://t.co/N4wPKRGN41",ekonomi indonesia makin perkasa program mbg sukses jadi motor tumbuh kuartal i lonjak skala bukan cuma soal gizi juga perata ekonomi hingga pelosok sama bangun bangsa yg kuat sejahtera,Jijik,Jijik
"Zaman sudah maju, data harus akurat! Senang sekali melihat program MBG dievaluasi agar lebih efektif menjangkau anak-anak yang membutuhkan di pelosok negeri. Impactful policy! 👏 #SmartGovernance #MBG2026 https://t.co/Ee2zr7IzPf",zaman maju data akurat senang sekali lihat program mbg evaluasi lebih efektif jangkau anakanak butuh pelosok negeri impactful policy,Jijik,Jijik
"Lebaran tetep full nutrisi! 🌙✨ Walaupun sekolah lagi libur, program Makan Bergizi (MBG) buat balita, bumil, dan busui tetep jalan terus. Gak ada alasan buat skip gizi pas hari raya. 
#LebaranSehat #MBG2026 #InfoMudik #NutrisiTerjaga #GiziHariRaya #KeluargaSehatIndonesia https://t.co/48W2VLjpAr",lebaran tetep full nutrisi walaupun sekolah libur program makan gizi mbg buat balita bumil busui tetep jalan terus gak alas buat skip gizi pas hari raya,Jijik,Jijik
"Anggaran MBG 2026 diperluas! Fokus pada gizi anak &amp; pemberdayaan ekonomi lokal. Melalui MBG Ekonomi Rakyat, pemerintah pastikan petani dan UMKM jadi tulang punggung program ini. Investasi terbaik untuk masa depan! 🍱🇮🇩 #IndonesiaMaju #MBG2026 https://t.co/ZDVSObFG7G",anggar mbg luas fokus gizi anak amp daya ekonomi lokal lalu mbg ekonomi rakyat perintah pasti tani umkm jadi tulang punggung program investasi baik masa depan,Jijik,Jijik
"Program Makan Bergizi Gratis (MBG) terus memberikan dampak signifikan terhadap penyerapan tenaga kerja dan perputaran ekonomi nasional melalui penyerapan 1,28 juta pekerja.

Hal tersebut disampaikan Badan Gizi Nasional (BGN) dalam statistik terbaru yang dirilis pada Jumat (22/5), yang menyebut Program MBG telah melibatkan jutaan pekerja tersebut di 29.225 Satuan Pelayanan Pemenuhan Gizi (SPPG) seluruh Indonesia.

🔽🔽🔽
Baca selengkapnya: https://t.co/9My04a2mp5

Grafis: Ulfa Jainita",program makan gizi gratis mbg terus beri dampak signifikan serap tenaga kerja putar ekonomi nasional lalu serap juta kerja sebut sampai badan gizi nasional bgn statistik baru rilis jumat sebut program mbg libat juta kerja sebut satu layan penuh gizi sppg seluruh indonesia baca lengkap grafis ulfa jainita,Tertarik,Jijik
"Menarik Pak. Kalau tidak salah, Food portion estimation via AI sudah dipakai di beberapa negara untuk monitoring gizi sekolah. Cukup foto makanan sebelum dan sesudah makan, AI hitung kalori yang masuk, protein, karbohidrat. 

Verifikasi berbasis data visual yang objektif didukung governance yg mantul. Beeuhh....🙏",tarik pak kalau salah food portion estimation via ai pakai beberapa negara monitoring gizi sekolah cukup foto makan dan makan ai hitung kalori masuk protein karbohidrat verifikasi bas data visual objektif dukung governance yg mantul beeuhh,Jijik,Jijik
"MBG di Persimpangan Jalan 🤔

Program makan gizi gratis MBG mulai oleng menghadapi tantangan ganda. Di satu sisi gejolak ekonomi global serta mengancam stabilitas global. 

Sugiono Menlu | terburuk dan terpekok | sepanjang sejarah |

https://t.co/HdDfkjI8dn https://t.co/yAu81Ljhzn",mbg simpang jalan program makan gizi gratis mbg mulai oleng hadap tantang ganda satu sisi gejolak ekonomi global ancam stabilitas global sugiono menlu buruk kok panjang sejarah,Netral,Jijik
"https://t.co/gNlGjGtbd8 di Rumania, anda bisa naik bus gratis jika bisa melakukan 20x squats, 
upaya sederhana nan heibat pemerintah Rumania untuk menyehatkan masyarakatnya 😀
bukan dengan omon2 kosong yang mahal soal segala gizi gratis 
""karena negara akan kuat dengan masyarakat yg sehat""",rumania bisa naik bus gratis bisa laku x squats upaya sederhana nan heibat perintah rumania sehat masyarakat bukan omon kosong mahal soal segala gizi gratis negara kuat masyarakat yg sehat,Jijik,Jijik
"@Diary7268742469 iyaakan kak😅😅😅, kyanya makanan ber GIZI gratis, tpi beberapa malah gizinya gatau dri mana",iyaakan kak kyanya makan ber gizi gratis tpi beberapa malah gizi gatau dri mana,Tertarik,Tertarik
"MBG di Persimpangan Jalan 🤔

Program makan gizi gratis MBG mulai oleng menghadapi tantangan ganda. Di satu sisi gejolak ekonomi global serta mengancam stabilitas global. 

Sugiono Menlu | terburuk dan terpekok | sepanjang sejarah |

https://t.co/HdDfkjI8dn https://t.co/yAu81Ljhzn",mbg simpang jalan program makan gizi gratis mbg mulai oleng hadap tantang ganda satu sisi gejolak ekonomi global ancam stabilitas global sugiono menlu buruk kok panjang sejarah,Netral,Jijik
"@Diary7268742469 iyaakan kak😅😅😅, kyanya makanan ber GIZI gratis, tpi beberapa malah gizinya gatau dri mana",iyaakan kak kyanya makan ber gizi gratis tpi beberapa malah gizi gatau dri mana,Tertarik,Tertarik
"https://t.co/gNlGjGtbd8 di Rumania, anda bisa naik bus gratis jika bisa melakukan 20x squats, 
upaya sederhana nan heibat pemerintah Rumania untuk menyehatkan masyarakatnya 😀
bukan dengan omon2 kosong yang mahal soal segala gizi gratis 
""karena negara akan kuat dengan masyarakat yg sehat""",rumania bisa naik bus gratis bisa laku x squats upaya sederhana nan heibat perintah rumania sehat masyarakat bukan omon kosong mahal soal segala gizi gratis negara kuat masyarakat yg sehat,Jijik,Jijik
"Zaman sudah maju, data harus akurat! Senang sekali melihat program MBG dievaluasi agar lebih efektif menjangkau anak-anak yang membutuhkan di pelosok negeri. Impactful policy! 👏 #SmartGovernance #MBG2026 https://t.co/Ee2zr7IzPf",zaman maju data akurat senang sekali lihat program mbg evaluasi lebih efektif jangkau anakanak butuh pelosok negeri impactful policy,Jijik,Jijik
"Ekonomi Indonesia makin perkasa! 📈 Program MBG sukses jadi motor pertumbuhan di Kuartal I-2026 dengan lonjakan skala 2.400%+. Bukan cuma soal gizi, tapi juga tentang pemerataan ekonomi hingga ke pelosok. Bersama kita bangun bangsa yg kuat dan sejahtera! 🇮🇩
​#EkonomiMaju #MBG2026 https://t.co/N4wPKRGN41",ekonomi indonesia makin perkasa program mbg sukses jadi motor tumbuh kuartal i lonjak skala bukan cuma soal gizi juga perata ekonomi hingga pelosok sama bangun bangsa yg kuat sejahtera,Jijik,Jijik
"Lebaran tetep full nutrisi! 🌙✨ Walaupun sekolah lagi libur, program Makan Bergizi (MBG) buat balita, bumil, dan busui tetep jalan terus. Gak ada alasan buat skip gizi pas hari raya. 
#LebaranSehat #MBG2026 #InfoMudik #NutrisiTerjaga #GiziHariRaya #KeluargaSehatIndonesia https://t.co/48W2VLjpAr",lebaran tetep full nutrisi walaupun sekolah libur program makan gizi mbg buat balita bumil busui tetep jalan terus gak alas buat skip gizi pas hari raya,Jijik,Jijik
"Anggaran MBG 2026 diperluas! Fokus pada gizi anak &amp; pemberdayaan ekonomi lokal. Melalui MBG Ekonomi Rakyat, pemerintah pastikan petani dan UMKM jadi tulang punggung program ini. Investasi terbaik untuk masa depan! 🍱🇮🇩 #IndonesiaMaju #MBG2026 https://t.co/ZDVSObFG7G",anggar mbg luas fokus gizi anak amp daya ekonomi lokal lalu mbg ekonomi rakyat perintah pasti tani umkm jadi tulang punggung program investasi baik masa depan,Jijik,Jijik
"Sebanyak 3.000 warga Kabupaten Tegal menerima bantuan Makanan Bergizi Gratis. Dari jumlah tersebut, 246 orang merupakan ibu hamil dan menyusui yang menjadi sasaran utama dalam upaya pencegahan stunting. Hal ini disampaikan Kepala SPPG Kemala Bhayangkari Polres Tegal, Jienius Hasugian, Jumat (17/4).🎥Han",banyak warga kabupaten tegal terima bantu makan gizi gratis jumlah sebut orang rupa ibu hamil susu jadi sasar utama upaya cegah stunting ini sampai kepala sppg kemala bhayangkari polres tegal jienius hasugian jumat han,Jijik,Jijik
"Ditengah pro dan kontra makanan bergizi gratis,, pada dasaranya anak2 sangat antusias dan menunggu kedatangan makan bergizi gratis yg di canangkan oleh bpk presiden prabowo...
Sehat terus pak presiden prabowo 👍 https://t.co/LFRYDIROfC",tengah pro kontra makan gizi gratis dasaranya anak sangat antusias tunggu datang makan gizi gratis yg canang bpk presiden prabowo sehat terus pak presiden prabowo,Jijik,Jijik
"@LambeSahamjja perokok ambil adil, buat makanan bergizi gratis😭",okok ambil adil buat makan gizi gratis,Jijik,Jijik
@exmutradezone Makanan bergizi gratis 😅,makan gizi gratis,Percaya,Percaya
@naikkaki makanan bergizi gratis🤤,makan gizi gratis,Percaya,Percaya
@rottnout Makanan bergizi gratis 😝,makan gizi gratis,Percaya,Percaya
"Tatlı olsun, kaslı olsun, yakışıklı olsun, espritüel olsun, karizmatik olsun, zengin olsun. Toplama bilgisayar mı alıyon zalımın gızı 🤣",tatl olsun kasl olsun yakkl olsun espritel olsun karizmatik olsun zengin olsun toplama bilgisayar m alyon zalmn gz,Jijik,Jijik
"butuh loker gizi, tpi gmw mbg😔😔😔😔",butuh loker gizi tpi gmw mbg,Jijik,Jijik
"[CALLING FOR VOLUNTEERS: HIMAGI MENGABDI 2026] 📢🔥

Halo, Calon Pengabdi Muda! 📣‼️
Pernah kepikiran nggak, gimana rasanya ilmu gizi yang kita pelajari di kelas bisa langsung bermanfaat buat masyarakat luas? Inilah saatnya! https://t.co/kuZ2NyU9O8",calling for volunteers himagi abdi halo calon abdi muda pernah pikir gimana rasa ilmu gizi kita ajar kelas langsung manfaat buat masyarakat luas ini saat,Jijik,Jijik
"🌟 SPPG POLRI hadir sebagai wujud kepedulian dalam mendukung pemenuhan gizi masyarakat demi menciptakan generasi yang sehat, cerdas, dan berkualitas.

#SPPGPolri
#PolriUntukMasyarakat
#HumasPoldaKepri
#PoldaKepri
#IndonesiaEmas
#GenerasiSehat
#PolriPresisi https://t.co/ZHP9fgpFkA",sppg polri hadir wujud peduli dukung penuh gizi masyarakat cipta generasi sehat cerdas kualitas,Jijik,Jijik
"Dokter spesialis gizi klinik Dr. dr. A. Yasmin Syauki, https://t.co/Mhwfw6MpiI., Sp.GK(K), MHPE membagikan sejumlah tips bagi jamaah haji agar tetap aman dan terhindar dari gangguan kesehatan saat beraktivitas di luar ruangan di tengah cuaca panas ekstrem di Tanah Suci.

🔽🔽🔽
Baca selengkapnya: https://t.co/Aty46nKfKw

Grafis: Ulfa Jainita",dokter spesialis gizi klinik dr dr a yasmin syauki spgkk mhpe bagi jumlah tips jamaah haji tetap aman hindar ganggu sehat aktivitas luar ruang tengah cuaca panas ekstrem tanah suci baca lengkap grafis ulfa jainita,Jijik,Jijik
"200 siswa keracunan, tapi Wakil Wali Kota @CakArmuji bilang ""semua baik""? 
Standar ""baik"" ini buat siapa? Buat pejabatnya atau buat anak-anak yang tumbang? 
Nyawa siswa bukan bahan eksperimen gizi! 
Kalau Langgar SOP Bisa gak di Pidanakan??😛
#Surabaya #KesehatanSiswa #Armuji https://t.co/TzUR0ibBwj",siswa racun wakil wali kota bilang semua baik standar baik buat siapa buat jabat buat anakanak tumbang nyawa siswa bukan bahan eksperimen gizi kalau langgar sop gak pidana,Jijik,Jijik
"Ben duygusal bir manyağım. Dikkat edin😂
 
#pazartesi",ben duygusal bir manyam dikkat edin,Percaya,Jijik
"Dokter spesialis gizi klinik dr. Pande Putu Agus Mahendra, M.Gizi, Sp.GK, mengingatkan jamaah haji untuk mewaspadai risiko dehidrasi dan heatstroke (sengatan panas) tengah cuaca panas ekstrem selama menjalankan ibadah di Tanah Suci.

🔽🔽🔽
Baca selengkapnya: https://t.co/JQveoauGB3",dokter spesialis gizi klinik dr pande putu agus mahendra mgizi spgk ingat jamaah haji waspada risiko dehidrasi heatstroke sengat panas tengah cuaca panas ekstrem lama jalan ibadah tanah suci baca lengkap,Tertarik,Tertarik
"ONCE AGAIN SIAPA YANG GAK BAPER KALAU DIBILANG ""kamu cocok tau jadi ahli gizi"" terus ""kalau aku banyak uang, aku bakalan modalin usaha kamu"" 😭😭😭😭😭😭",once again siapa gak baper kalau bilang kamu cocok tau jadi ahli gizi terus kalau aku banyak uang aku bakal modalin usaha kamu,Jijik,Jijik
"Voucher Halodoc Terbaru ‼️

Chat Dokter Spkk, Psikolog, Gizi, Obgyn, dll
💥 HLDXCRZA

Beli Obat, Vitamin, Skincare
💥 HLDXO4VE

Homecare: Lab, Vaksin, MCU
💥 HLDXHKCRQ

Haloskin: Jerawat, anti-aging
💥 HLDXS6BK

Halofit utk program diet
💥 HALOFITAFF21G

#zonauang #zonajajan",voucher halodoc baru chat dokter spkk psikolog gizi obgyn hldxcrza beli obat vitamin skincare hldxove homecare lab vaksin mcu hldxhkcrq haloskin jerawat antiaging hldxsbk halofit utk program diet halofitaffg,Jijik,Jijik
"HAI OPEN JOKI/SLOT KOSONG BIMBINGAN, TUTOR🙇‍♀️✨️

- FK
- FKG
-FKH
- FARMASI
- GIZI
- MANAJEMAN
- AKUNTANSI
- HUKUM
- BIOLOGI
- SISFOR
- ILPOL
- PSIKOLOGI
-PGSD
- PENDIDIKAN
- KESMAS
- BIOLOGI

bisa dibantu sampe sempro/semhas, yuk wa!
t.jasa jokitugasakhir zonauang bimbingan  94",hai open jokislot kosong bimbing tutor fk fkg fkh farmasi gizi manajeman akuntansi hukum biologi sisfor ilpol psikologi pgsd didik kesmas biologi bantu sampe semprosemhas yuk wa tjasa jokitugasakhir zonauang bimbing,Jijik,Jijik
"Bisa.

Dewa Gizi United Banten😆",dewa gizi united banten,Jijik,Percaya
"Voucher Halodoc Tercuan Mei’26💖💚

Chat Dokter Spkk, Psikolog, Gizi, Obgyn, dll
💥 HLDXCRZA

Beli Obat, Vitamin
💥 HLDXO4VE

Homecare: Lab, Vaksin, MCU
💥 HLDXHKCRQ

Haloskin: Jerawat, anti-aging
💥 HLDXS6BK

Halofit utk program diet
💥 HALOFITAFF21G

#zonauang #zonajajan",voucher halodoc tercuan mei chat dokter spkk psikolog gizi obgyn hldxcrza beli obat vitamin hldxove homecare lab vaksin mcu hldxhkcrq haloskin jerawat antiaging hldxsbk halofit utk program diet halofitaffg,Jijik,Jijik
"lanjut lagi bang, percuma profit kalo di rumah aja, duit banyak gizi buruk gabaik tw

yuk wd dulu walletmu 🤩 https://t.co/suHRwOiKeg",lanjut bang percuma profit kalo rumah aja duit banyak gizi buruk gabaik tw yuk wd dulu walletmu,Jijik,Jijik
"Voucher Halodoc Terbaru ‼️

Chat Dokter Spkk, Psikolog, Gizi, Obgyn, dll
💥 HLDXCRZA

Beli Obat, Vitamin, Skincare
💥 HLDXO4VE

Homecare: Lab, Vaksin, MCU
💥 HLDXHKCRQ

Haloskin: Jerawat, anti-aging
💥 HLDXS6BK

Halofit utk program diet
💥 HALOFITAFF21G

#zonauang #zonajajan",voucher halodoc baru chat dokter spkk psikolog gizi obgyn hldxcrza beli obat vitamin skincare hldxove homecare lab vaksin mcu hldxhkcrq haloskin jerawat antiaging hldxsbk halofit utk program diet halofitaffg,Jijik,Jijik
"dah ah mau tidur wkwk ngantuks 😃😃😃😃 

anw pagi temen temen, jangan lupa sarapan karna rindu itu berat jadi butuh asupan gizi",dah ah mau tidur wkwk ngantuks anw pagi temen temen jangan lupa sarap karna rindu berat jadi butuh asupan gizi,Jijik,Jijik
Perbaikan gizi 🤣 https://t.co/Cd6aNbEK0F,baik gizi,Percaya,Percaya
"Seeen Aşksın, sen ilk göz ağrımsın ..
Sen şampiyonsun💛❤️
Tebrikler Aslanlar 💪💪
#GSvANT 
#KONSANTRASYON 
#GALATASARAY https://t.co/SS2Ao6aZeY",seeen aksn sen ilk gz armsn sen ampiyonsun tebrikler aslanlar,Marah,Jijik
RIIILLLL😭😭😭 aku nyari loker ahli gizi di rs pun jadi susah karna info loker isinya sppg semua💔💔,riiillll aku nyari loker ahli gizi rs jadi susah karna info loker isi sppg semua,Jijik,Jijik
"Legi kecintaan banget sama mbg, my bini gue nahnul 🥰 #wip https://t.co/RsYMDbQnUJ",legi cinta banget sama mbg my bini gue nahnul,Percaya,Percaya
"Ekonomi hancur, presiden lu prabowo, wapres lu gibran, orang-orang di pemerintahan pada korupsi dan nepotisme, mbg tetap jalan.

Udah ga tau mau ngomong apa lagi, wassalamualaikum wr. wb. 🙏",ekonomi hancur presiden lu prabowo wapres lu gibran orangorang perintah korupsi nepotisme mbg tetap jalan udah ga tau mau ngomong apa wassalamualaikum wr wb,Jijik,Jijik
"Uang kas pemerintah di BI tinggal 120 T??
MBG kek setan jalan terus
Ga ngerti lagi dah 😆",uang kas perintah bi tinggal t mbg kek setan jalan terus ga ngerti dah,Tertarik,Jijik
"R.3

Baibai yang milih kinderjoy dan yakult, bangkrut dong sppg mbg nya kalau itu dikasi ke kalian ^^ 

🚨 ada yang mual² ninuninu : noel varsha zeva micha https://t.co/aJL1rJE8hy",r baibai milih kinderjoy yakult bangkrut dong sppg mbg nya kalau kasi kalian yang mual ninuninu noel varsha zeva micha,Jijik,Jijik
"#JossGawin 🔞 Au Bokep Kampung Series Part 7
⚠️21+
⚠️02 haters
⚠️Cringe 

                             SOPIR MBG
                Sopir MBG X Guru PJOK

ㅤ https://t.co/msQXPG9eYp",au bokep kampung series part haters cringe sopir mbg sopir mbg x guru pjok,Percaya,Jijik
"誕生日のプレゼント買いに行って【魚deバールzi-co炉BATA】で食べ #薬研堀 #Liberty へ来ました🥃 
#Mariaと乾杯してみたい 🥹 https://t.co/vU4XDGEndO",dezicobata,Percaya,Percaya
"𐔌՞. .՞𐦯 gyu day

thankyou kak @wondunge selalu inget sama aku! mbg yg bisa aku terima. masakan bento gyu (chefnya terlalu gemas) &gt;_&lt;
sayang sekali kita belum ketemu2 🥲

thankyou kak cyla @0604ZP fribis dari jauhnya.. totebag gemas dan printilan lainnya bakalan aku pakee 🫶😉 https://t.co/LLNMYXs59w",gyu day thankyou kak selalu inget sama aku mbg yg aku terima masakan bento gyu chefnya terlalu gemas gtlt sayang sekali belum ketemu thankyou kak cyla frib jauh totebag gemas printilan lain bakal aku pakee,Jijik,Jijik
tolong MBG di liburkan dulu biar mas adam yang memasak😹 https://t.co/iMzBmclOG5,mbg libur dulu biar mas adam masak,Jijik,Percaya
SIAPA YG BUAT WOYY? 😭 BUBAR KAN MBG?!!! 😭😭,siapa yg buat woyy bubar kan mbg,Percaya,Percaya
"Bahkan anak sekolah ini saja tau, mana yang biaya pendidikan dan mana yang tidak masuk dalam biaya pendidikan.

MBG hanya bermanfaat bagi sekelompok orang yang berkaitan dengan pemanfaatan kekuasaan.

Manfaat buat rakyat banyak? 

Yang banyak justru keracunan karena MBG 😆 https://t.co/lZCsbtfoF4",bahkan anak sekolah saja tau mana biaya didik mana tidak masuk biaya didik mbg manfaat kelompok orang kait manfaat kuasa manfaat buat rakyat banyak banyak justru racun mbg,Jijik,Jijik
Sajen itu manusia ngasih makan hantu sedangkan MBG itu syetan ngasih makan manusia.... begitu kata temen gua! 🤣🤣🤣 https://t.co/gNWfyoI4Vz,sajen manusia ngasih makan hantu mbg syetan ngasih makan manusia kata temen gua,Jijik,Jijik
"Astaghfirullah… 😱

Sebanyak 270 SPPG atau dapur program MBG di Kota Bandung memproduksi sekitar 50-60 ton timbunan sampah per hari dengan setiap SPPG rata-rata menghasilkan setidaknya 200-300 kilogram sampah organik per hari. 

Kepala Dinas Lingkungan Hidup Kota Bandung, Darto mengatakan bahwa sampah tersebut belum diolah dan masih dibuang ke TPA Sarimukti, sehingga Kota Bandung membutuhkan tambahan kuota pembuangan. 

Darto mengatakan Dinas pada April lalu telah mengumpulkan para pengelola SPPG untuk sosialisasi tentang pengelolaan sampah MBG dari dapur hingga sisanya di sekolah karena menurutnya, aturannya siapa yang menghasilkan sampah maka dia punya kewajiban untuk mengolah. 

Terlebih, secara regulasi SPPG dikategorikan sebagai area komersial atau kawasan berpengelola sehingga dapur MBG harus punya kemampuan menangani masalahnya sendiri. 

Menurut Darto: “Sampah di kota ini sudah banyak setiap hari, diharapkan pengelola SPPG tidak menambah beban sampah”, 7/5/2026. 

Sc: pandemictakks",astaghfirullah banyak sppg dapur program mbg kota bandung produksi ton timbun sampah per hari sppg ratarata hasil kilogram sampah organik per hari kepala dinas lingkung hidup kota bandung darto kata sampah sebut olah masih buang tpa sarimukti kota bandung butuh tambah kuota buang darto kata dinas april lalu kumpul kelola sppg sosialisasi kelola sampah mbg dapur hingga sisa sekolah turut atur siapa hasil sampah dia punya wajib olah lebih regulasi sppg kategori area komersial kawasan kelola dapur mbg punya mampu tangan masalah sendiri darto sampah kota sudah banyak tiap hari harap kelola sppg tambah beban sampah sc pandemictakks,Jijik,Jijik
"MBG kantorku dulu, mostly nasi padang di Jakarta udah dicobain, untuk rendang paling enak pagi sore, untuk ayam pop paling enak di garuda✨😬 https://t.co/6zeEI0NXQX",mbg kantor dulu mostly nasi padang jakarta udah dicobain rendang paling enak pagi sore ayam pop paling enak garuda,Percaya,Jijik
"semenjak @GllsBot  kerja di mbg, tiap ketemu selalu bahas mbg. selalu. tiap dia spill the tea kami punya ekspresi yg sama: 😲😲😲",semenjak kerja mbg tiap ketemu selalu bahas mbg selalu tiap spill the tea punya ekspresi yg sama,Jijik,Tertarik
Akankah pilgub? 🙏🏻,akan pilgub,Percaya,Percaya
@Hanibon1004 makanan pagi🤤,makan pagi,Percaya,Percaya
"💬 tapi emang sih, kalo makan mie tuh gula darah cepet naiknya!! bibim naengmyeon atau sayuran bisa bikin naiknya agak pelan, tapi makanan kayak pyeongnaeng sama kalguksu kan cuma mie doang!!
🐿️ benerr, ada yang bilang kayak gitu juga
🐿️ jadi katanya sebelum makan pyeongnaeng makan banchan sayuran dulu baru makan mienya
🐿️ tapi kalo pengen ngerasain yang bener-bener pyeongnaeng tuh
🐿️ harus dimakan tanpa makan apa pun lagi
🐿️ rasa pertama dari pyeongnaeng ituloh
🐿️ tauuuu
🐿️ tau nggakk??
💬 gatau
🐿️ ohh gitu...yaa pokoknyaa..gitulahh
🐿️ sedih deh
💬 karna gula darahnya cepet naik ??
🐿️ huumㅋㅋㅋㅋ

jadi cepet ngantuk gituloh kalo abis mam mie tuh, gitu maksudnya",emang sih kalo makan mie tuh gula darah cepet naik bibim naengmyeon sayur bikin naik pelan makan kayak pyeongnaeng sama kalguksu kan cuma mie doang benerr bilang kayak gitu jadi kata makan pyeongnaeng makan banchan sayur dulu baru makan mienya kalo ken ngerasain yang benerbener pyeongnaeng tuh makan makan apa lagi rasa pertama pyeongnaeng ituloh tauuuu tau nggakk gatau ohh gituyaa pokoknyaagitulahh sedih deh karna gula darah cepet naik huum jadi cepet ngantuk gituloh kalo abis mam mie tuh gitu maksud,Jijik,Jijik
"Bahkan gua paling kritik banget soal makanan😭
Harus banget kudu ngasih tau emaknya harus masakin sayuran..",bahkan gua paling kritik banget soal makan banget kudu ngasih tau emaknya masakin sayur,Jijik,Jijik
"Krn hari Minggu anak Lanang minta dibuatkan segabeti ala londo mix ceker pedas manis buat nonton Netflix. Ini lah perpaduan makanan kompeni dan jowo mania. 😅😅

Simbok ♥️ https://t.co/PxFB2a9RDK",krn hari minggu anak lanang minta buat segabeti ala londo mix ceker pedas manis buat nonton netflix lah padu makan kompeni jowo mania simbok,Tertarik,Jijik
"@anggraenime Nggak bisa kak 🥲 makanya bawa lauk sendiri seperti kentang mustofa, abon, makanan kalengan lain cukup berguna  sekali",bisa kak makanya bawa lauk sendiri kentang mustofa abon makan kaleng cukup guna sekali,Jijik,Jijik
"@simply_err @itbfess_x Kalian ga punya akal sbg manusia?

Perkara sulitnya dapet pesenan makanan aja begitu.

Ga bisa mikir? ga bisa jalan? Manja? 

Kan udah diberi himbauan agar ada antisipasi utk perayaan juara Persib,  bisa kan menyiapakan segala sesuatunya utk hari sabtu dan minggu?
Yaa ampun 😮‍💨",kalian ga punya akal sbg manusia perkara sulit dapet sen makan aja ga mikir ga jalan manja kan udah beri himbauan ada antisipasi utk raya juara persib kan siapa segala sesuatu utk hari sabtu minggu yaa ampun,Jijik,Jijik
"@tir_mcdohll kalo itu makanan fav gue, pasti coba😭",kalo makan fav gue coba,Percaya,Percaya
Lah pada baru tau? Acara kek gini tuh emang makanan bergizi sangat tinggi😂 https://t.co/gC54ruSqRs,lah baru tau acara kek gin tuh emang makan gizi sangat tinggi,Tertarik,Jijik
"Kyehoon lagi setting makanan di meja, botol soda nya kesenggol dan hampir nyembur 😭😭 https://t.co/eX7Hhlbdn4",kyehoon setting makan meja botol soda nya senggol hampir nyembur,Jijik,Jijik
ini lagi ngomongin onu yang katanya dia tuh berat badannya bertambah aka makin chubby gembuy mbuy 😚 ya gimana ya.. his jibsaram aja seperhatian itu soal makanan; min bilang kalo dia bakal masak apapun even semangkuk ramen tapi with lot care # tweet rps 🤡 https://t.co/LtTCcDX6Im,lagi ngomongin onu kata tuh berat badan tambah aka makin chubby gembuy mbuy gimana his jibsaram aja perhati soal makan min bilang kalo bakal masak apa even semangkuk ramen with lot care tweet rps,Jijik,Jijik
"Dear Little devils pastiin sebelum malam kalian mam dulu makanan yg enak, mandi, beli snack yg mau di mam, kopi untuk yg ngopiii.. 
Kita harus dalam kondisi yang baikkk karena mlmnya kita pasti jd tissu yg kena aer ☝

PERTHSANTA CHEQUERED FLAG

#LOLFanFest2026D3",dear little devils pastiin malam kalian mam dulu makan yg enak mandi beli snack yg mau mam kopi yg ngopiii harus kondisi baikkk mlmnya pasti jd tissu yg kena aer perthsanta chequered flag,Jijik,Jijik
"@tanyakanrl Kak strechmarks itu normal ya, kebanyakan orang juga ada, tergantung kulitnya elastis apa engga, bisa dikurangi dengan banyak konsumsi makanan yang mengandung kolagen, bisa pake lotion penghilang strechmarks. Tetep PD aja. aku juga ada strechmarks kok🫶🫶
https://t.co/KDeCLBnANa",kak strechmarks normal banyak orang ada gantung kulit elastis apa engga rang banyak konsumsi makan kandung kolagen pake lotion hilang strechmarks tetep pd aja aku ada strechmarks kok,Jijik,Jijik
@deeandra_naya ya tapi emang susah sih nolak makanan gratis gitu 😹,tapi emang susah sih nolak makan gratis gitu,Percaya,Jijik
Happy Mother’s Day to all the real mothers out here not just cause you pushed a baby out im not talking to all yall just the REAL MOTHERS! Enjoy your day ❤️,happy mothers day to all the real mothers out here not just cause you pushed a baby out im not talking to all yall just the real mothers enjoy your day,Percaya,Percaya
"Jujur dititik muakk dg mbg kalau banyak sisa, masalahnya banyaj murid yg mulai bodan dan gak doyann🙃🫵",jujur titik muakk dg mbg kalau banyak sisa masalah banyaj murid yg mulai bodan gak doyann,Tertarik,Tertarik
"besok gakmau makan mbg, soalnya udah kenyang sama boynextdoor yang memasak dengan sedap 🤤🍎🫵🏻

KNOCK KNOCK BOYNEXTDOOR
#BOYNEXTDOOR_HOME
BND COMEBACK HOME 
#BOYNEXTDOOR #보이넥스트도어",besok gakmau makan mbg soal udah kenyang sama boynextdoor masak sedap knock knock boynextdoor bnd comeback home,Jijik,Jijik
"Kalau anggaran MBG dialihkan seminggu saja buat daerah bencana atau subsidi BBM, dampaknya terasa langsung. Tapi pemerintah sepertinya punya 'logika' sendiri. Setuju nggak kalau program MBG ini dipaksakan di tengah kondisi ekonomi yang lagi sulit? 🤔👇 @PDI_Perjuangan https://t.co/ekPVhF8jlN",kalau anggar mbg alih minggu buat daerah bencana subsidi bbm dampak asa langsung perintah seperti punya logika sendiri tuju kalau program mbg paksa tengah kondisi ekonomi lagi sulit,Jijik,Jijik
"𖦹°‧ jurnaling with mbg (my bestie gue) ᯓ ⟡
cc : @seseunseok @sekilokentang @widyans_9 @kurimnida @rhmdanicxxy_ @misswichu ✨️ https://t.co/kDCdvTM4dp",jurnaling with mbg my bestie gue cc,Percaya,Percaya
"tutup dapur mbg, biar princess rora yang memasak 😋 https://t.co/PrRdxYqbqj",tutup dapur mbg biar princess rora masak,Jijik,Percaya
MBG ( MY BINI GW ) 😝🫰🏻🥹🫰🏻 https://t.co/Edbmb3kGzA,mbg my bini gw,Percaya,Percaya
"rumah ini dulunya kuburan 😪
rumah ini dulunya dapur mbg 😰",rumah dulunya kubur rumah dulunya dapur mbg,Jijik,Jijik
"Legi kecintaan banget sama mbg, my bini gue nahnul 🥰 #wip https://t.co/RsYMDbQnUJ",legi cinta banget sama mbg my bini gue nahnul,Percaya,Percaya
"Ekonomi hancur, presiden lu prabowo, wapres lu gibran, orang-orang di pemerintahan pada korupsi dan nepotisme, mbg tetap jalan.

Udah ga tau mau ngomong apa lagi, wassalamualaikum wr. wb. 🙏",ekonomi hancur presiden lu prabowo wapres lu gibran orangorang perintah korupsi nepotisme mbg tetap jalan udah ga tau mau ngomong apa wassalamualaikum wr wb,Jijik,Jijik
"Uang kas pemerintah di BI tinggal 120 T??
MBG kek setan jalan terus
Ga ngerti lagi dah 😆",uang kas perintah bi tinggal t mbg kek setan jalan terus ga ngerti dah,Tertarik,Jijik
"R.3

Baibai yang milih kinderjoy dan yakult, bangkrut dong sppg mbg nya kalau itu dikasi ke kalian ^^ 

🚨 ada yang mual² ninuninu : noel varsha zeva micha https://t.co/aJL1rJE8hy",r baibai milih kinderjoy yakult bangkrut dong sppg mbg nya kalau kasi kalian yang mual ninuninu noel varsha zeva micha,Jijik,Jijik
"#JossGawin 🔞 Au Bokep Kampung Series Part 7
⚠️21+
⚠️02 haters
⚠️Cringe 

                             SOPIR MBG
                Sopir MBG X Guru PJOK

ㅤ https://t.co/msQXPG9eYp",au bokep kampung series part haters cringe sopir mbg sopir mbg x guru pjok,Percaya,Jijik
"誕生日のプレゼント買いに行って【魚deバールzi-co炉BATA】で食べ #薬研堀 #Liberty へ来ました🥃 
#Mariaと乾杯してみたい 🥹 https://t.co/vU4XDGEndO",dezicobata,Percaya,Percaya
"𐔌՞. .՞𐦯 gyu day

thankyou kak @wondunge selalu inget sama aku! mbg yg bisa aku terima. masakan bento gyu (chefnya terlalu gemas) &gt;_&lt;
sayang sekali kita belum ketemu2 🥲

thankyou kak cyla @0604ZP fribis dari jauhnya.. totebag gemas dan printilan lainnya bakalan aku pakee 🫶😉 https://t.co/LLNMYXs59w",gyu day thankyou kak selalu inget sama aku mbg yg aku terima masakan bento gyu chefnya terlalu gemas gtlt sayang sekali belum ketemu thankyou kak cyla frib jauh totebag gemas printilan lain bakal aku pakee,Jijik,Jijik
tolong MBG di liburkan dulu biar mas adam yang memasak😹 https://t.co/iMzBmclOG5,mbg libur dulu biar mas adam masak,Jijik,Percaya
SIAPA YG BUAT WOYY? 😭 BUBAR KAN MBG?!!! 😭😭,siapa yg buat woyy bubar kan mbg,Percaya,Percaya
"Bahkan anak sekolah ini saja tau, mana yang biaya pendidikan dan mana yang tidak masuk dalam biaya pendidikan.

MBG hanya bermanfaat bagi sekelompok orang yang berkaitan dengan pemanfaatan kekuasaan.

Manfaat buat rakyat banyak? 

Yang banyak justru keracunan karena MBG 😆 https://t.co/lZCsbtfoF4",bahkan anak sekolah saja tau mana biaya didik mana tidak masuk biaya didik mbg manfaat kelompok orang kait manfaat kuasa manfaat buat rakyat banyak banyak justru racun mbg,Jijik,Jijik
Sajen itu manusia ngasih makan hantu sedangkan MBG itu syetan ngasih makan manusia.... begitu kata temen gua! 🤣🤣🤣 https://t.co/gNWfyoI4Vz,sajen manusia ngasih makan hantu mbg syetan ngasih makan manusia kata temen gua,Jijik,Jijik
"Astaghfirullah… 😱

Sebanyak 270 SPPG atau dapur program MBG di Kota Bandung memproduksi sekitar 50-60 ton timbunan sampah per hari dengan setiap SPPG rata-rata menghasilkan setidaknya 200-300 kilogram sampah organik per hari. 

Kepala Dinas Lingkungan Hidup Kota Bandung, Darto mengatakan bahwa sampah tersebut belum diolah dan masih dibuang ke TPA Sarimukti, sehingga Kota Bandung membutuhkan tambahan kuota pembuangan. 

Darto mengatakan Dinas pada April lalu telah mengumpulkan para pengelola SPPG untuk sosialisasi tentang pengelolaan sampah MBG dari dapur hingga sisanya di sekolah karena menurutnya, aturannya siapa yang menghasilkan sampah maka dia punya kewajiban untuk mengolah. 

Terlebih, secara regulasi SPPG dikategorikan sebagai area komersial atau kawasan berpengelola sehingga dapur MBG harus punya kemampuan menangani masalahnya sendiri. 

Menurut Darto: “Sampah di kota ini sudah banyak setiap hari, diharapkan pengelola SPPG tidak menambah beban sampah”, 7/5/2026. 

Sc: pandemictakks",astaghfirullah banyak sppg dapur program mbg kota bandung produksi ton timbun sampah per hari sppg ratarata hasil kilogram sampah organik per hari kepala dinas lingkung hidup kota bandung darto kata sampah sebut olah masih buang tpa sarimukti kota bandung butuh tambah kuota buang darto kata dinas april lalu kumpul kelola sppg sosialisasi kelola sampah mbg dapur hingga sisa sekolah turut atur siapa hasil sampah dia punya wajib olah lebih regulasi sppg kategori area komersial kawasan kelola dapur mbg punya mampu tangan masalah sendiri darto sampah kota sudah banyak tiap hari harap kelola sppg tambah beban sampah sc pandemictakks,Jijik,Jijik
"MBG kantorku dulu, mostly nasi padang di Jakarta udah dicobain, untuk rendang paling enak pagi sore, untuk ayam pop paling enak di garuda✨😬 https://t.co/6zeEI0NXQX",mbg kantor dulu mostly nasi padang jakarta udah dicobain rendang paling enak pagi sore ayam pop paling enak garuda,Percaya,Jijik
"semenjak @GllsBot  kerja di mbg, tiap ketemu selalu bahas mbg. selalu. tiap dia spill the tea kami punya ekspresi yg sama: 😲😲😲",semenjak kerja mbg tiap ketemu selalu bahas mbg selalu tiap spill the tea punya ekspresi yg sama,Jijik,Tertarik
Akankah pilgub? 🙏🏻,akan pilgub,Percaya,Percaya
"Bisnis apa yg gacor th 2026? 
Jangan bilang MBG😒",bisnis apa yg gacor th jangan bilang mbg,Jijik,Jijik
Terharu dan bangga aku nona udh next level di jepret profesional fotografer gettyimages 🥺🥹👏,haru bangga aku nona udh next level jepret profesional fotografer gettyimages,Percaya,Percaya
"dulu kalo ke fruitshop MBG, gw biasa aja. sekarang, kalo lewat di shopeefood atau gw ke tokonya, pasti ngerasa kek gimana gitu ya... ah mungkin cuma perasaanku aja bjirlah 😭 https://t.co/ky9cuoCE8g",dulu kalo fruitshop mbg gw biasa aja sekarang kalo lewat shopeefood gw toko ngerasa kek gimana gitu ah mungkin cuma asa aja bjirlah,Jijik,Jijik
Alhamdulillah selama ini makan mie lethek belum pernah keracunan wkwkwk. Lebih banyak yang keracunan MBG dibanding mie lethek 😭,alhamdulillah lama makan mie lethek pernah racun wkwkwk lebih banyak racun mbg banding mie lethek,Tertarik,Tertarik
🙂‍↔️🫶🏻 sampai jumpa di summer ya ! skrng waktunya merasakan mbg yang disediakan ny ibuk✨ &lt;33333🍜🍜🍜 https://t.co/8RgRcFUcOU,jumpa summer skrng waktu rasa mbg sedia ny ibuk lt,Percaya,Percaya
"Suamiku berangkat ngantor, “aku mampir point lagi ya, bilangnya gimana nanti? Yg rasa-rasa gitu? Mau beliin pak Rahmat” 
Wkwkwkwk dia abis pamer terus mau beliin buat nyicipin. Sama aja ternyataa bapak-bapak ini kalo urusan makanan suka pamer ke temen2nyaa 🤣🤣",suami berangkat ngantor aku mampir point ya bilang gimana yg rasarasa gitu mau beliin pak rahmat wkwkwkwk abis pamer terus mau beliin buat nyicipin sama aja ternyataa bapakbapak kalo urus makan suka pamer temennyaa,Jijik,Jijik
"Ngga rela banget, it’s ok kalau kulineran di indo nya dapet kuliner yang ngga enak, ngga higenis tapi dengan modal 5 dollar aja mereka udah bisa makan makanan bersih, enak, mengenyangkan dan itu ngga bikin kantong mereka kering😒",ngga rela banget its kalau kuliner indo nya dapet kuliner ngga enak ngga higenis dengan modal dollar aja udah makan makan bersih enak kenyang itu ngga bikin kantong kering,Jijik,Jijik
"away india
gimana soal makanan hotelnya 🫪",away india gimana soal makan hotel,Jijik,Jijik
"Bukannya simpel aja yak?

- ngabisin makanan yg emang porsinya kita -&gt; normal, bukan rakus
- kalo ga sanggup ngabisin -&gt; minta take away atau bawa plastik dari rumah, bungkuss

Jujur baru tau banyak yg berpendapat ngabisin makanan = rakus 😅",bukan simpel aja yak ngabisin makan yg emang porsi gt normal bukan rakus kalo ga sanggup ngabisin gt minta take away bawa plastik rumah bungkuss jujur baru tau banyak yg dapat ngabisin makan rakus,Jijik,Jijik
"i love kantorku skrng🥰
dulu buat nyemil aja harus sembunyi², pindah kesini justru tiap hari disediain makanan buat nyemil🥹 https://t.co/hSO5lKC3mA",i love kantor skrng dulu buat nyemil aja sembunyi pindah kesini justru tiap hari ain makan buat nyemil,Jijik,Jijik
"hal yg paling bikin kesal di dunia kpop enih, tau si lu disuruh diet tapi jgn dijatohin lah bjir sayang² bgt makanan dibuang, masa letoy bgt bawa kue aja gakuat?😭

udh paling bener si tresur2 itu kuenya selalu dimakan😭",yg paling bikin kesal dunia kpop enih tau si lu suruh diet jgn dijatohin lah bjir sayang bgt makan buang masa letoy bgt bawa kue aja gakuat udh paling bener si tresur kue selalu makan,Jijik,Jijik
btw kalian cobain makanan apa aja di fesbud kemaren😋,btw kalian cobain makan apa aja fesbud kemaren,Percaya,Percaya
"Aku pernah mimpi jadi makanan tp lupa jadi apa, itu aku teriak” pas mau masuk mulut “tolong lepas kan saya lepas kan saya” 😭😭",aku pernah mimpi jadi makan tp lupa jadi apa aku teriak pas mau masuk mulut lepas kan lepas kan,Jijik,Jijik
"Kamu emang gak beli makanan pake dollar, tapi
bahan makanan yang kamu makan itu di import dari luar ✅
packaging makanan juga di import dari luar ✅
biaya operasional kaya bahan bakar dll itu juga di import dari luar ✅
😍🤟🤍✅",kamu emang gak beli makan pake dollar bahan makan kamu makan di import luar packaging makan di import luar biaya operasional kaya bahan bakar itu di import luar,Jijik,Jijik
"membuat makanan buatan garwo embegeh buat mz yg ttp masuk duty , dan menikmati pagi pagii santuy 💫 https://t.co/hWZ3q7wysz",buat makan buat garwo embegeh buat mz yg ttp masuk duty nikmat pagi pagi santuy,Jijik,Jijik
"Gue sempet mikir gini, di jepang harga makanan emang jadi 1.5-3x di indo

Tapi gaji mereka 5x indo 🤭",gue sempet mikir gin jepang harga makan emang jadi x indo gaji x indo,Jijik,Jijik
Hehe tau aja makanan favorit aku.. terima kasih suamiku🥰💗 https://t.co/yT8nQRwHNE,hehe tau aja makan favorit aku terima kasih suami,Percaya,Percaya
"Makanan Unik Terbuat Dari Batu‼️
Ayo siapa yang mau 🤭 https://t.co/cWGnhIShiO",makan unik buat batu ayo siapa mau,Jijik,Jijik
"Coba sebutkan dari mana asalmu tanpa harus menyebutkan nama tempatnya, cukup menyebutkan ciri khasnya atau makanan khasnya saja, nanti ku tebak .😊",coba sebut mana asal harus sebut nama tempat cukup sebut ciri khas makan khas nanti ku tebak,Tertarik,Jijik
"Iyasih... badge hampir 30k bersih ina anggep aja 40k dpt makanan gopud or makan kenyang naspad gitu

di sana seharga minuman kopi take away/1 bungkus snack kering 😇",iyasih badge hampir k bersih ina anggep aja k dpt makan gopud or makan kenyang naspad gitu sana harga minum kopi take away bungkus snack kering,Percaya,Jijik
"BETUUUL!! 🤣 yang dimaksud ethan ini, guys... kemarin aku ngeributin makanan ini di kantor tapi lupa namanya 😭🙏🏻 kalo di magelang nyebutnya sih ""godril"", kalo di jogja kemarin nyebutnya apaan gitu lupa wkwkwk... tapi yang di mau si pamil yang kiloan oren gini~😌 https://t.co/htKOmcYkUD",betuuul maksud ethan guys kemarin aku ngeributin makan kantor lupa nama kalo magelang nyebutnya sih godril kalo jogja kemarin nyebutnya apa gitu lupa wkwkwk di mau si pamil yang kilo oren gin,Jijik,Jijik
kapan yaa gue bisa rasain makanan secara normal lagi 🥹,kapan yaa gue rasain makan normal,Percaya,Percaya
"Klo makan semua ditanggung negara kita kapan sekolahnya🤣 kita kapan punya jalan bagus, transportasi bagus🤣 demi makan🤣 makan yg dikorup🤣 padahal daun singkong telor sama terasi ge bisa bikin sendiri 🤣 tapi lebih milih makanan asbun ini 🤣 gajelas lu semuaaaaaaaaa🤣🤣bangal",klo makan semua tanggung negara kapan sekolah kapan punya jalan bagus transportasi bagus makan makan yg korup padahal daun singkong telor sama terasi ge bikin sendiri lebih milih makan asbun gajelas lu semuaaaaaaaaabangal,Jijik,Jijik
"Phở bò itu makanan khas Vietnam berupa mie kuah pake daging sapi. Isiannya biasanya mie beras, irisan daging sapi, tauge, daun-daunan, terus disiram kuah kaldu sapi yang dimasak lama pake rempah kayak kayu manis, bunga lawang, jahe, sama cengkeh 🍜

Yang bikin khas tuh kuahnya, gurih tapi tetep ringan dan wangi rempahnya berasa banget. Di Vietnam sendiri phở bò sering dimakan buat sarapan, tapi sebenernya enak dimakan kapan aja, apalagi pas cuaca dingin atau lagi cape seharian.

pict pinterest",ph b makan khas vietnam upa mie kuah pake daging sapi isi biasa mie beras iris daging sapi tauge daundaunan terus siram kuah kaldu sapi masak lama pake rempah kayak kayu manis bunga lawang jahe sama cengkeh bikin khas tuh kuah gurih tetep ringan wangi rempah asa banget vietnam sendiri ph b sering makan buat sarap sebenernya enak makan kapan aja pas cuaca dingin lagi cape hari pict pinterest,Jijik,Jijik
AKU LUPA MIKIRIN MAKANAN BUAT NANTI HARI H 🧍‍♀️ ya uda gapapa nyenek aja 👍,aku lupa mikirin makan buat hari h uda gapapa nyenek aja,Percaya,Tertarik
"Baru banget beres kantor. Dept HR pada lembur semua wkwkwk. Orang ber 6 makanan lembur udah kek sekampung, apa aja dipesan 😅",baru banget beres kantor dept hr lembur semua wkwkwk orang ber makan lembur udah kek kampung apa aja pes,Jijik,Jijik
"Part 2 lanjut makan lagii😭

kali ini di 
📍Xia Dimsum

Setelah hidup di jkt 1 taun gue baru sadar ternyata makanan di Malang semurah itu😭

semua ini totalnya cuma 80 ribuan😭 https://t.co/I8iroz333b",part lanjut makan lagi kali xia dimsum hidup jkt taun gue baru sadar nyata makan di malang murah semua total cuma ribu,Jijik,Jijik
Satru apa si? Orang Jawa tpi gw ga tau apa satru... Satru Yg gw tau cuma makanan dri beras ditumbuk halus itu😭,satru apa si orang jawa tpi gw ga tau apa satru satru yg gw tau cuma makan dri beras tumbuk halus,Jijik,Jijik
"Funfact makanan 🫣

Tau ga? klo Telur rebus ternyata lebih mengenyangkan daripada telur goreng, meski kalorinya lebih rendah loh.

itu smua krn proteinnya lebih mudah dicerna tubuh. 

Jd Kalian suka telur dimasak gimana? Rebus, dadar, atau orak-arik? https://t.co/FX8rGmPFQO",funfact makan tau ga klo telur rebus nyata lebih kenyang telur goreng meski kalori lebih rendah loh smua krn protein lebih mudah cerna tubuh jd kalian suka telur masak gimana rebus dadar orakarik,Jijik,Jijik
"Hello, para VTuber yang (suka) bikin konten makanan 😁

Silakan bikin konten makanan apapun dan (kalau mau) se-bizarre apapun, asal : 

- Jangan pakai makanan kadaluarsa (apalagi yang udah lama)
- Jangan nekat nyoba makanan yang bikin alergi kalian kambuh, berapapun kalian di-donate viewer. Risikonya nggak sebanding
- Jangan nekat nyoba makanan yang jadi pantangan dari penyakit kalian, berapapun kalian di-donate viewer. Risikonya nggak sebanding
- Know your stomach capacity

NB : tentu saja, temen-temen VTuber yang bikin konten soal makanan pasti udah punya pertimbangan masing-masing, and I respect that ☺️

Semangat ngontennya ya, guys 😁👍",hello vtuber suka bikin konten makan sila bikin konten makan apa kalau mau sebizarre apa asal jangan pakai makan kadaluarsa udah lama jangan nekat nyoba makan bikin alergi kalian kambuh berapa kalian didonate viewer risiko banding jangan nekat nyoba makan jadi pantang sakit kalian berapa kalian didonate viewer risiko banding know your stomach capacity nb saja tementemen vtuber yang bikin konten soal makan udah punya timbang masingmasing and i respect that semangat ngontennya guys,Jijik,Jijik
"Makanan yang dipajang atau diposting dan bikin orang ngiler tapi tidak bisa menikmatinya, maka berkurang keberkatan dari makanan tsb. 
Sebab itu makanya kurang-kurangi posting makanan ...🙏😊",makan pajang diposting bikin orang ngiler tidak nikmat kurang berkat makan tsb itu makanya kurangkurangi posting makan,Tertarik,Jijik
"baru 13 hari nyoba dua-duanya, dan aku baru sadar affiliate makanan beda banget 😭

affiliate barang:
orang masih mikir dulu

affiliate makanan:
liat enak + lagi laper = checkout

kalo udah laper emang lebih gampang kalap wkwk
kalian juga tipe yang gampang checkout kalau lihat konten makanan ga? 👀",baru hari nyoba duaduanya aku baru sadar affiliate makan beda banget affiliate barang orang mikir dulu affiliate makan liat enak laper checkout kalo udah laper emang lebih gampang kalap wkwk kalian tipe gampang checkout kalau lihat konten makan ga,Jijik,Jijik
"bisa masak yaudah bagus, gabisa masak yauda beli makanan.

teringat guruku pernah cakap, letak nikmat makanan tu cuma seruas jari. lewat dari lidah, masuk kerongkongan, dah ilang rasa tu.

intinya, ada rejeki yang bisa engkau makan, makanlah, usah diributkan perihal ni. single pun kau hantam segala rupa makanan, tiba menikah kau tuntut anak orang harus lihai memasak.

bisa memasak dia, bagus. gabisa memasak, makanlah apa yang bisa buat korang hidup wkwkwkwkkw apa payah 🤣",masak yaudah bagus gabisa masak yauda beli makan ingat guru pernah cakap letak nikmat makan tu cuma seruas jari lewat lidah masuk kerongkongan dah ilang rasa tu inti rejeki engkau makan makan usah ribut perihal ni single kau hantam segala rupa makan tiba meni kau tuntut anak orang lihai masak bisa masak bagus gabisa masak makan apa bisa buat korang hidup wkwkwkwkkw apa payah,Jijik,Jijik
"Setuju nggak kalau  ransum seharusnya dijadikan makanan darurat bencana.. Karena menurutku makanan ransum sangat” layak,selain tahan lama bergizi tinggi, rasanya juga enak” loh😭￼ https://t.co/9xUgUHEkRi",tuju kalau ransum jadi makan darurat bencana turut makan ransum sangat layakselain tahan lama gizi tinggi rasa enak loh,Jijik,Jijik
"Bagindaa ga mood makanan kerajaan, langsung kepikiran makanan rakyat yang semua suka 😻 https://t.co/b2GrqDKoOl",bagindaa ga mood makan raja langsung pikir makan rakyat semua suka,Percaya,Jijik
"-star BND lagi mabar PUBG terus tesan nanya strategi ke woonhak Ehh woonhak nya malah scroll makanan 🤣🤣🤣 aduh dede pikirannya makanan terus  🤣🤣
 https://t.co/x4uuVNcsGi",star bnd mabar pubg terus tes nanya strategi woonhak ehh woonhak nya malah scroll makan aduh dede pikir makan terus,Jijik,Jijik
@tanyarlfes Harga makanan kucing lebih mahal dari seporsi embegehhhhhh ya bu babu. Nanti oyen mencret nyantap makanan murah 😾,harga makan kucing lebih mahal porsi embegehhhhhh bu babu oyen mencret nyantap makan murah,Jijik,Jijik
"Setelah AIR, LISTRIK, terus apa? Berikutnya adalah MAKANAN.
Nah ini gue masih riset-riset lagi, kalau udah lengkap infonya gue share lagi ya. Nyalain notif aja biar nggak kelewatan..
Mulai dari makanan yang kadaluwarsanya lama, sampe teknik pengawetan makanan, vacuum, ransum, nanem sendiri di tanah atau pake teknik hidroponik dll. Soon yaa 🙏🏻",air listrik terus apa ikut makan nah gue risetriset kalau udah lengkap info gue share ya nyalain notif aja biar lewat mulai makan kadaluwarsanya lama sampe teknik awet makan vacuum ransum nanem sendiri tanah pake teknik hidroponik soon yaa,Jijik,Jijik
"ada yang pernah ke📍Wanawatu, Yogyakarta?

Coffeeshop ala bali, outdoornya nyaman bgt ga panas, banyak spot foto, makanan &amp; minuman enak, harga bukan untuk kaum mendang mending karna untuk ukuran di jogja bisa terbilang mahal yaa, tapi sesekali boleh bgt mampir kesini✨ https://t.co/aBZzTovaRQ",yang pernah kewanawatu yogyakarta coffeeshop ala bal outdoornya nyaman bgt ga panas banyak spot foto makan amp minum enak harga bukan kaum dang mending karna ukur jogja bilang mahal yaa sekal bgt mampir kesini,Jijik,Jijik
"Bagi freebies makanan di konser aneh gk si???

Makanannya : pempek palembang🤤",freebies makan konser aneh gk si makan pempek palembang,Jijik,Jijik
"Terima kasih, #SobatFEB atas support system berupa makanan selama ujian inii

berasa diperhatiin setiap hari🤭🤍 https://t.co/Cavh9mDAge",terima kasih atas support system upa makan lama uji ini asa diperhatiin hari,Percaya,Percaya
Gw sebagai yg gabisa bedain makanan basi be like 😃🤡 terlanjur 👉👈,gw yg gabisa bedain makan basi be like lanjur,Percaya,Percaya
"ANJENGGGG MASUK LAGI 😭😭😭😭😭😭
nb: ada aturan ga boleh bawa masuk makanan dari luar kedalam sekolah *beli https://t.co/gI2zNCrHum",anjengggg masuk nb atur ga bawa masuk makan luar dalam sekolah beli,Percaya,Percaya
makanan anak running man nanti😭😭😭wkwkwkwkwkwkwkwkw diceng2in abis2an rill,makan anak running man nantiwkwkwkwkwkwkwkwkw dicengin abis rill,Jijik,Jijik
"Seumur-umur makan strawberry belum pernah nemu yang rasanya mirip makanan 'rasa strawberry' 😭

Nemunya asem semua mau itu beli di tempat rekreasi ataupun di mall buah seperti Hokky 😭😭😭",seumurumur makan strawberry pernah nemu rasa mirip makan rasa strawberry nemunya asem semua mau beli tempat rekreasi atau mall buah hokky,Jijik,Jijik
Sedihnya rasa nak beli makanan pun tak mampu. Canne eh hidup orang betul betul susah. Sakitnya rasa tengok makanan sedap tapi mampu tengok je. 😞,sedih rasa nak beli makan tak mampu canne eh hidup orang betul betul susah sakit rasa tengok makan sedap mampu tengok je,Jijik,Jijik
"Maybe renang, jalan, wo yg ringan² makanan dia juga teratur dan selalu minum air putih (kata dia fav nya)👍",maybe renang jalan wo yg ringan makan juga atur selalu minum air putih kata fav nya,Jijik,Jijik
"segala puji bagi Allaah yang senantiasa memberikan kemudahan untuk kami mendapatkan makanan nikmat 🥰

kami = aku dan istri 💕hehew",segala puji allaah senantiasa beri mudah dapat makan nikmat kami aku istri hehew,Percaya,Percaya
"Sehari aja gw paniknya gak ketolong. Gw langsung check out makanan lain yang lebih mahal dan wangi. Pernah ganti pakan 2-3x, ternyata dia bosen sama yang lama.

Ya Allah kucing incess memang gitu sifatnya 🫠",hari aja gw panik gak tolong gw langsung check out makan lebih mahal wangi pernah ganti pakan x nyata bosen sama yang lama allah kucing incess memang gitu sifat,Jijik,Jijik
"back again with the baddies yg gabut nungguin makanan kita, who miss us? 👀💢 https://t.co/cm4dB70PXR",back again with the baddies yg gabut nungguin makan who miss us,Percaya,Percaya
Makanan kalo pengen jajan pas lagi ngirit 🤣,makan kalo ken jajan pas ngirit,Jijik,Jijik
"entahlah, makan dubai chewy cookie malah keinget makanan ini 😁 https://t.co/6ORFCPzPzM",entah makan dubai chewy cookie malah keinget makan,Jijik,Percaya
"ᅠ
Makanan enak buat apa diciptakan kalau bukan buat? Dimakan lah masa buat mancing keributan.

Ya udah gitu lah pokoknya. Makan enak dari si paling jaga makan. 😋
ᅠ https://t.co/9VOvUWORXN",makan enak buat apa cipta kalau bukan buat makan lah masa buat mancing ribut udah gitu lah pokok makan enak si paling jaga makan,Jijik,Jijik
"diet ternyata, bukan ga cocok sama makanan LA 🥲 @dindappd",diet nyata bukan ga cocok sama makan la,Percaya,Percaya
"Gak pernah sekaget ini liat ada manusia ngambil makanan di acara orang tanpa permisi. 😔😔😔
Gw udh tau emang dia tipenya gitu, tapi gak pernah sekaget ini bisa kepikiran ngorek2 panci orang",gak pernah kaget liat manusia ngambil makan acara orang permisi gw udh tau emang tipe gitu gak pernah kaget bisa pikir ngorek panci orang,Jijik,Jijik
"🔗 Link: https://t.co/GRXfHuAwQc

📌 Si querés acceder a todos los fallos, artículos de doctrinas y normas legales, suscribite a https://t.co/Za62zcoizu | ¡Podés probarlo gratis!
#Jurisprudencia #TasaDeJusticia #Costas #CSJN https://t.co/Ar44JDkkTz",link si quers acceder a todos los fallos artculos de doctrinas y normas legales suscribite a pods probarlo gratis,Marah,Netral
"BR Ofertas todos os dias 🇧🇷

Som potente em qualquer lugar 🔊🌊🔥

Confira: https://t.co/hGLQLFILfy

Por R$ 2.361,75
Frete Grátis

JBL Boombox 4 Speaker Bluetooth Portátil IP68 34h Grave Reforçado Azul

Amazon | Caixa de Som https://t.co/hZOG7qK9dH",br ofertas todos os dias som potente em qualquer lugar confira por r frete grtis jbl boombox speaker bluetooth porttil ip h grave reforado azul amazon caixa de som,Jijik,Netral
ein nba spieler stirbt und das erste was carlo fordert ist eine gratis brandon clarke invincible karte 🤣🤣🤣,ein nba spieler stirbt und das erste was carlo fordert ist eine gratis brandon clarke invincible karte,Netral,Netral
"BR Ofertas todos os dias 🇧🇷

🎯 R$ 233,00 abaixo do preço médio
📉 Piso de preço nos últimos dias

⚡ Corre antes que suba!

Link: https://t.co/wqZzBAnndN

Samsung Smartwatch Galaxy Watch8 LTE 44mm Grafite

Por R$ 1.926,10
Frete Grátis

Amazon | Smartwatch https://t.co/VDcr4OAqcq",br ofertas todos os dias r abaixo do preo mdio piso de preo nos ltimos dias corre antes que suba link samsung smartwatch galaxy watch lte mm grafite por r frete grtis amazon smartwatch,Netral,Netral
"alumni/mahasiswa yang belum daftar shopee VIP 6 bulan GRATISS buruan daftar guys...

pake email kampus dapet benefit point coffee gratis, roti' O, gpt dll, plus voc 99% 50k mantep bangettt😭✨✨✨ https://t.co/BZH3pjgZnd",alumnimahasiswa belum daftar shopee vip bulan gratiss buru daftar guys pake email kampus dapet benefit point coffee gratis roti o gpt plus voc k mantep bangettt,Jijik,Jijik
"🚨VOLTOU O ARAMIS NO PRECINHO
📢Tênis Masculino Casual Aramis Daily Slip Confortável Moderno + Frete Grátis 
👉 https://t.co/G3NxhF6Ewn
🏷️ USE O CUPOM: CUPOMPRAMODA ou DESCONTOSML
🔥De R$339,90 Por R$131,12  
🤏🏽 Ou em até 12x R$12,96
(Loja Oficial) https://t.co/dUxOcnux8f",voltou o aram no precinho tnis masculino casual aram daily slip confortvel moderno frete grtis use o cupom cupompramoda ou descontosml de r por r ou em at x r loja oficial,Netral,Netral
"🚨 VC ENCARA UMA 50TONA?
📢 PHILIPS, Smart TV, 50'' 4K UHD, 50PUG7019/78, Google TV, Comando de Voz, HDR + Frete Grátis 
👉 https://t.co/I2thpezhNY
🔥 Por R$1969,00
🤏🏽 Em até 10x R$196,60 SEM JUROS
(Vendido e Entregue pela Amazon)

💡Outras opções de produtos em promo:
https://t.co/FxARzAb3gg",vc encara uma tona philips smart tv k uhd pug google tv comando de voz hdr frete grtis por r em at x r sem juros vendido e entregue pela amazon outras opes de produtos em promo,Netral,Netral
"BR Ofertas todos os dias 🇧🇷

Conforto smart LG agora! ❄️📱💨

🔗 https://t.co/feW43ShBcM

LG Ar Condicionado Split Hi Wall Inverter Smart Voice AI 12.000 Btus Frio 220v R-32

Por R$ 1.980,90
Frete Grátis

Amazon | Ar-Condicionado https://t.co/xOuhTvCHQi",br ofertas todos os dias conforto smart lg agora lg ar condicionado split hi wall inverter smart voice ai btus frio v r por r frete grtis amazon arcondicionado,Jijik,Jijik
"Ova rečenica ""od ranije poznata policiji"" 🫩🪗🥳 zvuči skoro kao da imaju program vjernosti. Još malo pa kartica za bodove i deseti privođenje gratis.",ova reenica od ranije poznata policiji zvui skoro kao da imaju program vjernosti jo malo pa kartica za bodove i deseti privoenje gratis,Netral,Netral
"No ha aprendido nada mordiendo la mano que le da de comer ,dice que la entrevista en Hola fue gratis a cambio de promoción del libro y habla muy mal de sus ex compañeros ,dice que no la ham llamado para ninguna tv etc🤐 https://t.co/RU9bnoX5dt",no ha aprendido nada mordiendo la mano que le da de comer dice que la entrevista en hola fue gratis a cambio de promocin del libro y habla muy mal de sus ex compaeros dice que no la ham llamado ninguna tv etc,Netral,Netral
"BR Ofertas todos os dias 🇧🇷

Descubra o poder em suas mãos! 🚀📱✨

Acesse: https://t.co/QoBE4HpJsE

Por R$ 15.579,10
Frete Grátis

Apple iPad Pro 11″ 512 GB Wi-Fi + Cellular Preto Sideral (M5) 2025

Amazon | Tablet https://t.co/trtCf1WFR1",br ofertas todos os dias descubra o poder em suas mos acesse por r frete grtis apple ipad pro gb wifi cellular preto sideral m amazon tablet,Jijik,Jijik
"BR Ofertas todos os dias 🇧🇷

Cozinhe rápido e com estilo! ⚡🍽️✨

🔗 https://t.co/FGAWhjwUyS

Electrolux Micro-ondas 31L Inox Espelhado Grill Painel Blue Touch 220V (ME41X)

Por R$ 1.125,07
Frete Grátis

Amazon | Micro-Ondas https://t.co/rmG3HCQCMr",br ofertas todos os dias cozinhe rpido e com estilo electrolux microondas l inox espelhado grill painel blue touch v mex por r frete grtis amazon microondas,Jijik,Jijik
"Promoções BR do dia 🇧🇷

Conforto smart LG agora! ❄️📱💨

Comprar agora: https://t.co/vPseiL3LY8

Por R$ 1.980,90
Frete Grátis

LG Ar Condicionado Split Hi Wall Inverter Smart Voice AI 12.000 Btus Frio 220v R-32

Amazon | Ar-Condicionado https://t.co/B0LmkaDMWU",promoes br do conforto smart lg agora comprar agora por r frete grtis lg ar condicionado split hi wall inverter smart voice ai btus frio v r amazon arcondicionado,Jijik,Jijik
ini anak kos gw baik banget ngasih ikan cupang gratis 😭😭 https://t.co/nQheCzHm7x,anak kos gw baik banget ngasih ikan cupang gratis,Percaya,Percaya
"que LOUCURA! 🤯 caíram as taxas da shein e ainda ta com 50% de desconto! 

LC8RU - frete grátis + 50% de desconto
9LQBKWJ - roupas 80%
9UQEJXY - maquiagem 80%
396646T - beleza 90%
9N6NCXU - acessórios 90%

joga na lupa da shein que o desconto já entra! salva o post🩷💌 https://t.co/OCeZXANZy6",que loucura caram as taxas da shein e ainda ta com de desconto lcru frete grtis de desconto lqbkwj roupas uqejxy maquiagem t beleza nncxu acessrios joga na lupa da shein que o desconto j entra salva o post,Netral,Netral
"Promoções BR do dia 🇧🇷

Capture cada momento em 360° com qualidade incrível! 📸🌊✨

Comprar agora: https://t.co/5FuANgDZVP

Por R$ 2.789,91
em até 10x sem juros
Frete Grátis

GoPro MAX2 Câmera 360° à prova d'água, 8K, 29MP, Tela Touch, Estabilização HyperSmooth, 6 Mic |...

Cupom: GIMBAL10

Amazon | Câmera",promoes br do capture cada momento em com qualidade incrvel comprar agora por r em at x sem juros frete grtis gopro max cmera prova dgua k mp tela touch estabilizao hypersmooth mic cupom gimbal amazon cmera,Netral,Netral
"Promoções BR do dia 🇧🇷

Descubra o poder e a elegância agora! 🚀📱✨

Ver aqui: https://t.co/94IjWdktNa

Por R$ 13.315,15
em até 10x sem juros
Frete Grátis

Apple iPad Pro 2025 11″ Wi-Fi 512GB Prateado M5

Amazon | Tablet https://t.co/lIYVv0X6J3",promoes br do descubra o poder e a elegncia agora ver aqui por r em at x sem juros frete grtis apple ipad pro wifi gb prateado m amazon tablet,Netral,Netral
"BR Ofertas todos os dias 🇧🇷

Aproveite a super oferta e garanta já o seu! 📱⚡💙

Pegue já: https://t.co/OYLmO0Q9NM

Samsung Galaxy A17 5G 256GB 8GB 50MP Tela 6.7"" Azul

Por R$ 1.368,48
Frete Grátis

Amazon | Smartphone https://t.co/L9aBXDfzi2",br ofertas todos os dias aproveite a super oferta e garanta j o seu gue j samsung galaxy a g gb gb mp tela azul por r frete grtis amazon smartphone,Jijik,Jijik
"Promoções BR do dia 🇧🇷

Corra mais longe e monitore seu ritmo! 🏃‍♂️⌚️📍

Cupom: COMPRE15

Abrir: https://t.co/86YQ97JJnf

Por R$ 1.469,65
em até 10x sem juros
Frete Grátis

Garmin Relógio Forerunner 55 com GPS e Monitor Cardíaco 42mm Preto | Cupom

Amazon | Smartwatch https://t.co/EyRHxo1IN3",promoes br do corra mais longe e monitore seu ritmo cupom compre abrir por r em at x sem juros frete grtis garmin relgio forerunner com gps e monitor cardaco mm preto cupom amazon smartwatch,Jijik,Netral
"BR Ofertas todos os dias 🇧🇷

🎯 R$ 84,05 abaixo do preço médio
📉 Piso de preço nos últimos dias

⚡ Corre antes que suba!

Pegue já: https://t.co/oowS8RdOCZ

Ray-Ban Óculos de Sol 0RB3755 Dourado Lente Verde Tam 59

Por R$ 759,48
em até 10x sem juros
Frete Grátis

Amazon | Calçados, Roupas e Acessórios",br ofertas todos os dias r abaixo do preo mdio piso de preo nos ltimos dias corre antes que suba gue j rayban culos de sol rb dourado lente verde tam por r em at x sem juros frete grtis amazon calados roupas e acessrios,Netral,Netral
"Promoções BR do dia 🇧🇷

⚠️ Oferta forte: R$ 99,03 off
📊 Melhor faixa de preço recente

🛒 Se curtir, garanta já

Comprar agora: https://t.co/17sn5XcGCg

Por R$ 780,30
Frete Grátis

ASUS Placa-Mãe B650M-AYW Wi-Fi mATX AM5 DDR5 PCIe 5.0 Wi-Fi 6

Amazon | Placa-mãe https://t.co/OKGfh0TiAi",promoes br do oferta forte r off melhor faixa de preo recente se curtir garanta j comprar agora por r frete grtis asus placame bmayw wifi matx am ddr pcie wifi amazon placame,Netral,Netral
"Promoções BR do dia 🇧🇷

Eleve seu setup 🖱️✨🖤

Ver aqui: https://t.co/8dIzQBiFqm

Por R$ 37,90
Frete Grátis

Couse MousePad Desk Pad Couro Ecológico 70x30cm Preto Premium

Amazon | Mouse Pad https://t.co/SqV3hPRzda",promoes br do eleve seu setup ver aqui por r frete grtis couse mousepad desk pad couro ecolgico xcm preto premium amazon mouse pad,Jijik,Jijik
"🍿@Cinesa lanza un pasaporte infantil que premia la asistencia a las salas.

Podrán ir canjeando premios que completen su experiencia en las salas, como productos del bar de Cinesa e incluso entradas gratis: https://t.co/en4O5MkPGg https://t.co/Bg2dg5XhBz",lanza un pasaporte infantil que premia la asistencia a las salas podrn ir canjeando premios que completen su experiencia en las salas como productos del bar de cinesa e incluso entradas gratis,Netral,Netral
"Promoções BR do dia 🇧🇷

⚠️ Oferta forte: R$ 138,46 off
📊 Melhor faixa de preço recente

🛒 Se curtir, garanta já

Abrir: https://t.co/VwYLNLiiR8

Por R$ 3.319,00
em até 10x sem juros
Frete Grátis

AMD Ryzen 9 7950X Box Processador 16 Núcleos 5.7GHz 80MB Cache Radeon AM5 Sem Cooler

Amazon | Processador",promoes br do oferta forte r off melhor faixa de preo recente se curtir garanta j abrir por r em at x sem juros frete grtis amd ryzen x box processador ncleos ghz mb cache radeon am sem cooler amazon processador,Netral,Netral
"☄️ Race to ZERO kembali lagi — sekarang saatnya kejar profit & rebut hadiah GOLD!

✔️ Join event gratis
✔️ Tekan tombol & dapatkan angka sedekat mungkin ke 0
✔️ Naik leaderboard dan menangkan hingga 100g GOLD
✔️ Spin hadiah menarik seperti coupon, hot token, dan lainnya 
Satu tombol. Satu kesempatan menuju GOLD 

➡️ Ikut sekarang:
https://t.co/GHZodrxNQQ

Daftar dan Unduh MEXC
Daftar MEXC https://t.co/gnqgdg6Yxq

Download MEXC APP https://t.co/zzuFKa2P6v

@MEXC @MEXC_ID 
#MEXC #MEXCID #MEXCIndonesia",race to zero lagi sekarang saat kejar profit rebut hadiah gold join event gratis tekan tombol dapat angka dekat mungkin naik leaderboard menang hingga g gold spin hadiah tarik coupon hot token lain satu tombol satu sempat tuju gold ikut sekarang daftar unduh mexc daftar mexc download mexc app,Jijik,Jijik
"⚖️ BALANÇA CORPORAL BIOIMPEDÂNCIA PREMIUM 📱
✅ Visor inteligente + Bluetooth | Mede composição corporal completa | Aplicativo exclusivo
💰 Apenas R$ 29,90
🚚 Frete Grátis em pedidos acima de R$ 49,00
🏆 Top Vendas ⚠️ ÚLTIMAS UNIDADES — Não perca!
👉  https://t.co/pSojJ166sa https://t.co/UPKvZ3KI0f",balana corporal bioimpedncia premium visor inteligente bluetooth mede composio corporal completa aplicativo exclusivo apenas r frete grtis em dos acima de r top vendas ltimas unidades no perca,Netral,Netral
"CEPEETT SOREX GRATIS‼️

urut harga terendah
https://t.co/f4ZHjWST8P https://t.co/aXRtQjc6pg",cepeett sorex gratis urut harga rendah,Percaya,Percaya
"After Forever La Plata: Hoy desde las 20 hs nueva edición del ciclo de @cobraxrod en Bocanada, gira completo ""Otro día en el planeta tierra"" de Intoxicados + set 100% vinilos de rock/pop/funk/hip hop, gratis 👽 https://t.co/TTtig7UXdR",after forever la plata hoy desde las hs nueva edicin del ciclo de en bocanada gira completo otro da en el planeta tierra de intoxicados set vinilos de rockpopfunkhip hop gratis,Netral,Netral
"🎉Pelayanan KB Gratis Hari 🎉

Dalam rangka memperingati Hari Ulang Tahun Ikatan Bidan Indonesia (IBI) ke-75, telah dilaksanakan kegiatan Pelayanan KB Gratis di Puskesmas Huta Padang✨
Mari terus dukung keluarga sehat dan berkualitas melalui pelayanan kesehatan❤️ https://t.co/wLKKyIlIh8",layan kb gratis hari rangka ingat hari ulang tahun ikat bidan indonesia ibi telah laksana giat layan kb gratis puskesmas huta padang terus dukung keluarga sehat kualitas lalu layan sehat,Jijik,Jijik
"Set de 3 sartenes BRA Signature, ¡solo 58,69€! 🍳 Envío gratis

👉🏼 https://t.co/lByPhwLAMZ

Comparte el chollo con tus amigos",set de sartenes bra signature solo envo gratis comparte el chollo con tus amigos,Netral,Netral
"#Vigo #FestivalesGalicia #Verano
❗ Confirmada una nueva explosión de conciertos gratis en el puerto de Vigo

Estos son los artistas y conciertos que llegarán con el nuevo festival Son&amp;Mar Vigo 👇
https://t.co/y4VTniiYZV",confirmada una nueva explosin de conciertos gratis en el puerto de vigo estos son los artistas y conciertos que llegarn con el nuevo festival sonampmar vigo,Netral,Netral
"UTUL UGM udah makin deket, semisal Minca buka TO Gratis ini ada yang butuh gak ya? 😣

Reply ""BUTUH MIN"" nanti kalo banyak Minca buka deh https://t.co/sfq9AR74lT",utul ugm udah makin deket misal minca buka to gratis ada butuh gak reply butuh min kalo banyak minca buka deh,Jijik,Jijik
"¡Te comento el último de los #sorteos de #celta! 😍😍

➡️ https://t.co/ix49tZyZJe

Es «Día Sin Prisa» y lo hacen con un sorteo especial para miembros del #clubcelta en el que podrás conseguir un lote de sus productos 🎁🎁

#leche",te comento el ltimo de los de es da sin prisa y lo hacen con un sorteo especial miembros del en el que podrs conseguir un lote de sus productos,Netral,Netral
"¡Están aquí los #PremiosInnovacion #carrefour 2026! 😍😍

➡️ https://t.co/yCIQKvRecm

Es la 12ª edición 🎁🎁",estn aqu los es la edicin,Percaya,Percaya
"🔴 Bayern

⚽ Posesión + apoyos
🧠 Decisión
⚡ Ritmo
🥅 Finalización

Entrena como un PRO

🚨 Webinar GRATIS
👉 https://t.co/OY9MnkDMNw https://t.co/KrWuI76fcC",bayern posesin apoyos decisin ritmo finalizacin entrena como un pro webinar gratis,Jijik,Jijik
"🍗✨ DOUBLE CHICKEN VIBES ✨🍗
Ngumpul bareng makin seru cuma di #HokbenAja! 🎉
Kamu bisa nikmati promo-promo dibawah ini lho Friends :
✅ Beli 2 Simple Set Teriyaki + 2 Ocha 👉 GRATIS 1 Hot Deals HokBen Fried Chicken
✅ Beli 3 Simple Set Teriyaki 👉 GRATIS 1 Paket HokBen Fried Chicken 1 pc

📌 Berlaku setiap hari, periode sampai 31 Mei 2026
🥢 Layanan Dine in, Take Away, Delivery, atau Drive Thru.
💰 Pasti hemat banget, harga mulai Rp29ribuan/orang! 🤩

Yuk ajak bestie, keluarga atau teman kantormu buat nikmatin promonya ramean di HokBen sekarang! 🚀",double chicken vibes ngumpul bareng makin seru cuma kamu nikmat promopromo bawah lho friends beli simple set teriyaki ocha gratis hot deals hokben fried chicken beli simple set teriyaki gratis paket hokben fried chicken pc laku hari periode mei layan dine in take away delivery drive thru hemat banget harga mulai rpribuanorang yuk ajak bestie keluarga teman kantor buat nikmatin promonya ramean hokben sekarang,Jijik,Jijik
"¡Buenos días! 📰☕ Esta es nuestra portada de hoy, miércoles, 13 de mayo de 2026 | Suscríbete gratis: https://t.co/lRkj0tE6qq https://t.co/0tGK71gcjG",buenos das esta es nuestra portada de hoy mircoles de mayo de suscrbete gratis,Marah,Netral
"Eh imriffs, dengan gaji 4jt/bulan masih bisa hidup sehat kok, asal atur prioritas.

Budget realistis:
- Makan: 800rb-1jt (masak sendiri, beli pasar/telur-tahu-tempe-ikan)
- Kos + listrik-air: 1jt-1.2jt
- Transport + misc: 400-500rb
- Sisanya nabung atau cicil sepatu lari pelan-pelan.

Tips sehat hemat:
- Lari di taman/jalanan dulu, belum perlu sepatu 3jt.
- Workout bodyweight + YouTube gratis.
- Minum air putih, tidur cukup, jajan jarang.

Bisa banget sehat tanpa boros! 💪",eh imriffs gaji jtbulan hidup sehat kok asal atur prioritas budget realistis makan rbjt masak sendiri beli pasartelurtahutempeikan kos listrikair jtjt transport misc rb sisa nabung cicil sepatu lari pelanpelan tips sehat hemat lari tamanjalanan dulu perlu sepatu jt workout bodyweight youtube gratis minum air putih tidur cukup jajan jarang bisa banget sehat boros,Jijik,Jijik
"@piruinuy @AiphNday Itu buah buni (Antidesma bunius) alias bignay. Kecil-kecil hitam bergerombol di tangkai hijau panjang, khas pohon tropis Indonesia. Rasanya asam-manis sepat, biasa dimakan langsung, dibuat rujak, atau jus. Pernah makan? 😊",buah buni antidesma bunius alias bignay kecilkecil hitam gerombol tangkai hijau panjang khas pohon tropis indonesia rasa asammanis sepat biasa makan langsung buat rujak jus pernah makan,Jijik,Jijik
"@markizusss @anjirbodor Itu bunga **ketul** (atau ajeran), nama ilmiahnya **Bidens pilosa**. 

Bunga liar dari keluarga Asteraceae yang sering tumbuh di pekarangan, pinggir jalan, atau belakang rumah. Bagus banget buat diambil gitu, apalagi pas lagi makan es cemil! 🌼",bunga ketul ajeran nama ilmiah bidens pilosa bunga liar keluarga asteraceae sering tumbuh pekarang pinggir jalan belakang rumah bagus banget buat ambil gitu pas makan es cemil,Jijik,Jijik
"Macam ni rupanya influencer buat review makanan ni tak makan pun semua belakon je lebih dah la luahkan. Kalau kau tak makan apasalahnya tolak 🤦🏻‍♂️

No wonder pegi makan kedai2 org review ni hampeh https://t.co/dh2xsq9XcH",macam ni rupa influencer buat review makan ni tak makan semua belakon je lebih dah la luah kalau kau tak makan apasalahnya tolak no wonder pegi makan kedai org review ni hampeh,Jijik,Jijik
"Pas ngobrol iseng sama sepupu, pernah tercetus ide:

Bagaimana kalo di rumah Mbah gak usah sedia menu rendang, opor, dan santan-santanan lain?

Jadi khusus di rumah Mbah, kita sediakan bakar-bakaran alias nge-grill. Tinggal modal ayam sama daging yang sudah dimarinasi. 

Begitu ada tamu, tinggal kita bakarin.

Menu lain yang bisa disediakan juga mie rebus pake telor dan mie goreng. Nugget juga jadi menu yang diusulkan buat ada.

Prinsip dasar ide ini sederhana:

Kalo lebaran ke rumah kerabat dan disuruh mampir, lauk yang tersedia yaa itu-itu aja sebenarnya. Opor, sayur labu, krecek, dan rekan-rekannya.

Apalagi kalo di Jateng, ga boleh pulang kalo belum makan. Jadi pernah ada masa gua makan lima kali dalam waktu yang sangat berdekatan karena emang dipaksa makan, dan diminta Bapak Ibu biar ikut makan karena ga enak kalo nolak makan.

🤣🤣🤣

Nah dengan kehadiran menu tak biasa di rumah Mbah tadi, otomatis bakal jadi ""oase"" di tengah kepungan opor dan kawan-kawan.

Dan yak, ide ini ditolak mentah-mentah meski baru dalam tahap obrolan dan perencanaan tanpa tindak lanjut serius.

🤣🤣🤣🤣",pas ngobrol iseng sama sepupu pernah cetus ide bagaimana kalo rumah mbah gak usah sedia menu rendang opor santansantanan jadi khusus rumah mbah sedia bakarbakaran alias ngegrill tinggal modal ayam sama daging sudah dimarinasi tamu tinggal bakarin menu sedia mie rebus pake telor mie goreng nugget jadi menu usul buat prinsip dasar ide sederhana kalo lebaran rumah kerabat suruh mampir lauk sedia yaa ituitu aja benar opor sayur labu krecek rekanrekannya kalo jateng ga pulang kalo makan jadi pernah ada masa gua makan lima kali waktu yang sangat dekat emang paksa makan minta bapak ibu biar ikut makan ga enak kalo nolak makan nah hadir menu tak biasa rumah mbah tadi otomatis bakal jadi oase tengah kepung opor kawankawan yak ide tolak mentahmentah meski baru tahap obrol rencana tindak lanjut serius,Jijik,Jijik
Nak makan ayam gepuk la pula rasa 😋 tapi nanti perut jem hahahah,nak makan ayam gepuk la rasa nanti perut jem hahahah,Jijik,Percaya
"'kita makan dirumah yuk, kakak masih ada utang masakin kamu kan? Kalo kamu gamau ketemu heri, kita bisa masak dirumah yg lain, supaya heri gatau' bisa kali gitu pem 🥹🥹",makan rumah yuk kakak ada utang masakin kamu kan kalo kamu gamau ketemu heri masak rumah yg supaya heri gatau bisa kali gitu pem,Jijik,Jijik
Makan tuh fancam @L_MarshaJKT48 😜 https://t.co/VSHuc7b56J,makan tuh fancam,Percaya,Percaya
"Otsunaraa~!! 💙

habis ini mau cari makan buat sarapan hehe
ednignya kita karaoke lagunya Yuru camp
seruu pankpn lagi :D https://t.co/T00PbK7drG",otsunaraa habis mau cari makan buat sarap hehe ednignya karaoke lagu yuru camp seruu pankpn d,Jijik,Jijik
@_glimpseeofus jadi santapan buat makan siang🤤,jadi santap buat makan siang,Percaya,Percaya
"🌪️ “aku gemes banget kalo liat mas kula makan ga kelar kelar, aku sebel” 

lucu banget ish 😭",aku gemes banget kalo liat mas kula makan ga kelar kelar aku sebel lucu banget ish,Percaya,Percaya
"Nemu di thread cowo makan ini sampe nangis, kirain lebay doang taunya emg beneran penipu ulung… PEDES BGT BJIRR kaga ada manis manisnya 😭😭😭 https://t.co/lACVYotbt9",nemu thread cowo makan sampe nang kirain lebay doang tau emg beneran tipu ulung pedes bgt bjirr kaga manis manis,Percaya,Jijik
"imagine kasih beginian ke kucing indo 😭

🐱: lu pikir gua ngeong lucu? itu gua nagih makan ke-4 hari ini.
🐱: hey babu gua laper makan gua mana?
🐱: jangan pegang perut gua sembarangan anjir.
🐱: lu kerja capek-capek tiap hari buat beli whiskas gua 😹
🐱: iya gua sengaja jatuhin barang lu
terus kenapa?",imagine kasih begini kucing indo lu pikir gua ngeong lucu gua nagih makan hari hey babu gua laper makan gua mana jangan pegang perut gua sembarang anjir lu kerja capekcapek tiap hari buat beli whiskas gua iya gua sengaja jatuhin barang lu terus,Jijik,Jijik
"Kemarin ngabarin nih. Katanya kangen Sovely🥺. Dan ngabarin kalo dia makan

#LEO #리오 https://t.co/QqMgolQZoq",kemarin ngabarin nih kata kangen sovely ngabarin kalo makan,Jijik,Tertarik
"met siang muts ku sayangg, mff akhir' ini aku jarang jbjb😔dan aku 2minggu kedepannya mau izin rest dulu, karena badanku lagi kurang fit..😔
have a nice day guys🌷 jangan lupa makan yg enakk yaa🍬n jangan lupa jaga kesehatannn❤️‍🩹",met siang muts ku sayangg mff akhir aku jarang jbjbdan aku minggu depan mau izin rest dulu badan kurang fit have a nice day guys jangan lupa makan yg enakk yaan jangan lupa jaga kesehatannn,Jijik,Percaya
"HASHTAGNYA RANDOM BANGET😭😭😭

# cowok-cowok yg jelas / pasti
# contoh cowok dengan good vibes
# rekomendasi tempat makan
# idol buatan park jaebom https://t.co/JZgOrYtxZA",hashtagnya random banget cowokcowok yg jelas contoh cowok good vibes rekomendasi tempat makan idol buat park jaebom,Jijik,Jijik
Lelaki makan memang nampak kesian termasuklah Leizi 😭,lelaki makan memang nampak kesi masuk leizi,Percaya,Percaya
"Terimakasih untuk kerja keras nya hari ini, jangan lupa makan dan istirahat yang cukup yaa @CErine_JKT48 hari ini kamu kerennn banget🫶🫶 https://t.co/n9cH9zX6GE",terimakasih kerja keras nya hari jangan lupa makan istirahat cukup yaa hari kamu kerennn banget,Percaya,Percaya
weh lapar tapi takde duit nak makan 😔,weh lapar takde duit nak makan,Percaya,Percaya
"GenZ 

fbdg here  today yang domisili bdg ada yang mau main ga? Nonton atau ya ngobrol² sekalian cari makan enak ayoo! Sekalian mau cari mutualan Bru dan teman baru xixi domisili mana aja bebas 
Aku yang ada moon😼 nanti aku ketuk dm nyaw https://t.co/IMmJkjyEkW",genz fbdg here today domisili bdg mau main ga nonton ya ngobrol sekali cari makan enak ayoo sekali mau cari mutualan bru teman baru xixi domisili mana aja bebas aku yang ada moon aku ketuk dm nyaw,Jijik,Jijik
"Next month mcm nk pegi sunway lagoon, ada couple nk join tak? 

Mcm seronok naik ride sama sama🤭
Makan sama sama
F sama sama

Eh",next month mcm nk pegi sunway lagoon couple nk join tak mcm seronok naik ride sama sama makan sama sama f sama sama eh,Jijik,Percaya
"🌪:aku jalan"" karna pengen beli minum terus ketemu dia kayak 'WEHHH'
🌪: gatau kno refleknya kayak kaget, abis beli kopi aku balik ke backstage ketemu dia lagi makan
🌪: dia makan takoyaki pake sambel guys aku kecewa bgt

WKWKWKWK ini dia kronologi di cf, lucu #Bimarchive https://t.co/xARNMJuCT1",aku jalan karna ken beli minum terus ketemu kayak wehhh gatau kno refleknya kayak kaget abis beli kopi aku balik backstage ketemu lagi makan makan takoyaki pake sambel guys aku kecewa bgt wkwkwkwk dia kronologi cf lucu,Jijik,Jijik
"Aku dulu ngerasa ga nyaman tiap dibayarin cowo. Jiwa provider aku yang sugar sister itu beneran terluka dan gak dikasih makan egonya. 

Sampe akhirnya keseringan dapat mokondo dan aku punya temen deket namanya A yang dari awal jalan lgsg bilang ""Rin, ini all me ya. Lemme pay karena ini treat dari aku"" 

Dia sering banget jemput aku di tempat kerja lama + ninggalin helm dan motorku di parkiran. Gatau berapa kali bawa aku night ride sambil muter lagu lana del rey atau bernadya. Sometimes dia tetep kasih makan egoku dengan letme pay tapi transfer diem-diem.

Dia beneran bikin aku belajar menerima dibayarin tapi pelan-pelan. Yang kedua waktu aku jalan sama B, dengan tegas dia bilang ""bub, aku ini cowo. Kamu juga harus kasih makan egoku"".

Oh ternyata ego jiwa provider ini tetep perlu dikasih makan. Rasa ingin diandalkan itu perlu dikasih makan juga.

Papaku? He gimme the money tapi aku yang bayar ke kasir. Mungkin ini yang bikin aku jadi terbiasa ngebayarin.

Jadi, kalo kamu dibayarin tolong belajar menerima ya girls. As provider cuma pengen kamu seneng dan bahagia kok. Perihal reimburse seperlunya aja buat kasih makan rasa ingin diandalkannya.

Apapun itu semoga dipertemukan dengan yang setara, baik dari pemikiran maupun keadaan ekonomi yaaa 🥰",aku dulu ngerasa ga nyaman tiap dibayarin cowo jiwa provider aku sugar sister beneran luka gak kasih makan ego sampe akhir sering mokondo aku punya temen deket nama a awal jalan lgsg bilang rin all me lemme pay treat aku sering banget jemput aku tempat kerja lama ninggalin helm motor parkir gatau berapa kali bawa aku night ride muter lagu lana del rey bernadya sometimes tetep kasih makan ego letme pay transfer diemdiem beneran bikin aku ajar terima dibayarin pelanpelan dua waktu aku jalan sama b tegas bilang bub aku cowo kamu harus kasih makan ego nyata ego jiwa provider tetep perlu kasih makan rasa andal perlu kasih makan papa he gimme the money aku bayar kasir mungkin ini yang bikin aku jadi biasa ngebayarin jadi kalo kamu dibayarin ajar terima girls as provider cuma ken kamu neng bahagia kok perihal reimburse perlu aja buat kasih makan rasa andal apa moga temu yang tara baik dari pikir maupun ada ekonomi yaaa,Netral,Jijik
"🐶: “Main di luar, yuk!”
🐱: “MAU MAIN PASIL!”
🐶: “Ssst! Nanti papah ayah denger!”
🐱: “Kakak…. Adek lapel.”
🐶: “Eum mau makan pasir gak?”
🐱: “MAUUU! Tapi tapi dibulet-buletin ya, kakak.”
🐶: “Enak, gak?”
🐱: “Enwak! Uhuk! Kwakwak mawu jugwa? Adwek suwapwin.”
🐶: “Dikit aja….”

🐱: “HUAAAA SAKIT!”
🐶: “Adeek! Sini berdiri dulu.”
🐱: “Huks— sakit kakak lututnya…”
🐶: “Aku gendong deh. Eum tapi kamu berat, gak?”
🐱: “Huks— mau tium….”
🐶: “Emmmmuah!”
🐱: “Hihi lututnya udah gak sakit!”",main luar yuk mau main pasil ssst papah ayah denger kakak adek lapel eum mau makan pasir gak mauuu dibuletbuletin kakak enak gak enwak uhuk kwakwak mawu jugwa adwek suwapwin dikit aja huaaaa sakit adeek sini diri dulu huks sakit kakak lutut aku gendong deh eum tapi kamu berat gak huks mau tium emmmmuah hihi lutut udah gak sakit,Jijik,Jijik
"cerita bimbul selama makan bareng pdvv di CF:

🌪️ aku gemes banget liat mas kula makannya lama banget
🌪️ sambil ngobrol tapi makanannya dijadiin pajangan 
🌪️ dia bawa bawa makanan di tangan. tapi dia melakukan semua hal kecuali makan",cerita bimbul lama makan bareng pdvv cf aku gemes banget liat mas kula makan lama banget ngobrol makan dijadiin pajang bawa bawa makan tangan dia laku semua kecuali makan,Jijik,Jijik
"@guesswho1333 Dibilang manja, boros, skill issue ga bisa nabung😂🤣🤣

Gue udah ngalami semua. Bahkan pilih makan dngn katering lbh affordable dibanding makan ayam geprek, dibilang boros dan hidup ala gen z anjirrr🤣🤣",bilang manja boros skill issue ga nabung gue udah ngalami semua bahkan pilih makan dngn katering lbh affordable banding makan ayam geprek bilang boros hidup ala gen z anjirrr,Jijik,Jijik
"Daftar Lagu JKT48 Personal Meet and Greet Festival: LOVE DREAM PASSION (performance session), malam ini:

M01. Andai 'Ku Bukan Idola
M02. Sakura Kita Makan Bersama
M03. Musim Yang Selanjutnya
M04. Dekat Namun Jauh
M05. Bel Terakhir Berbunyi
M06. WAKAKA PEOPLE
M07. JKT Festival
M08. 12 Seconds
M09. Tidak Boleh Pelukan
M10. Demi Seseorang
M11. Ponytail Dan Shu-Shu

#JKT48Love ✨💗
#JKT48Dream ⭐️💫
#JKT48Passion ❤️‍🔥🔥",daftar lagu jkt personal meet and greet festival love dream passion performance session malam m andai ku bukan idola m sakura makan sama m musim lanjut m dekat jauh m bel akhir bunyi m wakaka people m jkt festival m seconds m boleh peluk m orang m ponytail shushu,Jijik,Jijik
"Salah ga si sender negur teman ""kurang kurangi lah kamu pake ai"" soalnya dia apa-apa nanya ai kayak bingung mau makan apa dia nanya ai 💚",salah ga si sender negur teman kurang kurang lah kamu pake ai soal apaapa nanya ai kayak bingung mau makan apa nanya ai,Percaya,Jijik
"Junseo nih beneran ngasih makan semua shippernya wkwk 😭
Bercanda guys dia emng dr pas di WEi sering selca bareng member. Itu bentuk kasih sayangnya dia + dia emng suka foto2. Buat kenang2an juga ya Juns. 
Jadi yg bilang Junseo up foto selca bareng member karena caper dan pengen pamor doang kalian jahat banget 😒",junseo nih beneran ngasih makan semua shippernya wkwk canda guys emng dr pas wei sering selca bareng member bentuk kasih sayang dia emng suka foto buat kenang ya juns jadi yg bilang junseo up foto selca bareng member caper ken pamor doang kalian jahat banget,Jijik,Jijik
"Tapi lucu sih. Ada mahasiswa marah-marah karena gak bisa makan gara-gara gak ada driver yg ambil pesenan online foodnya. Padahal ya manusia teh diciptakan dengan akal, diberi otak dan sepasang kaki. Tinggal mikir lamun euweuh nu nganterkeun berarti ngikreuh. Da lain di hutan. 😌",lucu sih mahasiswa marahmarah gak makan garagara gak driver yg ambil sen online foodnya padahal manusia teh cipta akal beri otak pasang kaki tinggal mikir lamun euweuh nu nganterkeun arti ngikreuh da di hutan,Tertarik,Jijik
@junseokbnuy denger ini rasanya kayak makan beling 😔😔,denger rasa kayak makan beling,Jijik,Percaya
"@thejenniegala Mana ortunya kaya, ditambah anak tunggal. 
Ini yang namanya harta gak bakal habis di makan tujuh turunan 😭. 

Pengen tag emaknya jennie, minta diangkat jadi anak tiri nya bisa gak yah https://t.co/74p5pnFZUw",mana ortunya kaya tambah anak tunggal yang nama harta gak bakal habis makan tujuh turun ken tag emaknya jennie minta angkat jadi anak tiri nya gak yah,Jijik,Jijik
"@afinasyif Di negara manapun itu pemerintah nya berusaha untuk mensejahterakan rakyatnya, Lah ini ko kebalikan nya ya, kayak gak mau gitu lihat Rakyatnya sejahtera, yg penting kasih makan terus. Negara ko malah bersaing dengan rakyatnya sendiri. 😐",negara mana perintah nya usaha sejahtera rakyat lah ko balik nya kayak gak mau gitu lihat rakyat sejahtera yg penting kasih makan terus negara ko malah saing rakyat sendiri,Jijik,Jijik
"Sama plushie, lucu dan gemas semua, tapi MAKAN TEMPAT😫

Sebagian udh kujual karena merasa kebanyakan liatnya😭🙏 https://t.co/sc0I1Q8ZWQ",sama plushie lucu gemas semua makan tempat bagi udh jual rasa banyak liat,Percaya,Percaya
"apakah cowok sunda cenderung pemalas???

almarhum ayah saya asli salah 1 desa di tasik, 
beliau cerita dulu mimpi anak2 di sana sama semua, yakni setelah lulus sekolah jadi pedagang remote TV keliling. 

saya tanya kenapa mimpinya enggak lebih ""tinggi""? misalnya merantau bangun bisnis di kota orang atau kejar mimpi besar yg lain?
jawabannya: 
- desanya itu subur, beras dari panen sawah, makan ikan tinggal tangkep ikan dari balong/kolam, sayur tinggal metik, tetangga saling bantu, jadi udah merasa cukup aja, tidak ada dorongan lebih
- orang2 lebih suka hidup tenang dari pada ambisi ekspansi merantau, jadi beda prioritas hidup
- referensi jg jadi faktor kuat. orang2 di desa tidak ada contoh sukses yg bisa jadi patokan
- budaya merantau kerja keras sampai sukses itu cukup asing di desanya

nah ayah saya termasuk yg pertama jadi sarjana di desa itu, itu jg karna nilainya bagus, dapet beasiswa dan disuruh gurunya kuliah. 
alhamdulillah dr kampung bisa keterima di unpad dan jadi dosen. 

cerita lainnya istri saya dulu sempet kerja jadi HR, sering rekrut alumni SMK di bandung dan dateng langsung ke sekolah2nya.
uniknya misalnya di sekolah yg janjian mau interview ada 200 orang, eh yg dateng kurang dari 50 orang. 
setelah diskusi dengan guru2nya, banyak anak2 disana rela digaji kecil asal masih di bandung, ada yg kerja bidang kreatif, sebagai barista, dll. 

kesimpulan? 
- stereotip orang sunda malas menurut saya balik lagi ke karakter masing2 orang aja
- ini masalah budaya, mereka cenderung lebih kejar hidup tenang dan nyaman tp secukupnya di lingkungan tempat tinggal dari pada kejar yg ngoyo banget sampe sukses
- faktor lingkungan, budaya dan referensi orang tua dan teman2 jg jadi faktor penting

kalau menurutmu gimana???
apakah temenmu ada yg jadi ""sunda financial freedom"" seperti postingan dibawah??? 😅",cowok sunda cenderung malas almarhum ayah asli salah desa tasik beliau cerita dulu mimpi anak sana sama semua lulus sekolah jadi dagang remote tv keliling tanya mimpi enggak lebih tinggi misal rantau bangun bisnis kota orang kejar mimpi besar yg jawab desa subur beras panen sawah makan ikan tinggal tangkep ikan balongkolam sayur tinggal metik tetangga saling bantu jadi udah rasa cukup aja dorong lebih orang lebih suka hidup tenang pada ambisi ekspansi rantau jadi beda prioritas hidup referensi jg jadi faktor kuat orang desa contoh sukses yg jadi patok budaya rantau kerja keras sukses cukup asing desa nah ayah masuk yg pertama jadi sarjana desa itu jg karna nilai bagus dapet beasiswa suruh guru kuliah alhamdulillah dr kampung terima unpad jadi dosen cerita lain istri dulu sempet kerja jadi hr sering rekrut alumni smk bandung dateng langsung sekolah unik misal sekolah yg janji mau interview orang eh yg dateng kurang orang telah diskusi guru banyak anak sana rela gaji kecil asal bandung ada yg kerja bidang kreatif barista simpul stereotip orang sunda malas saya balik ke karakter masing orang aja masalah budaya cenderung lebih kejar hidup tenang nyaman tp cukup di lingkung tempat tinggal pada kejar yg ngoyo banget sampe sukses faktor lingkung budaya referensi orang tua teman jg jadi faktor penting kalau turut gimana temenmu ada yg jadi sunda financial freedom postingan bawah,Jijik,Jijik
"Sekolah elit ya ini? 💕🩷
https://t.co/x6U9nMtGlk",sekolah elit ini,Jijik,Jijik
"GILAAAK ini, in real casenya malah lebih sedih 🥹

Artikel tahun 2022:

33 tahun yang lalu, ada siswi SD di Hwaseong yang hilang saat pulang sekolah. Polisi waktu itu bilang ke keluarganya kalau anak itu cuma kabur dari rumah, dan orang tuanya mempercayai itu selama lebih dari 30 tahun.

Tapi pada 2019, setelah kasus pembunuhan berantai Hwaseong diselidiki ulang dan Lee Chun Jae mengaku sebagai pelakunya, barulah terungkap kalau anak itu sebenarnya dibunuh.

Hasil penyelidikan ulang juga menemukan fakta mengejutkan: polisi dulu ternyata sudah menemukan tulang belulang dan barang milik korban, tapi malah menyembunyikannya.

Dua detektif diduga memanipulasi kasus itu dan mengubahnya jadi kasus anak hilang biasa. Ayah korban yang akhirnya tahu kebenaran sampai berkata:

""Yang membunuh memang pembunuhnya, tapi yang menutupi kasus ini rasanya lebih kejam lagi.""

Sayangnya, para polisi yang menutupi kasus itu tidak bisa dihukum karena masa tuntutan hukumnya sudah habis.

Keluarga korban lalu menggugat negara pada tahun 2020. Dan pengadilan akhirnya memutuskan kalau polisi memang melakukan: penutupan kasus secara terorganisir, manipulasi penyelidikan, serta melanggar hak keluarga korban untuk mengetahui kebenaran dan berkabung dengan layak.

Negara akhirnya diperintahkan membayar ganti rugi sekitar 220 juta won kepada keluarga korban.

Yang paling sedih, kedua orang tua korban meninggal dunia sebelum sempat melihat putusan pengadilan keluar. Ibunya meninggal pada 2020, lalu ayahnya menyusul pada 2022, hanya dua bulan sebelum sidang putusan pertama selesai.

https://t.co/BGTUIdQCoa",gilaaak in real casenya malah lebih sedih artikel tahun tahun lalu siswi sd hwaseong hilang pulang sekolah polisi waktu bilang keluarga kalau anak cuma kabur rumah orang tua percaya lama lebih tahun kasus bunuh beranta hwaseong selidik ulang lee chun jae aku laku baru ungkap kalau anak benar bunuh hasil lidi ulang temu fakta kejut polisi dulu nyata temu tulang belulang barang milik korban malah sembunyi detektif duga manipulasi kasus ubah jadi kasus anak hilang biasa ayah korban akhir tahu benar kata bunuh memang bunuh tutup kasus rasa lebih kejam sayang polisi tutup kasus tidak hukum masa tuntut hukum habis keluarga korban lalu gugat negara tahun adil akhir putus kalau polisi memang laku tutup kasus organisir manipulasi lidi langgar hak keluarga korban tahu benar dan kabung layak negara akhir perintah bayar ganti rugi juta won keluarga korban yang paling sedih dua orang tua korban tinggal dunia sempat lihat putus adil keluar ibu tinggal lalu ayah susul pada hanya bulan sidang putus pertama selesai,Jijik,Jijik
"POLEMIK IJAZAH GIBRAN...

KEPALA SEKOLAH SMA ST YOSEF SOLO KEMBALI BANTAH GIBRAN LULUSAN DI SEKOLAHANNYA...

TAK PERNAH DAFTAR JANGAN NGAKU-NGAKU LULUS SMA, BIKIN MALU INSTANSI PENDIDIKAN SAJA...‼️

#MakzulkanGibran2026
#MakzulkanGibran2026
🆘🆗 https://t.co/RFrj76X0xv",polemik ijazah gibran kepala sekolah sma st yosef solo bantah gibran lulus sekolah tak pernah daftar jangan ngakungaku lulus sma bikin malu instansi didik,Netral,Netral
"walaupun sekolah mereka sudah terendam lumpur karena pascabencana, mereka tetap bahagia dan senyum🥺❤️

apalagi, mereka tetap pakai seragam untuk sekolah sangking semangatnya

hancur hati ngeliat hal seperti ini💔

📍 Desa Reje Payung, Takengon, Aceh Tengah https://t.co/9FhhfEYSMF",walaupun sekolah sudah rendam lumpur pascabencana tetap bahagia senyum mereka tetap pakai seragam sekolah sangking semangat hancur hati ngeliat seperti desa reje payung takengon aceh tengah,Jijik,Jijik
"@ninjahattoriii_ @C_OnielJKT48 @C_IndahJKT48 @M_OlineJKT48 Musafir, anak sekolah, princess dan biduan jadi satu😭😭",musafir anak sekolah princess biduan jadi satu,Jijik,Jijik
"💚 Chat bahas body cewek, ada yang dibilang rata lah, harus dimodif lah, sampai blak2an kalo mrka ng*c*ng kalo liat 1 cewek ini. Tolong up, pihak sekolah sampai sekarang belum bertindak.
https://t.co/rpbnO4wsUu",chat bahas body cewek yang bilang rata lah dimodif lah blakan kalo mrka ngcng kalo liat cewek tolong up pihak sekolah sekarang tindak,Jijik,Jijik
😭😭😭😭 ihan ditaksir tongkrongan basis sekolah ini ya https://t.co/viJiplW3Xn,ihan taksir tongkrong basis sekolah ya,Percaya,Percaya
budak sekolah tngh ramai kt byo🥵#fypmalaysia #tudung #budaksekolah #awekmelayu #awekpadu #awekcun https://t.co/3P235mdGSi,budak sekolah tngh ramai kt byo,Percaya,Percaya
"🧸💌 

aku... bener bener sayang banget sama beomgyu :c aku tau gyu dari aku masih pakai seragam sekolah sampai sekarang kita sama sama tumbuh makin dewasa, eksistensi dia selalu punya tempat yang paling spesial di hati aku. kalau dipikir yah perjalanan waktu itu ga sebentar – https://t.co/4Ub6Qi7yBS",aku bener bener sayang banget sama beomgyu c aku tau gyu aku pakai seragam sekolah sekarang sama sama tumbuh makin dewasa eksistensi selalu punya tempat paling spesial hati aku kalau pikir yah jalan waktu ga sebentar,Jijik,Jijik
"@BERSANDlWARA wajar kak, ni yang nyerang paling putus sekolah 😂 https://t.co/7cd3un4zbs",wajar kak ni nyerang paling putus sekolah,Percaya,Jijik
"@yappingfess lagi lagi aku nyalahin pemerintah karena rakyatnya banyak banget yang mau sekolah tapi terhalang biaya dsb. kak, semoga ada jalannya ya, semoga Tuhan menolong kita semua 🥺🌸",lagi aku nyalahin perintah rakyat banyak banget mau sekolah halang biaya kak moga jalan moga tuhan tolong semua,Jijik,Tertarik
"[VID/PIC] 230526 - The Eternal Beginning Concert in BKK Day 1 

Anak sekolah~ ☀️✨️

cr. Jkdgzcl, Painless 

DESIRE4 ON STAGE BKK
#DESIRE4TEBinBKKDAY1

#李沛恩 #LiPeiEn #SeekyLi https://t.co/DQEU9ApeCM",vidpic the eternal beginning concert in bkk day anak sekolah cr jkdgzcl painless desire on stage bkk,Jijik,Jijik
"SMA Negeri 1 Pontianak menegaskan pihaknya menolak untuk ikut ulang Lomba Cerdas Cermat (LCC) 4 Pilar tingkat Provinsi Kalimantan Barat Tahun 2026 yang diusulkan oleh MPR. Pernyataan sikap tersebut disampaikan Kepala Sekolah SMA Negeri 1 Pontianak, Indang Maryati, melalui unggahan di akun Instagram @smansaptk.informasi pada Kamis, 14 Mei 2026.

""SMAN 1 Pontianak menyatakan tidak akan terlibat dalam pelaksanaan lomba LCC yang diulang, sebagaimana informasi yang disampaikan oleh MPR RI,"" tulis keterangan di unggahan tersebut.

Pihak SMAN 1 Pontianak menghormati hasil lomba yang telah ditetapkan dan menyatakan dukungan penuh kepada tim SMAN 1 Sambas untuk mewakili Kalimantan Barat di tingkat nasional nantinya. Langkah yang diambil merupakan bagian dari ikhtiar untuk memperoleh klarifikasi demi terwujudnya pelaksanaan lomba yang transparan, objektif, dan akuntabel, tanpa adanya maksud untuk menyerang pihak mana pun.

""Kami menyampaikan apresiasi atas perhatian dan dukungan berbagai pihak, serta menegaskan penghormatan terhadap hasil yang telah ditetapkan. Dukungan penuh juga kami berikan kepada perwakilan Kalimantan Barat di tingkat nasional,"" ungkap mereka.

Sejak awal, SMAN 1 Pontianak menegaskan pihaknya tidak memiliki maksud untuk menganulir hasil lomba, melainkan menuntut kejelasan terkait hasil poin-poin yang dipersoalkan kepada pihak penyelenggara. Langkah yang dilakukan tidak juga bermaksud untuk menyerang ataupun menjatuhkan kredibilitas lembaga, penyelenggara lomba, maupun individu tertentu.

📸: Dok. Youtube MPRGOID.

Baca selengkapnya dengan klik link di bio. Cari tahu berita update lainnya dengan download aplikasi kumparan di App Store atau Google Play.⁠

📝: newsupdate | update | news | oneliner | R176 | E018

#bicarafaktalewatberita #kumparan",sma negeri pontianak tegas pihak tolak ikut ulang lomba cerdas cermat lcc pilar tingkat provinsi kalimantan barat tahun usul mpr nyata sikap sebut sampai kepala sekolah sma negeri pontianak indang maryati lalu unggah akun instagram informasi kamis mei sman pontianak nyata akan libat laksana lomba lcc ulang bagaimana informasi sampai mpr ri tulis terang unggah sebut pihak sman pontianak hormat hasil lomba telah tetap nyata dukung penuh tim sman sambas wakil kalimantan barat tingkat nasional nanti langkah ambil rupa bagi ikhtiar oleh klarifikasi wujud laksana lomba transparan objektif akuntabel ada maksud serang pihak mana kami sampai apresiasi atas perhati dukung bagai pihak tegas hormat hasil telah tetap dukung penuh kami ikan wakil kalimantan barat tingkat nasional ungkap sejak awal sman pontianak tegas pihak milik maksud anulir hasil lomba tuntut jelas kait hasil poinpoin soal pihak selenggara langkah laku juga maksud serang atau jatuh kredibilitas lembaga selenggara lomba maupun individu tentu dok youtube mprgoid baca lengkap klik link bio cari tahu berita update lain download aplikasi kumpar app store google play newsupdate update news oneliner r e,Jijik,Jijik
"💚 wdyt pihak sekolah (pesantren) nahan SEMUA ijazah siswanya biar pada g bisa daftar di tempat lain?

*ijazah SMP, biar g bisa daftar SMA lain.",wdyt pihak sekolah pesantren nahan semua ijazah siswa biar g daftar tempat ijazah smp biar g daftar sma,Jijik,Tertarik
"Siswa beragama Katholik di SMK Muhammadiyah Pekalongan jadi lulusan terbaik ke-2 dan berhak magang ke Jepang. Hebatnya lagi pihak sekolah menyediakan guru agama khatolik utk siswa spt dia.

Gak perlu koar2 Toleransi tiba2 sudah action, Muhammadiyah semakin terdepan 👍 https://t.co/EsxouZ1PqK",siswa agama katholik smk muhammadiyah kalong jadi lulus baik dan hak magang jepang hebat pihak sekolah sedia guru agama khatolik utk siswa spt gak perlu koar toleransi tiba action muhammadiyah makin depan,Jijik,Jijik
"@kevinsebast_ Sy gaji  80jt-an dipotong pajak 59jt-an, mobil kuatnya avanza baru ganti BYD m6. Beli pakain kelasnya baru Matahari paling jauh uniqlo. Sekolahin anak kuatnya di Sekolah kelas IT, Al Azhar. Bener dah yg sudah jalanin gaji dibwah 100jt itu bukan org kaya. Masih kelas menengah 😜",sy gaji jtan potong pajak jtan mobil kuat avanza baru ganti byd m beli pakain kelas baru matahari paling jauh uniqlo sekolahin anak kuat sekolah kelas it al azhar bener dah yg jalanin gaji dibwah jt bukan org kaya kelas tengah,Jijik,Jijik
"nak cakap, cakap bahasa dari tanah negara sana
nak sekolah, sekolah pakai silibus negara sana
nak exam, exam pakai standard negara sana
belum lagi dok puja pemimpin mereka dari negara sana

tiba-tiba ... ""melayu pendatang""

😂",nak cakap cakap bahasa tanah negara sana nak sekolah sekolah pakai silibus negara sana nak exam exam pakai standard negara sana lagi dok puja pimpin dari negara sana tibatiba melayu datang,Jijik,Jijik
Seorang bapak penggemar Arsenal mengantarkan anaknya ke sekolah dengan mengenakan baju kebesaran Arsenal. ❤️😹 https://t.co/B600z7Oqgk,orang bapak gemar arsenal antar anak sekolah kena baju besar arsenal,Percaya,Jijik
@bckupacc99 apa yang kau bangga sangat jadi polis? 😂 time sekolah dulu tidur sampai balik pastu dapat jadi polis ni jadinya. elok kena ludah je muka penagih cam ko ni 😂😂😂😂,apa kau bangga sangat jadi polis time sekolah dulu tidur balik pastu jadi polis ni jadi elok kena ludah je muka tagih cam ko ni,Percaya,Jijik
"💚 sender pernah kirim menfess ini. Adek aku jadinya kabur dari rumah😌 bingung banget harus ngapain, soalnya masih ujian sekolah 3 minggu ini. Ada saran buat sender sama ortu sender guys?

https://t.co/VUqIu8PYtf",sender pernah kirim menfess adek aku jadi kabur rumah bingung banget ngapain soal uji sekolah minggu ada saran buat sender sama ortu sender guys,Jijik,Jijik
Masa aku sekolah tu aku tengok ramai je cikgu2 menggatal dengan murid. Cikgu lelaki ke murid perempuanlah kebanyakkan. Ada je kadang budak ni menggatal dengan cikgu lelaki. Tapi tak sebanyak murid lelaki menggatal dengan cikgu perempuan. 😌 syukur dulu aku tak lawa 🤣🤣,masa aku sekolah tu aku tengok ramai je cikgu gatal murid cikgu lelaki murid perempuan banyak je kadang budak ni gatal cikgu lelaki tak banyak murid lelaki gatal cikgu perempuan syukur dulu aku tak lawa,Jijik,Jijik
"wait, this maniac become duta sekolah rakyat? 🤨

he will only share positive result to the boss. the boss become more delutional as well",wait this maniac become duta sekolah rakyat he will only share positive result to the boss the boss become more delutional as well,Percaya,Jijik
"meskipun tampang gua kaya curut sawah begini, bagusnya tiap tingkatan jaman sekolah setidaknya pernah ditembak sama cewek.
ada yg gua tolak
ada yg gua terima
ada yg gua tolak tapi akhirnya gua yg ngejar
kebanyakan sih gua tolak, soalnya gua maunya ngejar bukan dikejar 😌",meski tampang gua kaya curut sawah begini bagus tiap tingkat jaman sekolah pernah tembak sama cewek yg gua tolak yg gua terima yg gua tolak akhir gua yg ngejar banyak sih gua tolak soal gua mau ngejar bukan kejar,Jijik,Jijik
"orang orng ngeliat pigai lucu,

gweh malu jirr sekelas mentri ham ditanyain sebatas tanggapan film jawabnya ngaco kek orang ga pernah sekolah😣 gjls",orang orng ngeliat pigai lucu gweh malu jirr kelas tri ham ditanyain batas tanggap film jawab ngaco kek orang ga pernah sekolah gjls,Tertarik,Jijik
"Opini orang Tolol: “ngapain gym disitu klo kritik?”

Loh lu tu bayar nggak gratis, lu gym disitu klo nggak nyaman ya complain biar Diperbaiki.

Kayak lu kritik pemerintah indo= ngapain stay di indo? Kan GOBLOK.

Kritik buat memperbaiki bukan buat pindah yaa tololll 😭 sekolah deh",opini orang tolol ngapain gym situ klo kritik loh lu tu bayar gratis lu gym situ klo nyaman complain biar baik kayak lu kritik perintah indo ngapain stay indo kan goblok kritik buat baik bukan buat pindah yaa tololll sekolah deh,Jijik,Jijik
Wait until we talk about public schools. Satu sekolah menengah serves entah berapa banyak township. Tak payah la percaya pengumuman bina sekolah baru waktu bentang belanjawan. Dah berapa belanjawan aku kena scammed 😂,wait until we talk about public schools satu sekolah tengah serves entah berapa banyak township tak payah la percaya umum bina sekolah baru waktu bentang belanjawan dah berapa belanjawan aku kena scammed,Percaya,Jijik
"@Charlotte841097 @nebulasoull Terus sejarah yang kita pelajarin di sekolah juga ternyata itu gak sepenuhnya benar plus terlalu subjektif, dan aku baru tau itu pas aku nyari tau lebih jauh, jangan jauh jauh deh Belanda jajah Indonesia selama 350 tahun aja itu bohong😭",terus sejarah kita pelajarin sekolah nyata gak sepenuh benar plus terlalu subjektif aku baru tau pas aku nyari tau lebih jauh jangan jauh jauh deh belanda jajah indonesia lama tahun aja bohong,Jijik,Jijik
Ftd! 1 pertanyaan : EMG SIAPA YANG MAU COSPLAY JADI POLCASAN KE SEKOLAH?😭😭 https://t.co/8upy8m8DD9,ftd tanya emg siapa mau cosplay jadi polcasan sekolah,Jijik,Percaya
"POPS UDAH POPSSS 🤏🏻😭😭

til, kalo ilfil telen aja ya til! kata gw mah mending lu puk puk guinzly aja nanti kalo pulang sekolah dia ngadu karna dicengin “bapak lu plenger bapak lu plenger” ama kawan-kawannya 

JOSSGAWIN OVERTAKE MODE
#LOLFanFest2026D2 https://t.co/35DQCyl0Uz",pops udah popsss til kalo ilfil telen aja til kata gw mah mending lu puk puk guinzly aja kalo pulang sekolah ngadu karna dicengin bapak lu plenger bapak lu plenger ama kawankawannya jossgawin overtake mode,Jijik,Jijik
"ngewe sama temen sekolah dulu, emang tinggi sih,tapi jorok😭 brengsek nya dia konbrut bangettt, huftt buat pengalaman okee lah kontol nya enak banget 💦cuman hufttt :( bau badannya bikin ga enak",ngewe sama temen sekolah dulu emang tinggi sihtapi jorok brengsek nya konbrut bangettt huftt buat alam okee lah kontol nya enak banget cuman hufttt bau badan bikin ga enak,Jijik,Jijik
"Bro lu sekolah di mana sih. Penyusunan kata-kata lo sangat baik dan terstruktur. Minim kesempatan untuk disalahartikan. Yang bikin gua emosi, banyak reply goblok yang gak paham tulisan lo. 😄",bro lu sekolah mana sih susun katakata lo sangat baik struktur minim sempat disalahartikan bikin gua emosi banyak reply goblok gak paham tulis lo,Tertarik,Jijik
"@ilyksjthv Nunggunya 10th kocak, lagian duit masing masing ga mangkas jatah MBG🤣🤣🤣",nunggunya th kocak lagi duit masing masing ga mangkas jatah mbg,Percaya,Jijik
"@DudeRafay60339 Wah... berat kalo pake dana desa, brlum dipangkas Kopdes, mbg, dll.😂",wah berat kalo pake dana desa brlum pangkas kopdes mbg,Jijik,Jijik
"@SpacesFolios MBG 🍽️ Mas 👦🏻 Bahlil 👹 Ganteng 😽
Buah 🍎 apa 👀 yang 🫪 paling 😝 manis? 🍭 Buah 🥝 Lil 🤏🏻 Tambah 😭 ganteng 🥰 aja 😚 My 🙈 Little 🤌🏻 Bolu 🧁 Ketan 🍘 https://t.co/jNzqPzh2DU",mbg mas bahlil ganteng buah apa paling manis buah lil tambah ganteng aja my little bolu ketan,Jijik,Jijik
"MBG mas bahlil ganteng, buah apa yang paling manis buahlil~💃🏻",mbg mas bahlil ganteng buah apa paling manis buahlil,Jijik,Jijik
"SUMPAHHH GUE SAMPE NANGIS YAALLAH LIHAT INFONYA TUHH, BUANGGA BNGT SAMA MEREKA 😭😭😭😭😮‍💨😮‍💨😮‍💨😮‍💨🎐🎐 segugukan gw skrng, kok keren 😭😭😭 dlu Jungkook sendiri skrng di susul SEGRUB anying. PECAT CHEF DAPUR MBG BIAR BTS YANG MEMASAK 🔥🔥🔥🔥🔥 https://t.co/zlYidIuHA7",sumpahhh gue sampe nang yaallah lihat info tuhh buangga bngt sama gugu gw skrng kok keren dlu jungkook sendiri skrng susul segrub anying pecat chef dapur mbg biar bts masak,Jijik,Tertarik
CETAAAAAS kena banget ini 🫵 tutup semua dapur MBG biar kakak ini memasak,cetaaaaas kena banget tutup semua dapur mbg biar kakak masak,Jijik,Percaya
Maaf pakbnusron masih jadi influencernya MBG🙏,maaf pakbnusron jadi influencernya mbg,Percaya,Percaya
kopdes merah putih tuh blm jalan ya? di daerah gw ada 2 udah kelar bagun bangunannya tp blm diisi barang barang. plis batalin aja dah kata gw mah. bubarin mbg juga 😭,kopdes merah putih tuh blm jalan di daerah gw udah kelar bagun bangun tp blm isi barang barang plis batalin aja dah kata gw mah bubarin mbg,Jijik,Jijik
"Apapun progam yang katanya untuk mencerdaskan generasi bangsa ini, ujung-ujungnya cuma di jadikan celah buat korupsi ? Gak puas dengan MBG si raja mubazir ehh ada juga sekolah rakyat ? program tahek 😫🤭 https://t.co/pyBUKjOi2j",apa progam kata cerdas generasi bangsa ujungujungnya cuma jadi celah buat korupsi gak puas mbg si raja mubazir ehh juga sekolah rakyat program tahek,Jijik,Jijik
Buzzer mbg ≠ ick 😭,buzzer mbg ick,Percaya,Percaya
@MuhammadTuhasan Ya Allah dek Napa dah mau kerja di MBG 😂,allah dek napa dah mau kerja mbg,Jijik,Percaya
"“mbg mengurangi stunting”
🤣🤣🤣🤣🤣🤣🤣🤣🤣🤣🤣🤣",mbg kurang stunting,Percaya,Percaya
"Bukan baru kali ini..
SPPG bikin UMKM merugi..
Dulu pernah pedagang tempe juga.. 
Kasusnya sama.. pembatalan sepihak. 😒

Katanya mendukung UMKM, nyatanya apa?

150 pack atau sekitar 1.500 roti burger u/ program MBG diduga dibatalkan scr mendadak ketika barang sudah siap dikirim ke SPPG Wonosari, Gadingrejo, Kabupaten Pringsewu, Lampung.",bukan baru kali sppg bikin umkm rugi dulu pernah dagang tempe kasus sama batal pihak kata dukung umkm nyata apa pack sekitar roti burger u program mbg duga batal scr dadak barang siap kirim sppg wonosari gadingrejo kabupaten pringsewu lampung,Jijik,Jijik
"e dulu pas awal awal kl libur di kasih mbg kering, skrg udh ngg ap emng udh sekarat duitnya ap emng gmw ap gmn😹 ALIAS bubarkan aja mbg",e dulu pas awal awal kl libur kasih mbg kering skrg udh ngg ap emng udh sekarat duit ap emng gmw ap gmn alias bubar aja mbg,Tertarik,Tertarik
6 tahun lagi semoga bisa pake baju adat solo basahan itu sama calon mbg gweh (calonnya blom ada jier) 😭🙏🏻,tahun moga pake baju adat solo basah sama calon mbg gweh calon blom jier,Jijik,Jijik
@esreffsahin Günaydın hocam bilgilendirme için teşekkürler 😊,gnaydn hocam bilgilendirme iin teekkrler,Jijik,Jijik
