Id,Label,In_Degree,Out_Degree,Total_Degree,Degree_Centrality,In_Degree_Centrality,Out_Degree_Centrality,Betweenness_Centrality,Closeness_Centrality,PageRank,Clustering_Coefficient,Community_Louvain,Communication_Role
grok,@grok,0,42,42,0.043299,0.0,0.043299,0.005941,0.038568,0.000713,0.0,61,Algorithmic Oracle (AI Fact-Checker)
4Y4NKZ,@4Y4NKZ,2,15,16,0.016495,0.002062,0.015464,0.000161,0.016552,0.00106,0.116667,16,Information Broadcaster (Penyebar Wacana)
prabowo,@prabowo,15,0,15,0.015464,0.015464,0.0,0.005413,0.037481,0.007984,0.0,5,Target Sink (Otoritas Kebijakan)
newIding30,@newIding30,1,15,15,0.015464,0.001031,0.015464,9.7e-05,0.014897,0.000773,0.133333,16,Information Broadcaster (Penyebar Wacana)
dbdbidip,@dbdbidip,0,13,13,0.013402,0.0,0.013402,0.000166,0.013402,0.000713,0.0,260,Information Broadcaster (Penyebar Wacana)
Casagrande10939,@Casagrande10939,0,10,10,0.010309,0.0,0.010309,9.6e-05,0.010309,0.000713,0.0,8,Information Broadcaster (Penyebar Wacana)
luvdysh_,@luvdysh_,0,9,9,0.009278,0.0,0.009278,7.7e-05,0.009278,0.000713,0.0,265,Information Broadcaster (Penyebar Wacana)
mBg_JK,@mBg_JK,0,8,8,0.008247,0.0,0.008247,6e-05,0.008247,0.000713,0.0,314,Information Broadcaster (Penyebar Wacana)
regar_op0sisi,@regar_op0sisi,5,2,7,0.007216,0.005155,0.002062,0.004564,0.039135,0.003152,0.0,5,Opinion Broker (Jembatan Diskursus)
punishe98373138,@punishe98373138,0,7,7,0.007216,0.0,0.007216,0.001156,0.027914,0.000713,0.0,5,Opinion Broker (Jembatan Diskursus)
daffiriffi,@daffiriffi,0,7,7,0.007216,0.0,0.007216,0.000984,0.027721,0.000713,0.0,5,Opinion Broker (Jembatan Diskursus)
ryookaasan,@ryookaasan,0,6,6,0.006186,0.0,0.006186,3.2e-05,0.006186,0.000713,0.0,335,Secondary Influencer (Akun Penggerak)
deluxe_melissa,@deluxe_melissa,1,5,6,0.006186,0.001031,0.005155,1.3e-05,0.004124,0.000859,0.0,212,Secondary Influencer (Akun Penggerak)
tanyakanrl,@tanyakanrl,5,0,5,0.005155,0.005155,0.0,4e-05,0.005613,0.003137,0.0,9,Target Sink (Akun Rujukan Keluhan)
multibank_io,@multibank_io,2,3,5,0.005155,0.002062,0.003093,3.8e-05,0.005613,0.001521,0.0,56,Secondary Influencer (Akun Penggerak)
tanyarlfes,@tanyarlfes,5,0,5,0.005155,0.005155,0.0,3e-05,0.005302,0.00344,0.0,123,Target Sink (Akun Rujukan Keluhan)
AjuntamentVLC,@AjuntamentVLC,0,5,5,0.005155,0.0,0.005155,2.1e-05,0.005155,0.000713,0.0,254,Secondary Influencer (Akun Penggerak)
Marshabeara9x2,@Marshabeara9x2,0,5,5,0.005155,0.0,0.005155,2.1e-05,0.005155,0.000713,0.0,261,Secondary Influencer (Akun Penggerak)
banten_pemprov,@banten_pemprov,1,4,5,0.005155,0.001031,0.004124,6e-06,0.003093,0.000905,0.0,94,Secondary Influencer (Akun Penggerak)
direktoridosen,@direktoridosen,0,4,4,0.004124,0.0,0.004124,0.001236,0.027914,0.000713,0.0,5,Opinion Broker (Jembatan Diskursus)
bbiiyaya,@bbiiyaya,0,4,4,0.004124,0.0,0.004124,0.000549,0.027155,0.000713,0.0,5,Secondary Influencer (Akun Penggerak)
kenzowijay46299,@kenzowijay46299,0,4,4,0.004124,0.0,0.004124,2.6e-05,0.004124,0.000713,0.0,44,Secondary Influencer (Akun Penggerak)
eisbedog,@eisbedog,0,4,4,0.004124,0.0,0.004124,1.6e-05,0.004296,0.000713,0.0,185,Secondary Influencer (Akun Penggerak)
Giziiii21,@Giziiii21,0,4,4,0.004124,0.0,0.004124,1.3e-05,0.004124,0.000713,0.0,3,Secondary Influencer (Akun Penggerak)
ctrlaltdel_77,@ctrlaltdel_77,0,4,4,0.004124,0.0,0.004124,1.3e-05,0.004124,0.000713,0.0,37,Secondary Influencer (Akun Penggerak)
LambeSahamjja,@LambeSahamjja,4,0,4,0.004124,0.004124,0.0,1.3e-05,0.004124,0.003137,0.0,58,Target Sink (Akun Rujukan Keluhan)
Turu748392,@Turu748392,0,4,4,0.004124,0.0,0.004124,1.3e-05,0.004124,0.000713,0.0,75,Secondary Influencer (Akun Penggerak)
HimaGiziUhamka,@HimaGiziUhamka,1,3,4,0.004124,0.001031,0.003093,2e-06,0.002062,0.000995,0.0,106,Secondary Influencer (Akun Penggerak)
mbgtoken,@mbgtoken,0,3,3,0.003093,0.0,0.003093,2.3e-05,0.004592,0.000713,0.0,56,Secondary Influencer (Akun Penggerak)
Makaryo0,@Makaryo0,3,0,3,0.003093,0.003093,0.0,1.7e-05,0.003682,0.001925,0.0,27,Target Sink (Akun Rujukan Keluhan)
AlientoGratis,@AlientoGratis,0,3,3,0.003093,0.0,0.003093,1.1e-05,0.003299,0.000713,0.0,184,Secondary Influencer (Akun Penggerak)
itbfess_x,@itbfess_x,3,0,3,0.003093,0.003093,0.0,9e-06,0.003299,0.002071,0.333333,144,Target Sink (Akun Rujukan Keluhan)
888MBG,@888MBG,0,3,3,0.003093,0.0,0.003093,6e-06,0.003093,0.000713,0.0,21,Secondary Influencer (Akun Penggerak)
MeIlngar,@MeIlngar,0,3,3,0.003093,0.0,0.003093,6e-06,0.003093,0.000713,0.0,83,Secondary Influencer (Akun Penggerak)
Jennywasright,@Jennywasright,0,3,3,0.003093,0.0,0.003093,6e-06,0.003093,0.000713,0.0,102,Secondary Influencer (Akun Penggerak)
kodohutu,@kodohutu,0,3,3,0.003093,0.0,0.003093,6e-06,0.003093,0.000713,0.0,188,Secondary Influencer (Akun Penggerak)
marcomout,@marcomout,0,3,3,0.003093,0.0,0.003093,6e-06,0.003093,0.000713,0.0,198,Secondary Influencer (Akun Penggerak)
andreamatalinar,@andreamatalinar,0,3,3,0.003093,0.0,0.003093,6e-06,0.003093,0.000713,0.0,202,Secondary Influencer (Akun Penggerak)
crespo_val20160,@crespo_val20160,0,3,3,0.003093,0.0,0.003093,6e-06,0.003093,0.000713,0.0,211,Secondary Influencer (Akun Penggerak)
Eb68098,@Eb68098,0,3,3,0.003093,0.0,0.003093,6e-06,0.003093,0.000713,0.0,213,Secondary Influencer (Akun Penggerak)
voz_populi,@voz_populi,1,2,3,0.003093,0.001031,0.002062,6e-06,0.003093,0.001319,0.0,232,Secondary Influencer (Akun Penggerak)
muziekcafe_,@muziekcafe_,0,3,3,0.003093,0.0,0.003093,6e-06,0.003093,0.000713,0.0,239,Secondary Influencer (Akun Penggerak)
Aemer_,@Aemer_,0,3,3,0.003093,0.0,0.003093,6e-06,0.003093,0.000713,0.0,291,Secondary Influencer (Akun Penggerak)
SECSundayShow,@SECSundayShow,0,3,3,0.003093,0.0,0.003093,6e-06,0.003093,0.000713,0.0,333,Secondary Influencer (Akun Penggerak)
msbb_id,@msbb_id,1,2,3,0.003093,0.001031,0.002062,0.0,0.001031,0.00124,0.0,231,Secondary Influencer (Akun Penggerak)
gibran_tweet,@gibran_tweet,2,0,2,0.002062,0.002062,0.0,0.000543,0.021753,0.001728,0.0,5,Peripheral Citizen (Warganet Biasa)
xquitavee,@xquitavee,1,1,2,0.002062,0.001031,0.001031,0.000366,0.017741,0.001016,0.0,5,Peripheral Citizen (Warganet Biasa)
Rhym03,@Rhym03,0,2,2,0.002062,0.0,0.002062,0.000366,0.026971,0.000713,0.0,5,Peripheral Citizen (Warganet Biasa)
bangpoerslalu,@bangpoerslalu,0,2,2,0.002062,0.0,0.002062,0.000185,0.014922,0.000713,0.0,5,Peripheral Citizen (Warganet Biasa)
RaidenKevin17,@RaidenKevin17,2,0,2,0.002062,0.002062,0.0,0.000185,0.021519,0.001405,0.0,5,Peripheral Citizen (Warganet Biasa)
Jelli_cent,@Jelli_cent,1,1,2,0.002062,0.001031,0.001031,0.000185,0.020954,0.001016,0.0,5,Peripheral Citizen (Warganet Biasa)
unmagnetism,@unmagnetism,2,0,2,0.002062,0.002062,0.0,0.000185,0.027341,0.001333,0.0,61,Peripheral Citizen (Warganet Biasa)
iz_fad,@iz_fad,0,2,2,0.002062,0.0,0.002062,0.000185,0.02679,0.000713,0.0,5,Peripheral Citizen (Warganet Biasa)
dosenkesmas,@dosenkesmas,2,0,2,0.002062,0.002062,0.0,0.000185,0.021519,0.00147,0.0,5,Peripheral Citizen (Warganet Biasa)
sjafriesjams,@sjafriesjams,2,0,2,0.002062,0.002062,0.0,4.5e-05,0.022115,0.000886,0.0,5,Peripheral Citizen (Warganet Biasa)
Capitalisborju,@Capitalisborju,0,2,2,0.002062,0.0,0.002062,3.4e-05,0.009311,0.000713,0.0,16,Peripheral Citizen (Warganet Biasa)
C_OnielJKT48,@C_OnielJKT48,2,0,2,0.002062,0.002062,0.0,1.7e-05,0.003711,0.001167,0.0,44,Peripheral Citizen (Warganet Biasa)
graciasworld_,@graciasworld_,0,2,2,0.002062,0.0,0.002062,1.3e-05,0.003886,0.000713,0.0,9,Peripheral Citizen (Warganet Biasa)
KiraAyunda73114,@KiraAyunda73114,0,2,2,0.002062,0.0,0.002062,1.3e-05,0.003886,0.000713,0.0,9,Peripheral Citizen (Warganet Biasa)
oelmaoel,@oelmaoel,0,2,2,0.002062,0.0,0.002062,1.1e-05,0.002855,0.000713,0.0,44,Peripheral Citizen (Warganet Biasa)
susan_amelia46,@susan_amelia46,0,2,2,0.002062,0.0,0.002062,1.1e-05,0.003711,0.000713,0.0,123,Peripheral Citizen (Warganet Biasa)
sijidw,@sijidw,0,2,2,0.002062,0.0,0.002062,9e-06,0.002864,0.000713,0.0,27,Peripheral Citizen (Warganet Biasa)
hunter_tnok,@hunter_tnok,2,0,2,0.002062,0.002062,0.0,9e-06,0.002749,0.001319,0.0,48,Peripheral Citizen (Warganet Biasa)
aibikh,@aibikh,0,2,2,0.002062,0.0,0.002062,9e-06,0.002864,0.000713,0.0,27,Peripheral Citizen (Warganet Biasa)
deelicato,@deelicato,0,2,2,0.002062,0.0,0.002062,6e-06,0.002356,0.000713,0.0,48,Peripheral Citizen (Warganet Biasa)
haryfahrain,@haryfahrain,0,2,2,0.002062,0.0,0.002062,6e-06,0.002749,0.000713,0.0,144,Peripheral Citizen (Warganet Biasa)
PalomaValenciaL,@PalomaValenciaL,2,0,2,0.002062,0.002062,0.0,6e-06,0.002749,0.001521,0.0,184,Peripheral Citizen (Warganet Biasa)
iyaudah_iyadeh,@iyaudah_iyadeh,0,2,2,0.002062,0.0,0.002062,6e-06,0.002356,0.000713,0.0,48,Peripheral Citizen (Warganet Biasa)
wondunge,@wondunge,2,0,2,0.002062,0.002062,0.0,4e-06,0.00232,0.001622,0.0,47,Peripheral Citizen (Warganet Biasa)
Rooseno16,@Rooseno16,0,2,2,0.002062,0.0,0.002062,4e-06,0.00232,0.000713,0.0,59,Peripheral Citizen (Warganet Biasa)
KapudS640,@KapudS640,2,0,2,0.002062,0.002062,0.0,4e-06,0.00232,0.001622,0.0,59,Peripheral Citizen (Warganet Biasa)
Arnikaaa7,@Arnikaaa7,0,2,2,0.002062,0.0,0.002062,4e-06,0.00232,0.000713,0.0,76,Peripheral Citizen (Warganet Biasa)
ARSIPAJA,@ARSIPAJA,2,0,2,0.002062,0.002062,0.0,4e-06,0.00232,0.001622,0.0,76,Peripheral Citizen (Warganet Biasa)
DivHumas_Polri,@DivHumas_Polri,2,0,2,0.002062,0.002062,0.0,4e-06,0.00232,0.001622,0.0,101,Peripheral Citizen (Warganet Biasa)
idn_app,@idn_app,0,2,2,0.002062,0.0,0.002062,4e-06,0.00232,0.000713,0.0,113,Peripheral Citizen (Warganet Biasa)
CErine_JKT48,@CErine_JKT48,2,0,2,0.002062,0.002062,0.0,4e-06,0.00232,0.001622,0.0,113,Peripheral Citizen (Warganet Biasa)
rerawon,@rerawon,0,2,2,0.002062,0.0,0.002062,4e-06,0.00232,0.000713,0.0,152,Peripheral Citizen (Warganet Biasa)
arieparikesit,@arieparikesit,1,1,2,0.002062,0.001031,0.001031,4e-06,0.00232,0.001016,0.0,152,Peripheral Citizen (Warganet Biasa)
Naandaa27,@Naandaa27,0,2,2,0.002062,0.0,0.002062,4e-06,0.00232,0.000713,0.0,101,Peripheral Citizen (Warganet Biasa)
pecintaanabul,@pecintaanabul,1,1,2,0.002062,0.001031,0.001031,4e-06,0.00232,0.001016,0.0,285,Peripheral Citizen (Warganet Biasa)
xtzmou,@xtzmou,0,2,2,0.002062,0.0,0.002062,4e-06,0.00232,0.000713,0.0,285,Peripheral Citizen (Warganet Biasa)
hanichaan28,@hanichaan28,0,2,2,0.002062,0.0,0.002062,4e-06,0.00232,0.000713,0.0,312,Peripheral Citizen (Warganet Biasa)
naturemood_,@naturemood_,2,0,2,0.002062,0.002062,0.0,4e-06,0.00232,0.001622,0.0,312,Peripheral Citizen (Warganet Biasa)
_jnwonwoo,@_jnwonwoo,0,2,2,0.002062,0.0,0.002062,4e-06,0.00232,0.000713,0.0,47,Peripheral Citizen (Warganet Biasa)
meridian_agent,@meridian_agent,2,0,2,0.002062,0.002062,0.0,3e-06,0.003222,0.001167,0.0,185,Peripheral Citizen (Warganet Biasa)
0xyunss,@0xyunss,2,0,2,0.002062,0.002062,0.0,3e-06,0.003222,0.001167,0.0,185,Peripheral Citizen (Warganet Biasa)
Sekjebn,@Sekjebn,2,0,2,0.002062,0.002062,0.0,2e-06,0.002062,0.001925,0.0,0,Peripheral Citizen (Warganet Biasa)
SussySusanti9,@SussySusanti9,0,2,2,0.002062,0.0,0.002062,2e-06,0.002062,0.000713,0.0,7,Peripheral Citizen (Warganet Biasa)
DudeRafay60339,@DudeRafay60339,2,0,2,0.002062,0.002062,0.0,2e-06,0.002062,0.001925,0.0,11,Peripheral Citizen (Warganet Biasa)
TKawekas,@TKawekas,0,2,2,0.002062,0.0,0.002062,2e-06,0.002062,0.000713,0.0,14,Peripheral Citizen (Warganet Biasa)
SpacesFolios,@SpacesFolios,2,0,2,0.002062,0.002062,0.0,2e-06,0.002062,0.001925,0.0,23,Peripheral Citizen (Warganet Biasa)
danskuss,@danskuss,2,0,2,0.002062,0.002062,0.0,2e-06,0.002062,0.001925,0.0,26,Peripheral Citizen (Warganet Biasa)
040Fitri84093,@040Fitri84093,0,2,2,0.002062,0.0,0.002062,2e-06,0.002062,0.000713,0.0,33,Peripheral Citizen (Warganet Biasa)
jseongnara29,@jseongnara29,0,2,2,0.002062,0.0,0.002062,2e-06,0.002062,0.000713,0.0,46,Peripheral Citizen (Warganet Biasa)
moonlyheeesunie,@moonlyheeesunie,0,2,2,0.002062,0.0,0.002062,2e-06,0.002062,0.000713,0.0,52,Peripheral Citizen (Warganet Biasa)
SusahDicari_01,@SusahDicari_01,0,2,2,0.002062,0.0,0.002062,2e-06,0.002062,0.000713,0.0,60,Peripheral Citizen (Warganet Biasa)
mukaikhlas,@mukaikhlas,1,1,2,0.002062,0.001031,0.001031,2e-06,0.002062,0.001319,0.0,64,Peripheral Citizen (Warganet Biasa)
arrahmah,@arrahmah,0,2,2,0.002062,0.0,0.002062,2e-06,0.002062,0.000713,0.0,93,Peripheral Citizen (Warganet Biasa)
Txtdariiugm,@Txtdariiugm,2,0,2,0.002062,0.002062,0.0,2e-06,0.002062,0.001925,0.0,99,Peripheral Citizen (Warganet Biasa)
MariaAlkaff_,@MariaAlkaff_,0,2,2,0.002062,0.0,0.002062,2e-06,0.002062,0.000713,0.0,100,Peripheral Citizen (Warganet Biasa)
Yozgat_gizi,@Yozgat_gizi,0,2,2,0.002062,0.0,0.002062,2e-06,0.002062,0.000713,0.0,103,Peripheral Citizen (Warganet Biasa)
liaasister,@liaasister,0,2,2,0.002062,0.0,0.002062,2e-06,0.002062,0.000713,0.0,115,Peripheral Citizen (Warganet Biasa)
tir_mcdohll,@tir_mcdohll,2,0,2,0.002062,0.002062,0.0,2e-06,0.002062,0.001925,0.0,116,Peripheral Citizen (Warganet Biasa)
wfr3104,@wfr3104,2,0,2,0.002062,0.002062,0.0,2e-06,0.002062,0.001925,0.0,118,Peripheral Citizen (Warganet Biasa)
rince_life,@rince_life,0,2,2,0.002062,0.0,0.002062,2e-06,0.002062,0.000713,0.0,122,Peripheral Citizen (Warganet Biasa)
martinayosevina,@martinayosevina,0,2,2,0.002062,0.0,0.002062,2e-06,0.002062,0.000713,0.0,125,Peripheral Citizen (Warganet Biasa)
bckupacc99,@bckupacc99,2,0,2,0.002062,0.002062,0.0,2e-06,0.002062,0.001925,0.0,131,Peripheral Citizen (Warganet Biasa)
G_minton,@G_minton,2,0,2,0.002062,0.002062,0.0,2e-06,0.002062,0.001925,0.0,132,Peripheral Citizen (Warganet Biasa)
Alarsszz,@Alarsszz,1,1,2,0.002062,0.001031,0.001031,2e-06,0.002062,0.001319,0.0,141,Peripheral Citizen (Warganet Biasa)
ira_ndni,@ira_ndni,0,2,2,0.002062,0.0,0.002062,2e-06,0.002062,0.000713,0.0,142,Peripheral Citizen (Warganet Biasa)
hrdbacot,@hrdbacot,2,0,2,0.002062,0.002062,0.0,2e-06,0.002062,0.001925,0.0,162,Peripheral Citizen (Warganet Biasa)
NamakuAbby,@NamakuAbby,0,2,2,0.002062,0.0,0.002062,2e-06,0.002062,0.000713,0.0,174,Peripheral Citizen (Warganet Biasa)
arguwz,@arguwz,0,2,2,0.002062,0.0,0.002062,2e-06,0.002062,0.000713,0.0,181,Peripheral Citizen (Warganet Biasa)
sneuperdokkum,@sneuperdokkum,0,2,2,0.002062,0.0,0.002062,2e-06,0.002062,0.000713,0.0,182,Peripheral Citizen (Warganet Biasa)
yvette_yvette19,@yvette_yvette19,0,2,2,0.002062,0.0,0.002062,2e-06,0.002062,0.000713,0.0,187,Peripheral Citizen (Warganet Biasa)
bender_great_83,@bender_great_83,0,2,2,0.002062,0.0,0.002062,2e-06,0.002062,0.000713,0.0,201,Peripheral Citizen (Warganet Biasa)
sentiCrysalis,@sentiCrysalis,0,2,2,0.002062,0.0,0.002062,2e-06,0.002062,0.000713,0.0,204,Peripheral Citizen (Warganet Biasa)
SaGo_S7,@SaGo_S7,0,2,2,0.002062,0.0,0.002062,2e-06,0.002062,0.000713,0.0,207,Peripheral Citizen (Warganet Biasa)
FamilieB3,@FamilieB3,0,2,2,0.002062,0.0,0.002062,2e-06,0.002062,0.000713,0.0,223,Peripheral Citizen (Warganet Biasa)
iannzits,@iannzits,0,2,2,0.002062,0.0,0.002062,2e-06,0.002062,0.000713,0.0,229,Peripheral Citizen (Warganet Biasa)
silviaPiriz17,@silviaPiriz17,0,2,2,0.002062,0.0,0.002062,2e-06,0.002062,0.000713,0.0,238,Peripheral Citizen (Warganet Biasa)
Vigoalminuto,@Vigoalminuto,0,2,2,0.002062,0.0,0.002062,2e-06,0.002062,0.000713,0.0,242,Peripheral Citizen (Warganet Biasa)
cryptondo,@cryptondo,0,2,2,0.002062,0.0,0.002062,2e-06,0.002062,0.000713,0.0,248,Peripheral Citizen (Warganet Biasa)
Oekoenergie_Red,@Oekoenergie_Red,0,2,2,0.002062,0.0,0.002062,2e-06,0.002062,0.000713,0.0,252,Peripheral Citizen (Warganet Biasa)
AytoParla,@AytoParla,0,2,2,0.002062,0.0,0.002062,2e-06,0.002062,0.000713,0.0,255,Peripheral Citizen (Warganet Biasa)
jazbie15,@jazbie15,0,2,2,0.002062,0.0,0.002062,2e-06,0.002062,0.000713,0.0,259,Peripheral Citizen (Warganet Biasa)
ShandyTrida,@ShandyTrida,0,2,2,0.002062,0.0,0.002062,2e-06,0.002062,0.000713,0.0,266,Peripheral Citizen (Warganet Biasa)
bingungtrs_,@bingungtrs_,2,0,2,0.002062,0.002062,0.0,2e-06,0.002062,0.001925,0.0,269,Peripheral Citizen (Warganet Biasa)
Hokben03,@Hokben03,0,2,2,0.002062,0.0,0.002062,2e-06,0.002062,0.000713,0.0,276,Peripheral Citizen (Warganet Biasa)
yappingfess,@yappingfess,2,0,2,0.002062,0.002062,0.0,2e-06,0.002062,0.001925,0.0,277,Peripheral Citizen (Warganet Biasa)
HermanSporty7,@HermanSporty7,0,2,2,0.002062,0.0,0.002062,2e-06,0.002062,0.000713,0.0,296,Peripheral Citizen (Warganet Biasa)
panoramaindomie,@panoramaindomie,0,2,2,0.002062,0.0,0.002062,2e-06,0.002062,0.000713,0.0,297,Peripheral Citizen (Warganet Biasa)
fleursbee,@fleursbee,2,0,2,0.002062,0.002062,0.0,2e-06,0.002062,0.001925,0.0,299,Peripheral Citizen (Warganet Biasa)
mentally_eels_,@mentally_eels_,0,2,2,0.002062,0.0,0.002062,2e-06,0.002062,0.000713,0.0,301,Peripheral Citizen (Warganet Biasa)
corcuriosus,@corcuriosus,0,2,2,0.002062,0.0,0.002062,2e-06,0.002062,0.000713,0.0,306,Peripheral Citizen (Warganet Biasa)
masaya_npm,@masaya_npm,0,2,2,0.002062,0.0,0.002062,2e-06,0.002062,0.000713,0.0,317,Peripheral Citizen (Warganet Biasa)
elfasza,@elfasza,0,2,2,0.002062,0.0,0.002062,2e-06,0.002062,0.000713,0.0,320,Peripheral Citizen (Warganet Biasa)
SofyanpanjiA,@SofyanpanjiA,0,2,2,0.002062,0.0,0.002062,1e-06,0.002577,0.000713,0.0,185,Peripheral Citizen (Warganet Biasa)
bonapasogit24,@bonapasogit24,2,0,2,0.002062,0.002062,0.0,0.0,0.009028,0.000817,1.0,16,Peripheral Citizen (Warganet Biasa)
trihhh14,@trihhh14,2,0,2,0.002062,0.002062,0.0,0.0,0.009028,0.000817,1.0,16,Peripheral Citizen (Warganet Biasa)
branjangankawat,@branjangankawat,2,0,2,0.002062,0.002062,0.0,0.0,0.009028,0.000817,1.0,16,Peripheral Citizen (Warganet Biasa)
tokaidirecycle,@tokaidirecycle,2,0,2,0.002062,0.002062,0.0,0.0,0.009028,0.000817,1.0,16,Peripheral Citizen (Warganet Biasa)
DestaMega27,@DestaMega27,2,0,2,0.002062,0.002062,0.0,0.0,0.009028,0.000817,1.0,16,Peripheral Citizen (Warganet Biasa)
wiyantokdr54,@wiyantokdr54,2,0,2,0.002062,0.002062,0.0,0.0,0.009028,0.000817,1.0,16,Peripheral Citizen (Warganet Biasa)
NusantaraJaya26,@NusantaraJaya26,2,0,2,0.002062,0.002062,0.0,0.0,0.009028,0.000817,1.0,16,Peripheral Citizen (Warganet Biasa)
YosAditya61,@YosAditya61,2,0,2,0.002062,0.002062,0.0,0.0,0.009028,0.000817,1.0,16,Peripheral Citizen (Warganet Biasa)
HafsaHerma41994,@HafsaHerma41994,2,0,2,0.002062,0.002062,0.0,0.0,0.009028,0.000817,1.0,16,Peripheral Citizen (Warganet Biasa)
mikuroQ,@mikuroQ,2,0,2,0.002062,0.002062,0.0,0.0,0.009028,0.000817,1.0,16,Peripheral Citizen (Warganet Biasa)
Asuka49043105,@Asuka49043105,2,0,2,0.002062,0.002062,0.0,0.0,0.009028,0.000817,1.0,16,Peripheral Citizen (Warganet Biasa)
fahmanSaja,@fahmanSaja,2,0,2,0.002062,0.002062,0.0,0.0,0.009028,0.000817,1.0,16,Peripheral Citizen (Warganet Biasa)
riyadisugeng167,@riyadisugeng167,2,0,2,0.002062,0.002062,0.0,0.0,0.009028,0.000817,1.0,16,Peripheral Citizen (Warganet Biasa)
Jediimar,@Jediimar,2,0,2,0.002062,0.002062,0.0,0.0,0.009028,0.000817,1.0,16,Peripheral Citizen (Warganet Biasa)
signewsx,@signewsx,1,1,2,0.002062,0.001031,0.001031,0.0,0.0,0.004573,0.0,78,Peripheral Citizen (Warganet Biasa)
c0rtisean,@c0rtisean,1,1,2,0.002062,0.001031,0.001031,0.0,0.0,0.004573,0.0,86,Peripheral Citizen (Warganet Biasa)
KompasTV,@KompasTV,1,1,2,0.002062,0.001031,0.001031,0.0,0.0,0.004573,0.0,96,Peripheral Citizen (Warganet Biasa)
bersucuregurl,@bersucuregurl,1,1,2,0.002062,0.001031,0.001031,0.0,0.0,0.004573,0.0,104,Peripheral Citizen (Warganet Biasa)
AlterTimeSK,@AlterTimeSK,1,1,2,0.002062,0.001031,0.001031,0.0,0.0,0.004573,0.0,193,Peripheral Citizen (Warganet Biasa)
ovacionweb,@ovacionweb,1,1,2,0.002062,0.001031,0.001031,0.0,0.0,0.004573,0.0,199,Peripheral Citizen (Warganet Biasa)
ULTIMAHORAENX,@ULTIMAHORAENX,1,1,2,0.002062,0.001031,0.001031,0.0,0.0,0.004573,0.0,226,Peripheral Citizen (Warganet Biasa)
AnaliticaId,@AnaliticaId,1,1,2,0.002062,0.001031,0.001031,0.0,0.0,0.004573,0.0,233,Peripheral Citizen (Warganet Biasa)
Like4star,@Like4star,1,1,2,0.002062,0.001031,0.001031,0.0,0.0,0.004573,0.0,235,Peripheral Citizen (Warganet Biasa)
CDeporteTV,@CDeporteTV,1,1,2,0.002062,0.001031,0.001031,0.0,0.0,0.004573,0.0,244,Peripheral Citizen (Warganet Biasa)
HumanAI_Tech,@HumanAI_Tech,1,1,2,0.002062,0.001031,0.001031,0.0,0.0,0.004573,0.0,253,Peripheral Citizen (Warganet Biasa)
nyinteee,@nyinteee,1,2,2,0.002062,0.001031,0.002062,0.0,0.002356,0.00124,1.0,144,Peripheral Citizen (Warganet Biasa)
initial_LS,@initial_LS,1,2,2,0.002062,0.001031,0.002062,0.0,0.002356,0.00124,1.0,144,Peripheral Citizen (Warganet Biasa)
ayyubi1127108,@ayyubi1127108,0,1,1,0.001031,0.0,0.001031,0.0,0.001375,0.000713,0.0,0,Peripheral Citizen (Warganet Biasa)
azzundip,@azzundip,0,1,1,0.001031,0.0,0.001031,0.0,0.001031,0.000713,0.0,1,Peripheral Citizen (Warganet Biasa)
cintamiyamin,@cintamiyamin,1,0,1,0.001031,0.001031,0.0,0.0,0.001031,0.001319,0.0,1,Peripheral Citizen (Warganet Biasa)
hapycbyf,@hapycbyf,0,1,1,0.001031,0.0,0.001031,0.0,0.001031,0.000713,0.0,2,Peripheral Citizen (Warganet Biasa)
spicygumbear,@spicygumbear,1,0,1,0.001031,0.001031,0.0,0.0,0.001031,0.001319,0.0,2,Peripheral Citizen (Warganet Biasa)
The911onABC,@The911onABC,1,0,1,0.001031,0.001031,0.0,0.0,0.002356,0.000864,0.0,3,Peripheral Citizen (Warganet Biasa)
katrinrienks,@katrinrienks,0,1,1,0.001031,0.0,0.001031,0.0,0.001031,0.000713,0.0,4,Peripheral Citizen (Warganet Biasa)
denni_sauya,@denni_sauya,1,0,1,0.001031,0.001031,0.0,0.0,0.001031,0.001319,0.0,4,Peripheral Citizen (Warganet Biasa)
txtdrimedia,@txtdrimedia,1,0,1,0.001031,0.001031,0.0,0.0,0.012835,0.001016,0.0,5,Peripheral Citizen (Warganet Biasa)
levelupyourss,@levelupyourss,0,1,1,0.001031,0.0,0.001031,0.0,0.001031,0.000713,0.0,6,Peripheral Citizen (Warganet Biasa)
abbangz,@abbangz,1,0,1,0.001031,0.001031,0.0,0.0,0.001031,0.001319,0.0,6,Peripheral Citizen (Warganet Biasa)
KaZep7,@KaZep7,1,0,1,0.001031,0.001031,0.0,0.0,0.001375,0.001016,0.0,7,Peripheral Citizen (Warganet Biasa)
narkosun,@narkosun,1,0,1,0.001031,0.001031,0.0,0.0,0.001375,0.001016,0.0,7,Peripheral Citizen (Warganet Biasa)
SauloLinsFreir1,@SauloLinsFreir1,1,0,1,0.001031,0.001031,0.0,0.0,0.005426,0.000773,0.0,8,Peripheral Citizen (Warganet Biasa)
misteriouspavao,@misteriouspavao,1,0,1,0.001031,0.001031,0.0,0.0,0.005426,0.000773,0.0,8,Peripheral Citizen (Warganet Biasa)
HaileeNicole03,@HaileeNicole03,1,0,1,0.001031,0.001031,0.0,0.0,0.002356,0.000864,0.0,3,Peripheral Citizen (Warganet Biasa)
RyliverUpdates,@RyliverUpdates,1,0,1,0.001031,0.001031,0.0,0.0,0.002356,0.000864,0.0,3,Peripheral Citizen (Warganet Biasa)
DreamItFRR7,@DreamItFRR7,1,0,1,0.001031,0.001031,0.0,0.0,0.002356,0.000864,0.0,3,Peripheral Citizen (Warganet Biasa)
pamcosta21,@pamcosta21,1,0,1,0.001031,0.001031,0.0,0.0,0.005426,0.000773,0.0,8,Peripheral Citizen (Warganet Biasa)
lateniteyap,@lateniteyap,0,1,1,0.001031,0.0,0.001031,0.0,0.003368,0.000713,0.0,9,Peripheral Citizen (Warganet Biasa)
byryull,@byryull,0,1,1,0.001031,0.0,0.001031,0.0,0.001031,0.000713,0.0,10,Peripheral Citizen (Warganet Biasa)
ryulmaniaz,@ryulmaniaz,1,0,1,0.001031,0.001031,0.0,0.0,0.001031,0.001319,0.0,10,Peripheral Citizen (Warganet Biasa)
preman69691,@preman69691,0,1,1,0.001031,0.0,0.001031,0.0,0.001375,0.000713,0.0,11,Peripheral Citizen (Warganet Biasa)
junghwcan,@junghwcan,0,1,1,0.001031,0.0,0.001031,0.0,0.001031,0.000713,0.0,12,Peripheral Citizen (Warganet Biasa)
minjeonug,@minjeonug,1,0,1,0.001031,0.001031,0.0,0.0,0.001031,0.001319,0.0,12,Peripheral Citizen (Warganet Biasa)
DianRavi,@DianRavi,0,1,1,0.001031,0.0,0.001031,0.0,0.001031,0.000713,0.0,13,Peripheral Citizen (Warganet Biasa)
kudanielbintik,@kudanielbintik,1,0,1,0.001031,0.001031,0.0,0.0,0.001031,0.001319,0.0,13,Peripheral Citizen (Warganet Biasa)
daryllno4h,@daryllno4h,1,0,1,0.001031,0.001031,0.0,0.0,0.001375,0.001016,0.0,14,Peripheral Citizen (Warganet Biasa)
Verun_000,@Verun_000,1,0,1,0.001031,0.001031,0.0,0.0,0.001375,0.001016,0.0,14,Peripheral Citizen (Warganet Biasa)
IDeph13,@IDeph13,0,1,1,0.001031,0.0,0.001031,0.0,0.017431,0.000713,0.0,5,Peripheral Citizen (Warganet Biasa)
camisa10sci,@camisa10sci,1,0,1,0.001031,0.001031,0.0,0.0,0.005426,0.000773,0.0,8,Peripheral Citizen (Warganet Biasa)
Kell_cristineR,@Kell_cristineR,1,0,1,0.001031,0.001031,0.0,0.0,0.005426,0.000773,0.0,8,Peripheral Citizen (Warganet Biasa)
anniestandersen,@anniestandersen,1,0,1,0.001031,0.001031,0.0,0.0,0.005426,0.000773,0.0,8,Peripheral Citizen (Warganet Biasa)
BolsonaroSP,@BolsonaroSP,1,0,1,0.001031,0.001031,0.0,0.0,0.005426,0.000773,0.0,8,Peripheral Citizen (Warganet Biasa)
TheInterceptBr,@TheInterceptBr,1,0,1,0.001031,0.001031,0.0,0.0,0.005426,0.000773,0.0,8,Peripheral Citizen (Warganet Biasa)
fanserine48,@fanserine48,0,1,1,0.001031,0.0,0.001031,0.0,0.001375,0.000713,0.0,0,Peripheral Citizen (Warganet Biasa)
AsliDongo,@AsliDongo,0,1,1,0.001031,0.0,0.001031,0.0,0.001031,0.000713,0.0,17,Peripheral Citizen (Warganet Biasa)
aimr0d,@aimr0d,1,0,1,0.001031,0.001031,0.0,0.0,0.001031,0.001319,0.0,17,Peripheral Citizen (Warganet Biasa)
langitygbiru7,@langitygbiru7,0,1,1,0.001031,0.0,0.001031,0.0,0.027435,0.000713,0.0,5,Peripheral Citizen (Warganet Biasa)
JoniStrak01,@JoniStrak01,0,1,1,0.001031,0.0,0.001031,0.0,0.027435,0.000713,0.0,5,Peripheral Citizen (Warganet Biasa)
citogog,@citogog,0,1,1,0.001031,0.0,0.001031,0.0,0.001031,0.000713,0.0,18,Peripheral Citizen (Warganet Biasa)
Duren___,@Duren___,1,0,1,0.001031,0.001031,0.0,0.0,0.001031,0.001319,0.0,18,Peripheral Citizen (Warganet Biasa)
naniesiahidayah,@naniesiahidayah,0,1,1,0.001031,0.0,0.001031,0.0,0.001031,0.000713,0.0,19,Peripheral Citizen (Warganet Biasa)
avocadowaa,@avocadowaa,1,0,1,0.001031,0.001031,0.0,0.0,0.001031,0.001319,0.0,19,Peripheral Citizen (Warganet Biasa)
Hendy74039,@Hendy74039,0,1,1,0.001031,0.0,0.001031,0.0,0.001031,0.000713,0.0,20,Peripheral Citizen (Warganet Biasa)
LexMarteg,@LexMarteg,1,0,1,0.001031,0.001031,0.0,0.0,0.001031,0.001319,0.0,20,Peripheral Citizen (Warganet Biasa)
WesleyHuntTX,@WesleyHuntTX,1,0,1,0.001031,0.001031,0.0,0.0,0.001856,0.000915,0.0,21,Peripheral Citizen (Warganet Biasa)
karimNoo12,@karimNoo12,0,1,1,0.001031,0.0,0.001031,0.0,0.001031,0.000713,0.0,22,Peripheral Citizen (Warganet Biasa)
Y_CynthiaJKT48,@Y_CynthiaJKT48,1,0,1,0.001031,0.001031,0.0,0.0,0.001031,0.001319,0.0,22,Peripheral Citizen (Warganet Biasa)
Khuhua,@Khuhua,0,1,1,0.001031,0.0,0.001031,0.0,0.001375,0.000713,0.0,23,Peripheral Citizen (Warganet Biasa)
Profokiev,@Profokiev,0,1,1,0.001031,0.0,0.001031,0.0,0.001031,0.000713,0.0,24,Peripheral Citizen (Warganet Biasa)
zenitrova,@zenitrova,1,0,1,0.001031,0.001031,0.0,0.0,0.001031,0.001319,0.0,24,Peripheral Citizen (Warganet Biasa)
RekjanS,@RekjanS,0,1,1,0.001031,0.0,0.001031,0.0,0.001031,0.000713,0.0,25,Peripheral Citizen (Warganet Biasa)
FayaAtika,@FayaAtika,1,0,1,0.001031,0.001031,0.0,0.0,0.001031,0.001319,0.0,25,Peripheral Citizen (Warganet Biasa)
anindyabelle,@anindyabelle,0,1,1,0.001031,0.0,0.001031,0.0,0.001375,0.000713,0.0,26,Peripheral Citizen (Warganet Biasa)
asbackretack,@asbackretack,0,1,1,0.001031,0.0,0.001031,0.0,0.002343,0.000713,0.0,27,Peripheral Citizen (Warganet Biasa)
rizalxharun,@rizalxharun,1,0,1,0.001031,0.001031,0.0,0.0,0.001983,0.001016,0.0,27,Peripheral Citizen (Warganet Biasa)
menbrrr,@menbrrr,0,1,1,0.001031,0.0,0.001031,0.0,0.001031,0.000713,0.0,28,Peripheral Citizen (Warganet Biasa)
fiif_ardani,@fiif_ardani,1,0,1,0.001031,0.001031,0.0,0.0,0.001031,0.001319,0.0,28,Peripheral Citizen (Warganet Biasa)
_Nikolicious,@_Nikolicious,0,1,1,0.001031,0.0,0.001031,0.0,0.001031,0.000713,0.0,29,Peripheral Citizen (Warganet Biasa)
xongra56latione,@xongra56latione,1,0,1,0.001031,0.001031,0.0,0.0,0.001031,0.001319,0.0,29,Peripheral Citizen (Warganet Biasa)
sabtudepan,@sabtudepan,0,1,1,0.001031,0.0,0.001031,0.0,0.001031,0.000713,0.0,30,Peripheral Citizen (Warganet Biasa)
xAvellesch,@xAvellesch,1,0,1,0.001031,0.001031,0.0,0.0,0.001031,0.001319,0.0,30,Peripheral Citizen (Warganet Biasa)
ziyaay111226212,@ziyaay111226212,0,1,1,0.001031,0.0,0.001031,0.0,0.001031,0.000713,0.0,31,Peripheral Citizen (Warganet Biasa)
Sarangkusayang,@Sarangkusayang,1,0,1,0.001031,0.001031,0.0,0.0,0.001031,0.001319,0.0,31,Peripheral Citizen (Warganet Biasa)
canmenita,@canmenita,0,1,1,0.001031,0.0,0.001031,0.0,0.001031,0.000713,0.0,32,Peripheral Citizen (Warganet Biasa)
kuyngnim,@kuyngnim,1,0,1,0.001031,0.001031,0.0,0.0,0.001031,0.001319,0.0,32,Peripheral Citizen (Warganet Biasa)
alwaysNanAd_,@alwaysNanAd_,1,0,1,0.001031,0.001031,0.0,0.0,0.001375,0.001016,0.0,33,Peripheral Citizen (Warganet Biasa)
zynjinie_,@zynjinie_,1,0,1,0.001031,0.001031,0.0,0.0,0.001375,0.001016,0.0,33,Peripheral Citizen (Warganet Biasa)
jjuberockin,@jjuberockin,0,1,1,0.001031,0.0,0.001031,0.0,0.001031,0.000713,0.0,34,Peripheral Citizen (Warganet Biasa)
xxaegle,@xxaegle,1,0,1,0.001031,0.001031,0.0,0.0,0.001031,0.001319,0.0,34,Peripheral Citizen (Warganet Biasa)
DPR_RI,@DPR_RI,1,0,1,0.001031,0.001031,0.0,0.0,0.021403,0.000799,0.0,5,Peripheral Citizen (Warganet Biasa)
MPR,@MPR,1,0,1,0.001031,0.001031,0.0,0.0,0.021403,0.000799,0.0,5,Peripheral Citizen (Warganet Biasa)
Gerindra,@Gerindra,1,0,1,0.001031,0.001031,0.0,0.0,0.021403,0.000799,0.0,5,Peripheral Citizen (Warganet Biasa)
bang_dasco,@bang_dasco,1,0,1,0.001031,0.001031,0.0,0.0,0.021403,0.000799,0.0,5,Peripheral Citizen (Warganet Biasa)
AriFleischer,@AriFleischer,1,0,1,0.001031,0.001031,0.0,0.0,0.001856,0.000915,0.0,21,Peripheral Citizen (Warganet Biasa)
igt_hast2prast,@igt_hast2prast,0,1,1,0.001031,0.0,0.001031,0.0,0.001031,0.000713,0.0,35,Peripheral Citizen (Warganet Biasa)
otaknyakonslet,@otaknyakonslet,1,0,1,0.001031,0.001031,0.0,0.0,0.001031,0.001319,0.0,35,Peripheral Citizen (Warganet Biasa)
Leifisherman,@Leifisherman,0,1,1,0.001031,0.0,0.001031,0.0,0.001031,0.000713,0.0,36,Peripheral Citizen (Warganet Biasa)
Hidupsebagai62,@Hidupsebagai62,1,0,1,0.001031,0.001031,0.0,0.0,0.001031,0.001319,0.0,36,Peripheral Citizen (Warganet Biasa)
naiotnayrad,@naiotnayrad,1,0,1,0.001031,0.001031,0.0,0.0,0.002356,0.000864,0.0,37,Peripheral Citizen (Warganet Biasa)
geofisi21994,@geofisi21994,1,0,1,0.001031,0.001031,0.0,0.0,0.002356,0.000864,0.0,37,Peripheral Citizen (Warganet Biasa)
pamboodi,@pamboodi,1,0,1,0.001031,0.001031,0.0,0.0,0.002356,0.000864,0.0,37,Peripheral Citizen (Warganet Biasa)
Gate_76,@Gate_76,1,0,1,0.001031,0.001031,0.0,0.0,0.002356,0.000864,0.0,37,Peripheral Citizen (Warganet Biasa)
jeymire_,@jeymire_,0,1,1,0.001031,0.0,0.001031,0.0,0.001031,0.000713,0.0,38,Peripheral Citizen (Warganet Biasa)
jahrarubyjaraa,@jahrarubyjaraa,1,0,1,0.001031,0.001031,0.0,0.0,0.001031,0.001319,0.0,38,Peripheral Citizen (Warganet Biasa)
EricLDaugh,@EricLDaugh,1,0,1,0.001031,0.001031,0.0,0.0,0.001856,0.000915,0.0,21,Peripheral Citizen (Warganet Biasa)
EpicRifqi,@EpicRifqi,0,1,1,0.001031,0.0,0.001031,0.0,0.001031,0.000713,0.0,39,Peripheral Citizen (Warganet Biasa)
kompascom,@kompascom,1,0,1,0.001031,0.001031,0.0,0.0,0.001031,0.001319,0.0,39,Peripheral Citizen (Warganet Biasa)
Xint_elvira05,@Xint_elvira05,0,1,1,0.001031,0.0,0.001031,0.0,0.001031,0.000713,0.0,40,Peripheral Citizen (Warganet Biasa)
vespamatic96,@vespamatic96,1,0,1,0.001031,0.001031,0.0,0.0,0.001031,0.001319,0.0,40,Peripheral Citizen (Warganet Biasa)
Ryan_Ramirez,@Ryan_Ramirez,0,1,1,0.001031,0.0,0.001031,0.0,0.001031,0.000713,0.0,41,Peripheral Citizen (Warganet Biasa)
MiskinTV_,@MiskinTV_,1,0,1,0.001031,0.001031,0.0,0.0,0.001031,0.001319,0.0,41,Peripheral Citizen (Warganet Biasa)
Yurifications_,@Yurifications_,0,1,1,0.001031,0.0,0.001031,0.0,0.001031,0.000713,0.0,42,Peripheral Citizen (Warganet Biasa)
Aqua_Tako,@Aqua_Tako,1,0,1,0.001031,0.001031,0.0,0.0,0.001031,0.001319,0.0,42,Peripheral Citizen (Warganet Biasa)
AvocadomiL,@AvocadomiL,0,1,1,0.001031,0.0,0.001031,0.0,0.001031,0.000713,0.0,43,Peripheral Citizen (Warganet Biasa)
cozyaltruis,@cozyaltruis,1,0,1,0.001031,0.001031,0.0,0.0,0.001031,0.001319,0.0,43,Peripheral Citizen (Warganet Biasa)
MuhamadNasir_79,@MuhamadNasir_79,0,1,1,0.001031,0.0,0.001031,0.0,0.027435,0.000713,0.0,5,Peripheral Citizen (Warganet Biasa)
A_LuluJKT48,@A_LuluJKT48,1,0,1,0.001031,0.001031,0.0,0.0,0.002062,0.001016,0.0,44,Peripheral Citizen (Warganet Biasa)
Aho_Serval,@Aho_Serval,1,1,1,0.001031,0.001031,0.001031,0.0,0.001031,0.004573,0.0,45,Peripheral Citizen (Warganet Biasa)
Nessss_02,@Nessss_02,1,1,1,0.001031,0.001031,0.001031,0.0,0.001031,0.004573,0.0,45,Peripheral Citizen (Warganet Biasa)
lheeseungily_,@lheeseungily_,1,0,1,0.001031,0.001031,0.0,0.0,0.001375,0.001016,0.0,46,Peripheral Citizen (Warganet Biasa)
lopjaywon,@lopjaywon,1,0,1,0.001031,0.001031,0.0,0.0,0.001375,0.001016,0.0,46,Peripheral Citizen (Warganet Biasa)
bicepsmingyu,@bicepsmingyu,0,1,1,0.001031,0.0,0.001031,0.0,0.001546,0.000713,0.0,47,Peripheral Citizen (Warganet Biasa)
Jefferyyyyy,@Jefferyyyyy,1,0,1,0.001031,0.001031,0.0,0.0,0.001649,0.001016,0.0,48,Peripheral Citizen (Warganet Biasa)
zellechao,@zellechao,0,1,1,0.001031,0.0,0.001031,0.0,0.001031,0.000713,0.0,49,Peripheral Citizen (Warganet Biasa)
rsloav,@rsloav,1,0,1,0.001031,0.001031,0.0,0.0,0.001031,0.001319,0.0,49,Peripheral Citizen (Warganet Biasa)
4ssahongsam,@4ssahongsam,0,1,1,0.001031,0.0,0.001031,0.0,0.001031,0.000713,0.0,50,Peripheral Citizen (Warganet Biasa)
13_iwaN,@13_iwaN,1,0,1,0.001031,0.001031,0.0,0.0,0.001031,0.001319,0.0,50,Peripheral Citizen (Warganet Biasa)
aksukadiskon,@aksukadiskon,0,1,1,0.001031,0.0,0.001031,0.0,0.001031,0.000713,0.0,51,Peripheral Citizen (Warganet Biasa)
kimmyexp,@kimmyexp,1,0,1,0.001031,0.001031,0.0,0.0,0.001031,0.001319,0.0,51,Peripheral Citizen (Warganet Biasa)
_ikkeunapp,@_ikkeunapp,1,0,1,0.001031,0.001031,0.0,0.0,0.001375,0.001016,0.0,52,Peripheral Citizen (Warganet Biasa)
Byll_Upg,@Byll_Upg,0,1,1,0.001031,0.0,0.001031,0.0,0.001031,0.000713,0.0,53,Peripheral Citizen (Warganet Biasa)
BarisanPemudaRI,@BarisanPemudaRI,1,0,1,0.001031,0.001031,0.0,0.0,0.001031,0.001319,0.0,53,Peripheral Citizen (Warganet Biasa)
IOS_GrizlyWolf,@IOS_GrizlyWolf,0,1,1,0.001031,0.0,0.001031,0.0,0.001375,0.000713,0.0,26,Peripheral Citizen (Warganet Biasa)
baymax911,@baymax911,0,1,1,0.001031,0.0,0.001031,0.0,0.001031,0.000713,0.0,54,Peripheral Citizen (Warganet Biasa)
neesannisaa,@neesannisaa,1,0,1,0.001031,0.001031,0.0,0.0,0.001031,0.001319,0.0,54,Peripheral Citizen (Warganet Biasa)
kelambang,@kelambang,0,1,1,0.001031,0.0,0.001031,0.0,0.001031,0.000713,0.0,55,Peripheral Citizen (Warganet Biasa)
SobatUwu,@SobatUwu,1,0,1,0.001031,0.001031,0.0,0.0,0.001031,0.001319,0.0,55,Peripheral Citizen (Warganet Biasa)
teedubya,@teedubya,1,0,1,0.001031,0.001031,0.0,0.0,0.003368,0.001144,0.0,56,Peripheral Citizen (Warganet Biasa)
Zak_mbg,@Zak_mbg,1,0,1,0.001031,0.001031,0.0,0.0,0.003368,0.001144,0.0,56,Peripheral Citizen (Warganet Biasa)
Bitpanda,@Bitpanda,1,0,1,0.001031,0.001031,0.0,0.0,0.002971,0.000915,0.0,56,Peripheral Citizen (Warganet Biasa)
MultiBankGroup,@MultiBankGroup,1,0,1,0.001031,0.001031,0.0,0.0,0.002971,0.000915,0.0,56,Peripheral Citizen (Warganet Biasa)
juraganasset,@juraganasset,0,1,1,0.001031,0.0,0.001031,0.0,0.026612,0.000713,0.0,5,Peripheral Citizen (Warganet Biasa)
MBGtoken,@MBGtoken,1,0,1,0.001031,0.001031,0.0,0.0,0.003368,0.001144,0.0,56,Peripheral Citizen (Warganet Biasa)
EvoXHQ,@EvoXHQ,0,1,1,0.001031,0.0,0.001031,0.0,0.001031,0.000713,0.0,57,Peripheral Citizen (Warganet Biasa)
pon_beer_mbg,@pon_beer_mbg,1,0,1,0.001031,0.001031,0.0,0.0,0.001031,0.001319,0.0,57,Peripheral Citizen (Warganet Biasa)
kemenkeu,@kemenkeu,1,0,1,0.001031,0.001031,0.0,0.0,0.020954,0.000864,0.0,5,Peripheral Citizen (Warganet Biasa)
bpkri,@bpkri,1,0,1,0.001031,0.001031,0.0,0.0,0.020954,0.000864,0.0,5,Peripheral Citizen (Warganet Biasa)
KejaksaanRI,@KejaksaanRI,1,0,1,0.001031,0.001031,0.0,0.0,0.020954,0.000864,0.0,5,Peripheral Citizen (Warganet Biasa)
0dicta,@0dicta,0,1,1,0.001031,0.0,0.001031,0.0,0.002356,0.000713,0.0,58,Peripheral Citizen (Warganet Biasa)
jeanhanji,@jeanhanji,1,0,1,0.001031,0.001031,0.0,0.0,0.001546,0.001016,0.0,59,Peripheral Citizen (Warganet Biasa)
PutraMataSatu,@PutraMataSatu,1,0,1,0.001031,0.001031,0.0,0.0,0.001375,0.001016,0.0,60,Peripheral Citizen (Warganet Biasa)
msaid_didu,@msaid_didu,1,0,1,0.001031,0.001031,0.0,0.0,0.001375,0.001016,0.0,60,Peripheral Citizen (Warganet Biasa)
shehzaezen,@shehzaezen,0,1,1,0.001031,0.0,0.001031,0.0,0.021065,0.000713,0.0,61,Peripheral Citizen (Warganet Biasa)
kurniawanaghil,@kurniawanaghil,0,1,1,0.001031,0.0,0.001031,0.0,0.026612,0.000713,0.0,5,Peripheral Citizen (Warganet Biasa)
apatisgelap,@apatisgelap,0,1,1,0.001031,0.0,0.001031,0.0,0.001031,0.000713,0.0,62,Peripheral Citizen (Warganet Biasa)
tuanmudazuhri,@tuanmudazuhri,1,0,1,0.001031,0.001031,0.0,0.0,0.001031,0.001319,0.0,62,Peripheral Citizen (Warganet Biasa)
MBGLucas,@MBGLucas,0,1,1,0.001031,0.0,0.001031,0.0,0.001031,0.000713,0.0,63,Peripheral Citizen (Warganet Biasa)
therealbuni,@therealbuni,1,0,1,0.001031,0.001031,0.0,0.0,0.001031,0.001319,0.0,63,Peripheral Citizen (Warganet Biasa)
barcastuff_idn,@barcastuff_idn,1,0,1,0.001031,0.001031,0.0,0.0,0.001375,0.001834,0.0,64,Peripheral Citizen (Warganet Biasa)
xiaotingiee,@xiaotingiee,0,1,1,0.001031,0.0,0.001031,0.0,0.001031,0.000713,0.0,65,Peripheral Citizen (Warganet Biasa)
TllorVenus,@TllorVenus,1,0,1,0.001031,0.001031,0.0,0.0,0.001031,0.001319,0.0,65,Peripheral Citizen (Warganet Biasa)
vanphetamine,@vanphetamine,0,1,1,0.001031,0.0,0.001031,0.0,0.001031,0.000713,0.0,66,Peripheral Citizen (Warganet Biasa)
burjerQUEEN,@burjerQUEEN,1,0,1,0.001031,0.001031,0.0,0.0,0.001031,0.001319,0.0,66,Peripheral Citizen (Warganet Biasa)
real__1993,@real__1993,0,1,1,0.001031,0.0,0.001031,0.0,0.001031,0.000713,0.0,67,Peripheral Citizen (Warganet Biasa)
official_IMETU,@official_IMETU,1,0,1,0.001031,0.001031,0.0,0.0,0.001031,0.001319,0.0,67,Peripheral Citizen (Warganet Biasa)
luckytsar,@luckytsar,0,1,1,0.001031,0.0,0.001031,0.0,0.026612,0.000713,0.0,5,Peripheral Citizen (Warganet Biasa)
HSoekma23,@HSoekma23,1,0,1,0.001031,0.001031,0.0,0.0,0.027155,0.000727,0.0,61,Peripheral Citizen (Warganet Biasa)
unpwettygurl,@unpwettygurl,0,1,1,0.001031,0.0,0.001031,0.0,0.001031,0.000713,0.0,68,Peripheral Citizen (Warganet Biasa)
naikkaki,@naikkaki,1,0,1,0.001031,0.001031,0.0,0.0,0.001031,0.001319,0.0,68,Peripheral Citizen (Warganet Biasa)
ganjarpranowo,@ganjarpranowo,1,0,1,0.001031,0.001031,0.0,0.0,0.017059,0.001577,0.0,5,Peripheral Citizen (Warganet Biasa)
kirimminji,@kirimminji,0,1,1,0.001031,0.0,0.001031,0.0,0.001031,0.000713,0.0,69,Peripheral Citizen (Warganet Biasa)
haarxto,@haarxto,1,0,1,0.001031,0.001031,0.0,0.0,0.001031,0.001319,0.0,69,Peripheral Citizen (Warganet Biasa)
Choco_CakeGirl,@Choco_CakeGirl,0,1,1,0.001031,0.0,0.001031,0.0,0.001031,0.000713,0.0,70,Peripheral Citizen (Warganet Biasa)
lufcentt,@lufcentt,1,0,1,0.001031,0.001031,0.0,0.0,0.001031,0.001319,0.0,70,Peripheral Citizen (Warganet Biasa)
cecanssizzle,@cecanssizzle,0,1,1,0.001031,0.0,0.001031,0.0,0.001031,0.000713,0.0,71,Peripheral Citizen (Warganet Biasa)
eatsimple_x,@eatsimple_x,1,0,1,0.001031,0.001031,0.0,0.0,0.001031,0.001319,0.0,71,Peripheral Citizen (Warganet Biasa)
UNinIndonesia,@UNinIndonesia,0,1,1,0.001031,0.0,0.001031,0.0,0.001031,0.000713,0.0,72,Peripheral Citizen (Warganet Biasa)
FAO,@FAO,1,0,1,0.001031,0.001031,0.0,0.0,0.001031,0.001319,0.0,72,Peripheral Citizen (Warganet Biasa)
chronictides,@chronictides,0,1,1,0.001031,0.0,0.001031,0.0,0.001031,0.000713,0.0,73,Peripheral Citizen (Warganet Biasa)
JunonYaoi,@JunonYaoi,1,0,1,0.001031,0.001031,0.0,0.0,0.001031,0.001319,0.0,73,Peripheral Citizen (Warganet Biasa)
KRjogjadotcom,@KRjogjadotcom,0,1,1,0.001031,0.0,0.001031,0.0,0.001031,0.000713,0.0,74,Peripheral Citizen (Warganet Biasa)
KemenkesRI,@KemenkesRI,1,0,1,0.001031,0.001031,0.0,0.0,0.001031,0.001319,0.0,74,Peripheral Citizen (Warganet Biasa)
HaryaWee,@HaryaWee,1,0,1,0.001031,0.001031,0.0,0.0,0.002356,0.000864,0.0,75,Peripheral Citizen (Warganet Biasa)
ANDIJaya490011,@ANDIJaya490011,1,0,1,0.001031,0.001031,0.0,0.0,0.002356,0.000864,0.0,75,Peripheral Citizen (Warganet Biasa)
ren_tonggg,@ren_tonggg,1,0,1,0.001031,0.001031,0.0,0.0,0.002356,0.000864,0.0,75,Peripheral Citizen (Warganet Biasa)
BANGSAygSUJUD,@BANGSAygSUJUD,1,0,1,0.001031,0.001031,0.0,0.0,0.002356,0.000864,0.0,75,Peripheral Citizen (Warganet Biasa)
mengendog,@mengendog,1,0,1,0.001031,0.001031,0.0,0.0,0.001546,0.001016,0.0,76,Peripheral Citizen (Warganet Biasa)
keisthoughts,@keisthoughts,0,1,1,0.001031,0.0,0.001031,0.0,0.001031,0.000713,0.0,77,Peripheral Citizen (Warganet Biasa)
Diary7268742469,@Diary7268742469,1,0,1,0.001031,0.001031,0.0,0.0,0.001031,0.001319,0.0,77,Peripheral Citizen (Warganet Biasa)
ekowboy2,@ekowboy2,1,0,1,0.001031,0.001031,0.0,0.0,0.020736,0.001016,0.0,5,Peripheral Citizen (Warganet Biasa)
yeyonjunm,@yeyonjunm,0,1,1,0.001031,0.0,0.001031,0.0,0.001031,0.000713,0.0,79,Peripheral Citizen (Warganet Biasa)
ppetalscsbn,@ppetalscsbn,1,0,1,0.001031,0.001031,0.0,0.0,0.001031,0.001319,0.0,79,Peripheral Citizen (Warganet Biasa)
qiyukithes,@qiyukithes,0,1,1,0.001031,0.0,0.001031,0.0,0.001031,0.000713,0.0,80,Peripheral Citizen (Warganet Biasa)
kakcaleb,@kakcaleb,1,0,1,0.001031,0.001031,0.0,0.0,0.001031,0.001319,0.0,80,Peripheral Citizen (Warganet Biasa)
meliacomels,@meliacomels,0,1,1,0.001031,0.0,0.001031,0.0,0.001031,0.000713,0.0,81,Peripheral Citizen (Warganet Biasa)
araalfarc,@araalfarc,1,0,1,0.001031,0.001031,0.0,0.0,0.001031,0.001319,0.0,81,Peripheral Citizen (Warganet Biasa)
xxbunitoxx,@xxbunitoxx,0,1,1,0.001031,0.0,0.001031,0.0,0.001031,0.000713,0.0,82,Peripheral Citizen (Warganet Biasa)
hyulryul,@hyulryul,1,0,1,0.001031,0.001031,0.0,0.0,0.001031,0.001319,0.0,82,Peripheral Citizen (Warganet Biasa)
Aeroleth,@Aeroleth,1,0,1,0.001031,0.001031,0.0,0.0,0.001856,0.000915,0.0,83,Peripheral Citizen (Warganet Biasa)
rosyyzls,@rosyyzls,0,1,1,0.001031,0.0,0.001031,0.0,0.001031,0.000713,0.0,84,Peripheral Citizen (Warganet Biasa)
rosyluluzi,@rosyluluzi,1,0,1,0.001031,0.001031,0.0,0.0,0.001031,0.001319,0.0,84,Peripheral Citizen (Warganet Biasa)
AzureMandsager,@AzureMandsager,0,1,1,0.001031,0.0,0.001031,0.0,0.001031,0.000713,0.0,85,Peripheral Citizen (Warganet Biasa)
chomeiyeo,@chomeiyeo,1,0,1,0.001031,0.001031,0.0,0.0,0.001031,0.001319,0.0,85,Peripheral Citizen (Warganet Biasa)
kisscatto,@kisscatto,0,1,1,0.001031,0.0,0.001031,0.0,0.001031,0.000713,0.0,87,Peripheral Citizen (Warganet Biasa)
Burgeohn,@Burgeohn,1,0,1,0.001031,0.001031,0.0,0.0,0.001031,0.001319,0.0,87,Peripheral Citizen (Warganet Biasa)
annebolleyn_,@annebolleyn_,0,1,1,0.001031,0.0,0.001031,0.0,0.001031,0.000713,0.0,88,Peripheral Citizen (Warganet Biasa)
norihaya_,@norihaya_,1,0,1,0.001031,0.001031,0.0,0.0,0.001031,0.001319,0.0,88,Peripheral Citizen (Warganet Biasa)
AvelinoGuido28,@AvelinoGuido28,0,1,1,0.001031,0.0,0.001031,0.0,0.001031,0.000713,0.0,89,Peripheral Citizen (Warganet Biasa)
tempodotco,@tempodotco,1,0,1,0.001031,0.001031,0.0,0.0,0.001031,0.001319,0.0,89,Peripheral Citizen (Warganet Biasa)
paulus_pebria,@paulus_pebria,0,1,1,0.001031,0.0,0.001031,0.0,0.001031,0.000713,0.0,90,Peripheral Citizen (Warganet Biasa)
eleanorr234,@eleanorr234,1,0,1,0.001031,0.001031,0.0,0.0,0.001031,0.001319,0.0,90,Peripheral Citizen (Warganet Biasa)
aurahoki9_,@aurahoki9_,0,1,1,0.001031,0.0,0.001031,0.0,0.001031,0.000713,0.0,91,Peripheral Citizen (Warganet Biasa)
henzzid,@henzzid,1,0,1,0.001031,0.001031,0.0,0.0,0.001031,0.001319,0.0,91,Peripheral Citizen (Warganet Biasa)
Natha66962444,@Natha66962444,0,1,1,0.001031,0.0,0.001031,0.0,0.001031,0.000713,0.0,92,Peripheral Citizen (Warganet Biasa)
susno2g,@susno2g,1,0,1,0.001031,0.001031,0.0,0.0,0.001031,0.001319,0.0,92,Peripheral Citizen (Warganet Biasa)
arrahmahdotid,@arrahmahdotid,1,0,1,0.001031,0.001031,0.0,0.0,0.001375,0.001016,0.0,93,Peripheral Citizen (Warganet Biasa)
arrahmah_id,@arrahmah_id,1,0,1,0.001031,0.001031,0.0,0.0,0.001375,0.001016,0.0,93,Peripheral Citizen (Warganet Biasa)
pemerintahprovinsibanten,@pemerintahprovinsibanten,1,0,1,0.001031,0.001031,0.0,0.0,0.001856,0.000905,0.0,94,Peripheral Citizen (Warganet Biasa)
pemprovbanten,@pemprovbanten,1,0,1,0.001031,0.001031,0.0,0.0,0.001856,0.000905,0.0,94,Peripheral Citizen (Warganet Biasa)
bantenprov,@bantenprov,1,0,1,0.001031,0.001031,0.0,0.0,0.001856,0.000905,0.0,94,Peripheral Citizen (Warganet Biasa)
kudanyeng1r_,@kudanyeng1r_,1,0,1,0.001031,0.001031,0.0,0.0,0.027155,0.000727,0.0,61,Peripheral Citizen (Warganet Biasa)
sosmedkeras,@sosmedkeras,0,1,1,0.001031,0.0,0.001031,0.0,0.001031,0.000713,0.0,95,Peripheral Citizen (Warganet Biasa)
ariessphoto,@ariessphoto,1,0,1,0.001031,0.001031,0.0,0.0,0.001031,0.001319,0.0,95,Peripheral Citizen (Warganet Biasa)
RicKY_KCh,@RicKY_KCh,0,1,1,0.001031,0.0,0.001031,0.0,0.026612,0.000713,0.0,5,Peripheral Citizen (Warganet Biasa)
FaGtng,@FaGtng,0,1,1,0.001031,0.0,0.001031,0.0,0.026612,0.000713,0.0,5,Peripheral Citizen (Warganet Biasa)
iPoopBased,@iPoopBased,1,0,1,0.001031,0.001031,0.0,0.0,0.021403,0.000864,0.0,5,Peripheral Citizen (Warganet Biasa)
merindukan07,@merindukan07,1,0,1,0.001031,0.001031,0.0,0.0,0.027155,0.000727,0.0,61,Peripheral Citizen (Warganet Biasa)
yaniarsim,@yaniarsim,1,0,1,0.001031,0.001031,0.0,0.0,0.027155,0.000727,0.0,61,Peripheral Citizen (Warganet Biasa)
Biskuitcoklat28,@Biskuitcoklat28,0,1,1,0.001031,0.0,0.001031,0.0,0.001031,0.000713,0.0,98,Peripheral Citizen (Warganet Biasa)
B3doel___,@B3doel___,1,0,1,0.001031,0.001031,0.0,0.0,0.001031,0.001319,0.0,98,Peripheral Citizen (Warganet Biasa)
rmbantitermul,@rmbantitermul,0,1,1,0.001031,0.0,0.001031,0.0,0.001375,0.000713,0.0,99,Peripheral Citizen (Warganet Biasa)
wilsonlimaslz,@wilsonlimaslz,1,0,1,0.001031,0.001031,0.0,0.0,0.005426,0.000773,0.0,8,Peripheral Citizen (Warganet Biasa)
reis_dos78287,@reis_dos78287,1,0,1,0.001031,0.001031,0.0,0.0,0.005426,0.000773,0.0,8,Peripheral Citizen (Warganet Biasa)
OmJ_J3Nggott,@OmJ_J3Nggott,1,0,1,0.001031,0.001031,0.0,0.0,0.001375,0.001016,0.0,100,Peripheral Citizen (Warganet Biasa)
Dsxxll5,@Dsxxll5,1,0,1,0.001031,0.001031,0.0,0.0,0.001375,0.001016,0.0,100,Peripheral Citizen (Warganet Biasa)
raraisya_1,@raraisya_1,0,1,1,0.001031,0.0,0.001031,0.0,0.001546,0.000713,0.0,101,Peripheral Citizen (Warganet Biasa)
Delynn_JKT48,@Delynn_JKT48,1,0,1,0.001031,0.001031,0.0,0.0,0.001856,0.000915,0.0,102,Peripheral Citizen (Warganet Biasa)
Greesel_JKT48,@Greesel_JKT48,1,0,1,0.001031,0.001031,0.0,0.0,0.001856,0.000915,0.0,102,Peripheral Citizen (Warganet Biasa)
yozgatfmtv,@yozgatfmtv,1,0,1,0.001031,0.001031,0.0,0.0,0.001375,0.001016,0.0,103,Peripheral Citizen (Warganet Biasa)
BeYumoi,@BeYumoi,0,1,1,0.001031,0.0,0.001031,0.0,0.001031,0.000713,0.0,105,Peripheral Citizen (Warganet Biasa)
jokowi,@jokowi,1,0,1,0.001031,0.001031,0.0,0.0,0.001031,0.001319,0.0,105,Peripheral Citizen (Warganet Biasa)
himagiziuhamka,@himagiziuhamka,1,0,1,0.001031,0.001031,0.0,0.0,0.001375,0.000995,0.0,106,Peripheral Citizen (Warganet Biasa)
efn5645e,@efn5645e,1,0,1,0.001031,0.001031,0.0,0.0,0.001375,0.000995,0.0,106,Peripheral Citizen (Warganet Biasa)
eMbahNyutz,@eMbahNyutz,1,0,1,0.001031,0.001031,0.0,0.0,0.027155,0.000727,0.0,61,Peripheral Citizen (Warganet Biasa)
toniheru,@toniheru,1,0,1,0.001031,0.001031,0.0,0.0,0.027155,0.000727,0.0,61,Peripheral Citizen (Warganet Biasa)
YudhaShanny2,@YudhaShanny2,0,1,1,0.001031,0.0,0.001031,0.0,0.001031,0.000713,0.0,107,Peripheral Citizen (Warganet Biasa)
CakArmuji,@CakArmuji,1,0,1,0.001031,0.001031,0.0,0.0,0.001031,0.001319,0.0,107,Peripheral Citizen (Warganet Biasa)
Siputty1,@Siputty1,0,1,1,0.001031,0.0,0.001031,0.0,0.026612,0.000713,0.0,5,Peripheral Citizen (Warganet Biasa)
Yunusakbaba1905,@Yunusakbaba1905,1,0,1,0.001031,0.001031,0.0,0.0,0.001375,0.001016,0.0,103,Peripheral Citizen (Warganet Biasa)
Navpem,@Navpem,0,1,1,0.001031,0.0,0.001031,0.0,0.001031,0.000713,0.0,108,Peripheral Citizen (Warganet Biasa)
nksthi,@nksthi,1,0,1,0.001031,0.001031,0.0,0.0,0.001031,0.001319,0.0,108,Peripheral Citizen (Warganet Biasa)
afrkml,@afrkml,0,1,1,0.001031,0.0,0.001031,0.0,0.001031,0.000713,0.0,109,Peripheral Citizen (Warganet Biasa)
tingtingtuing_,@tingtingtuing_,1,0,1,0.001031,0.001031,0.0,0.0,0.001031,0.001319,0.0,109,Peripheral Citizen (Warganet Biasa)
Puspen_TNI,@Puspen_TNI,1,0,1,0.001031,0.001031,0.0,0.0,0.021289,0.000799,0.0,5,Peripheral Citizen (Warganet Biasa)
Puspom_ad,@Puspom_ad,1,0,1,0.001031,0.001031,0.0,0.0,0.021289,0.000799,0.0,5,Peripheral Citizen (Warganet Biasa)
tni_ad,@tni_ad,1,0,1,0.001031,0.001031,0.0,0.0,0.021289,0.000799,0.0,5,Peripheral Citizen (Warganet Biasa)
_TNIAL_,@_TNIAL_,1,0,1,0.001031,0.001031,0.0,0.0,0.021289,0.000799,0.0,5,Peripheral Citizen (Warganet Biasa)
_TNIAU,@_TNIAU,1,0,1,0.001031,0.001031,0.0,0.0,0.021289,0.000799,0.0,5,Peripheral Citizen (Warganet Biasa)
saskiadina7,@saskiadina7,0,1,1,0.001031,0.0,0.001031,0.0,0.026612,0.000713,0.0,5,Peripheral Citizen (Warganet Biasa)
DedynurPalakka,@DedynurPalakka,1,1,1,0.001031,0.001031,0.001031,0.0,0.001031,0.004573,0.0,110,Peripheral Citizen (Warganet Biasa)
Arman_topbgt,@Arman_topbgt,1,1,1,0.001031,0.001031,0.001031,0.0,0.001031,0.004573,0.0,110,Peripheral Citizen (Warganet Biasa)
markyasoul,@markyasoul,0,1,1,0.001031,0.0,0.001031,0.0,0.001031,0.000713,0.0,111,Peripheral Citizen (Warganet Biasa)
cheettahlee,@cheettahlee,1,0,1,0.001031,0.001031,0.0,0.0,0.001031,0.001319,0.0,111,Peripheral Citizen (Warganet Biasa)
verl0x,@verl0x,0,1,1,0.001031,0.0,0.001031,0.0,0.001031,0.000713,0.0,112,Peripheral Citizen (Warganet Biasa)
bopo_jodhipati,@bopo_jodhipati,1,0,1,0.001031,0.001031,0.0,0.0,0.001031,0.001319,0.0,112,Peripheral Citizen (Warganet Biasa)
Rilly_JKT48,@Rilly_JKT48,1,0,1,0.001031,0.001031,0.0,0.0,0.001546,0.001016,0.0,113,Peripheral Citizen (Warganet Biasa)
txtfrommtiktok,@txtfrommtiktok,0,1,1,0.001031,0.0,0.001031,0.0,0.001031,0.000713,0.0,114,Peripheral Citizen (Warganet Biasa)
UTDFade,@UTDFade,1,0,1,0.001031,0.001031,0.0,0.0,0.001031,0.001319,0.0,114,Peripheral Citizen (Warganet Biasa)
P3gEl,@P3gEl,1,0,1,0.001031,0.001031,0.0,0.0,0.001375,0.001016,0.0,115,Peripheral Citizen (Warganet Biasa)
ronnyhenk1,@ronnyhenk1,1,0,1,0.001031,0.001031,0.0,0.0,0.001375,0.001016,0.0,115,Peripheral Citizen (Warganet Biasa)
adskals,@adskals,0,1,1,0.001031,0.0,0.001031,0.0,0.001375,0.000713,0.0,116,Peripheral Citizen (Warganet Biasa)
judyopiaa,@judyopiaa,0,1,1,0.001031,0.0,0.001031,0.0,0.001031,0.000713,0.0,117,Peripheral Citizen (Warganet Biasa)
chessefolkss,@chessefolkss,1,0,1,0.001031,0.001031,0.0,0.0,0.001031,0.001319,0.0,117,Peripheral Citizen (Warganet Biasa)
adzakael,@adzakael,0,1,1,0.001031,0.0,0.001031,0.0,0.001375,0.000713,0.0,118,Peripheral Citizen (Warganet Biasa)
rapp_yoongi,@rapp_yoongi,1,0,1,0.001031,0.001031,0.0,0.0,0.002659,0.001016,0.0,9,Peripheral Citizen (Warganet Biasa)
vandelavan,@vandelavan,0,1,1,0.001031,0.0,0.001031,0.0,0.001031,0.000713,0.0,119,Peripheral Citizen (Warganet Biasa)
daybyzak,@daybyzak,1,0,1,0.001031,0.001031,0.0,0.0,0.001031,0.001319,0.0,119,Peripheral Citizen (Warganet Biasa)
IsmauAlim,@IsmauAlim,0,1,1,0.001031,0.0,0.001031,0.0,0.001031,0.000713,0.0,120,Peripheral Citizen (Warganet Biasa)
Gendoet3G,@Gendoet3G,1,0,1,0.001031,0.001031,0.0,0.0,0.001031,0.001319,0.0,120,Peripheral Citizen (Warganet Biasa)
amateurgy,@amateurgy,0,1,1,0.001031,0.0,0.001031,0.0,0.001031,0.000713,0.0,121,Peripheral Citizen (Warganet Biasa)
hiitsteengirl,@hiitsteengirl,1,0,1,0.001031,0.001031,0.0,0.0,0.001031,0.001319,0.0,121,Peripheral Citizen (Warganet Biasa)
eLAmaravati,@eLAmaravati,1,0,1,0.001031,0.001031,0.0,0.0,0.001375,0.001016,0.0,122,Peripheral Citizen (Warganet Biasa)
peppreoni,@peppreoni,1,0,1,0.001031,0.001031,0.0,0.0,0.001375,0.001016,0.0,122,Peripheral Citizen (Warganet Biasa)
ranqueenie04,@ranqueenie04,0,1,1,0.001031,0.0,0.001031,0.0,0.003093,0.000713,0.0,123,Peripheral Citizen (Warganet Biasa)
tresmerveilleux,@tresmerveilleux,0,1,1,0.001031,0.0,0.001031,0.0,0.001031,0.000713,0.0,124,Peripheral Citizen (Warganet Biasa)
cigareaftrdeath,@cigareaftrdeath,1,0,1,0.001031,0.001031,0.0,0.0,0.001031,0.001319,0.0,124,Peripheral Citizen (Warganet Biasa)
FikRiddler,@FikRiddler,1,0,1,0.001031,0.001031,0.0,0.0,0.001375,0.001016,0.0,125,Peripheral Citizen (Warganet Biasa)
adanginyah,@adanginyah,1,0,1,0.001031,0.001031,0.0,0.0,0.001375,0.001016,0.0,125,Peripheral Citizen (Warganet Biasa)
amoebazoa_,@amoebazoa_,0,1,1,0.001031,0.0,0.001031,0.0,0.001031,0.000713,0.0,126,Peripheral Citizen (Warganet Biasa)
Arlecchinio,@Arlecchinio,1,0,1,0.001031,0.001031,0.0,0.0,0.001031,0.001319,0.0,126,Peripheral Citizen (Warganet Biasa)
kipyiksamgong,@kipyiksamgong,1,0,1,0.001031,0.001031,0.0,0.0,0.006207,0.001016,0.0,16,Peripheral Citizen (Warganet Biasa)
kiyomigummy,@kiyomigummy,0,1,1,0.001031,0.0,0.001031,0.0,0.001031,0.000713,0.0,127,Peripheral Citizen (Warganet Biasa)
Tenszchii,@Tenszchii,1,0,1,0.001031,0.001031,0.0,0.0,0.001031,0.001319,0.0,127,Peripheral Citizen (Warganet Biasa)
babyrfox,@babyrfox,0,1,1,0.001031,0.0,0.001031,0.0,0.001031,0.000713,0.0,128,Peripheral Citizen (Warganet Biasa)
Hanibon1004,@Hanibon1004,1,0,1,0.001031,0.001031,0.0,0.0,0.001031,0.001319,0.0,128,Peripheral Citizen (Warganet Biasa)
Hearts2INA,@Hearts2INA,0,1,1,0.001031,0.0,0.001031,0.0,0.001031,0.000713,0.0,129,Peripheral Citizen (Warganet Biasa)
Hearts2Hearts,@Hearts2Hearts,1,0,1,0.001031,0.001031,0.0,0.0,0.001031,0.001319,0.0,129,Peripheral Citizen (Warganet Biasa)
susueuno,@susueuno,0,1,1,0.001031,0.0,0.001031,0.0,0.001031,0.000713,0.0,130,Peripheral Citizen (Warganet Biasa)
thessnam,@thessnam,1,0,1,0.001031,0.001031,0.0,0.0,0.001031,0.001319,0.0,130,Peripheral Citizen (Warganet Biasa)
QNisa22,@QNisa22,0,1,1,0.001031,0.0,0.001031,0.0,0.001375,0.000713,0.0,131,Peripheral Citizen (Warganet Biasa)
febrixnx,@febrixnx,0,1,1,0.001031,0.0,0.001031,0.0,0.001375,0.000713,0.0,132,Peripheral Citizen (Warganet Biasa)
AryaB1172,@AryaB1172,0,1,1,0.001031,0.0,0.001031,0.0,0.001031,0.000713,0.0,133,Peripheral Citizen (Warganet Biasa)
Astro_Boy020,@Astro_Boy020,1,0,1,0.001031,0.001031,0.0,0.0,0.001031,0.001319,0.0,133,Peripheral Citizen (Warganet Biasa)
duraNOTace,@duraNOTace,0,1,1,0.001031,0.0,0.001031,0.0,0.001031,0.000713,0.0,134,Peripheral Citizen (Warganet Biasa)
sjfi_twider,@sjfi_twider,1,0,1,0.001031,0.001031,0.0,0.0,0.001031,0.001319,0.0,134,Peripheral Citizen (Warganet Biasa)
Callherfray,@Callherfray,0,1,1,0.001031,0.0,0.001031,0.0,0.001031,0.000713,0.0,135,Peripheral Citizen (Warganet Biasa)
Ccookk_,@Ccookk_,1,0,1,0.001031,0.001031,0.0,0.0,0.001031,0.001319,0.0,135,Peripheral Citizen (Warganet Biasa)
flwrm00n,@flwrm00n,0,1,1,0.001031,0.0,0.001031,0.0,0.001031,0.000713,0.0,136,Peripheral Citizen (Warganet Biasa)
bardanslm,@bardanslm,1,0,1,0.001031,0.001031,0.0,0.0,0.001031,0.001319,0.0,136,Peripheral Citizen (Warganet Biasa)
mmelisa0309,@mmelisa0309,0,1,1,0.001031,0.0,0.001031,0.0,0.001031,0.000713,0.0,137,Peripheral Citizen (Warganet Biasa)
hizwani,@hizwani,1,0,1,0.001031,0.001031,0.0,0.0,0.001031,0.001319,0.0,137,Peripheral Citizen (Warganet Biasa)
211_istp,@211_istp,0,1,1,0.001031,0.0,0.001031,0.0,0.001031,0.000713,0.0,138,Peripheral Citizen (Warganet Biasa)
chanheeehnahc,@chanheeehnahc,1,0,1,0.001031,0.001031,0.0,0.0,0.001031,0.001319,0.0,138,Peripheral Citizen (Warganet Biasa)
fishcrman,@fishcrman,0,1,1,0.001031,0.0,0.001031,0.0,0.001031,0.000713,0.0,139,Peripheral Citizen (Warganet Biasa)
galanntis,@galanntis,1,0,1,0.001031,0.001031,0.0,0.0,0.001031,0.001319,0.0,139,Peripheral Citizen (Warganet Biasa)
MFBonX,@MFBonX,0,1,1,0.001031,0.0,0.001031,0.0,0.001031,0.000713,0.0,140,Peripheral Citizen (Warganet Biasa)
Willi301001,@Willi301001,1,0,1,0.001031,0.001031,0.0,0.0,0.001031,0.001319,0.0,140,Peripheral Citizen (Warganet Biasa)
anggraenime,@anggraenime,1,0,1,0.001031,0.001031,0.0,0.0,0.001375,0.001834,0.0,141,Peripheral Citizen (Warganet Biasa)
doublesixbabe,@doublesixbabe,1,0,1,0.001031,0.001031,0.0,0.0,0.001375,0.001016,0.0,142,Peripheral Citizen (Warganet Biasa)
zeegot_,@zeegot_,1,0,1,0.001031,0.001031,0.0,0.0,0.001375,0.001016,0.0,142,Peripheral Citizen (Warganet Biasa)
bebekxpanda,@bebekxpanda,0,1,1,0.001031,0.0,0.001031,0.0,0.001031,0.000713,0.0,143,Peripheral Citizen (Warganet Biasa)
wwwteshow06,@wwwteshow06,1,0,1,0.001031,0.001031,0.0,0.0,0.001031,0.001319,0.0,143,Peripheral Citizen (Warganet Biasa)
notresponding02,@notresponding02,0,1,1,0.001031,0.0,0.001031,0.0,0.003093,0.000713,0.0,123,Peripheral Citizen (Warganet Biasa)
simply_err,@simply_err,1,0,1,0.001031,0.001031,0.0,0.0,0.001833,0.001016,0.0,144,Peripheral Citizen (Warganet Biasa)
Iam23853426,@Iam23853426,0,1,1,0.001031,0.0,0.001031,0.0,0.001031,0.000713,0.0,145,Peripheral Citizen (Warganet Biasa)
qrivasiii,@qrivasiii,1,0,1,0.001031,0.001031,0.0,0.0,0.001031,0.001319,0.0,145,Peripheral Citizen (Warganet Biasa)
mn_ji__,@mn_ji__,0,1,1,0.001031,0.0,0.001031,0.0,0.001031,0.000713,0.0,146,Peripheral Citizen (Warganet Biasa)
carbs_racha,@carbs_racha,1,0,1,0.001031,0.001031,0.0,0.0,0.001031,0.001319,0.0,146,Peripheral Citizen (Warganet Biasa)
vouzmoex,@vouzmoex,0,1,1,0.001031,0.0,0.001031,0.0,0.001375,0.000713,0.0,116,Peripheral Citizen (Warganet Biasa)
shavyre,@shavyre,0,1,1,0.001031,0.0,0.001031,0.0,0.001031,0.000713,0.0,147,Peripheral Citizen (Warganet Biasa)
ocilbetterthing,@ocilbetterthing,1,0,1,0.001031,0.001031,0.0,0.0,0.001031,0.001319,0.0,147,Peripheral Citizen (Warganet Biasa)
duchessutara,@duchessutara,0,1,1,0.001031,0.0,0.001031,0.0,0.001031,0.000713,0.0,148,Peripheral Citizen (Warganet Biasa)
asmaramerona,@asmaramerona,1,0,1,0.001031,0.001031,0.0,0.0,0.001031,0.001319,0.0,148,Peripheral Citizen (Warganet Biasa)
shughani06,@shughani06,0,1,1,0.001031,0.0,0.001031,0.0,0.001031,0.000713,0.0,149,Peripheral Citizen (Warganet Biasa)
ZS2129,@ZS2129,1,0,1,0.001031,0.001031,0.0,0.0,0.001031,0.001319,0.0,149,Peripheral Citizen (Warganet Biasa)
hellokyeomcute,@hellokyeomcute,0,1,1,0.001031,0.0,0.001031,0.0,0.003368,0.000713,0.0,9,Peripheral Citizen (Warganet Biasa)
hans_thetic,@hans_thetic,0,1,1,0.001031,0.0,0.001031,0.0,0.001031,0.000713,0.0,150,Peripheral Citizen (Warganet Biasa)
deeandra_naya,@deeandra_naya,1,0,1,0.001031,0.001031,0.0,0.0,0.001031,0.001319,0.0,150,Peripheral Citizen (Warganet Biasa)
persetukuan,@persetukuan,0,1,1,0.001031,0.0,0.001031,0.0,0.001031,0.000713,0.0,151,Peripheral Citizen (Warganet Biasa)
nyaw2yawn,@nyaw2yawn,1,0,1,0.001031,0.001031,0.0,0.0,0.001031,0.001319,0.0,151,Peripheral Citizen (Warganet Biasa)
frrnbtst246,@frrnbtst246,1,0,1,0.001031,0.001031,0.0,0.0,0.001546,0.001016,0.0,152,Peripheral Citizen (Warganet Biasa)
TengkuDTrace,@TengkuDTrace,0,1,1,0.001031,0.0,0.001031,0.0,0.001375,0.000713,0.0,118,Peripheral Citizen (Warganet Biasa)
tenmaoko,@tenmaoko,0,1,1,0.001031,0.0,0.001031,0.0,0.001031,0.000713,0.0,153,Peripheral Citizen (Warganet Biasa)
pentolanobuu,@pentolanobuu,1,0,1,0.001031,0.001031,0.0,0.0,0.001031,0.001319,0.0,153,Peripheral Citizen (Warganet Biasa)
JhHsCwF4_86,@JhHsCwF4_86,0,1,1,0.001031,0.0,0.001031,0.0,0.001375,0.000713,0.0,141,Peripheral Citizen (Warganet Biasa)
pchu2101,@pchu2101,0,1,1,0.001031,0.0,0.001031,0.0,0.003093,0.000713,0.0,123,Peripheral Citizen (Warganet Biasa)
4evrlostt,@4evrlostt,0,1,1,0.001031,0.0,0.001031,0.0,0.001031,0.000713,0.0,154,Peripheral Citizen (Warganet Biasa)
serenaderealm,@serenaderealm,1,0,1,0.001031,0.001031,0.0,0.0,0.001031,0.001319,0.0,154,Peripheral Citizen (Warganet Biasa)
Toto_B2W,@Toto_B2W,0,1,1,0.001031,0.0,0.001031,0.0,0.001031,0.000713,0.0,155,Peripheral Citizen (Warganet Biasa)
MasMenteri,@MasMenteri,1,0,1,0.001031,0.001031,0.0,0.0,0.001031,0.001319,0.0,155,Peripheral Citizen (Warganet Biasa)
secretciaaa,@secretciaaa,0,1,1,0.001031,0.0,0.001031,0.0,0.001031,0.000713,0.0,156,Peripheral Citizen (Warganet Biasa)
jastipelice,@jastipelice,1,0,1,0.001031,0.001031,0.0,0.0,0.001031,0.001319,0.0,156,Peripheral Citizen (Warganet Biasa)
zagitovaalinaa,@zagitovaalinaa,0,1,1,0.001031,0.0,0.001031,0.0,0.001031,0.000713,0.0,157,Peripheral Citizen (Warganet Biasa)
baseconvo,@baseconvo,1,0,1,0.001031,0.001031,0.0,0.0,0.001031,0.001319,0.0,157,Peripheral Citizen (Warganet Biasa)
rezzahabibie,@rezzahabibie,1,0,1,0.001031,0.001031,0.0,0.0,0.001856,0.000915,0.0,102,Peripheral Citizen (Warganet Biasa)
machalee26,@machalee26,0,1,1,0.001031,0.0,0.001031,0.0,0.001031,0.000713,0.0,158,Peripheral Citizen (Warganet Biasa)
Deliarhyu_,@Deliarhyu_,1,0,1,0.001031,0.001031,0.0,0.0,0.001031,0.001319,0.0,158,Peripheral Citizen (Warganet Biasa)
kukuhya,@kukuhya,0,1,1,0.001031,0.0,0.001031,0.0,0.001031,0.000713,0.0,159,Peripheral Citizen (Warganet Biasa)
ulasanwarga,@ulasanwarga,1,0,1,0.001031,0.001031,0.0,0.0,0.001031,0.001319,0.0,159,Peripheral Citizen (Warganet Biasa)
newwiesbear,@newwiesbear,0,1,1,0.001031,0.0,0.001031,0.0,0.001031,0.000713,0.0,160,Peripheral Citizen (Warganet Biasa)
daysadber,@daysadber,1,0,1,0.001031,0.001031,0.0,0.0,0.001031,0.001319,0.0,160,Peripheral Citizen (Warganet Biasa)
VisinemaID,@VisinemaID,0,1,1,0.001031,0.0,0.001031,0.0,0.001031,0.000713,0.0,161,Peripheral Citizen (Warganet Biasa)
RedaGaudiamo,@RedaGaudiamo,1,0,1,0.001031,0.001031,0.0,0.0,0.001031,0.001319,0.0,161,Peripheral Citizen (Warganet Biasa)
sakuinmypocket,@sakuinmypocket,0,1,1,0.001031,0.0,0.001031,0.0,0.001375,0.000713,0.0,162,Peripheral Citizen (Warganet Biasa)
wolfiesweettalk,@wolfiesweettalk,0,1,1,0.001031,0.0,0.001031,0.0,0.003093,0.000713,0.0,123,Peripheral Citizen (Warganet Biasa)
humeleceed,@humeleceed,0,1,1,0.001031,0.0,0.001031,0.0,0.001031,0.000713,0.0,163,Peripheral Citizen (Warganet Biasa)
kucinghilang_,@kucinghilang_,1,0,1,0.001031,0.001031,0.0,0.0,0.001031,0.001319,0.0,163,Peripheral Citizen (Warganet Biasa)
thranduilion,@thranduilion,0,1,1,0.001031,0.0,0.001031,0.0,0.001031,0.000713,0.0,164,Peripheral Citizen (Warganet Biasa)
azisanoor,@azisanoor,1,0,1,0.001031,0.001031,0.0,0.0,0.001031,0.001319,0.0,164,Peripheral Citizen (Warganet Biasa)
Polres_Kab_Bima,@Polres_Kab_Bima,1,0,1,0.001031,0.001031,0.0,0.0,0.001546,0.001016,0.0,101,Peripheral Citizen (Warganet Biasa)
poerisia,@poerisia,0,1,1,0.001031,0.0,0.001031,0.0,0.001031,0.000713,0.0,165,Peripheral Citizen (Warganet Biasa)
Rickyshenu,@Rickyshenu,1,0,1,0.001031,0.001031,0.0,0.0,0.001031,0.001319,0.0,165,Peripheral Citizen (Warganet Biasa)
PamenangAgro,@PamenangAgro,1,0,1,0.001031,0.001031,0.0,0.0,0.001546,0.001577,0.0,152,Peripheral Citizen (Warganet Biasa)
seMOAloka,@seMOAloka,0,1,1,0.001031,0.0,0.001031,0.0,0.001031,0.000713,0.0,166,Peripheral Citizen (Warganet Biasa)
moa_surabaya,@moa_surabaya,1,0,1,0.001031,0.001031,0.0,0.0,0.001031,0.001319,0.0,166,Peripheral Citizen (Warganet Biasa)
alssskey,@alssskey,0,1,1,0.001031,0.0,0.001031,0.0,0.001031,0.000713,0.0,167,Peripheral Citizen (Warganet Biasa)
dindappd,@dindappd,1,0,1,0.001031,0.001031,0.0,0.0,0.001031,0.001319,0.0,167,Peripheral Citizen (Warganet Biasa)
yourqkitten,@yourqkitten,0,1,1,0.001031,0.0,0.001031,0.0,0.001031,0.000713,0.0,168,Peripheral Citizen (Warganet Biasa)
ElternHospi,@ElternHospi,1,0,1,0.001031,0.001031,0.0,0.0,0.001031,0.001319,0.0,168,Peripheral Citizen (Warganet Biasa)
sungjintsel,@sungjintsel,0,1,1,0.001031,0.0,0.001031,0.0,0.001031,0.000713,0.0,169,Peripheral Citizen (Warganet Biasa)
asteriia_c,@asteriia_c,1,0,1,0.001031,0.001031,0.0,0.0,0.001031,0.001319,0.0,169,Peripheral Citizen (Warganet Biasa)
sebutsaja_avo,@sebutsaja_avo,1,0,1,0.001031,0.001031,0.0,0.0,0.027155,0.000727,0.0,61,Peripheral Citizen (Warganet Biasa)
JefriNachkal,@JefriNachkal,1,0,1,0.001031,0.001031,0.0,0.0,0.027155,0.000727,0.0,61,Peripheral Citizen (Warganet Biasa)
zoelfick,@zoelfick,0,1,1,0.001031,0.0,0.001031,0.0,0.001031,0.000713,0.0,170,Peripheral Citizen (Warganet Biasa)
NathaliaChaca,@NathaliaChaca,1,0,1,0.001031,0.001031,0.0,0.0,0.001031,0.001319,0.0,170,Peripheral Citizen (Warganet Biasa)
cirengkedut,@cirengkedut,0,1,1,0.001031,0.0,0.001031,0.0,0.001031,0.000713,0.0,171,Peripheral Citizen (Warganet Biasa)
nifar4ngantukZz,@nifar4ngantukZz,1,0,1,0.001031,0.001031,0.0,0.0,0.001031,0.001319,0.0,171,Peripheral Citizen (Warganet Biasa)
masihmuzysian,@masihmuzysian,0,1,1,0.001031,0.0,0.001031,0.0,0.001031,0.000713,0.0,172,Peripheral Citizen (Warganet Biasa)
Roseixnx_,@Roseixnx_,1,0,1,0.001031,0.001031,0.0,0.0,0.001031,0.001319,0.0,172,Peripheral Citizen (Warganet Biasa)
tcroco,@tcroco,0,1,1,0.001031,0.0,0.001031,0.0,0.001031,0.000713,0.0,173,Peripheral Citizen (Warganet Biasa)
Gunuhg,@Gunuhg,1,0,1,0.001031,0.001031,0.0,0.0,0.001031,0.001319,0.0,173,Peripheral Citizen (Warganet Biasa)
Kimmy_JKT48,@Kimmy_JKT48,1,0,1,0.001031,0.001031,0.0,0.0,0.001375,0.001016,0.0,174,Peripheral Citizen (Warganet Biasa)
GROVY_ID,@GROVY_ID,1,0,1,0.001031,0.001031,0.0,0.0,0.001375,0.001016,0.0,174,Peripheral Citizen (Warganet Biasa)
abuyahany,@abuyahany,0,1,1,0.001031,0.0,0.001031,0.0,0.001031,0.000713,0.0,175,Peripheral Citizen (Warganet Biasa)
IRGC__Iran,@IRGC__Iran,1,0,1,0.001031,0.001031,0.0,0.0,0.001031,0.001319,0.0,175,Peripheral Citizen (Warganet Biasa)
kogjiro,@kogjiro,0,1,1,0.001031,0.0,0.001031,0.0,0.001031,0.000713,0.0,176,Peripheral Citizen (Warganet Biasa)
unthomasnt,@unthomasnt,1,0,1,0.001031,0.001031,0.0,0.0,0.001031,0.001319,0.0,176,Peripheral Citizen (Warganet Biasa)
aaowdih,@aaowdih,0,1,1,0.001031,0.0,0.001031,0.0,0.001031,0.000713,0.0,177,Peripheral Citizen (Warganet Biasa)
gawincaskey,@gawincaskey,1,0,1,0.001031,0.001031,0.0,0.0,0.001031,0.001319,0.0,177,Peripheral Citizen (Warganet Biasa)
tattyhassan,@tattyhassan,0,1,1,0.001031,0.0,0.001031,0.0,0.001031,0.000713,0.0,178,Peripheral Citizen (Warganet Biasa)
yeidd4656,@yeidd4656,1,0,1,0.001031,0.001031,0.0,0.0,0.001031,0.001319,0.0,178,Peripheral Citizen (Warganet Biasa)
DewTeeID,@DewTeeID,0,1,1,0.001031,0.0,0.001031,0.0,0.001031,0.000713,0.0,179,Peripheral Citizen (Warganet Biasa)
dew_jsu,@dew_jsu,1,0,1,0.001031,0.001031,0.0,0.0,0.001031,0.001319,0.0,179,Peripheral Citizen (Warganet Biasa)
lararstudentens,@lararstudentens,0,1,1,0.001031,0.0,0.001031,0.0,0.001031,0.000713,0.0,180,Peripheral Citizen (Warganet Biasa)
FredrikHjelm4,@FredrikHjelm4,1,0,1,0.001031,0.001031,0.0,0.0,0.001031,0.001319,0.0,180,Peripheral Citizen (Warganet Biasa)
natadexox,@natadexox,1,0,1,0.001031,0.001031,0.0,0.0,0.001375,0.001016,0.0,181,Peripheral Citizen (Warganet Biasa)
jempqut,@jempqut,1,0,1,0.001031,0.001031,0.0,0.0,0.001375,0.001016,0.0,181,Peripheral Citizen (Warganet Biasa)
BartNijman,@BartNijman,1,0,1,0.001031,0.001031,0.0,0.0,0.001375,0.001016,0.0,182,Peripheral Citizen (Warganet Biasa)
Johvsinderen,@Johvsinderen,1,0,1,0.001031,0.001031,0.0,0.0,0.001375,0.001016,0.0,182,Peripheral Citizen (Warganet Biasa)
AtencionYoSoy,@AtencionYoSoy,0,1,1,0.001031,0.0,0.001031,0.0,0.001031,0.000713,0.0,183,Peripheral Citizen (Warganet Biasa)
josueda34524490,@josueda34524490,1,0,1,0.001031,0.001031,0.0,0.0,0.001031,0.001319,0.0,183,Peripheral Citizen (Warganet Biasa)
mariolrh,@mariolrh,0,1,1,0.001031,0.0,0.001031,0.0,0.001833,0.000713,0.0,184,Peripheral Citizen (Warganet Biasa)
EvilPanda,@EvilPanda,1,0,1,0.001031,0.001031,0.0,0.0,0.002577,0.000864,0.0,185,Peripheral Citizen (Warganet Biasa)
MeteoraIDN,@MeteoraIDN,1,0,1,0.001031,0.001031,0.0,0.0,0.002577,0.000864,0.0,185,Peripheral Citizen (Warganet Biasa)
mulhersonhador,@mulhersonhador,0,1,1,0.001031,0.0,0.001031,0.0,0.001031,0.000713,0.0,186,Peripheral Citizen (Warganet Biasa)
PacorPo89343,@PacorPo89343,1,0,1,0.001031,0.001031,0.0,0.0,0.001031,0.001319,0.0,186,Peripheral Citizen (Warganet Biasa)
renepaas,@renepaas,1,0,1,0.001031,0.001031,0.0,0.0,0.001375,0.001016,0.0,187,Peripheral Citizen (Warganet Biasa)
Gemeente_Pekela,@Gemeente_Pekela,1,0,1,0.001031,0.001031,0.0,0.0,0.001375,0.001016,0.0,187,Peripheral Citizen (Warganet Biasa)
mbgnetworkfnf,@mbgnetworkfnf,1,0,1,0.001031,0.001031,0.0,0.0,0.001856,0.000915,0.0,188,Peripheral Citizen (Warganet Biasa)
GuarEmperor,@GuarEmperor,1,0,1,0.001031,0.001031,0.0,0.0,0.001856,0.000915,0.0,188,Peripheral Citizen (Warganet Biasa)
setyamickala,@setyamickala,1,0,1,0.001031,0.001031,0.0,0.0,0.001856,0.000915,0.0,188,Peripheral Citizen (Warganet Biasa)
opiyannn,@opiyannn,0,1,1,0.001031,0.0,0.001031,0.0,0.001031,0.000713,0.0,189,Peripheral Citizen (Warganet Biasa)
fajrek1,@fajrek1,1,0,1,0.001031,0.001031,0.0,0.0,0.001031,0.001319,0.0,189,Peripheral Citizen (Warganet Biasa)
rolicein,@rolicein,0,1,1,0.001031,0.0,0.001031,0.0,0.001031,0.000713,0.0,190,Peripheral Citizen (Warganet Biasa)
shctngstar,@shctngstar,1,0,1,0.001031,0.001031,0.0,0.0,0.001031,0.001319,0.0,190,Peripheral Citizen (Warganet Biasa)
VivianRojas_13,@VivianRojas_13,0,1,1,0.001031,0.0,0.001031,0.0,0.001031,0.000713,0.0,191,Peripheral Citizen (Warganet Biasa)
monfleuur,@monfleuur,1,0,1,0.001031,0.001031,0.0,0.0,0.001031,0.001319,0.0,191,Peripheral Citizen (Warganet Biasa)
SorSarna_n1,@SorSarna_n1,0,1,1,0.001031,0.0,0.001031,0.0,0.001031,0.000713,0.0,192,Peripheral Citizen (Warganet Biasa)
daniesdsk,@daniesdsk,1,0,1,0.001031,0.001031,0.0,0.0,0.001031,0.001319,0.0,192,Peripheral Citizen (Warganet Biasa)
boschettoman,@boschettoman,0,1,1,0.001031,0.0,0.001031,0.0,0.001031,0.000713,0.0,194,Peripheral Citizen (Warganet Biasa)
samson_samsen,@samson_samsen,1,0,1,0.001031,0.001031,0.0,0.0,0.001031,0.001319,0.0,194,Peripheral Citizen (Warganet Biasa)
ebo_hoekstra,@ebo_hoekstra,0,1,1,0.001031,0.0,0.001031,0.0,0.001031,0.000713,0.0,195,Peripheral Citizen (Warganet Biasa)
FritstenHove,@FritstenHove,1,0,1,0.001031,0.001031,0.0,0.0,0.001031,0.001319,0.0,195,Peripheral Citizen (Warganet Biasa)
xena940769,@xena940769,0,1,1,0.001031,0.0,0.001031,0.0,0.001031,0.000713,0.0,196,Peripheral Citizen (Warganet Biasa)
Zayniezmoon,@Zayniezmoon,1,0,1,0.001031,0.001031,0.0,0.0,0.001031,0.001319,0.0,196,Peripheral Citizen (Warganet Biasa)
ojitosdebolillo,@ojitosdebolillo,0,1,1,0.001031,0.0,0.001031,0.0,0.001031,0.000713,0.0,197,Peripheral Citizen (Warganet Biasa)
AlexBaks82,@AlexBaks82,1,0,1,0.001031,0.001031,0.0,0.0,0.001031,0.001319,0.0,197,Peripheral Citizen (Warganet Biasa)
rtvnoord,@rtvnoord,1,0,1,0.001031,0.001031,0.0,0.0,0.001856,0.000915,0.0,198,Peripheral Citizen (Warganet Biasa)
dvhn_nl,@dvhn_nl,1,0,1,0.001031,0.001031,0.0,0.0,0.001856,0.000915,0.0,198,Peripheral Citizen (Warganet Biasa)
groningen,@groningen,1,0,1,0.001031,0.001031,0.0,0.0,0.001856,0.000915,0.0,198,Peripheral Citizen (Warganet Biasa)
ByViral24,@ByViral24,0,1,1,0.001031,0.0,0.001031,0.0,0.001031,0.000713,0.0,200,Peripheral Citizen (Warganet Biasa)
ABDELAESPRIELLA,@ABDELAESPRIELLA,1,0,1,0.001031,0.001031,0.0,0.0,0.001031,0.001319,0.0,200,Peripheral Citizen (Warganet Biasa)
YilmazTim,@YilmazTim,1,0,1,0.001031,0.001031,0.0,0.0,0.001375,0.001016,0.0,201,Peripheral Citizen (Warganet Biasa)
Ohmann77,@Ohmann77,1,0,1,0.001031,0.001031,0.0,0.0,0.001375,0.001016,0.0,201,Peripheral Citizen (Warganet Biasa)
IraciHassler,@IraciHassler,1,0,1,0.001031,0.001031,0.0,0.0,0.001856,0.000915,0.0,202,Peripheral Citizen (Warganet Biasa)
Contraloriacl,@Contraloriacl,1,0,1,0.001031,0.001031,0.0,0.0,0.001856,0.000915,0.0,202,Peripheral Citizen (Warganet Biasa)
GobiernodeChile,@GobiernodeChile,1,0,1,0.001031,0.001031,0.0,0.0,0.001856,0.000915,0.0,202,Peripheral Citizen (Warganet Biasa)
Pierrot0Fatui,@Pierrot0Fatui,0,1,1,0.001031,0.0,0.001031,0.0,0.001031,0.000713,0.0,203,Peripheral Citizen (Warganet Biasa)
haloaeven,@haloaeven,1,0,1,0.001031,0.001031,0.0,0.0,0.001031,0.001319,0.0,203,Peripheral Citizen (Warganet Biasa)
LalooHF,@LalooHF,1,0,1,0.001031,0.001031,0.0,0.0,0.001375,0.001016,0.0,204,Peripheral Citizen (Warganet Biasa)
jwidemi,@jwidemi,1,0,1,0.001031,0.001031,0.0,0.0,0.001375,0.001016,0.0,204,Peripheral Citizen (Warganet Biasa)
Ana63490092,@Ana63490092,0,1,1,0.001031,0.0,0.001031,0.0,0.001031,0.000713,0.0,205,Peripheral Citizen (Warganet Biasa)
Academica2021,@Academica2021,1,0,1,0.001031,0.001031,0.0,0.0,0.001031,0.001319,0.0,205,Peripheral Citizen (Warganet Biasa)
JohnSmithMason,@JohnSmithMason,0,1,1,0.001031,0.0,0.001031,0.0,0.001031,0.000713,0.0,206,Peripheral Citizen (Warganet Biasa)
Chucho324789,@Chucho324789,1,0,1,0.001031,0.001031,0.0,0.0,0.001031,0.001319,0.0,206,Peripheral Citizen (Warganet Biasa)
hey_timor,@hey_timor,1,0,1,0.001031,0.001031,0.0,0.0,0.001375,0.001016,0.0,207,Peripheral Citizen (Warganet Biasa)
vocalissima,@vocalissima,1,0,1,0.001031,0.001031,0.0,0.0,0.001375,0.001016,0.0,207,Peripheral Citizen (Warganet Biasa)
AdriRM33,@AdriRM33,0,1,1,0.001031,0.0,0.001031,0.0,0.001031,0.000713,0.0,208,Peripheral Citizen (Warganet Biasa)
latigoserrano,@latigoserrano,1,0,1,0.001031,0.001031,0.0,0.0,0.001031,0.001319,0.0,208,Peripheral Citizen (Warganet Biasa)
beautyfulifee,@beautyfulifee,0,1,1,0.001031,0.0,0.001031,0.0,0.001031,0.000713,0.0,209,Peripheral Citizen (Warganet Biasa)
busanonni,@busanonni,1,0,1,0.001031,0.001031,0.0,0.0,0.001031,0.001319,0.0,209,Peripheral Citizen (Warganet Biasa)
bim_need,@bim_need,1,0,1,0.001031,0.001031,0.0,0.0,0.002659,0.001016,0.0,9,Peripheral Citizen (Warganet Biasa)
artelierlee,@artelierlee,0,1,1,0.001031,0.0,0.001031,0.0,0.001031,0.000713,0.0,210,Peripheral Citizen (Warganet Biasa)
diszonnect,@diszonnect,1,0,1,0.001031,0.001031,0.0,0.0,0.001031,0.001319,0.0,210,Peripheral Citizen (Warganet Biasa)
GuillermoRocaf1,@GuillermoRocaf1,1,0,1,0.001031,0.001031,0.0,0.0,0.001856,0.000915,0.0,211,Peripheral Citizen (Warganet Biasa)
Fale1495220,@Fale1495220,1,0,1,0.001031,0.001031,0.0,0.0,0.001856,0.000915,0.0,211,Peripheral Citizen (Warganet Biasa)
policia,@policia,1,0,1,0.001031,0.001031,0.0,0.0,0.001856,0.000915,0.0,211,Peripheral Citizen (Warganet Biasa)
MyDirtyRelatio1,@MyDirtyRelatio1,1,0,1,0.001031,0.001031,0.0,0.0,0.002356,0.000859,0.0,212,Peripheral Citizen (Warganet Biasa)
MDHRelaciones,@MDHRelaciones,1,0,1,0.001031,0.001031,0.0,0.0,0.002356,0.000859,0.0,212,Peripheral Citizen (Warganet Biasa)
mydirtyhobbyen,@mydirtyhobbyen,1,0,1,0.001031,0.001031,0.0,0.0,0.002356,0.000859,0.0,212,Peripheral Citizen (Warganet Biasa)
MDHRelationship,@MDHRelationship,1,0,1,0.001031,0.001031,0.0,0.0,0.002356,0.000859,0.0,212,Peripheral Citizen (Warganet Biasa)
Jc_Monroym,@Jc_Monroym,1,0,1,0.001031,0.001031,0.0,0.0,0.001856,0.000915,0.0,213,Peripheral Citizen (Warganet Biasa)
NancyAntonio14,@NancyAntonio14,1,0,1,0.001031,0.001031,0.0,0.0,0.001856,0.000915,0.0,213,Peripheral Citizen (Warganet Biasa)
PedroLopzRamos,@PedroLopzRamos,1,0,1,0.001031,0.001031,0.0,0.0,0.001856,0.000915,0.0,213,Peripheral Citizen (Warganet Biasa)
24710withNuna,@24710withNuna,0,1,1,0.001031,0.0,0.001031,0.0,0.003368,0.000713,0.0,9,Peripheral Citizen (Warganet Biasa)
Zettart314,@Zettart314,0,1,1,0.001031,0.0,0.001031,0.0,0.001031,0.000713,0.0,214,Peripheral Citizen (Warganet Biasa)
YisusSen,@YisusSen,1,0,1,0.001031,0.001031,0.0,0.0,0.001031,0.001319,0.0,214,Peripheral Citizen (Warganet Biasa)
SoyLuisMiGL,@SoyLuisMiGL,0,1,1,0.001031,0.0,0.001031,0.0,0.001031,0.000713,0.0,215,Peripheral Citizen (Warganet Biasa)
_alanpicks99,@_alanpicks99,1,0,1,0.001031,0.001031,0.0,0.0,0.001031,0.001319,0.0,215,Peripheral Citizen (Warganet Biasa)
moy_qmac,@moy_qmac,0,1,1,0.001031,0.0,0.001031,0.0,0.001031,0.000713,0.0,216,Peripheral Citizen (Warganet Biasa)
OfficiaLillyPad,@OfficiaLillyPad,1,0,1,0.001031,0.001031,0.0,0.0,0.001031,0.001319,0.0,216,Peripheral Citizen (Warganet Biasa)
Yezan135,@Yezan135,0,1,1,0.001031,0.0,0.001031,0.0,0.001031,0.000713,0.0,217,Peripheral Citizen (Warganet Biasa)
EddyMugward,@EddyMugward,1,0,1,0.001031,0.001031,0.0,0.0,0.001031,0.001319,0.0,217,Peripheral Citizen (Warganet Biasa)
CaBsCrypto,@CaBsCrypto,0,1,1,0.001031,0.0,0.001031,0.0,0.001031,0.000713,0.0,218,Peripheral Citizen (Warganet Biasa)
The_Beacon_GG,@The_Beacon_GG,1,0,1,0.001031,0.001031,0.0,0.0,0.001031,0.001319,0.0,218,Peripheral Citizen (Warganet Biasa)
perez_ivan737,@perez_ivan737,0,1,1,0.001031,0.0,0.001031,0.0,0.001031,0.000713,0.0,219,Peripheral Citizen (Warganet Biasa)
Frdagv21,@Frdagv21,1,0,1,0.001031,0.001031,0.0,0.0,0.001031,0.001319,0.0,219,Peripheral Citizen (Warganet Biasa)
castingdlmex,@castingdlmex,0,1,1,0.001031,0.0,0.001031,0.0,0.001031,0.000713,0.0,220,Peripheral Citizen (Warganet Biasa)
CGDLMC,@CGDLMC,1,0,1,0.001031,0.001031,0.0,0.0,0.001031,0.001319,0.0,220,Peripheral Citizen (Warganet Biasa)
alvaromorapy,@alvaromorapy,0,1,1,0.001031,0.0,0.001031,0.0,0.001031,0.000713,0.0,221,Peripheral Citizen (Warganet Biasa)
nanduti,@nanduti,1,0,1,0.001031,0.001031,0.0,0.0,0.001031,0.001319,0.0,221,Peripheral Citizen (Warganet Biasa)
Juanctpy,@Juanctpy,0,1,1,0.001031,0.0,0.001031,0.0,0.001031,0.000713,0.0,222,Peripheral Citizen (Warganet Biasa)
IPSParaguay,@IPSParaguay,1,0,1,0.001031,0.001031,0.0,0.0,0.001031,0.001319,0.0,222,Peripheral Citizen (Warganet Biasa)
cdavandaag,@cdavandaag,1,0,1,0.001031,0.001031,0.0,0.0,0.001375,0.001016,0.0,223,Peripheral Citizen (Warganet Biasa)
BartvdBrink,@BartvdBrink,1,0,1,0.001031,0.001031,0.0,0.0,0.001375,0.001016,0.0,223,Peripheral Citizen (Warganet Biasa)
IvanCepedaCast,@IvanCepedaCast,1,0,1,0.001031,0.001031,0.0,0.0,0.002062,0.000915,0.0,184,Peripheral Citizen (Warganet Biasa)
PajaritoDeIvan,@PajaritoDeIvan,1,0,1,0.001031,0.001031,0.0,0.0,0.002062,0.000915,0.0,184,Peripheral Citizen (Warganet Biasa)
BernardoPicks,@BernardoPicks,0,1,1,0.001031,0.0,0.001031,0.0,0.001031,0.000713,0.0,224,Peripheral Citizen (Warganet Biasa)
AguilaPick,@AguilaPick,1,0,1,0.001031,0.001031,0.0,0.0,0.001031,0.001319,0.0,224,Peripheral Citizen (Warganet Biasa)
picks_online2,@picks_online2,0,1,1,0.001031,0.0,0.001031,0.0,0.001031,0.000713,0.0,225,Peripheral Citizen (Warganet Biasa)
1,@1,1,0,1,0.001031,0.001031,0.0,0.0,0.001031,0.001319,0.0,225,Peripheral Citizen (Warganet Biasa)
Capitana_espana,@Capitana_espana,0,1,1,0.001031,0.0,0.001031,0.0,0.001031,0.000713,0.0,227,Peripheral Citizen (Warganet Biasa)
JupolNacional,@JupolNacional,1,0,1,0.001031,0.001031,0.0,0.0,0.001031,0.001319,0.0,227,Peripheral Citizen (Warganet Biasa)
Miguel_layun,@Miguel_layun,0,1,1,0.001031,0.0,0.001031,0.0,0.001031,0.000713,0.0,228,Peripheral Citizen (Warganet Biasa)
layvtime,@layvtime,1,0,1,0.001031,0.001031,0.0,0.0,0.001031,0.001319,0.0,228,Peripheral Citizen (Warganet Biasa)
shiinabr,@shiinabr,1,0,1,0.001031,0.001031,0.0,0.0,0.001375,0.001016,0.0,229,Peripheral Citizen (Warganet Biasa)
hypex,@hypex,1,0,1,0.001031,0.001031,0.0,0.0,0.001375,0.001016,0.0,229,Peripheral Citizen (Warganet Biasa)
besoccer_ES,@besoccer_ES,0,1,1,0.001031,0.0,0.001031,0.0,0.001031,0.000713,0.0,230,Peripheral Citizen (Warganet Biasa)
valenciacf,@valenciacf,1,0,1,0.001031,0.001031,0.0,0.0,0.001031,0.001319,0.0,230,Peripheral Citizen (Warganet Biasa)
altperfumery,@altperfumery,1,0,1,0.001031,0.001031,0.0,0.0,0.001031,0.00124,0.0,231,Peripheral Citizen (Warganet Biasa)
crcozar,@crcozar,1,0,1,0.001031,0.001031,0.0,0.0,0.001856,0.001274,0.0,232,Peripheral Citizen (Warganet Biasa)
JJHerz7,@JJHerz7,1,0,1,0.001031,0.001031,0.0,0.0,0.001856,0.001274,0.0,232,Peripheral Citizen (Warganet Biasa)
GradaBpro,@GradaBpro,0,1,1,0.001031,0.0,0.001031,0.0,0.001856,0.000713,0.0,232,Peripheral Citizen (Warganet Biasa)
awa17___,@awa17___,0,1,1,0.001031,0.0,0.001031,0.0,0.001031,0.000713,0.0,234,Peripheral Citizen (Warganet Biasa)
flyPAL,@flyPAL,1,0,1,0.001031,0.001031,0.0,0.0,0.001031,0.001319,0.0,234,Peripheral Citizen (Warganet Biasa)
sup_formacion,@sup_formacion,0,1,1,0.001031,0.0,0.001031,0.0,0.001031,0.000713,0.0,236,Peripheral Citizen (Warganet Biasa)
Todopolicia,@Todopolicia,1,0,1,0.001031,0.001031,0.0,0.0,0.001031,0.001319,0.0,236,Peripheral Citizen (Warganet Biasa)
PPBurgosCiudad,@PPBurgosCiudad,0,1,1,0.001031,0.0,0.001031,0.0,0.001031,0.000713,0.0,237,Peripheral Citizen (Warganet Biasa)
VOXBurgosAyto,@VOXBurgosAyto,1,0,1,0.001031,0.001031,0.0,0.0,0.001031,0.001319,0.0,237,Peripheral Citizen (Warganet Biasa)
secawards,@secawards,1,0,1,0.001031,0.001031,0.0,0.0,0.001375,0.001016,0.0,238,Peripheral Citizen (Warganet Biasa)
mancusochiaraok,@mancusochiaraok,1,0,1,0.001031,0.001031,0.0,0.0,0.001375,0.001016,0.0,238,Peripheral Citizen (Warganet Biasa)
driejs,@driejs,1,0,1,0.001031,0.001031,0.0,0.0,0.001856,0.000915,0.0,239,Peripheral Citizen (Warganet Biasa)
TAPETOY,@TAPETOY,1,0,1,0.001031,0.001031,0.0,0.0,0.001856,0.000915,0.0,239,Peripheral Citizen (Warganet Biasa)
deVorstin,@deVorstin,1,0,1,0.001031,0.001031,0.0,0.0,0.001856,0.000915,0.0,239,Peripheral Citizen (Warganet Biasa)
mrhitchcok,@mrhitchcok,0,1,1,0.001031,0.0,0.001031,0.0,0.001031,0.000713,0.0,240,Peripheral Citizen (Warganet Biasa)
merbi2,@merbi2,1,0,1,0.001031,0.001031,0.0,0.0,0.001031,0.001319,0.0,240,Peripheral Citizen (Warganet Biasa)
Universo970py,@Universo970py,0,1,1,0.001031,0.0,0.001031,0.0,0.001031,0.000713,0.0,241,Peripheral Citizen (Warganet Biasa)
SomosGEN,@SomosGEN,1,0,1,0.001031,0.001031,0.0,0.0,0.001031,0.001319,0.0,241,Peripheral Citizen (Warganet Biasa)
depo_es,@depo_es,1,0,1,0.001031,0.001031,0.0,0.0,0.001375,0.001016,0.0,242,Peripheral Citizen (Warganet Biasa)
LuisaSanchzVigo,@LuisaSanchzVigo,1,0,1,0.001031,0.001031,0.0,0.0,0.001375,0.001016,0.0,242,Peripheral Citizen (Warganet Biasa)
TwipsX,@TwipsX,0,1,1,0.001031,0.0,0.001031,0.0,0.001031,0.000713,0.0,243,Peripheral Citizen (Warganet Biasa)
aveai_id,@aveai_id,1,0,1,0.001031,0.001031,0.0,0.0,0.001031,0.001319,0.0,243,Peripheral Citizen (Warganet Biasa)
RaiolaNetworks,@RaiolaNetworks,0,1,1,0.001031,0.0,0.001031,0.0,0.001031,0.000713,0.0,245,Peripheral Citizen (Warganet Biasa)
seoboxclub,@seoboxclub,1,0,1,0.001031,0.001031,0.0,0.0,0.001031,0.001319,0.0,245,Peripheral Citizen (Warganet Biasa)
skyundocean,@skyundocean,0,1,1,0.001031,0.0,0.001031,0.0,0.001031,0.000713,0.0,246,Peripheral Citizen (Warganet Biasa)
txtdarigajelas,@txtdarigajelas,1,0,1,0.001031,0.001031,0.0,0.0,0.001031,0.001319,0.0,246,Peripheral Citizen (Warganet Biasa)
RevistaRubik,@RevistaRubik,0,1,1,0.001031,0.0,0.001031,0.0,0.001031,0.000713,0.0,247,Peripheral Citizen (Warganet Biasa)
Cinesa,@Cinesa,1,0,1,0.001031,0.001031,0.0,0.0,0.001031,0.001319,0.0,247,Peripheral Citizen (Warganet Biasa)
MEXC,@MEXC,1,0,1,0.001031,0.001031,0.0,0.0,0.001375,0.001016,0.0,248,Peripheral Citizen (Warganet Biasa)
MEXC_ID,@MEXC_ID,1,0,1,0.001031,0.001031,0.0,0.0,0.001375,0.001016,0.0,248,Peripheral Citizen (Warganet Biasa)
ClubChesterton,@ClubChesterton,0,1,1,0.001031,0.0,0.001031,0.0,0.001031,0.000713,0.0,249,Peripheral Citizen (Warganet Biasa)
EGMaiquez,@EGMaiquez,1,0,1,0.001031,0.001031,0.0,0.0,0.001031,0.001319,0.0,249,Peripheral Citizen (Warganet Biasa)
aquatalan,@aquatalan,0,1,1,0.001031,0.0,0.001031,0.0,0.001031,0.000713,0.0,250,Peripheral Citizen (Warganet Biasa)
cobraxrod,@cobraxrod,1,0,1,0.001031,0.001031,0.0,0.0,0.001031,0.001319,0.0,250,Peripheral Citizen (Warganet Biasa)
pcastellary,@pcastellary,0,1,1,0.001031,0.0,0.001031,0.0,0.001031,0.000713,0.0,251,Peripheral Citizen (Warganet Biasa)
PalmaActiva,@PalmaActiva,1,0,1,0.001031,0.001031,0.0,0.0,0.001031,0.001319,0.0,251,Peripheral Citizen (Warganet Biasa)
Renexpo,@Renexpo,1,0,1,0.001031,0.001031,0.0,0.0,0.001375,0.001016,0.0,252,Peripheral Citizen (Warganet Biasa)
oekoenergie,@oekoenergie,1,0,1,0.001031,0.001031,0.0,0.0,0.001375,0.001016,0.0,252,Peripheral Citizen (Warganet Biasa)
Microsoft,@Microsoft,1,0,1,0.001031,0.001031,0.0,0.0,0.002864,0.000834,0.0,254,Peripheral Citizen (Warganet Biasa)
vlcinnovation,@vlcinnovation,1,0,1,0.001031,0.001031,0.0,0.0,0.002864,0.000834,0.0,254,Peripheral Citizen (Warganet Biasa)
MicrosoftES,@MicrosoftES,1,0,1,0.001031,0.001031,0.0,0.0,0.002864,0.000834,0.0,254,Peripheral Citizen (Warganet Biasa)
founderz,@founderz,1,0,1,0.001031,0.001031,0.0,0.0,0.002864,0.000834,0.0,254,Peripheral Citizen (Warganet Biasa)
pue_academy,@pue_academy,1,0,1,0.001031,0.001031,0.0,0.0,0.002864,0.000834,0.0,254,Peripheral Citizen (Warganet Biasa)
CulturaParla,@CulturaParla,1,0,1,0.001031,0.001031,0.0,0.0,0.001375,0.001016,0.0,255,Peripheral Citizen (Warganet Biasa)
GemaGmagt,@GemaGmagt,1,0,1,0.001031,0.001031,0.0,0.0,0.001375,0.001016,0.0,255,Peripheral Citizen (Warganet Biasa)
PremPrem484186,@PremPrem484186,0,1,1,0.001031,0.0,0.001031,0.0,0.027435,0.000713,0.0,5,Peripheral Citizen (Warganet Biasa)
wonwourideul,@wonwourideul,0,1,1,0.001031,0.0,0.001031,0.0,0.001031,0.000713,0.0,256,Peripheral Citizen (Warganet Biasa)
luvingmaiboys,@luvingmaiboys,1,0,1,0.001031,0.001031,0.0,0.0,0.001031,0.001319,0.0,256,Peripheral Citizen (Warganet Biasa)
chrysantheana,@chrysantheana,0,1,1,0.001031,0.0,0.001031,0.0,0.001031,0.000713,0.0,257,Peripheral Citizen (Warganet Biasa)
babu_jabberwock,@babu_jabberwock,1,0,1,0.001031,0.001031,0.0,0.0,0.001031,0.001319,0.0,257,Peripheral Citizen (Warganet Biasa)
jeyiyosamaz,@jeyiyosamaz,0,1,1,0.001031,0.0,0.001031,0.0,0.001031,0.000713,0.0,258,Peripheral Citizen (Warganet Biasa)
sweetdsr_,@sweetdsr_,1,0,1,0.001031,0.001031,0.0,0.0,0.001031,0.001319,0.0,258,Peripheral Citizen (Warganet Biasa)
Vintagesoulc,@Vintagesoulc,1,0,1,0.001031,0.001031,0.0,0.0,0.001375,0.001016,0.0,259,Peripheral Citizen (Warganet Biasa)
allygarchy,@allygarchy,1,0,1,0.001031,0.001031,0.0,0.0,0.001375,0.001016,0.0,259,Peripheral Citizen (Warganet Biasa)
greeniefloo,@greeniefloo,1,0,1,0.001031,0.001031,0.0,0.0,0.006969,0.000759,0.0,260,Peripheral Citizen (Warganet Biasa)
renregalia,@renregalia,1,0,1,0.001031,0.001031,0.0,0.0,0.006969,0.000759,0.0,260,Peripheral Citizen (Warganet Biasa)
dearluchen,@dearluchen,1,0,1,0.001031,0.001031,0.0,0.0,0.006969,0.000759,0.0,260,Peripheral Citizen (Warganet Biasa)
chubbyneoguri,@chubbyneoguri,1,0,1,0.001031,0.001031,0.0,0.0,0.006969,0.000759,0.0,260,Peripheral Citizen (Warganet Biasa)
separuhpuding,@separuhpuding,1,0,1,0.001031,0.001031,0.0,0.0,0.006969,0.000759,0.0,260,Peripheral Citizen (Warganet Biasa)
anhwho_,@anhwho_,1,0,1,0.001031,0.001031,0.0,0.0,0.006969,0.000759,0.0,260,Peripheral Citizen (Warganet Biasa)
PlT_A_PAT,@PlT_A_PAT,1,0,1,0.001031,0.001031,0.0,0.0,0.006969,0.000759,0.0,260,Peripheral Citizen (Warganet Biasa)
ratiotangerang,@ratiotangerang,1,0,1,0.001031,0.001031,0.0,0.0,0.006969,0.000759,0.0,260,Peripheral Citizen (Warganet Biasa)
Ashtrea23,@Ashtrea23,1,0,1,0.001031,0.001031,0.0,0.0,0.006969,0.000759,0.0,260,Peripheral Citizen (Warganet Biasa)
xoxuchanx,@xoxuchanx,1,0,1,0.001031,0.001031,0.0,0.0,0.006969,0.000759,0.0,260,Peripheral Citizen (Warganet Biasa)
Einohaato,@Einohaato,1,0,1,0.001031,0.001031,0.0,0.0,0.006969,0.000759,0.0,260,Peripheral Citizen (Warganet Biasa)
niki_exe0,@niki_exe0,1,0,1,0.001031,0.001031,0.0,0.0,0.006969,0.000759,0.0,260,Peripheral Citizen (Warganet Biasa)
mik0chn,@mik0chn,1,0,1,0.001031,0.001031,0.0,0.0,0.006969,0.000759,0.0,260,Peripheral Citizen (Warganet Biasa)
hexvanl_,@hexvanl_,1,0,1,0.001031,0.001031,0.0,0.0,0.002864,0.000834,0.0,261,Peripheral Citizen (Warganet Biasa)
si_pengecutbngt,@si_pengecutbngt,1,0,1,0.001031,0.001031,0.0,0.0,0.002864,0.000834,0.0,261,Peripheral Citizen (Warganet Biasa)
Toothlessjaywon,@Toothlessjaywon,1,0,1,0.001031,0.001031,0.0,0.0,0.002864,0.000834,0.0,261,Peripheral Citizen (Warganet Biasa)
yemayo0o,@yemayo0o,1,0,1,0.001031,0.001031,0.0,0.0,0.002864,0.000834,0.0,261,Peripheral Citizen (Warganet Biasa)
woniebeez_,@woniebeez_,1,0,1,0.001031,0.001031,0.0,0.0,0.002864,0.000834,0.0,261,Peripheral Citizen (Warganet Biasa)
diora_anr,@diora_anr,0,1,1,0.001031,0.0,0.001031,0.0,0.001031,0.000713,0.0,262,Peripheral Citizen (Warganet Biasa)
KASTxyz,@KASTxyz,1,0,1,0.001031,0.001031,0.0,0.0,0.001031,0.001319,0.0,262,Peripheral Citizen (Warganet Biasa)
kesetrump,@kesetrump,0,1,1,0.001031,0.0,0.001031,0.0,0.001031,0.000713,0.0,263,Peripheral Citizen (Warganet Biasa)
lemcn,@lemcn,1,0,1,0.001031,0.001031,0.0,0.0,0.001031,0.001319,0.0,263,Peripheral Citizen (Warganet Biasa)
gastronusa,@gastronusa,0,1,1,0.001031,0.0,0.001031,0.0,0.001031,0.000713,0.0,264,Peripheral Citizen (Warganet Biasa)
SusiloWidodo24,@SusiloWidodo24,1,0,1,0.001031,0.001031,0.0,0.0,0.001031,0.001319,0.0,264,Peripheral Citizen (Warganet Biasa)
helloyosh_,@helloyosh_,1,0,1,0.001031,0.001031,0.0,0.0,0.004912,0.00078,0.0,265,Peripheral Citizen (Warganet Biasa)
ayiurswoo,@ayiurswoo,1,0,1,0.001031,0.001031,0.0,0.0,0.004912,0.00078,0.0,265,Peripheral Citizen (Warganet Biasa)
yoshirocloud,@yoshirocloud,1,0,1,0.001031,0.001031,0.0,0.0,0.004912,0.00078,0.0,265,Peripheral Citizen (Warganet Biasa)
dominocivic,@dominocivic,1,0,1,0.001031,0.001031,0.0,0.0,0.004912,0.00078,0.0,265,Peripheral Citizen (Warganet Biasa)
szzyoxx,@szzyoxx,1,0,1,0.001031,0.001031,0.0,0.0,0.004912,0.00078,0.0,265,Peripheral Citizen (Warganet Biasa)
dongpyourlove,@dongpyourlove,1,0,1,0.001031,0.001031,0.0,0.0,0.004912,0.00078,0.0,265,Peripheral Citizen (Warganet Biasa)
wooriebear,@wooriebear,1,0,1,0.001031,0.001031,0.0,0.0,0.004912,0.00078,0.0,265,Peripheral Citizen (Warganet Biasa)
shinoyaa55_,@shinoyaa55_,1,0,1,0.001031,0.001031,0.0,0.0,0.004912,0.00078,0.0,265,Peripheral Citizen (Warganet Biasa)
_yorinor1,@_yorinor1,1,0,1,0.001031,0.001031,0.0,0.0,0.004912,0.00078,0.0,265,Peripheral Citizen (Warganet Biasa)
pintu_id,@pintu_id,1,0,1,0.001031,0.001031,0.0,0.0,0.001375,0.001016,0.0,266,Peripheral Citizen (Warganet Biasa)
maxone_lens,@maxone_lens,1,0,1,0.001031,0.001031,0.0,0.0,0.001375,0.001016,0.0,266,Peripheral Citizen (Warganet Biasa)
cursedkidd,@cursedkidd,0,1,1,0.001031,0.0,0.001031,0.0,0.001031,0.000713,0.0,267,Peripheral Citizen (Warganet Biasa)
KedaiMamun,@KedaiMamun,1,0,1,0.001031,0.001031,0.0,0.0,0.001031,0.001319,0.0,267,Peripheral Citizen (Warganet Biasa)
KariSharl,@KariSharl,0,1,1,0.001031,0.0,0.001031,0.0,0.001031,0.000713,0.0,268,Peripheral Citizen (Warganet Biasa)
_Akarex,@_Akarex,1,0,1,0.001031,0.001031,0.0,0.0,0.001031,0.001319,0.0,268,Peripheral Citizen (Warganet Biasa)
sikayarayaaa,@sikayarayaaa,0,1,1,0.001031,0.0,0.001031,0.0,0.001375,0.000713,0.0,269,Peripheral Citizen (Warganet Biasa)
gmusic95,@gmusic95,0,1,1,0.001031,0.0,0.001031,0.0,0.001031,0.000713,0.0,270,Peripheral Citizen (Warganet Biasa)
A_VirgiJKT48,@A_VirgiJKT48,1,0,1,0.001031,0.001031,0.0,0.0,0.001031,0.001319,0.0,270,Peripheral Citizen (Warganet Biasa)
dirtyfingerpunk,@dirtyfingerpunk,0,1,1,0.001031,0.0,0.001031,0.0,0.001031,0.000713,0.0,271,Peripheral Citizen (Warganet Biasa)
txtdrjkt,@txtdrjkt,1,0,1,0.001031,0.001031,0.0,0.0,0.001031,0.001319,0.0,271,Peripheral Citizen (Warganet Biasa)
pangerancode,@pangerancode,1,0,1,0.001031,0.001031,0.0,0.0,0.027155,0.000727,0.0,61,Peripheral Citizen (Warganet Biasa)
The25thSykes,@The25thSykes,1,0,1,0.001031,0.001031,0.0,0.0,0.027155,0.000727,0.0,61,Peripheral Citizen (Warganet Biasa)
anaketigaaa_,@anaketigaaa_,1,0,1,0.001031,0.001031,0.0,0.0,0.027155,0.000727,0.0,61,Peripheral Citizen (Warganet Biasa)
kinnpatuhikaru,@kinnpatuhikaru,1,0,1,0.001031,0.001031,0.0,0.0,0.027155,0.000727,0.0,61,Peripheral Citizen (Warganet Biasa)
AkamuAd,@AkamuAd,1,0,1,0.001031,0.001031,0.0,0.0,0.027155,0.000727,0.0,61,Peripheral Citizen (Warganet Biasa)
bucin_pocky,@bucin_pocky,1,0,1,0.001031,0.001031,0.0,0.0,0.027155,0.000727,0.0,61,Peripheral Citizen (Warganet Biasa)
skanayaneko,@skanayaneko,1,0,1,0.001031,0.001031,0.0,0.0,0.027155,0.000727,0.0,61,Peripheral Citizen (Warganet Biasa)
NdoroTedjo,@NdoroTedjo,1,0,1,0.001031,0.001031,0.0,0.0,0.027155,0.000727,0.0,61,Peripheral Citizen (Warganet Biasa)
piruinuy,@piruinuy,1,0,1,0.001031,0.001031,0.0,0.0,0.027155,0.000727,0.0,61,Peripheral Citizen (Warganet Biasa)
AiphNday,@AiphNday,1,0,1,0.001031,0.001031,0.0,0.0,0.027155,0.000727,0.0,61,Peripheral Citizen (Warganet Biasa)
americanoaddctd,@americanoaddctd,1,0,1,0.001031,0.001031,0.0,0.0,0.027155,0.000727,0.0,61,Peripheral Citizen (Warganet Biasa)
BangBib4,@BangBib4,1,0,1,0.001031,0.001031,0.0,0.0,0.027155,0.000727,0.0,61,Peripheral Citizen (Warganet Biasa)
momodisinii,@momodisinii,1,0,1,0.001031,0.001031,0.0,0.0,0.027155,0.000727,0.0,61,Peripheral Citizen (Warganet Biasa)
reedifuser,@reedifuser,1,0,1,0.001031,0.001031,0.0,0.0,0.027155,0.000727,0.0,61,Peripheral Citizen (Warganet Biasa)
elegibumi,@elegibumi,1,0,1,0.001031,0.001031,0.0,0.0,0.027155,0.000727,0.0,61,Peripheral Citizen (Warganet Biasa)
Bulanwangi05,@Bulanwangi05,1,0,1,0.001031,0.001031,0.0,0.0,0.027155,0.000727,0.0,61,Peripheral Citizen (Warganet Biasa)
tamika47488,@tamika47488,1,0,1,0.001031,0.001031,0.0,0.0,0.027155,0.000727,0.0,61,Peripheral Citizen (Warganet Biasa)
IkhwanRidhoni,@IkhwanRidhoni,1,0,1,0.001031,0.001031,0.0,0.0,0.027155,0.000727,0.0,61,Peripheral Citizen (Warganet Biasa)
luckysurprising,@luckysurprising,1,0,1,0.001031,0.001031,0.0,0.0,0.027155,0.000727,0.0,61,Peripheral Citizen (Warganet Biasa)
markizusss,@markizusss,1,0,1,0.001031,0.001031,0.0,0.0,0.027155,0.000727,0.0,61,Peripheral Citizen (Warganet Biasa)
anjirbodor,@anjirbodor,1,0,1,0.001031,0.001031,0.0,0.0,0.027155,0.000727,0.0,61,Peripheral Citizen (Warganet Biasa)
JuanJulianto2,@JuanJulianto2,1,0,1,0.001031,0.001031,0.0,0.0,0.027155,0.000727,0.0,61,Peripheral Citizen (Warganet Biasa)
R_naraeth7,@R_naraeth7,1,0,1,0.001031,0.001031,0.0,0.0,0.027155,0.000727,0.0,61,Peripheral Citizen (Warganet Biasa)
steIIamora,@steIIamora,1,0,1,0.001031,0.001031,0.0,0.0,0.027155,0.000727,0.0,61,Peripheral Citizen (Warganet Biasa)
Dmadiw,@Dmadiw,1,0,1,0.001031,0.001031,0.0,0.0,0.027155,0.000727,0.0,61,Peripheral Citizen (Warganet Biasa)
Fannyaclara,@Fannyaclara,1,0,1,0.001031,0.001031,0.0,0.0,0.027155,0.000727,0.0,61,Peripheral Citizen (Warganet Biasa)
saptaipb,@saptaipb,1,0,1,0.001031,0.001031,0.0,0.0,0.027155,0.000727,0.0,61,Peripheral Citizen (Warganet Biasa)
Chelsdays_,@Chelsdays_,1,0,1,0.001031,0.001031,0.0,0.0,0.027155,0.000727,0.0,61,Peripheral Citizen (Warganet Biasa)
CityzensIDN,@CityzensIDN,1,0,1,0.001031,0.001031,0.0,0.0,0.027155,0.000727,0.0,61,Peripheral Citizen (Warganet Biasa)
_Hrst,@_Hrst,1,0,1,0.001031,0.001031,0.0,0.0,0.027155,0.000727,0.0,61,Peripheral Citizen (Warganet Biasa)
FajriGrahaArtha,@FajriGrahaArtha,1,0,1,0.001031,0.001031,0.0,0.0,0.027155,0.000727,0.0,61,Peripheral Citizen (Warganet Biasa)
Appraiser008,@Appraiser008,1,0,1,0.001031,0.001031,0.0,0.0,0.027155,0.000727,0.0,61,Peripheral Citizen (Warganet Biasa)
FahreziBenzima5,@FahreziBenzima5,0,1,1,0.001031,0.0,0.001031,0.0,0.001031,0.000713,0.0,272,Peripheral Citizen (Warganet Biasa)
AM_EllaJKT48,@AM_EllaJKT48,1,0,1,0.001031,0.001031,0.0,0.0,0.001031,0.001319,0.0,272,Peripheral Citizen (Warganet Biasa)
ohwatermark,@ohwatermark,0,1,1,0.001031,0.0,0.001031,0.0,0.001031,0.000713,0.0,273,Peripheral Citizen (Warganet Biasa)
Ceysaaaaaaa,@Ceysaaaaaaa,1,0,1,0.001031,0.001031,0.0,0.0,0.001031,0.001319,0.0,273,Peripheral Citizen (Warganet Biasa)
hilmy_ii,@hilmy_ii,0,1,1,0.001031,0.0,0.001031,0.0,0.001031,0.000713,0.0,274,Peripheral Citizen (Warganet Biasa)
L_MarshaJKT48,@L_MarshaJKT48,1,0,1,0.001031,0.001031,0.0,0.0,0.001031,0.001319,0.0,274,Peripheral Citizen (Warganet Biasa)
chocomatchazx,@chocomatchazx,0,1,1,0.001031,0.0,0.001031,0.0,0.001031,0.000713,0.0,275,Peripheral Citizen (Warganet Biasa)
_glimpseeofus,@_glimpseeofus,1,0,1,0.001031,0.001031,0.0,0.0,0.001031,0.001319,0.0,275,Peripheral Citizen (Warganet Biasa)
TumanMarchel17,@TumanMarchel17,1,0,1,0.001031,0.001031,0.0,0.0,0.001375,0.001016,0.0,276,Peripheral Citizen (Warganet Biasa)
MusuhMisuh2,@MusuhMisuh2,1,0,1,0.001031,0.001031,0.0,0.0,0.001375,0.001016,0.0,276,Peripheral Citizen (Warganet Biasa)
rebahaninaja,@rebahaninaja,0,1,1,0.001031,0.0,0.001031,0.0,0.001375,0.000713,0.0,277,Peripheral Citizen (Warganet Biasa)
athallaseeu,@athallaseeu,0,1,1,0.001031,0.0,0.001031,0.0,0.001031,0.000713,0.0,278,Peripheral Citizen (Warganet Biasa)
M_MikaelaJKT48,@M_MikaelaJKT48,1,0,1,0.001031,0.001031,0.0,0.0,0.001031,0.001319,0.0,278,Peripheral Citizen (Warganet Biasa)
KimJeffrii,@KimJeffrii,0,1,1,0.001031,0.0,0.001031,0.0,0.001031,0.000713,0.0,279,Peripheral Citizen (Warganet Biasa)
A_FionyJKT48,@A_FionyJKT48,1,0,1,0.001031,0.001031,0.0,0.0,0.001031,0.001319,0.0,279,Peripheral Citizen (Warganet Biasa)
galvynox_,@galvynox_,0,1,1,0.001031,0.0,0.001031,0.0,0.001546,0.000713,0.0,113,Peripheral Citizen (Warganet Biasa)
Deviiiyyyyy,@Deviiiyyyyy,0,1,1,0.001031,0.0,0.001031,0.0,0.001031,0.000713,0.0,280,Peripheral Citizen (Warganet Biasa)
Ekin_JKT48,@Ekin_JKT48,1,0,1,0.001031,0.001031,0.0,0.0,0.001031,0.001319,0.0,280,Peripheral Citizen (Warganet Biasa)
tengklengklewer,@tengklengklewer,0,1,1,0.001031,0.0,0.001031,0.0,0.001375,0.000713,0.0,132,Peripheral Citizen (Warganet Biasa)
sorejhvi,@sorejhvi,0,1,1,0.001031,0.0,0.001031,0.0,0.001031,0.000713,0.0,281,Peripheral Citizen (Warganet Biasa)
guesswho1333,@guesswho1333,1,0,1,0.001031,0.001031,0.0,0.0,0.001031,0.001319,0.0,281,Peripheral Citizen (Warganet Biasa)
esomeprazole__,@esomeprazole__,0,1,1,0.001031,0.0,0.001031,0.0,0.001031,0.000713,0.0,282,Peripheral Citizen (Warganet Biasa)
foulshades,@foulshades,1,0,1,0.001031,0.001031,0.0,0.0,0.001031,0.001319,0.0,282,Peripheral Citizen (Warganet Biasa)
abakadabrahh,@abakadabrahh,0,1,1,0.001031,0.0,0.001031,0.0,0.001375,0.000713,0.0,269,Peripheral Citizen (Warganet Biasa)
milkteand1nnn_,@milkteand1nnn_,0,1,1,0.001031,0.0,0.001031,0.0,0.001031,0.000713,0.0,283,Peripheral Citizen (Warganet Biasa)
Gardenie13,@Gardenie13,1,0,1,0.001031,0.001031,0.0,0.0,0.001031,0.001319,0.0,283,Peripheral Citizen (Warganet Biasa)
stymulous__,@stymulous__,0,1,1,0.001031,0.0,0.001031,0.0,0.001031,0.000713,0.0,284,Peripheral Citizen (Warganet Biasa)
junseokbnuy,@junseokbnuy,1,0,1,0.001031,0.001031,0.0,0.0,0.001031,0.001319,0.0,284,Peripheral Citizen (Warganet Biasa)
thejenniegala,@thejenniegala,1,0,1,0.001031,0.001031,0.0,0.0,0.001546,0.001577,0.0,285,Peripheral Citizen (Warganet Biasa)
Isalajg3348591,@Isalajg3348591,0,1,1,0.001031,0.0,0.001031,0.0,0.001031,0.000713,0.0,286,Peripheral Citizen (Warganet Biasa)
ardynshufi,@ardynshufi,1,0,1,0.001031,0.001031,0.0,0.0,0.001031,0.001319,0.0,286,Peripheral Citizen (Warganet Biasa)
Kerikilbangsa,@Kerikilbangsa,0,1,1,0.001031,0.0,0.001031,0.0,0.001031,0.000713,0.0,287,Peripheral Citizen (Warganet Biasa)
afinasyif,@afinasyif,1,0,1,0.001031,0.001031,0.0,0.0,0.001031,0.001319,0.0,287,Peripheral Citizen (Warganet Biasa)
ninjahattoriii_,@ninjahattoriii_,1,0,1,0.001031,0.001031,0.0,0.0,0.002651,0.000864,0.0,44,Peripheral Citizen (Warganet Biasa)
C_IndahJKT48,@C_IndahJKT48,1,0,1,0.001031,0.001031,0.0,0.0,0.002651,0.000864,0.0,44,Peripheral Citizen (Warganet Biasa)
M_OlineJKT48,@M_OlineJKT48,1,0,1,0.001031,0.001031,0.0,0.0,0.002651,0.000864,0.0,44,Peripheral Citizen (Warganet Biasa)
eldiablobenak,@eldiablobenak,0,1,1,0.001031,0.0,0.001031,0.0,0.001031,0.000713,0.0,288,Peripheral Citizen (Warganet Biasa)
tentangbola123,@tentangbola123,1,0,1,0.001031,0.001031,0.0,0.0,0.001031,0.001319,0.0,288,Peripheral Citizen (Warganet Biasa)
ppapa2972,@ppapa2972,0,1,1,0.001031,0.0,0.001031,0.0,0.001031,0.000713,0.0,289,Peripheral Citizen (Warganet Biasa)
scorttyz,@scorttyz,1,0,1,0.001031,0.001031,0.0,0.0,0.001031,0.001319,0.0,289,Peripheral Citizen (Warganet Biasa)
pinnatly,@pinnatly,0,1,1,0.001031,0.0,0.001031,0.0,0.001031,0.000713,0.0,290,Peripheral Citizen (Warganet Biasa)
txtdaritng,@txtdaritng,1,0,1,0.001031,0.001031,0.0,0.0,0.001031,0.001319,0.0,290,Peripheral Citizen (Warganet Biasa)
ed8trb,@ed8trb,1,0,1,0.001031,0.001031,0.0,0.0,0.001856,0.000915,0.0,291,Peripheral Citizen (Warganet Biasa)
UdaShafiq,@UdaShafiq,1,0,1,0.001031,0.001031,0.0,0.0,0.001856,0.000915,0.0,291,Peripheral Citizen (Warganet Biasa)
bearsejuk,@bearsejuk,1,0,1,0.001031,0.001031,0.0,0.0,0.001856,0.000915,0.0,291,Peripheral Citizen (Warganet Biasa)
widyaprasapta,@widyaprasapta,0,1,1,0.001031,0.0,0.001031,0.0,0.001031,0.000713,0.0,292,Peripheral Citizen (Warganet Biasa)
BERSANDlWARA,@BERSANDlWARA,1,0,1,0.001031,0.001031,0.0,0.0,0.001031,0.001319,0.0,292,Peripheral Citizen (Warganet Biasa)
MunchMunc_21,@MunchMunc_21,1,0,1,0.001031,0.001031,0.0,0.0,0.001649,0.001016,0.0,48,Peripheral Citizen (Warganet Biasa)
terustouring,@terustouring,0,1,1,0.001031,0.0,0.001031,0.0,0.001375,0.000713,0.0,162,Peripheral Citizen (Warganet Biasa)
vernandaaokt,@vernandaaokt,0,1,1,0.001031,0.0,0.001031,0.0,0.001375,0.000713,0.0,277,Peripheral Citizen (Warganet Biasa)
Holan_Siregar,@Holan_Siregar,1,0,1,0.001031,0.001031,0.0,0.0,0.001983,0.001016,0.0,27,Peripheral Citizen (Warganet Biasa)
kumparan,@kumparan,0,1,1,0.001031,0.0,0.001031,0.0,0.001031,0.000713,0.0,293,Peripheral Citizen (Warganet Biasa)
smansaptk,@smansaptk,1,0,1,0.001031,0.001031,0.0,0.0,0.001031,0.001319,0.0,293,Peripheral Citizen (Warganet Biasa)
msiera_274,@msiera_274,0,1,1,0.001031,0.0,0.001031,0.0,0.001031,0.000713,0.0,294,Peripheral Citizen (Warganet Biasa)
icharis,@icharis,1,0,1,0.001031,0.001031,0.0,0.0,0.001031,0.001319,0.0,294,Peripheral Citizen (Warganet Biasa)
galileomaknyuzz,@galileomaknyuzz,0,1,1,0.001031,0.0,0.001031,0.0,0.001031,0.000713,0.0,295,Peripheral Citizen (Warganet Biasa)
vieraspace,@vieraspace,1,0,1,0.001031,0.001031,0.0,0.0,0.001031,0.001319,0.0,295,Peripheral Citizen (Warganet Biasa)
JoeBiden,@JoeBiden,1,0,1,0.001031,0.001031,0.0,0.0,0.001375,0.001016,0.0,296,Peripheral Citizen (Warganet Biasa)
Trump,@Trump,1,0,1,0.001031,0.001031,0.0,0.0,0.001375,0.001016,0.0,296,Peripheral Citizen (Warganet Biasa)
budihar81350991,@budihar81350991,0,1,1,0.001031,0.0,0.001031,0.0,0.001546,0.000713,0.0,59,Peripheral Citizen (Warganet Biasa)
rian_onava,@rian_onava,1,0,1,0.001031,0.001031,0.0,0.0,0.001375,0.001016,0.0,297,Peripheral Citizen (Warganet Biasa)
intersectlife_,@intersectlife_,1,0,1,0.001031,0.001031,0.0,0.0,0.001375,0.001016,0.0,297,Peripheral Citizen (Warganet Biasa)
worksfess,@worksfess,1,0,1,0.001031,0.001031,0.0,0.0,0.002474,0.001016,0.0,123,Peripheral Citizen (Warganet Biasa)
gmail_great,@gmail_great,0,1,1,0.001031,0.0,0.001031,0.0,0.001031,0.000713,0.0,298,Peripheral Citizen (Warganet Biasa)
kevinsebast_,@kevinsebast_,1,0,1,0.001031,0.001031,0.0,0.0,0.001031,0.001319,0.0,298,Peripheral Citizen (Warganet Biasa)
100hyun_byun,@100hyun_byun,0,1,1,0.001031,0.0,0.001031,0.0,0.001375,0.000713,0.0,299,Peripheral Citizen (Warganet Biasa)
itsurboihyl,@itsurboihyl,0,1,1,0.001031,0.0,0.001031,0.0,0.001031,0.000713,0.0,300,Peripheral Citizen (Warganet Biasa)
ikhwanuddin,@ikhwanuddin,1,0,1,0.001031,0.001031,0.0,0.0,0.001031,0.001319,0.0,300,Peripheral Citizen (Warganet Biasa)
caloniburt,@caloniburt,1,0,1,0.001031,0.001031,0.0,0.0,0.001375,0.001016,0.0,301,Peripheral Citizen (Warganet Biasa)
empty__core,@empty__core,1,0,1,0.001031,0.001031,0.0,0.0,0.001375,0.001016,0.0,301,Peripheral Citizen (Warganet Biasa)
crystvals,@crystvals,0,1,1,0.001031,0.0,0.001031,0.0,0.001031,0.000713,0.0,302,Peripheral Citizen (Warganet Biasa)
zakkafm,@zakkafm,1,0,1,0.001031,0.001031,0.0,0.0,0.001031,0.001319,0.0,302,Peripheral Citizen (Warganet Biasa)
hendriany1234,@hendriany1234,0,1,1,0.001031,0.0,0.001031,0.0,0.001031,0.000713,0.0,303,Peripheral Citizen (Warganet Biasa)
KoonDeexoxo,@KoonDeexoxo,1,0,1,0.001031,0.001031,0.0,0.0,0.001031,0.001319,0.0,303,Peripheral Citizen (Warganet Biasa)
imran_ansyari77,@imran_ansyari77,0,1,1,0.001031,0.0,0.001031,0.0,0.001375,0.000713,0.0,131,Peripheral Citizen (Warganet Biasa)
gmnajgy,@gmnajgy,1,0,1,0.001031,0.001031,0.0,0.0,0.001546,0.001016,0.0,285,Peripheral Citizen (Warganet Biasa)
Aerlangga333,@Aerlangga333,0,1,1,0.001031,0.0,0.001031,0.0,0.001031,0.000713,0.0,304,Peripheral Citizen (Warganet Biasa)
olinpsych,@olinpsych,1,0,1,0.001031,0.001031,0.0,0.0,0.001031,0.001319,0.0,304,Peripheral Citizen (Warganet Biasa)
Syrl_Zrlly23,@Syrl_Zrlly23,0,1,1,0.001031,0.0,0.001031,0.0,0.001031,0.000713,0.0,305,Peripheral Citizen (Warganet Biasa)
thisiskieshaa,@thisiskieshaa,1,0,1,0.001031,0.001031,0.0,0.0,0.001031,0.001319,0.0,305,Peripheral Citizen (Warganet Biasa)
rubiee_xx,@rubiee_xx,0,1,1,0.001031,0.0,0.001031,0.0,0.001375,0.000713,0.0,299,Peripheral Citizen (Warganet Biasa)
Charlotte841097,@Charlotte841097,1,0,1,0.001031,0.001031,0.0,0.0,0.001375,0.001016,0.0,306,Peripheral Citizen (Warganet Biasa)
nebulasoull,@nebulasoull,1,0,1,0.001031,0.001031,0.0,0.0,0.001375,0.001016,0.0,306,Peripheral Citizen (Warganet Biasa)
xihuanese,@xihuanese,0,1,1,0.001031,0.0,0.001031,0.0,0.001031,0.000713,0.0,307,Peripheral Citizen (Warganet Biasa)
ilyksjthv,@ilyksjthv,1,0,1,0.001031,0.001031,0.0,0.0,0.001031,0.001319,0.0,307,Peripheral Citizen (Warganet Biasa)
sgnture,@sgnture,0,1,1,0.001031,0.0,0.001031,0.0,0.001031,0.000713,0.0,308,Peripheral Citizen (Warganet Biasa)
incheonte,@incheonte,1,0,1,0.001031,0.001031,0.0,0.0,0.001031,0.001319,0.0,308,Peripheral Citizen (Warganet Biasa)
eddesign_,@eddesign_,0,1,1,0.001031,0.0,0.001031,0.0,0.001375,0.000713,0.0,11,Peripheral Citizen (Warganet Biasa)
chaeyeson,@chaeyeson,0,1,1,0.001031,0.0,0.001031,0.0,0.001375,0.000713,0.0,23,Peripheral Citizen (Warganet Biasa)
Panurotto,@Panurotto,0,1,1,0.001031,0.0,0.001031,0.0,0.002356,0.000713,0.0,58,Peripheral Citizen (Warganet Biasa)
menuembegejelek,@menuembegejelek,0,1,1,0.001031,0.0,0.001031,0.0,0.001031,0.000713,0.0,309,Peripheral Citizen (Warganet Biasa)
pln_123,@pln_123,1,0,1,0.001031,0.001031,0.0,0.0,0.001031,0.001319,0.0,309,Peripheral Citizen (Warganet Biasa)
XOPwibu,@XOPwibu,0,1,1,0.001031,0.0,0.001031,0.0,0.001031,0.000713,0.0,310,Peripheral Citizen (Warganet Biasa)
inaho_vt,@inaho_vt,1,0,1,0.001031,0.001031,0.0,0.0,0.001031,0.001319,0.0,310,Peripheral Citizen (Warganet Biasa)
ngopizx,@ngopizx,0,1,1,0.001031,0.0,0.001031,0.0,0.001031,0.000713,0.0,311,Peripheral Citizen (Warganet Biasa)
kuronamic,@kuronamic,1,0,1,0.001031,0.001031,0.0,0.0,0.001031,0.001319,0.0,311,Peripheral Citizen (Warganet Biasa)
emmarrch,@emmarrch,1,0,1,0.001031,0.001031,0.0,0.0,0.001546,0.001016,0.0,312,Peripheral Citizen (Warganet Biasa)
aniesbaswedan,@aniesbaswedan,1,0,1,0.001031,0.001031,0.0,0.0,0.027435,0.002053,0.0,5,Peripheral Citizen (Warganet Biasa)
nurul_feb42,@nurul_feb42,0,1,1,0.001031,0.0,0.001031,0.0,0.001546,0.000713,0.0,312,Peripheral Citizen (Warganet Biasa)
ReynaCatherine7,@ReynaCatherine7,0,1,1,0.001031,0.0,0.001031,0.0,0.001375,0.000713,0.0,64,Peripheral Citizen (Warganet Biasa)
HooyaSs,@HooyaSs,1,0,1,0.001031,0.001031,0.0,0.0,0.001375,0.001016,0.0,52,Peripheral Citizen (Warganet Biasa)
sydneyzw,@sydneyzw,0,1,1,0.001031,0.0,0.001031,0.0,0.001031,0.000713,0.0,313,Peripheral Citizen (Warganet Biasa)
MuhammadTuhasan,@MuhammadTuhasan,1,0,1,0.001031,0.001031,0.0,0.0,0.001031,0.001319,0.0,313,Peripheral Citizen (Warganet Biasa)
TheFesnuk,@TheFesnuk,0,1,1,0.001031,0.0,0.001031,0.0,0.001546,0.000713,0.0,76,Peripheral Citizen (Warganet Biasa)
TezmenEmre,@TezmenEmre,1,0,1,0.001031,0.001031,0.0,0.0,0.004399,0.000789,0.0,314,Peripheral Citizen (Warganet Biasa)
basknlikdivani,@basknlikdivani,1,0,1,0.001031,0.001031,0.0,0.0,0.004399,0.000789,0.0,314,Peripheral Citizen (Warganet Biasa)
thealpsss0,@thealpsss0,1,0,1,0.001031,0.001031,0.0,0.0,0.004399,0.000789,0.0,314,Peripheral Citizen (Warganet Biasa)
esreffsahin,@esreffsahin,1,0,1,0.001031,0.001031,0.0,0.0,0.004399,0.000789,0.0,314,Peripheral Citizen (Warganet Biasa)
2727mmg2727,@2727mmg2727,1,0,1,0.001031,0.001031,0.0,0.0,0.004399,0.000789,0.0,314,Peripheral Citizen (Warganet Biasa)
htcbicer,@htcbicer,1,0,1,0.001031,0.001031,0.0,0.0,0.004399,0.000789,0.0,314,Peripheral Citizen (Warganet Biasa)
Besiktas,@Besiktas,1,0,1,0.001031,0.001031,0.0,0.0,0.004399,0.000789,0.0,314,Peripheral Citizen (Warganet Biasa)
teraholding,@teraholding,1,0,1,0.001031,0.001031,0.0,0.0,0.004399,0.000789,0.0,314,Peripheral Citizen (Warganet Biasa)
eixyr,@eixyr,0,1,1,0.001031,0.0,0.001031,0.0,0.001031,0.000713,0.0,315,Peripheral Citizen (Warganet Biasa)
dluxlah,@dluxlah,1,0,1,0.001031,0.001031,0.0,0.0,0.001031,0.001319,0.0,315,Peripheral Citizen (Warganet Biasa)
_Haris_Srg,@_Haris_Srg,0,1,1,0.001031,0.0,0.001031,0.0,0.026612,0.000713,0.0,5,Peripheral Citizen (Warganet Biasa)
mandosxyz,@mandosxyz,0,1,1,0.001031,0.0,0.001031,0.0,0.001031,0.000713,0.0,316,Peripheral Citizen (Warganet Biasa)
FreyaAddict1,@FreyaAddict1,1,0,1,0.001031,0.001031,0.0,0.0,0.001031,0.001319,0.0,316,Peripheral Citizen (Warganet Biasa)
isxmu__,@isxmu__,1,0,1,0.001031,0.001031,0.0,0.0,0.001375,0.001016,0.0,317,Peripheral Citizen (Warganet Biasa)
shiotsuki_32,@shiotsuki_32,1,0,1,0.001031,0.001031,0.0,0.0,0.001375,0.001016,0.0,317,Peripheral Citizen (Warganet Biasa)
SetiakuDandi,@SetiakuDandi,0,1,1,0.001031,0.0,0.001031,0.0,0.002356,0.000713,0.0,58,Peripheral Citizen (Warganet Biasa)
Milantoon,@Milantoon,0,1,1,0.001031,0.0,0.001031,0.0,0.002356,0.000713,0.0,58,Peripheral Citizen (Warganet Biasa)
RhodesHills,@RhodesHills,0,1,1,0.001031,0.0,0.001031,0.0,0.001031,0.000713,0.0,318,Peripheral Citizen (Warganet Biasa)
solaceinrua,@solaceinrua,1,0,1,0.001031,0.001031,0.0,0.0,0.001031,0.001319,0.0,318,Peripheral Citizen (Warganet Biasa)
PUTRY_NUSANTARA,@PUTRY_NUSANTARA,0,1,1,0.001031,0.0,0.001031,0.0,0.001031,0.000713,0.0,319,Peripheral Citizen (Warganet Biasa)
kylemur_,@kylemur_,1,0,1,0.001031,0.001031,0.0,0.0,0.001031,0.001319,0.0,319,Peripheral Citizen (Warganet Biasa)
gentarsedikit,@gentarsedikit,1,0,1,0.001031,0.001031,0.0,0.0,0.001375,0.001016,0.0,320,Peripheral Citizen (Warganet Biasa)
mazzini_gsp,@mazzini_gsp,1,0,1,0.001031,0.001031,0.0,0.0,0.001375,0.001016,0.0,320,Peripheral Citizen (Warganet Biasa)
yafiirah,@yafiirah,0,1,1,0.001031,0.0,0.001031,0.0,0.001031,0.000713,0.0,321,Peripheral Citizen (Warganet Biasa)
zalkad,@zalkad,1,0,1,0.001031,0.001031,0.0,0.0,0.001031,0.001319,0.0,321,Peripheral Citizen (Warganet Biasa)
txtkaumurban,@txtkaumurban,0,1,1,0.001031,0.0,0.001031,0.0,0.001031,0.000713,0.0,322,Peripheral Citizen (Warganet Biasa)
bersuwara_,@bersuwara_,1,0,1,0.001031,0.001031,0.0,0.0,0.001031,0.001319,0.0,322,Peripheral Citizen (Warganet Biasa)
K7_m0en,@K7_m0en,0,1,1,0.001031,0.0,0.001031,0.0,0.001031,0.000713,0.0,323,Peripheral Citizen (Warganet Biasa)
HumorJonTampan,@HumorJonTampan,1,0,1,0.001031,0.001031,0.0,0.0,0.001031,0.001319,0.0,323,Peripheral Citizen (Warganet Biasa)
onpredictabel,@onpredictabel,1,0,1,0.001031,0.001031,0.0,0.0,0.001856,0.000915,0.0,83,Peripheral Citizen (Warganet Biasa)
richbricad,@richbricad,1,0,1,0.001031,0.001031,0.0,0.0,0.001856,0.000915,0.0,83,Peripheral Citizen (Warganet Biasa)
ijuvw,@ijuvw,0,1,1,0.001031,0.0,0.001031,0.0,0.001031,0.000713,0.0,324,Peripheral Citizen (Warganet Biasa)
sugondese6666,@sugondese6666,1,0,1,0.001031,0.001031,0.0,0.0,0.001031,0.001319,0.0,324,Peripheral Citizen (Warganet Biasa)
ohoxnya2,@ohoxnya2,0,1,1,0.001031,0.0,0.001031,0.0,0.001031,0.000713,0.0,325,Peripheral Citizen (Warganet Biasa)
RagilSemar,@RagilSemar,1,0,1,0.001031,0.001031,0.0,0.0,0.001031,0.001319,0.0,325,Peripheral Citizen (Warganet Biasa)
suamrembulan13,@suamrembulan13,0,1,1,0.001031,0.0,0.001031,0.0,0.001031,0.000713,0.0,326,Peripheral Citizen (Warganet Biasa)
RaenLy11643,@RaenLy11643,1,0,1,0.001031,0.001031,0.0,0.0,0.001031,0.001319,0.0,326,Peripheral Citizen (Warganet Biasa)
Geusan1,@Geusan1,0,1,1,0.001031,0.0,0.001031,0.0,0.001031,0.000713,0.0,327,Peripheral Citizen (Warganet Biasa)
Jakartalk,@Jakartalk,1,0,1,0.001031,0.001031,0.0,0.0,0.001031,0.001319,0.0,327,Peripheral Citizen (Warganet Biasa)
acaakaduut,@acaakaduut,0,1,1,0.001031,0.0,0.001031,0.0,0.001031,0.000713,0.0,328,Peripheral Citizen (Warganet Biasa)
keonhoklepon,@keonhoklepon,1,0,1,0.001031,0.001031,0.0,0.0,0.001031,0.001319,0.0,328,Peripheral Citizen (Warganet Biasa)
tissue_______,@tissue_______,0,1,1,0.001031,0.0,0.001031,0.0,0.001031,0.000713,0.0,329,Peripheral Citizen (Warganet Biasa)
ardisatriawan,@ardisatriawan,1,0,1,0.001031,0.001031,0.0,0.0,0.001031,0.001319,0.0,329,Peripheral Citizen (Warganet Biasa)
Catatan_ali7,@Catatan_ali7,0,1,1,0.001031,0.0,0.001031,0.0,0.001031,0.000713,0.0,330,Peripheral Citizen (Warganet Biasa)
idextratime,@idextratime,1,0,1,0.001031,0.001031,0.0,0.0,0.001031,0.001319,0.0,330,Peripheral Citizen (Warganet Biasa)
Bellannieth,@Bellannieth,0,1,1,0.001031,0.0,0.001031,0.0,0.003368,0.000713,0.0,56,Peripheral Citizen (Warganet Biasa)
masjawa76,@masjawa76,0,1,1,0.001031,0.0,0.001031,0.0,0.001031,0.000713,0.0,331,Peripheral Citizen (Warganet Biasa)
Brajamusti_YK,@Brajamusti_YK,1,0,1,0.001031,0.001031,0.0,0.0,0.001031,0.001319,0.0,331,Peripheral Citizen (Warganet Biasa)
bapassamarinda,@bapassamarinda,0,1,1,0.001031,0.0,0.001031,0.0,0.001031,0.000713,0.0,332,Peripheral Citizen (Warganet Biasa)
pinterpolitik,@pinterpolitik,1,0,1,0.001031,0.001031,0.0,0.0,0.001031,0.001319,0.0,332,Peripheral Citizen (Warganet Biasa)
BoardGeniuses,@BoardGeniuses,1,0,1,0.001031,0.001031,0.0,0.0,0.001856,0.000915,0.0,333,Peripheral Citizen (Warganet Biasa)
FromSluggo,@FromSluggo,1,0,1,0.001031,0.001031,0.0,0.0,0.001856,0.000915,0.0,333,Peripheral Citizen (Warganet Biasa)
SEC,@SEC,1,0,1,0.001031,0.001031,0.0,0.0,0.001856,0.000915,0.0,333,Peripheral Citizen (Warganet Biasa)
165Hati,@165Hati,0,1,1,0.001031,0.0,0.001031,0.0,0.001031,0.000713,0.0,334,Peripheral Citizen (Warganet Biasa)
PDI_Perjuangan,@PDI_Perjuangan,1,0,1,0.001031,0.001031,0.0,0.0,0.001031,0.001319,0.0,334,Peripheral Citizen (Warganet Biasa)
seseunseok,@seseunseok,1,0,1,0.001031,0.001031,0.0,0.0,0.003374,0.000814,0.0,335,Peripheral Citizen (Warganet Biasa)
sekilokentang,@sekilokentang,1,0,1,0.001031,0.001031,0.0,0.0,0.003374,0.000814,0.0,335,Peripheral Citizen (Warganet Biasa)
widyans_9,@widyans_9,1,0,1,0.001031,0.001031,0.0,0.0,0.003374,0.000814,0.0,335,Peripheral Citizen (Warganet Biasa)
kurimnida,@kurimnida,1,0,1,0.001031,0.001031,0.0,0.0,0.003374,0.000814,0.0,335,Peripheral Citizen (Warganet Biasa)
rhmdanicxxy_,@rhmdanicxxy_,1,0,1,0.001031,0.001031,0.0,0.0,0.003374,0.000814,0.0,335,Peripheral Citizen (Warganet Biasa)
misswichu,@misswichu,1,0,1,0.001031,0.001031,0.0,0.0,0.003374,0.000814,0.0,335,Peripheral Citizen (Warganet Biasa)
0604ZP,@0604ZP,1,0,1,0.001031,0.001031,0.0,0.0,0.001546,0.001016,0.0,47,Peripheral Citizen (Warganet Biasa)
carvingcitta_76,@carvingcitta_76,0,1,1,0.001031,0.0,0.001031,0.0,0.001031,0.000713,0.0,336,Peripheral Citizen (Warganet Biasa)
pssleman,@pssleman,1,0,1,0.001031,0.001031,0.0,0.0,0.001031,0.001319,0.0,336,Peripheral Citizen (Warganet Biasa)
ks0mbg9C4Btqww5,@ks0mbg9C4Btqww5,0,1,1,0.001031,0.0,0.001031,0.0,0.001031,0.000713,0.0,337,Peripheral Citizen (Warganet Biasa)
mami_na0617,@mami_na0617,1,0,1,0.001031,0.001031,0.0,0.0,0.001031,0.001319,0.0,337,Peripheral Citizen (Warganet Biasa)
cheseeerz,@cheseeerz,0,1,1,0.001031,0.0,0.001031,0.0,0.001031,0.000713,0.0,338,Peripheral Citizen (Warganet Biasa)
GllsBot,@GllsBot,1,0,1,0.001031,0.001031,0.0,0.0,0.001031,0.001319,0.0,338,Peripheral Citizen (Warganet Biasa)
jorjimut,@jorjimut,0,1,1,0.001031,0.0,0.001031,0.0,0.001031,0.000713,0.0,339,Peripheral Citizen (Warganet Biasa)
3363sites,@3363sites,1,0,1,0.001031,0.001031,0.0,0.0,0.001031,0.001319,0.0,339,Peripheral Citizen (Warganet Biasa)
txtdariyelllow,@txtdariyelllow,0,1,1,0.001031,0.0,0.001031,0.0,0.001375,0.000713,0.0,99,Peripheral Citizen (Warganet Biasa)
WisdomByDhika,@WisdomByDhika,0,1,1,0.001031,0.0,0.001031,0.0,0.017431,0.000713,0.0,5,Peripheral Citizen (Warganet Biasa)
Dbay0402,@Dbay0402,0,1,1,0.001031,0.0,0.001031,0.0,0.001031,0.000713,0.0,340,Peripheral Citizen (Warganet Biasa)
exmutradezone,@exmutradezone,1,0,1,0.001031,0.001031,0.0,0.0,0.001031,0.001319,0.0,340,Peripheral Citizen (Warganet Biasa)
zhouxihyu,@zhouxihyu,0,1,1,0.001031,0.0,0.001031,0.0,0.001031,0.000713,0.0,341,Peripheral Citizen (Warganet Biasa)
chaehyuna,@chaehyuna,1,0,1,0.001031,0.001031,0.0,0.0,0.001031,0.001319,0.0,341,Peripheral Citizen (Warganet Biasa)
M4s_B4y,@M4s_B4y,0,1,1,0.001031,0.0,0.001031,0.0,0.001031,0.000713,0.0,97,Peripheral Citizen (Warganet Biasa)
TaliUdeng,@TaliUdeng,1,0,1,0.001031,0.001031,0.0,0.0,0.001031,0.001319,0.0,97,Peripheral Citizen (Warganet Biasa)
noctalura00,@noctalura00,0,1,1,0.001031,0.0,0.001031,0.0,0.001031,0.000713,0.0,15,Peripheral Citizen (Warganet Biasa)
Nopawel1,@Nopawel1,1,0,1,0.001031,0.001031,0.0,0.0,0.001031,0.001319,0.0,15,Peripheral Citizen (Warganet Biasa)
